[LOG 19:07:38.171] ******* Log Initiated for Kerbal Space Program - 1.12.5.3190 (WindowsPlayer x64) fr-fr *******
Kerbal Space Program - 1.12.5.3190 (WindowsPlayer x64) fr-fr


OS: Windows 10  (10.0.0) 64bit
CPU: Intel(R) Core(TM) i7-4790K CPU @ 4.00GHz (8)
RAM: 32687
GPU: NVIDIA GeForce GTX 1060 6GB (6029MB)
SM: 50 (Direct3D 11.0 [level 11.1])
RT Formats: ARGB32, Depth, ARGBHalf, Shadowmap, RGB565, ARGB4444, ARGB1555, Default, ARGB2101010, DefaultHDR, ARGB64, ARGBFloat, RGFloat, RGHalf, RFloat, RHalf, R8, ARGBInt, RGInt, RInt, BGRA32, RGB111110Float, RG32, RGBAUShort, RG16, BGRA10101010_XR, BGR101010_XR, R16


Log started: Thu, Sep 17, 2026 19:07:38


[LOG 19:07:38.191] ActionCanvas MASK: 3458764513820540928
[LOG 19:07:38.191] AppCanvas MASK: 3458764513820540928
[LOG 19:07:38.193] MainCanvas MASK: 3458764513820540928
[LOG 19:07:39.372] Load(Assembly): /ModuleManager.4.2.3
[LOG 19:07:39.372] AssemblyLoader: Loading assembly at D:\KSP-Dev\GameData\ModuleManager.4.2.3.dll
[LOG 19:07:39.397] AssemblyLoader: KSPAssembly 'ModuleManager' V2.5.0
[LOG 19:07:39.397] Load(Assembly): 000_Harmony/0Harmony
[LOG 19:07:39.397] AssemblyLoader: Loading assembly at D:\KSP-Dev\GameData\000_Harmony\0Harmony.dll
[LOG 19:07:39.400] Load(Assembly): 000_Harmony/HarmonyInstallChecker
[LOG 19:07:39.400] AssemblyLoader: Loading assembly at D:\KSP-Dev\GameData\000_Harmony\HarmonyInstallChecker.dll
[LOG 19:07:39.401] AssemblyLoader: KSPAssembly 'HarmonyKSP' V1.0.0
[LOG 19:07:39.401] Load(Assembly): KSPCommunityFixes/Plugins/0_MultipleModuleInPartAPI
[LOG 19:07:39.401] AssemblyLoader: Loading assembly at D:\KSP-Dev\GameData\KSPCommunityFixes\Plugins\0_MultipleModuleInPartAPI.dll
[LOG 19:07:39.402] AssemblyLoader: KSPAssembly 'MultipleModulePartAPI' V1.0.0
[LOG 19:07:39.402] Load(Assembly): KSPCommunityFixes/Plugins/KSPCommunityFixes
[LOG 19:07:39.402] AssemblyLoader: Loading assembly at D:\KSP-Dev\GameData\KSPCommunityFixes\Plugins\KSPCommunityFixes.dll
[LOG 19:07:39.411] AssemblyLoader: KSPAssembly 'KSPCommunityFixes' V1.41.1
[LOG 19:07:39.412] AssemblyLoader: KSPAssemblyDependency 'HarmonyKSP' V1.0.0
[LOG 19:07:39.412] AssemblyLoader: KSPAssemblyDependency 'ModuleManager' V1.0.0
[LOG 19:07:39.412] AssemblyLoader: KSPAssemblyDependency 'MultipleModulePartAPI' V1.0.0
[LOG 19:07:39.412] Load(Assembly): PQSBenchMod/PQSBenchMod
[LOG 19:07:39.412] AssemblyLoader: Loading assembly at D:\KSP-Dev\GameData\PQSBenchMod\PQSBenchMod.dll
[LOG 19:07:39.413] Load(Assembly): TerrainPrecisionFixMod/TerrainPrecisionFixMod
[LOG 19:07:39.413] AssemblyLoader: Loading assembly at D:\KSP-Dev\GameData\TerrainPrecisionFixMod\TerrainPrecisionFixMod.dll
[LOG 19:07:39.415] AssemblyLoader: Loading assemblies
[LOG 19:07:39.507] VesselModules: Found VesselModule of type AxisGroupsModule with order 999
[LOG 19:07:39.551] VesselModules: Found VesselModule of type CometVessel with order 999
[LOG 19:07:39.553] VesselModules: Found VesselModule of type SuspensionLoadBalancer with order 999
[LOG 19:07:39.554] VesselModules: Found VesselModule of type FlightIntegrator with order 0
[LOG 19:07:39.557] VesselModules: Found VesselModule of type CommNetVessel with order 999
[LOG 19:07:39.562] VesselModules: Found 5 VesselModule types
[LOG 19:07:39.568] 
************************************************************************

Environment Info
Win32NT 7FFFFFFFFFFFFFFF  Args: KSP_x64.exe 

Mod DLLs found:
Stock assembly: Assembly-CSharp v0.0.0.0
ModuleManager v4.2.3.0
0Harmony v2.2.1.0
HarmonyInstallChecker v2.2.1.0
0_MultipleModuleInPartAPI v1.0.0.0 / v1.0.0+7969fdc50bf4e350193abe5ba2e89533b12ca02f
KSPCommunityFixes v1.41.0.0 / v1.41.1+7969fdc50bf4e350193abe5ba2e89533b12ca02f / v1.41.1.0
PQSBenchMod v0.1.0.0 / v0.1.0+fb458cb417ba9a2e238082f8cbf79416943fc462
TerrainPrecisionFixMod v0.1.0.0 / v0.1.0+34aa73cc4ab2d0436abe4fa2b18c47112922467e

Folders and files in GameData:
000_Harmony
KSPCommunityFixes
PQSBenchMod
Stock folder: Squad

Stock folder: SquadExpansion

TerrainPrecisionFixMod
ModuleManager.4.2.3.dll
ModuleManager.ConfigCache
ModuleManager.ConfigSHA
ModuleManager.Physics
ModuleManager.TechTree

************************************************************************

[LOG 19:07:39.589] [AddonLoader]: Instantiating addon 'ModuleManager' from assembly 'ModuleManager'
[LOG 19:07:39.601] [ModuleManager] Adding post patch to the loading screen 4
[LOG 19:07:39.604] [ModuleManager] Patching started on a new thread, all output will be directed to D:\KSP-Dev\Logs\ModuleManager\ModuleManager.log
[LOG 19:07:39.607] [AddonLoader]: Instantiating addon 'HarmonyInstallChecker' from assembly 'HarmonyKSP'
[LOG 19:07:39.608] [AddonLoader]: Instantiating addon 'KSPCommunityFixes' from assembly 'KSPCommunityFixes'
[LOG 19:07:39.610] [AddonLoader]: Instantiating addon 'NoIVA' from assembly 'KSPCommunityFixes'
[LOG 19:07:39.610] [AddonLoader]: Instantiating addon 'ConfigNodePerf' from assembly 'KSPCommunityFixes'
[LOG 19:07:39.846] [AddonLoader]: Instantiating addon 'KSPCFFastLoader' from assembly 'KSPCommunityFixes'
[LOG 19:07:39.848] [KSPCF] Injecting FastLoader...
[LOG 19:07:39.873] [KSPCommunityFixes] Patch GameDatabasePerf applied.
[LOG 19:07:39.968] [AddonLoader]: Instantiating addon 'ReflectionTypeLoadExceptionHandler' from assembly 'KSPCommunityFixes'
[LOG 19:07:39.971] [AddonLoader]: Instantiating addon 'PQSBenchMod' from assembly 'PQSBenchMod'
[LOG 19:07:39.972] [AddonLoader]: Instantiating addon 'TerrainPrecisionFixMod' from assembly 'TerrainPrecisionFixMod'
[LOG 19:07:41.066] [KSPCF] Taking over stock loader. An exception will follow, this is intended.
[EXC 19:07:41.070] Exception: Terminating stock loader coroutine, this is intended and not an error
	KSPCommunityFixes.Performance.KSPCFFastLoader.GameDatabase_SetupMainLoaders_Prefix () (at <62bb7f5420994f409a34377c091e8538>:0)
	(wrapper dynamic-method) GameDatabase.GameDatabase.SetupMainLoaders_Patch1(GameDatabase)
	GameDatabase+<LoadObjects>d__90.MoveNext () (at <4b449f2841f84227adfaad3149c8fdba>:0)
	UnityEngine.SetupCoroutine.InvokeMoveNext (System.Collections.IEnumerator enumerator, System.IntPtr returnValueAddress) (at <12e76cd50cc64cf19e759e981cb725af>:0)
	UnityEngine.DebugLogHandler:LogException(Exception, Object)
	ModuleManager.UnityLogHandle.InterceptLogHandler:LogException(Exception, Object)
	UnityEngine.MonoBehaviour:StartCoroutine(IEnumerator)
	<CreateDatabase>d__71:MoveNext()
	UnityEngine.MonoBehaviour:StartCoroutine(IEnumerator)
	GameDatabase:StartLoad()
	<LoadSystems>d__11:MoveNext()
	UnityEngine.MonoBehaviour:StartCoroutine(IEnumerator)
	LoadingScreen:Start()
[LOG 19:07:41.139] [PQSBench] Measuring, benchMode Counters. Alt+F8 dumps what has been recorded, Alt+F7 throws it away.
[LOG 19:07:41.183] [TerrainPrecisionFix] Version 0.1.0.0 installed, log level Info
[LOG 19:07:41.308] Preloading Asset Bundle Definitions
[LOG 19:07:41.694] Load Audio: Squad/Alarms/Sounds/Chirps
[LOG 19:07:41.715] Load Audio: Squad/Alarms/Sounds/Classic
[LOG 19:07:41.716] Load Audio: Squad/Alarms/Sounds/ClockTower
[LOG 19:07:41.716] Load Audio: Squad/Alarms/Sounds/ComputerGlass1
[LOG 19:07:41.716] Load Audio: Squad/Alarms/Sounds/ComputerGlass2
[LOG 19:07:41.716] Load Audio: Squad/Alarms/Sounds/ComputerShort
[LOG 19:07:41.716] Load Audio: Squad/Alarms/Sounds/ComputerTriad
[LOG 19:07:41.716] Load Audio: Squad/Alarms/Sounds/DoorBell
[LOG 19:07:41.717] Load Audio: Squad/Alarms/Sounds/Glass
[LOG 19:07:41.717] Load Audio: Squad/Alarms/Sounds/Klaxon
[LOG 19:07:41.717] Load Audio: Squad/Alarms/Sounds/Mobile
[LOG 19:07:41.717] Load Audio: Squad/Alarms/Sounds/Morning
[LOG 19:07:41.717] Load Audio: Squad/Alarms/Sounds/OldClock
[LOG 19:07:41.717] Load Audio: Squad/Alarms/Sounds/OldHorn
[LOG 19:07:41.717] Load Audio: Squad/Alarms/Sounds/Ripple
[LOG 19:07:41.718] Load Audio: Squad/Sounds/editorLoop01
[LOG 19:07:41.718] Load Audio: Squad/Sounds/elev_loop
[LOG 19:07:41.718] Load Audio: Squad/Sounds/elev_start
[LOG 19:07:41.718] Load Audio: Squad/Sounds/elev_stop
[LOG 19:07:41.718] Load Audio: Squad/Sounds/fireworks_explosion_2
[LOG 19:07:41.718] Load Audio: Squad/Sounds/fireworks_explosion_3
[LOG 19:07:41.718] Load Audio: Squad/Sounds/fireworks_explosion_4
[LOG 19:07:41.719] Load Audio: Squad/Sounds/fireworks_launch_boom
[LOG 19:07:41.719] Load Audio: Squad/Sounds/fireworks_only_crackle_crackle_1
[LOG 19:07:41.719] Load Audio: Squad/Sounds/fireworks_only_crackle_dragon_1
[LOG 19:07:42.224] Load Audio: Squad/Sounds/fireworks_only_crackle_palm_1
[LOG 19:07:42.224] Load Audio: Squad/Sounds/fireworks_whistle
[LOG 19:07:42.224] Load Audio: Squad/Sounds/ksp1_banana_V2_01
[LOG 19:07:42.224] Load Audio: Squad/Sounds/ksp1_banana_V2_04
[LOG 19:07:42.224] Load Audio: Squad/Sounds/ksp1_banana_V2_05
[LOG 19:07:42.224] Load Audio: Squad/Sounds/ksp1_golf_swing_normal
[LOG 19:07:42.224] Load Audio: Squad/Sounds/ksp1_ground_anchor_v2_1
[LOG 19:07:42.225] Load Audio: Squad/Sounds/ksp1_strunts_disconnect_v3_pitched2
[LOG 19:07:42.225] Load Audio: Squad/Sounds/repairKit_repair1
[LOG 19:07:42.225] Load Audio: Squad/Sounds/repairKit_repair2
[LOG 19:07:42.225] Load Audio: Squad/Sounds/sound_ambience_nature
[LOG 19:07:42.225] Load Audio: Squad/Sounds/sound_click_flick
[LOG 19:07:42.226] Load Audio: Squad/Sounds/sound_click_latch
[LOG 19:07:42.226] Load Audio: Squad/Sounds/sound_click_sharp
[LOG 19:07:42.226] Load Audio: Squad/Sounds/sound_click_tick
[LOG 19:07:42.226] Load Audio: Squad/Sounds/sound_click_tock
[LOG 19:07:42.226] Load Audio: Squad/Sounds/sound_decoupler_fire
[LOG 19:07:42.226] Load Audio: Squad/Sounds/sound_delete_bin
[LOG 19:07:42.226] Load Audio: Squad/Sounds/sound_explosion_debris1
[LOG 19:07:42.227] Load Audio: Squad/Sounds/sound_explosion_debris2
[LOG 19:07:42.227] Load Audio: Squad/Sounds/sound_explosion_large
[LOG 19:07:42.227] Load Audio: Squad/Sounds/sound_rocket_mini
[LOG 19:07:42.227] Load Audio: Squad/Sounds/sound_rocket_spurts
[LOG 19:07:42.227] Load Audio: Squad/Sounds/sound_servomotor
[LOG 19:07:42.228] Load Audio: Squad/Sounds/sound_tab_extend
[LOG 19:07:42.236] Load Audio: Squad/Sounds/sound_tab_retreat
[LOG 19:07:42.237] Load Audio: SquadExpansion/Serenity/Sounds/robo_arm_large_end
[LOG 19:07:42.237] Load Audio: SquadExpansion/Serenity/Sounds/robo_arm_large_motor_00
[LOG 19:07:42.237] Load Audio: SquadExpansion/Serenity/Sounds/robo_arm_large_scan
[LOG 19:07:42.237] Load Audio: SquadExpansion/Serenity/Sounds/robo_arm_large_start
[LOG 19:07:42.237] Load Audio: SquadExpansion/Serenity/Sounds/robo_arm_medium_end
[LOG 19:07:42.238] Load Audio: SquadExpansion/Serenity/Sounds/robo_arm_medium_motor_00
[LOG 19:07:42.238] Load Audio: SquadExpansion/Serenity/Sounds/robo_arm_medium_scan
[LOG 19:07:42.238] Load Audio: SquadExpansion/Serenity/Sounds/robo_arm_medium_start
[LOG 19:07:42.238] Load Audio: SquadExpansion/Serenity/Sounds/robo_arm_small_end
[LOG 19:07:42.238] Load Audio: SquadExpansion/Serenity/Sounds/robo_arm_small_motor_00
[LOG 19:07:42.238] Load Audio: SquadExpansion/Serenity/Sounds/robo_arm_small_scan
[LOG 19:07:42.239] Load Audio: SquadExpansion/Serenity/Sounds/robo_arm_small_start
[LOG 19:07:42.239] Load Audio: SquadExpansion/Serenity/Sounds/sfx_cryoVolcano_burst
[LOG 19:07:42.239] Load Audio: SquadExpansion/Serenity/Sounds/sfx_cryoVolcano_idle
[LOG 19:07:42.239] Load Audio: SquadExpansion/Serenity/Sounds/sfx_deployable_booster_antena_end
[LOG 19:07:42.239] Load Audio: SquadExpansion/Serenity/Sounds/sfx_deployable_booster_antena_start
[LOG 19:07:42.240] Load Audio: SquadExpansion/Serenity/Sounds/sfx_deployable_central_station_end
[LOG 19:07:42.240] Load Audio: SquadExpansion/Serenity/Sounds/sfx_deployable_central_station_loop
[LOG 19:07:42.240] Load Audio: SquadExpansion/Serenity/Sounds/sfx_deployable_central_station_start
[LOG 19:07:42.240] Load Audio: SquadExpansion/Serenity/Sounds/sfx_deployable_detector_end
[LOG 19:07:42.240] Load Audio: SquadExpansion/Serenity/Sounds/sfx_deployable_detector_start
[LOG 19:07:42.240] Load Audio: SquadExpansion/Serenity/Sounds/sfx_deployable_GoObEd_end
[LOG 19:07:42.241] Load Audio: SquadExpansion/Serenity/Sounds/sfx_deployable_GoObEd_loop
[LOG 19:07:42.241] Load Audio: SquadExpansion/Serenity/Sounds/sfx_deployable_GoObEd_start
[LOG 19:07:42.279] Load Audio: SquadExpansion/Serenity/Sounds/sfx_deployable_rtg_end
[LOG 19:07:42.279] Load Audio: SquadExpansion/Serenity/Sounds/sfx_deployable_rtg_start
[LOG 19:07:42.279] Load Audio: SquadExpansion/Serenity/Sounds/sfx_deployable_seismometer_end
[LOG 19:07:42.279] Load Audio: SquadExpansion/Serenity/Sounds/sfx_deployable_seismometer_start
[LOG 19:07:42.280] Load Audio: SquadExpansion/Serenity/Sounds/sfx_deployable_solar_panel_end
[LOG 19:07:42.280] Load Audio: SquadExpansion/Serenity/Sounds/sfx_deployable_solar_panel_start
[LOG 19:07:42.280] Load Audio: SquadExpansion/Serenity/Sounds/sfx_deployable_weather_station_end
[LOG 19:07:42.280] Load Audio: SquadExpansion/Serenity/Sounds/sfx_deployable_weather_station_loop
[LOG 19:07:42.280] Load Audio: SquadExpansion/Serenity/Sounds/sfx_deployable_weather_station_start
[LOG 19:07:42.281] Load Audio: SquadExpansion/Serenity/Sounds/sfx_geyser_burst
[LOG 19:07:42.281] Load Audio: SquadExpansion/Serenity/Sounds/sfx_geyser_idle
[LOG 19:07:42.300] Load DDS texture: KSPCommunityFixes/MMPatches/StockTweaks/Icons/Clamp-O-Tron
[LOG 19:07:42.304] Load TRUECOLOR texture: KSPCommunityFixes/MMPatches/StockTweaks/Icons/Clamp-O-Tron_scaled
[LOG 19:07:42.304] Load DDS texture: KSPCommunityFixes/MMPatches/StockTweaks/Icons/FreeFallParachutes
[LOG 19:07:42.304] Load TRUECOLOR texture: KSPCommunityFixes/MMPatches/StockTweaks/Icons/FreeFallParachutes_scaled
[LOG 19:07:42.305] Load DDS texture: KSPCommunityFixes/MMPatches/StockTweaks/Icons/LightYearTireCompany
[LOG 19:07:42.305] Load TRUECOLOR texture: KSPCommunityFixes/MMPatches/StockTweaks/Icons/LightYearTireCompany_scaled
[LOG 19:07:42.305] Load DDS texture: KSPCommunityFixes/MMPatches/StockTweaks/Icons/StratusCorporation
[LOG 19:07:42.305] Load TRUECOLOR texture: KSPCommunityFixes/MMPatches/StockTweaks/Icons/StratusCorporation_scaled
[LOG 19:07:42.306] Load DDS texture: Squad/Agencies/C7AerospaceDivision
[LOG 19:07:42.306] Load TRUECOLOR texture: Squad/Agencies/C7AerospaceDivision_scaled
[LOG 19:07:42.306] Load DDS texture: Squad/Agencies/DinkelsteinKermansConstructionEmporium
[LOG 19:07:42.306] Load TRUECOLOR texture: Squad/Agencies/DinkelsteinKermansConstructionEmporium_scaled
[LOG 19:07:42.306] Load DDS texture: Squad/Agencies/ExperimentalEngineering
[LOG 19:07:42.307] Load TRUECOLOR texture: Squad/Agencies/ExperimentalEngineering_scaled
[LOG 19:07:42.307] Load DDS texture: Squad/Agencies/FlooydResearchLab
[LOG 19:07:42.307] Load TRUECOLOR texture: Squad/Agencies/FlooydResearchLab_scaled
[LOG 19:07:42.307] Load DDS texture: Squad/Agencies/GoliathNationalProducts
[LOG 19:07:42.307] Load TRUECOLOR texture: Squad/Agencies/GoliathNationalProducts_scaled
[LOG 19:07:42.307] Load DDS texture: Squad/Agencies/IntegratedIntegrals
[LOG 19:07:42.308] Load TRUECOLOR texture: Squad/Agencies/IntegratedIntegrals_scaled
[LOG 19:07:42.308] Load DDS texture: Squad/Agencies/IonicSymphonicProtonicElectronics
[LOG 19:07:42.309] Load TRUECOLOR texture: Squad/Agencies/IonicSymphonicProtonicElectronics_scaled
[LOG 19:07:42.309] Load DDS texture: Squad/Agencies/JebsJunkyard
[LOG 19:07:42.309] Load TRUECOLOR texture: Squad/Agencies/JebsJunkyard_scaled
[LOG 19:07:42.309] Load DDS texture: Squad/Agencies/KerbalMotion
[LOG 19:07:42.309] Load TRUECOLOR texture: Squad/Agencies/KerbalMotion_scaled
[LOG 19:07:42.309] Load DDS texture: Squad/Agencies/KerbinWorldFirstRecordKeepingSociety
[LOG 19:07:42.310] Load TRUECOLOR texture: Squad/Agencies/KerbinWorldFirstRecordKeepingSociety_scaled
[LOG 19:07:42.310] Load DDS texture: Squad/Agencies/Kerbodyne
[LOG 19:07:42.310] Load TRUECOLOR texture: Squad/Agencies/Kerbodyne_scaled
[LOG 19:07:42.310] Load DDS texture: Squad/Agencies/Kerlington
[LOG 19:07:42.310] Load TRUECOLOR texture: Squad/Agencies/Kerlington_scaled
[LOG 19:07:42.311] Load DDS texture: Squad/Agencies/MaxoConstructionToys
[LOG 19:07:42.311] Load TRUECOLOR texture: Squad/Agencies/MaxoConstructionToys_scaled
[LOG 19:07:42.311] Load DDS texture: Squad/Agencies/MovingPartsExpertsGroup
[LOG 19:07:42.311] Load TRUECOLOR texture: Squad/Agencies/MovingPartsExpertsGroup_scaled
[LOG 19:07:42.311] Load DDS texture: Squad/Agencies/OMBDemolition
[LOG 19:07:42.312] Load TRUECOLOR texture: Squad/Agencies/OMBDemolition_scaled
[LOG 19:07:42.312] Load DDS texture: Squad/Agencies/PeriapsisCo
[LOG 19:07:42.312] Load TRUECOLOR texture: Squad/Agencies/PeriapsisCo_scaled
[LOG 19:07:42.313] Load DDS texture: Squad/Agencies/Probodobodyne
[LOG 19:07:42.313] Load TRUECOLOR texture: Squad/Agencies/Probodobodyne_scaled
[LOG 19:07:42.313] Load DDS texture: Squad/Agencies/R&D
[LOG 19:07:42.313] Load TRUECOLOR texture: Squad/Agencies/R&D_scaled
[LOG 19:07:42.313] Load DDS texture: Squad/Agencies/ReactionSystemsLtd
[LOG 19:07:42.313] Load TRUECOLOR texture: Squad/Agencies/ReactionSystemsLtd_scaled
[LOG 19:07:42.314] Load DDS texture: Squad/Agencies/Rockomax
[LOG 19:07:42.314] Load TRUECOLOR texture: Squad/Agencies/Rockomax_scaled
[LOG 19:07:42.314] Load DDS texture: Squad/Agencies/Rokea
[LOG 19:07:42.314] Load TRUECOLOR texture: Squad/Agencies/Rokea_scaled
[LOG 19:07:42.314] Load DDS texture: Squad/Agencies/SeansCannery
[LOG 19:07:42.314] Load TRUECOLOR texture: Squad/Agencies/SeansCannery_scaled
[LOG 19:07:42.315] Load DDS texture: Squad/Agencies/SteadlerEngineeringCorps
[LOG 19:07:42.315] Load TRUECOLOR texture: Squad/Agencies/SteadlerEngineeringCorps_scaled
[LOG 19:07:42.315] Load DDS texture: Squad/Agencies/StrutCo
[LOG 19:07:42.315] Load TRUECOLOR texture: Squad/Agencies/StrutCo_scaled
[LOG 19:07:42.315] Load DDS texture: Squad/Agencies/Vac-Co
[LOG 19:07:42.315] Load TRUECOLOR texture: Squad/Agencies/Vac-Co_scaled
[LOG 19:07:42.315] Load DDS texture: Squad/Agencies/WinterOwl
[LOG 19:07:42.316] Load TRUECOLOR texture: Squad/Agencies/WinterOwl_scaled
[LOG 19:07:42.316] Load DDS texture: Squad/Agencies/ZaltonicElectronics
[LOG 19:07:42.316] Load TRUECOLOR texture: Squad/Agencies/ZaltonicElectronics_scaled
[LOG 19:07:42.316] Load Cached PNG Texture: Squad/Alarms/Icons/ap
[LOG 19:07:42.317] Load Cached PNG Texture: Squad/Alarms/Icons/default
[LOG 19:07:42.317] Load Cached PNG Texture: Squad/Alarms/Icons/maneuver
[LOG 19:07:42.317] Load Cached PNG Texture: Squad/Alarms/Icons/pe
[LOG 19:07:42.317] Load Cached PNG Texture: Squad/Alarms/Icons/raw
[LOG 19:07:42.317] Load Cached PNG Texture: Squad/Alarms/Icons/soi
[LOG 19:07:42.317] Load Cached PNG Texture: Squad/Alarms/Icons/xfer
[LOG 19:07:42.317] Load DDS texture: Squad/Contracts/Icons/balloon
[LOG 19:07:42.317] Load DDS texture: Squad/Contracts/Icons/custom
[LOG 19:07:42.317] Load DDS texture: Squad/Contracts/Icons/default
[LOG 19:07:42.317] Load DDS texture: Squad/Contracts/Icons/dish
[LOG 19:07:42.317] Load DDS texture: Squad/Contracts/Icons/eva
[LOG 19:07:42.317] Load DDS texture: Squad/Contracts/Icons/gravity
[LOG 19:07:42.317] Load Cached PNG Texture: Squad/Contracts/Icons/ksc
[LOG 19:07:42.317] Load DDS texture: Squad/Contracts/Icons/launchsite
[LOG 19:07:42.317] Load DDS texture: Squad/Contracts/Icons/marker
[LOG 19:07:42.317] Load DDS texture: Squad/Contracts/Icons/pressure
[LOG 19:07:42.318] Load DDS texture: Squad/Contracts/Icons/report
[LOG 19:07:42.318] Load DDS texture: Squad/Contracts/Icons/runway
[LOG 19:07:42.318] Load DDS texture: Squad/Contracts/Icons/sample
[LOG 19:07:42.318] Load DDS texture: Squad/Contracts/Icons/seismic
[LOG 19:07:42.318] Load DDS texture: Squad/Contracts/Icons/thermometer
[LOG 19:07:42.318] Load DDS texture: Squad/Contracts/Icons/vessel
[LOG 19:07:42.318] Load Cached PNG Texture: Squad/Flags/09
[LOG 19:07:42.318] Load Cached PNG Texture: Squad/Flags/blorbs
[LOG 19:07:42.319] Load Cached PNG Texture: Squad/Flags/bullseye
[LOG 19:07:42.319] Load Cached PNG Texture: Squad/Flags/capsule
[LOG 19:07:42.319] Load Cached PNG Texture: Squad/Flags/circles
[LOG 19:07:42.320] Load Cached PNG Texture: Squad/Flags/default
[LOG 19:07:42.320] Load Cached PNG Texture: Squad/Flags/hexagon
[LOG 19:07:42.320] Load Cached PNG Texture: Squad/Flags/hexagonCircles
[LOG 19:07:42.321] Load Cached PNG Texture: Squad/Flags/kerbal1
[LOG 19:07:42.321] Load Cached PNG Texture: Squad/Flags/kerbal2
[LOG 19:07:42.326] Load Cached PNG Texture: Squad/Flags/kerbin
[LOG 19:07:42.326] Load Cached PNG Texture: Squad/Flags/kerbinmunflag
[LOG 19:07:42.327] Load Cached PNG Texture: Squad/Flags/line
[LOG 19:07:42.327] Load Cached PNG Texture: Squad/Flags/minimalistic
[LOG 19:07:42.327] Load Cached PNG Texture: Squad/Flags/orbit
[LOG 19:07:42.328] Load Cached PNG Texture: Squad/Flags/orbs
[LOG 19:07:42.328] Load Cached PNG Texture: Squad/Flags/retro
[LOG 19:07:42.328] Load Cached PNG Texture: Squad/Flags/rings
[LOG 19:07:42.328] Load Cached PNG Texture: Squad/Flags/rocketScience
[LOG 19:07:42.329] Load Cached PNG Texture: Squad/Flags/satellite
[LOG 19:07:42.331] Load Cached PNG Texture: Squad/Flags/Sentinel_Flag
[LOG 19:07:42.331] Load Cached PNG Texture: Squad/Flags/spheres
[LOG 19:07:42.332] Load Cached PNG Texture: Squad/Flags/squadLogo
[LOG 19:07:42.332] Load Cached PNG Texture: Squad/Flags/squadLogo2
[LOG 19:07:42.332] Load Cached PNG Texture: Squad/Flags/stripes
[LOG 19:07:42.333] Load Cached PNG Texture: Squad/Flags/trees
[LOG 19:07:42.333] Load Cached PNG Texture: Squad/Flags/trippy
[LOG 19:07:42.333] Load Cached PNG Texture: Squad/FlagsAgency/esa_dark_blue
[LOG 19:07:42.333] Load Cached PNG Texture: Squad/FlagsAgency/NASA
[LOG 19:07:42.334] Load Cached PNG Texture: Squad/FlagsAgency/uk_space_agency
[LOG 19:07:42.334] Load Cached PNG Texture: Squad/FlagsOrganization/B612_Foundation_flag
[LOG 19:07:42.334] Load Cached PNG Texture: Squad/FlagsOrganization/electron
[LOG 19:07:42.334] Load Cached PNG Texture: Squad/FlagsOrganization/ESA_Arianespace
[LOG 19:07:42.334] Load Cached PNG Texture: Squad/FlagsOrganization/rocketlab
[LOG 19:07:42.334] Load DDS texture: Squad/FX/DiamondBlue
[LOG 19:07:42.334] Load DDS texture: Squad/FX/FlameBlueOrange
[LOG 19:07:42.334] Load DDS texture: Squad/FX/FlamePurple
[LOG 19:07:42.335] Load DDS texture: Squad/FX/FlameRed
[LOG 19:07:42.335] Load DDS texture: Squad/FX/FlameRedOrange
[LOG 19:07:42.335] Load DDS texture: Squad/FX/Monoprop
[LOG 19:07:42.335] Load DDS texture: Squad/FX/plasma2
[LOG 19:07:42.335] Load DDS texture: Squad/FX/rocketplume2
[LOG 19:07:42.335] Load DDS texture: Squad/FX/shockDiamond2
[LOG 19:07:42.335] Load DDS texture: Squad/FX/smokepuff1
[LOG 19:07:42.337] Load DDS texture: Squad/Interiors/Administration/AdminBuilding_Lvl1
[LOG 19:07:42.346] Load DDS texture: Squad/Interiors/Administration/AdminBuilding_Lvl2
[LOG 19:07:42.356] Load DDS texture: Squad/Interiors/Administration/AdminBuilding_Lvl3
[LOG 19:07:42.362] Load DDS texture: Squad/MenuProps/MunOrBust
[LOG 19:07:42.366] Load Cached PNG Texture: Squad/Missions/Banners/Fail/default
[LOG 19:07:42.366] Load PNG texture: Squad/Missions/Banners/Menu/default
[WRN 19:07:42.375] Texture isn't eligible for DXT compression, width and height must be multiples of 4
[LOG 19:07:42.375] Load Cached PNG Texture: Squad/Missions/Banners/Success/default
[LOG 19:07:42.376] Load PNG texture: Squad/Missions/ESA-BepiColombo/Banners/Fail/ESA_MB_Fail_01
[WRN 19:07:42.379] Texture isn't eligible for DXT compression, width and height must be multiples of 4
[LOG 19:07:42.379] Load PNG texture: Squad/Missions/ESA-BepiColombo/Banners/Menu/ESA_MB_Select_01
[WRN 19:07:42.383] Texture isn't eligible for DXT compression, width and height must be multiples of 4
[LOG 19:07:42.384] Load PNG texture: Squad/Missions/ESA-BepiColombo/Banners/Success/ESA_MB_Success_01
[WRN 19:07:42.388] Texture isn't eligible for DXT compression, width and height must be multiples of 4
[LOG 19:07:42.388] Load PNG texture: Squad/Missions/ESA-BepiColombo-Short/Banners/Fail/ESA_MB_Fail_01
[WRN 19:07:42.392] Texture isn't eligible for DXT compression, width and height must be multiples of 4
[LOG 19:07:42.393] Load PNG texture: Squad/Missions/ESA-BepiColombo-Short/Banners/Menu/ESA_MB_Select_01
[WRN 19:07:42.397] Texture isn't eligible for DXT compression, width and height must be multiples of 4
[LOG 19:07:42.397] Load PNG texture: Squad/Missions/ESA-BepiColombo-Short/Banners/Success/ESA_MB_Success_01
[WRN 19:07:42.405] Texture isn't eligible for DXT compression, width and height must be multiples of 4
[LOG 19:07:42.406] Load PNG texture: Squad/Missions/ESA-Rosetta/Banners/Fail/ESA_MB_Fail_02
[WRN 19:07:42.415] Texture isn't eligible for DXT compression, width and height must be multiples of 4
[LOG 19:07:42.415] Load PNG texture: Squad/Missions/ESA-Rosetta/Banners/Menu/ESA_MB_Select_02
[WRN 19:07:42.418] Texture isn't eligible for DXT compression, width and height must be multiples of 4
[LOG 19:07:42.418] Load PNG texture: Squad/Missions/ESA-Rosetta/Banners/Success/ESA_MB_Success_02
[WRN 19:07:42.423] Texture isn't eligible for DXT compression, width and height must be multiples of 4
[LOG 19:07:42.423] Load Cached PNG Texture: Squad/PartList/SimpleIcons/ablator
[LOG 19:07:42.423] Load Cached PNG Texture: Squad/PartList/SimpleIcons/active_radiator
[LOG 19:07:42.423] Load Cached PNG Texture: Squad/PartList/SimpleIcons/asteroid_drill
[LOG 19:07:42.423] Load Cached PNG Texture: Squad/PartList/SimpleIcons/cargo_part
[LOG 19:07:42.423] Load Cached PNG Texture: Squad/PartList/SimpleIcons/comet_drill
[LOG 19:07:42.423] Load Cached PNG Texture: Squad/PartList/SimpleIcons/core_heat
[LOG 19:07:42.423] Load Cached PNG Texture: Squad/PartList/SimpleIcons/cs_main
[LOG 19:07:42.423] Load Cached PNG Texture: Squad/PartList/SimpleIcons/cs_mk2
[LOG 19:07:42.423] Load Cached PNG Texture: Squad/PartList/SimpleIcons/cs_mk3
[LOG 19:07:42.424] Load Cached PNG Texture: Squad/PartList/SimpleIcons/cs_size0
[LOG 19:07:42.424] Load Cached PNG Texture: Squad/PartList/SimpleIcons/cs_size1
[LOG 19:07:42.424] Load Cached PNG Texture: Squad/PartList/SimpleIcons/cs_size1p5
[LOG 19:07:42.424] Load Cached PNG Texture: Squad/PartList/SimpleIcons/cs_size2
[LOG 19:07:42.424] Load Cached PNG Texture: Squad/PartList/SimpleIcons/cs_size3
[LOG 19:07:42.424] Load Cached PNG Texture: Squad/PartList/SimpleIcons/cs_size4
[LOG 19:07:42.424] Load Cached PNG Texture: Squad/PartList/SimpleIcons/cs_surface
[LOG 19:07:42.424] Load Cached PNG Texture: Squad/PartList/SimpleIcons/custom_built_fairing
[LOG 19:07:42.424] Load Cached PNG Texture: Squad/PartList/SimpleIcons/deployable_antenna
[LOG 19:07:42.424] Load Cached PNG Texture: Squad/PartList/SimpleIcons/deployable_comms_part
[LOG 19:07:42.424] Load Cached PNG Texture: Squad/PartList/SimpleIcons/deployable_ground_part
[LOG 19:07:42.424] Load Cached PNG Texture: Squad/PartList/SimpleIcons/deployable_part
[LOG 19:07:42.424] Load Cached PNG Texture: Squad/PartList/SimpleIcons/deployable_radiator
[LOG 19:07:42.424] Load Cached PNG Texture: Squad/PartList/SimpleIcons/deployed_science_control_unit
[LOG 19:07:42.425] Load Cached PNG Texture: Squad/PartList/SimpleIcons/deployed_science_experiment
[LOG 19:07:42.425] Load Cached PNG Texture: Squad/PartList/SimpleIcons/deployed_science_part
[LOG 19:07:42.425] Load Cached PNG Texture: Squad/PartList/SimpleIcons/enviro_sensor
[LOG 19:07:42.425] Load Cached PNG Texture: Squad/PartList/SimpleIcons/experience_management
[LOG 19:07:42.425] Load Cached PNG Texture: Squad/PartList/SimpleIcons/fuels_monopropellant
[LOG 19:07:42.425] Load Cached PNG Texture: Squad/PartList/SimpleIcons/fuels_ore
[LOG 19:07:42.425] Load Cached PNG Texture: Squad/PartList/SimpleIcons/fuels_oxidizer
[LOG 19:07:42.425] Load Cached PNG Texture: Squad/PartList/SimpleIcons/fuels_solidfuel
[LOG 19:07:42.425] Load Cached PNG Texture: Squad/PartList/SimpleIcons/fuels_xenongas
[LOG 19:07:42.425] Load Cached PNG Texture: Squad/PartList/SimpleIcons/inventory_part
[LOG 19:07:42.425] Load Cached PNG Texture: Squad/PartList/SimpleIcons/kerbnet_access
[LOG 19:07:42.425] Load Cached PNG Texture: Squad/PartList/SimpleIcons/number1
[LOG 19:07:42.425] Load Cached PNG Texture: Squad/PartList/SimpleIcons/number2
[LOG 19:07:42.425] Load Cached PNG Texture: Squad/PartList/SimpleIcons/number3
[LOG 19:07:42.426] Load Cached PNG Texture: Squad/PartList/SimpleIcons/number4
[LOG 19:07:42.426] Load Cached PNG Texture: Squad/PartList/SimpleIcons/number5
[LOG 19:07:42.426] Load Cached PNG Texture: Squad/PartList/SimpleIcons/number6
[LOG 19:07:42.426] Load Cached PNG Texture: Squad/PartList/SimpleIcons/number7
[LOG 19:07:42.426] Load Cached PNG Texture: Squad/PartList/SimpleIcons/number8
[LOG 19:07:42.426] Load Cached PNG Texture: Squad/PartList/SimpleIcons/number9
[LOG 19:07:42.426] Load Cached PNG Texture: Squad/PartList/SimpleIcons/probe_control_unit
[LOG 19:07:42.426] Load Cached PNG Texture: Squad/PartList/SimpleIcons/R&D_node_icon_advaerodynamics
[LOG 19:07:42.426] Load Cached PNG Texture: Squad/PartList/SimpleIcons/R&D_node_icon_advancedmotors
[LOG 19:07:42.426] Load Cached PNG Texture: Squad/PartList/SimpleIcons/R&D_node_icon_advconstruction
[LOG 19:07:42.426] Load Cached PNG Texture: Squad/PartList/SimpleIcons/R&D_node_icon_advelectrics
[LOG 19:07:42.426] Load Cached PNG Texture: Squad/PartList/SimpleIcons/R&D_node_icon_advexploration
[LOG 19:07:42.426] Load Cached PNG Texture: Squad/PartList/SimpleIcons/R&D_node_icon_advflightcontrol
[LOG 19:07:42.426] Load Cached PNG Texture: Squad/PartList/SimpleIcons/R&D_node_icon_advlanding
[LOG 19:07:42.427] Load Cached PNG Texture: Squad/PartList/SimpleIcons/R&D_node_icon_advmetalworks
[LOG 19:07:42.427] Load Cached PNG Texture: Squad/PartList/SimpleIcons/R&D_node_icon_advrocketry
[LOG 19:07:42.427] Load Cached PNG Texture: Squad/PartList/SimpleIcons/R&D_node_icon_advsciencetech
[LOG 19:07:42.427] Load Cached PNG Texture: Squad/PartList/SimpleIcons/R&D_node_icon_advunmanned
[LOG 19:07:42.427] Load Cached PNG Texture: Squad/PartList/SimpleIcons/R&D_node_icon_aerodynamicsystems
[LOG 19:07:42.427] Load Cached PNG Texture: Squad/PartList/SimpleIcons/R&D_node_icon_aerospacetech
[LOG 19:07:42.427] Load Cached PNG Texture: Squad/PartList/SimpleIcons/R&D_node_icon_automation
[LOG 19:07:42.427] Load Cached PNG Texture: Squad/PartList/SimpleIcons/R&D_node_icon_basicprobes
[LOG 19:07:42.427] Load Cached PNG Texture: Squad/PartList/SimpleIcons/R&D_node_icon_basicrocketry
[LOG 19:07:42.427] Load Cached PNG Texture: Squad/PartList/SimpleIcons/R&D_node_icon_composites
[LOG 19:07:42.427] Load Cached PNG Texture: Squad/PartList/SimpleIcons/R&D_node_icon_electrics
[LOG 19:07:42.427] Load Cached PNG Texture: Squad/PartList/SimpleIcons/R&D_node_icon_electronics
[LOG 19:07:42.427] Load Cached PNG Texture: Squad/PartList/SimpleIcons/R&D_node_icon_evatech
[LOG 19:07:42.428] Load Cached PNG Texture: Squad/PartList/SimpleIcons/R&D_node_icon_experimentalaerodynamics
[LOG 19:07:42.428] Load Cached PNG Texture: Squad/PartList/SimpleIcons/R&D_node_icon_experimentalelectrics
[LOG 19:07:42.428] Load Cached PNG Texture: Squad/PartList/SimpleIcons/R&D_node_icon_experimentalmotors
[LOG 19:07:42.428] Load Cached PNG Texture: Squad/PartList/SimpleIcons/R&D_node_icon_experimentalrocketry
[LOG 19:07:42.428] Load Cached PNG Texture: Squad/PartList/SimpleIcons/R&D_node_icon_experimentalscience
[LOG 19:07:42.428] Load Cached PNG Texture: Squad/PartList/SimpleIcons/R&D_node_icon_fieldscience
[LOG 19:07:42.428] Load Cached PNG Texture: Squad/PartList/SimpleIcons/R&D_node_icon_flightcontrol
[LOG 19:07:42.428] Load Cached PNG Texture: Squad/PartList/SimpleIcons/R&D_node_icon_fuelsystems
[LOG 19:07:42.428] Load Cached PNG Texture: Squad/PartList/SimpleIcons/R&D_node_icon_generalconstruction
[LOG 19:07:42.428] Load Cached PNG Texture: Squad/PartList/SimpleIcons/R&D_node_icon_generalrocketry
[LOG 19:07:42.428] Load Cached PNG Texture: Squad/PartList/SimpleIcons/R&D_node_icon_generic
[LOG 19:07:42.428] Load Cached PNG Texture: Squad/PartList/SimpleIcons/R&D_node_icon_heavierrocketry
[LOG 19:07:42.428] Load Cached PNG Texture: Squad/PartList/SimpleIcons/R&D_node_icon_heavyaerodynamics
[LOG 19:07:42.428] Load Cached PNG Texture: Squad/PartList/SimpleIcons/R&D_node_icon_heavyrocketry
[LOG 19:07:42.429] Load Cached PNG Texture: Squad/PartList/SimpleIcons/R&D_node_icon_highaltitudeflight
[LOG 19:07:42.429] Load Cached PNG Texture: Squad/PartList/SimpleIcons/R&D_node_icon_highaltitudepropulsion
[LOG 19:07:42.429] Load Cached PNG Texture: Squad/PartList/SimpleIcons/R&D_node_icon_hypersonicflight
[LOG 19:07:42.429] Load Cached PNG Texture: Squad/PartList/SimpleIcons/R&D_node_icon_ionpropulsion
[LOG 19:07:42.429] Load Cached PNG Texture: Squad/PartList/SimpleIcons/R&D_node_icon_landing
[LOG 19:07:42.429] Load Cached PNG Texture: Squad/PartList/SimpleIcons/R&D_node_icon_largecontrol
[LOG 19:07:42.429] Load Cached PNG Texture: Squad/PartList/SimpleIcons/R&D_node_icon_largeelectrics
[LOG 19:07:42.429] Load Cached PNG Texture: Squad/PartList/SimpleIcons/R&D_node_icon_largeprobes
[LOG 19:07:42.429] Load Cached PNG Texture: Squad/PartList/SimpleIcons/R&D_node_icon_metamaterials
[LOG 19:07:42.429] Load Cached PNG Texture: Squad/PartList/SimpleIcons/R&D_node_icon_nanolathing
[LOG 19:07:42.429] Load Cached PNG Texture: Squad/PartList/SimpleIcons/R&D_node_icon_nuclearpropulsion
[LOG 19:07:42.429] Load Cached PNG Texture: Squad/PartList/SimpleIcons/R&D_node_icon_precisionengineering
[LOG 19:07:42.429] Load Cached PNG Texture: Squad/PartList/SimpleIcons/R&D_node_icon_robotics
[LOG 19:07:42.430] Load Cached PNG Texture: Squad/PartList/SimpleIcons/R&D_node_icon_sciencetech
[LOG 19:07:42.430] Load Cached PNG Texture: Squad/PartList/SimpleIcons/R&D_node_icon_specializedconstruction
[LOG 19:07:42.430] Load Cached PNG Texture: Squad/PartList/SimpleIcons/R&D_node_icon_specializedcontrol
[LOG 19:07:42.430] Load Cached PNG Texture: Squad/PartList/SimpleIcons/R&D_node_icon_specializedelectrics
[LOG 19:07:42.430] Load Cached PNG Texture: Squad/PartList/SimpleIcons/R&D_node_icon_stability
[LOG 19:07:42.430] Load Cached PNG Texture: Squad/PartList/SimpleIcons/R&D_node_icon_start
[LOG 19:07:42.430] Load Cached PNG Texture: Squad/PartList/SimpleIcons/R&D_node_icon_supersonicflight
[LOG 19:07:42.430] Load Cached PNG Texture: Squad/PartList/SimpleIcons/R&D_node_icon_survivability
[LOG 19:07:42.430] Load Cached PNG Texture: Squad/PartList/SimpleIcons/R&D_node_icon_unmannedtech
[LOG 19:07:42.430] Load Cached PNG Texture: Squad/PartList/SimpleIcons/R&D_node_icon_veryheavyrocketry
[LOG 19:07:42.430] Load Cached PNG Texture: Squad/PartList/SimpleIcons/rcsfx
[LOG 19:07:42.430] Load Cached PNG Texture: Squad/PartList/SimpleIcons/RDicon_aerospaceTech2
[LOG 19:07:42.430] Load Cached PNG Texture: Squad/PartList/SimpleIcons/RDicon_commandmodules
[LOG 19:07:42.430] Load Cached PNG Texture: Squad/PartList/SimpleIcons/RDicon_fuelSystems-advanced
[LOG 19:07:42.431] Load Cached PNG Texture: Squad/PartList/SimpleIcons/RDicon_fuelSystems-highPerformance
[LOG 19:07:42.431] Load Cached PNG Texture: Squad/PartList/SimpleIcons/RDicon_largeVolumeContainment
[LOG 19:07:42.431] Load Cached PNG Texture: Squad/PartList/SimpleIcons/RDicon_miniaturization
[LOG 19:07:42.431] Load Cached PNG Texture: Squad/PartList/SimpleIcons/RDicon_propulsion-precision
[LOG 19:07:42.431] Load Cached PNG Texture: Squad/PartList/SimpleIcons/RDicon_propulsionSystems
[LOG 19:07:42.431] Load Cached PNG Texture: Squad/PartList/SimpleIcons/RDicon_telescope
[LOG 19:07:42.431] Load Cached PNG Texture: Squad/PartList/SimpleIcons/robotic_controller
[LOG 19:07:42.431] Load Cached PNG Texture: Squad/PartList/SimpleIcons/robotic_rotation_servo
[LOG 19:07:42.431] Load Cached PNG Texture: Squad/PartList/SimpleIcons/robotic_servo_hinge
[LOG 19:07:42.431] Load Cached PNG Texture: Squad/PartList/SimpleIcons/robotic_servo_piston
[LOG 19:07:42.431] Load Cached PNG Texture: Squad/PartList/SimpleIcons/robotic_servo_rotor
[LOG 19:07:42.431] Load Cached PNG Texture: Squad/PartList/SimpleIcons/scanner_arm
[LOG 19:07:42.431] Load Cached PNG Texture: Squad/PartList/SimpleIcons/variant
[LOG 19:07:42.432] Load Cached PNG Texture: Squad/Parts/@thumbs/adapterSmallMiniShort_icon0
[LOG 19:07:42.432] Load Cached PNG Texture: Squad/Parts/@thumbs/adapterSmallMiniShort_icon1
[LOG 19:07:42.432] Load Cached PNG Texture: Squad/Parts/@thumbs/adapterSmallMiniTall_icon0
[LOG 19:07:42.432] Load Cached PNG Texture: Squad/Parts/@thumbs/adapterSmallMiniTall_icon1
[LOG 19:07:42.432] Load Cached PNG Texture: Squad/Parts/@thumbs/AdvancedCanard_icon
[LOG 19:07:42.432] Load Cached PNG Texture: Squad/Parts/@thumbs/advSasModule_icon
[LOG 19:07:42.432] Load Cached PNG Texture: Squad/Parts/@thumbs/airbrake1_icon
[LOG 19:07:42.432] Load Cached PNG Texture: Squad/Parts/@thumbs/airScoop_icon
[LOG 19:07:42.432] Load Cached PNG Texture: Squad/Parts/@thumbs/avionicsNoseCone_icon
[LOG 19:07:42.433] Load Cached PNG Texture: Squad/Parts/@thumbs/basicFin_icon
[LOG 19:07:42.433] Load Cached PNG Texture: Squad/Parts/@thumbs/batteryBankMini_icon
[LOG 19:07:42.433] Load Cached PNG Texture: Squad/Parts/@thumbs/batteryBank_icon
[LOG 19:07:42.433] Load Cached PNG Texture: Squad/Parts/@thumbs/batteryPack_icon
[LOG 19:07:42.433] Load Cached PNG Texture: Squad/Parts/@thumbs/cargoContainer_icon
[LOG 19:07:42.433] Load Cached PNG Texture: Squad/Parts/@thumbs/CargoStorageUnit_icon
[LOG 19:07:42.433] Load Cached PNG Texture: Squad/Parts/@thumbs/CircularIntake_icon
[LOG 19:07:42.433] Load Cached PNG Texture: Squad/Parts/@thumbs/commDish_icon
[LOG 19:07:42.433] Load Cached PNG Texture: Squad/Parts/@thumbs/Decoupler.0_icon0
[LOG 19:07:42.433] Load Cached PNG Texture: Squad/Parts/@thumbs/Decoupler.0_icon1
[LOG 19:07:42.433] Load Cached PNG Texture: Squad/Parts/@thumbs/Decoupler.1_icon0
[LOG 19:07:42.433] Load Cached PNG Texture: Squad/Parts/@thumbs/Decoupler.1_icon1
[LOG 19:07:42.434] Load Cached PNG Texture: Squad/Parts/@thumbs/dockingPort1_icon
[LOG 19:07:42.434] Load Cached PNG Texture: Squad/Parts/@thumbs/dockingPort2_icon
[LOG 19:07:42.434] Load Cached PNG Texture: Squad/Parts/@thumbs/dockingPort3_icon
[LOG 19:07:42.434] Load Cached PNG Texture: Squad/Parts/@thumbs/domeLight1_icon0
[LOG 19:07:42.434] Load Cached PNG Texture: Squad/Parts/@thumbs/domeLight1_icon1
[LOG 19:07:42.434] Load Cached PNG Texture: Squad/Parts/@thumbs/elevon2_icon
[LOG 19:07:42.434] Load Cached PNG Texture: Squad/Parts/@thumbs/elevon3_icon
[LOG 19:07:42.434] Load Cached PNG Texture: Squad/Parts/@thumbs/elevon5_icon
[LOG 19:07:42.434] Load Cached PNG Texture: Squad/Parts/@thumbs/evaChute_icon
[LOG 19:07:42.434] Load Cached PNG Texture: Squad/Parts/@thumbs/evaCylinder_icon
[LOG 19:07:42.434] Load Cached PNG Texture: Squad/Parts/@thumbs/evaJetpack_icon
[LOG 19:07:42.434] Load Cached PNG Texture: Squad/Parts/@thumbs/evaRepairKit_icon
[LOG 19:07:42.434] Load Cached PNG Texture: Squad/Parts/@thumbs/evaScienceKit_icon
[LOG 19:07:42.434] Load Cached PNG Texture: Squad/Parts/@thumbs/externalTankCapsule_icon0
[LOG 19:07:42.435] Load Cached PNG Texture: Squad/Parts/@thumbs/externalTankCapsule_icon1
[LOG 19:07:42.435] Load Cached PNG Texture: Squad/Parts/@thumbs/externalTankRound_icon0
[LOG 19:07:42.435] Load Cached PNG Texture: Squad/Parts/@thumbs/externalTankRound_icon1
[LOG 19:07:42.435] Load Cached PNG Texture: Squad/Parts/@thumbs/externalTankToroid_icon0
[LOG 19:07:42.435] Load Cached PNG Texture: Squad/Parts/@thumbs/externalTankToroid_icon1
[LOG 19:07:42.435] Load Cached PNG Texture: Squad/Parts/@thumbs/fireworksLauncherBig_icon
[LOG 19:07:42.435] Load Cached PNG Texture: Squad/Parts/@thumbs/fireworksLauncherSmall_icon
[LOG 19:07:42.435] Load Cached PNG Texture: Squad/Parts/@thumbs/foldingRadMed_icon
[LOG 19:07:42.435] Load Cached PNG Texture: Squad/Parts/@thumbs/foldingRadSmall_icon
[LOG 19:07:42.435] Load Cached PNG Texture: Squad/Parts/@thumbs/FuelCellArray_icon
[LOG 19:07:42.435] Load Cached PNG Texture: Squad/Parts/@thumbs/FuelCell_icon
[LOG 19:07:42.435] Load Cached PNG Texture: Squad/Parts/@thumbs/fuelTankSmallFlat_icon0
[LOG 19:07:42.435] Load Cached PNG Texture: Squad/Parts/@thumbs/fuelTankSmallFlat_icon1
[LOG 19:07:42.435] Load Cached PNG Texture: Squad/Parts/@thumbs/fuelTankSmallFlat_icon2
[LOG 19:07:42.436] Load Cached PNG Texture: Squad/Parts/@thumbs/fuelTankSmallFlat_icon3
[LOG 19:07:42.436] Load Cached PNG Texture: Squad/Parts/@thumbs/fuelTankSmall_icon0
[LOG 19:07:42.436] Load Cached PNG Texture: Squad/Parts/@thumbs/fuelTankSmall_icon1
[LOG 19:07:42.436] Load Cached PNG Texture: Squad/Parts/@thumbs/fuelTankSmall_icon2
[LOG 19:07:42.436] Load Cached PNG Texture: Squad/Parts/@thumbs/fuelTankSmall_icon3
[LOG 19:07:42.436] Load Cached PNG Texture: Squad/Parts/@thumbs/GearFixed_icon
[LOG 19:07:42.436] Load Cached PNG Texture: Squad/Parts/@thumbs/GearFree_icon
[LOG 19:07:42.436] Load Cached PNG Texture: Squad/Parts/@thumbs/GearSmall_icon
[LOG 19:07:42.436] Load Cached PNG Texture: Squad/Parts/@thumbs/GooExperiment_icon
[LOG 19:07:42.436] Load Cached PNG Texture: Squad/Parts/@thumbs/groundAnchor_icon
[LOG 19:07:42.437] Load Cached PNG Texture: Squad/Parts/@thumbs/groundLight1_icon
[LOG 19:07:42.437] Load Cached PNG Texture: Squad/Parts/@thumbs/groundLight2_icon
[LOG 19:07:42.437] Load Cached PNG Texture: Squad/Parts/@thumbs/HeatShield0_icon
[LOG 19:07:42.437] Load Cached PNG Texture: Squad/Parts/@thumbs/HeatShield1_icon
[LOG 19:07:42.437] Load Cached PNG Texture: Squad/Parts/@thumbs/HECS2.ProbeCore_icon
[LOG 19:07:42.437] Load Cached PNG Texture: Squad/Parts/@thumbs/HighGainAntenna5.v2_icon
[LOG 19:07:42.437] Load Cached PNG Texture: Squad/Parts/@thumbs/HighGainAntenna5_icon
[LOG 19:07:42.437] Load Cached PNG Texture: Squad/Parts/@thumbs/HighGainAntenna_icon
[LOG 19:07:42.438] Load Cached PNG Texture: Squad/Parts/@thumbs/IntakeRadialLong_icon
[LOG 19:07:42.438] Load Cached PNG Texture: Squad/Parts/@thumbs/ionEngine_icon
[LOG 19:07:42.438] Load Cached PNG Texture: Squad/Parts/@thumbs/ksp.r.largeBatteryPack_icon
[LOG 19:07:42.438] Load Cached PNG Texture: Squad/Parts/@thumbs/ladder1_icon
[LOG 19:07:42.438] Load Cached PNG Texture: Squad/Parts/@thumbs/landingLeg1-2_icon
[LOG 19:07:42.438] Load Cached PNG Texture: Squad/Parts/@thumbs/landingLeg1_icon
[LOG 19:07:42.439] Load Cached PNG Texture: Squad/Parts/@thumbs/LgRadialSolarPanel_icon
[LOG 19:07:42.439] Load Cached PNG Texture: Squad/Parts/@thumbs/linearRcs_icon
[LOG 19:07:42.439] Load Cached PNG Texture: Squad/Parts/@thumbs/liquidEngine3.v2_icon0
[LOG 19:07:42.440] Load Cached PNG Texture: Squad/Parts/@thumbs/liquidEngine3.v2_icon1
[LOG 19:07:42.440] Load Cached PNG Texture: Squad/Parts/@thumbs/liquidEngine3.v2_icon2
[LOG 19:07:42.440] Load Cached PNG Texture: Squad/Parts/@thumbs/liquidEngineMini.v2_icon0
[LOG 19:07:42.440] Load Cached PNG Texture: Squad/Parts/@thumbs/liquidEngineMini.v2_icon1
[LOG 19:07:42.440] Load Cached PNG Texture: Squad/Parts/@thumbs/liquidEngineMini.v2_icon2
[LOG 19:07:42.440] Load Cached PNG Texture: Squad/Parts/@thumbs/longAntenna_icon
[LOG 19:07:42.440] Load Cached PNG Texture: Squad/Parts/@thumbs/Magnetometer_icon
[LOG 19:07:42.440] Load Cached PNG Texture: Squad/Parts/@thumbs/mediumDishAntenna_icon
[LOG 19:07:42.440] Load Cached PNG Texture: Squad/Parts/@thumbs/microEngine.v2_icon0
[LOG 19:07:42.440] Load Cached PNG Texture: Squad/Parts/@thumbs/microEngine.v2_icon1
[LOG 19:07:42.440] Load Cached PNG Texture: Squad/Parts/@thumbs/MiniDrill_icon
[LOG 19:07:42.440] Load Cached PNG Texture: Squad/Parts/@thumbs/miniFuelTank_icon
[LOG 19:07:42.441] Load Cached PNG Texture: Squad/Parts/@thumbs/miniFuselage_icon
[LOG 19:07:42.441] Load Cached PNG Texture: Squad/Parts/@thumbs/miniIntake_icon
[LOG 19:07:42.441] Load Cached PNG Texture: Squad/Parts/@thumbs/miniJetEngine_icon
[LOG 19:07:42.441] Load Cached PNG Texture: Squad/Parts/@thumbs/miniLandingLeg_icon
[LOG 19:07:42.441] Load Cached PNG Texture: Squad/Parts/@thumbs/Mite_icon
[LOG 19:07:42.441] Load Cached PNG Texture: Squad/Parts/@thumbs/mk1pod.v2_icon0
[LOG 19:07:42.441] Load Cached PNG Texture: Squad/Parts/@thumbs/mk2DroneCore_icon
[LOG 19:07:42.441] Load Cached PNG Texture: Squad/Parts/@thumbs/MpoProbe_icon
[LOG 19:07:42.441] Load Cached PNG Texture: Squad/Parts/@thumbs/navLight1_icon0
[LOG 19:07:42.441] Load Cached PNG Texture: Squad/Parts/@thumbs/navLight1_icon1
[LOG 19:07:42.441] Load Cached PNG Texture: Squad/Parts/@thumbs/noseCone_icon0
[LOG 19:07:42.441] Load Cached PNG Texture: Squad/Parts/@thumbs/noseCone_icon1
[LOG 19:07:42.441] Load Cached PNG Texture: Squad/Parts/@thumbs/noseCone_icon2
[LOG 19:07:42.441] Load Cached PNG Texture: Squad/Parts/@thumbs/omsEngine_icon
[LOG 19:07:42.442] Load Cached PNG Texture: Squad/Parts/@thumbs/OrbitalScanner_icon
[LOG 19:07:42.442] Load Cached PNG Texture: Squad/Parts/@thumbs/parachuteDrogue_icon
[LOG 19:07:42.442] Load Cached PNG Texture: Squad/Parts/@thumbs/parachuteLarge_icon
[LOG 19:07:42.442] Load Cached PNG Texture: Squad/Parts/@thumbs/parachuteRadial_icon
[LOG 19:07:42.442] Load Cached PNG Texture: Squad/Parts/@thumbs/parachuteSingle_icon
[LOG 19:07:42.442] Load Cached PNG Texture: Squad/Parts/@thumbs/probeCoreCube_icon
[LOG 19:07:42.442] Load Cached PNG Texture: Squad/Parts/@thumbs/probeCoreHex.v2_icon
[LOG 19:07:42.442] Load Cached PNG Texture: Squad/Parts/@thumbs/probeCoreOcto.v2_icon
[LOG 19:07:42.442] Load Cached PNG Texture: Squad/Parts/@thumbs/probeCoreOcto2.v2_icon
[LOG 19:07:42.442] Load Cached PNG Texture: Squad/Parts/@thumbs/probeCoreSphere.v2_icon
[LOG 19:07:42.442] Load Cached PNG Texture: Squad/Parts/@thumbs/probeStackLarge_icon
[LOG 19:07:42.442] Load Cached PNG Texture: Squad/Parts/@thumbs/probeStackSmall_icon
[LOG 19:07:42.442] Load Cached PNG Texture: Squad/Parts/@thumbs/R8winglet_icon
[LOG 19:07:42.442] Load Cached PNG Texture: Squad/Parts/@thumbs/radialDecoupler1-2_icon
[LOG 19:07:42.443] Load Cached PNG Texture: Squad/Parts/@thumbs/radialDecoupler2_icon
[LOG 19:07:42.443] Load Cached PNG Texture: Squad/Parts/@thumbs/radialDecoupler_icon
[LOG 19:07:42.443] Load Cached PNG Texture: Squad/Parts/@thumbs/radialDrogue_icon
[LOG 19:07:42.443] Load Cached PNG Texture: Squad/Parts/@thumbs/radialEngineMini.v2_icon0
[LOG 19:07:42.446] Load Cached PNG Texture: Squad/Parts/@thumbs/radialEngineMini.v2_icon1
[LOG 19:07:42.446] Load Cached PNG Texture: Squad/Parts/@thumbs/radialLiquidEngine1-2_icon
[LOG 19:07:42.446] Load Cached PNG Texture: Squad/Parts/@thumbs/RadialOreTank_icon
[LOG 19:07:42.446] Load Cached PNG Texture: Squad/Parts/@thumbs/radialRCSTank_icon
[LOG 19:07:42.446] Load Cached PNG Texture: Squad/Parts/@thumbs/radPanelEdge_icon
[LOG 19:07:42.447] Load Cached PNG Texture: Squad/Parts/@thumbs/radPanelLg_icon
[LOG 19:07:42.447] Load Cached PNG Texture: Squad/Parts/@thumbs/radPanelSm_icon
[LOG 19:07:42.447] Load Cached PNG Texture: Squad/Parts/@thumbs/RCSblock.01.small_icon0
[LOG 19:07:42.447] Load Cached PNG Texture: Squad/Parts/@thumbs/RCSblock.01.small_icon1
[LOG 19:07:42.447] Load Cached PNG Texture: Squad/Parts/@thumbs/RCSblock.01.small_icon2
[LOG 19:07:42.447] Load Cached PNG Texture: Squad/Parts/@thumbs/RCSblock.01.small_icon3
[LOG 19:07:42.447] Load Cached PNG Texture: Squad/Parts/@thumbs/RCSblock.01.small_icon4
[LOG 19:07:42.447] Load Cached PNG Texture: Squad/Parts/@thumbs/RCSBlock.v2_icon
[LOG 19:07:42.447] Load Cached PNG Texture: Squad/Parts/@thumbs/RCSBlock.v2_icon0
[LOG 19:07:42.448] Load Cached PNG Texture: Squad/Parts/@thumbs/RCSBlock.v2_icon1
[LOG 19:07:42.448] Load Cached PNG Texture: Squad/Parts/@thumbs/RCSBlock.v2_icon2
[LOG 19:07:42.448] Load Cached PNG Texture: Squad/Parts/@thumbs/RCSBlock.v2_icon3
[LOG 19:07:42.448] Load Cached PNG Texture: Squad/Parts/@thumbs/RCSBlock.v2_icon4
[LOG 19:07:42.448] Load Cached PNG Texture: Squad/Parts/@thumbs/RCSFuelTank_icon
[LOG 19:07:42.448] Load Cached PNG Texture: Squad/Parts/@thumbs/RCSLinearSmall_icon
[LOG 19:07:42.448] Load Cached PNG Texture: Squad/Parts/@thumbs/rcsTankMini_icon
[LOG 19:07:42.448] Load Cached PNG Texture: Squad/Parts/@thumbs/RelayAntenna5_icon
[LOG 19:07:42.448] Load Cached PNG Texture: Squad/Parts/@thumbs/ReleaseValve_icon
[LOG 19:07:42.449] Load Cached PNG Texture: Squad/Parts/@thumbs/roverBody.v2_icon0
[LOG 19:07:42.449] Load Cached PNG Texture: Squad/Parts/@thumbs/roverBody.v2_icon1
[LOG 19:07:42.449] Load Cached PNG Texture: Squad/Parts/@thumbs/roverBody.v2_icon2
[LOG 19:07:42.449] Load Cached PNG Texture: Squad/Parts/@thumbs/roverWheel1_icon
[LOG 19:07:42.449] Load Cached PNG Texture: Squad/Parts/@thumbs/roverWheel2_icon
[LOG 19:07:42.449] Load Cached PNG Texture: Squad/Parts/@thumbs/rtg_icon
[LOG 19:07:42.449] Load Cached PNG Texture: Squad/Parts/@thumbs/sasModule_icon
[LOG 19:07:42.449] Load Cached PNG Texture: Squad/Parts/@thumbs/science.module_icon
[LOG 19:07:42.449] Load Cached PNG Texture: Squad/Parts/@thumbs/ScienceBox_icon
[LOG 19:07:42.449] Load Cached PNG Texture: Squad/Parts/@thumbs/seatExternalCmd_icon
[LOG 19:07:42.450] Load Cached PNG Texture: Squad/Parts/@thumbs/sensorAccelerometer_icon
[LOG 19:07:42.450] Load Cached PNG Texture: Squad/Parts/@thumbs/sensorAtmosphere_icon
[LOG 19:07:42.450] Load Cached PNG Texture: Squad/Parts/@thumbs/sensorBarometer_icon
[LOG 19:07:42.450] Load Cached PNG Texture: Squad/Parts/@thumbs/sensorGravimeter_icon
[LOG 19:07:42.450] Load Cached PNG Texture: Squad/Parts/@thumbs/sensorThermometer_icon
[LOG 19:07:42.450] Load Cached PNG Texture: Squad/Parts/@thumbs/Separator.0_icon0
[LOG 19:07:42.453] Load Cached PNG Texture: Squad/Parts/@thumbs/Separator.0_icon1
[LOG 19:07:42.453] Load Cached PNG Texture: Squad/Parts/@thumbs/Separator.1_icon0
[LOG 19:07:42.453] Load Cached PNG Texture: Squad/Parts/@thumbs/Separator.1_icon1
[LOG 19:07:42.453] Load Cached PNG Texture: Squad/Parts/@thumbs/sepMotor1_icon
[LOG 19:07:42.453] Load Cached PNG Texture: Squad/Parts/@thumbs/ServiceBay.125.v2_icon
[LOG 19:07:42.453] Load Cached PNG Texture: Squad/Parts/@thumbs/shockConeIntake_icon
[LOG 19:07:42.453] Load Cached PNG Texture: Squad/Parts/@thumbs/Shrimp_icon
[LOG 19:07:42.454] Load Cached PNG Texture: Squad/Parts/@thumbs/smallCargoContainer_icon
[LOG 19:07:42.454] Load Cached PNG Texture: Squad/Parts/@thumbs/smallClaw_icon0
[LOG 19:07:42.454] Load Cached PNG Texture: Squad/Parts/@thumbs/smallClaw_icon1
[LOG 19:07:42.454] Load Cached PNG Texture: Squad/Parts/@thumbs/smallCtrlSrf_icon
[LOG 19:07:42.454] Load Cached PNG Texture: Squad/Parts/@thumbs/SmallGearBay_icon
[LOG 19:07:42.455] Load Cached PNG Texture: Squad/Parts/@thumbs/smallHardpoint_icon
[LOG 19:07:42.455] Load Cached PNG Texture: Squad/Parts/@thumbs/smallRadialEngine.v2_icon0
[LOG 19:07:42.455] Load Cached PNG Texture: Squad/Parts/@thumbs/smallRadialEngine.v2_icon1
[LOG 19:07:42.455] Load Cached PNG Texture: Squad/Parts/@thumbs/solarPanelOX10C_icon
[LOG 19:07:42.455] Load Cached PNG Texture: Squad/Parts/@thumbs/solarPanelOX10L_icon
[LOG 19:07:42.455] Load Cached PNG Texture: Squad/Parts/@thumbs/solarPanels1_icon
[LOG 19:07:42.455] Load Cached PNG Texture: Squad/Parts/@thumbs/solarPanels2_icon
[LOG 19:07:42.455] Load Cached PNG Texture: Squad/Parts/@thumbs/solarPanels3_icon
[LOG 19:07:42.455] Load Cached PNG Texture: Squad/Parts/@thumbs/solarPanels4_icon
[LOG 19:07:42.455] Load Cached PNG Texture: Squad/Parts/@thumbs/solarPanels5_icon
[LOG 19:07:42.455] Load Cached PNG Texture: Squad/Parts/@thumbs/solarPanelSP10C_icon
[LOG 19:07:42.455] Load Cached PNG Texture: Squad/Parts/@thumbs/solarPanelSP10L_icon
[LOG 19:07:42.455] Load Cached PNG Texture: Squad/Parts/@thumbs/spotLight1_icon
[LOG 19:07:42.455] Load Cached PNG Texture: Squad/Parts/@thumbs/spotLight2_icon
[LOG 19:07:42.455] Load Cached PNG Texture: Squad/Parts/@thumbs/spotLight3_icon0
[LOG 19:07:42.456] Load Cached PNG Texture: Squad/Parts/@thumbs/spotLight3_icon1
[LOG 19:07:42.456] Load Cached PNG Texture: Squad/Parts/@thumbs/stackPoint1_icon
[LOG 19:07:42.456] Load Cached PNG Texture: Squad/Parts/@thumbs/StandardCtrlSrf_icon
[LOG 19:07:42.456] Load Cached PNG Texture: Squad/Parts/@thumbs/standardNoseCone_icon
[LOG 19:07:42.456] Load Cached PNG Texture: Squad/Parts/@thumbs/stripLight1_icon0
[LOG 19:07:42.456] Load Cached PNG Texture: Squad/Parts/@thumbs/stripLight1_icon1
[LOG 19:07:42.456] Load Cached PNG Texture: Squad/Parts/@thumbs/structuralIBeam1_icon
[LOG 19:07:42.456] Load Cached PNG Texture: Squad/Parts/@thumbs/structuralIBeam3_icon
[LOG 19:07:42.456] Load Cached PNG Texture: Squad/Parts/@thumbs/structuralMiniNode_icon
[LOG 19:07:42.457] Load Cached PNG Texture: Squad/Parts/@thumbs/structuralPanel1_icon
[LOG 19:07:42.457] Load Cached PNG Texture: Squad/Parts/@thumbs/structuralPanel2_icon
[LOG 19:07:42.457] Load Cached PNG Texture: Squad/Parts/@thumbs/structuralWing4_icon
[LOG 19:07:42.457] Load Cached PNG Texture: Squad/Parts/@thumbs/strutCube_icon
[LOG 19:07:42.457] Load Cached PNG Texture: Squad/Parts/@thumbs/strutOcto_icon
[LOG 19:07:42.457] Load Cached PNG Texture: Squad/Parts/@thumbs/SurfaceScanner_icon
[LOG 19:07:42.457] Load Cached PNG Texture: Squad/Parts/@thumbs/SurfAntenna_icon
[LOG 19:07:42.457] Load Cached PNG Texture: Squad/Parts/@thumbs/telescopicLadderBay_icon
[LOG 19:07:42.457] Load Cached PNG Texture: Squad/Parts/@thumbs/telescopicLadder_icon
[LOG 19:07:42.458] Load Cached PNG Texture: Squad/Parts/@thumbs/toroidalAerospike_icon
[LOG 19:07:42.458] Load Cached PNG Texture: Squad/Parts/@thumbs/trussAdapter_icon
[LOG 19:07:42.458] Load Cached PNG Texture: Squad/Parts/@thumbs/trussPiece1x_icon
[LOG 19:07:42.458] Load Cached PNG Texture: Squad/Parts/@thumbs/trussPiece3x_icon
[LOG 19:07:42.458] Load Cached PNG Texture: Squad/Parts/@thumbs/vernierEngine_icon
[LOG 19:07:42.458] Load Cached PNG Texture: Squad/Parts/@thumbs/wheelMed_icon
[LOG 19:07:42.458] Load Cached PNG Texture: Squad/Parts/@thumbs/wingConnector4_icon
[LOG 19:07:42.458] Load Cached PNG Texture: Squad/Parts/@thumbs/wingConnector5_icon
[LOG 19:07:42.458] Load Cached PNG Texture: Squad/Parts/@thumbs/winglet3_icon
[LOG 19:07:42.458] Load Cached PNG Texture: Squad/Parts/@thumbs/winglet_icon
[LOG 19:07:42.459] Load Cached PNG Texture: Squad/Parts/@thumbs/wingShuttleElevon1_icon
[LOG 19:07:42.459] Load Cached PNG Texture: Squad/Parts/@thumbs/xenonTankLarge_icon
[LOG 19:07:42.459] Load Cached PNG Texture: Squad/Parts/@thumbs/xenonTankRadial_icon
[LOG 19:07:42.459] Load Cached PNG Texture: Squad/Parts/@thumbs/xenonTank_icon
[LOG 19:07:42.459] Load DDS texture: Squad/Parts/Aero/aerodynamicNoseCone/Rockomax_Adapters_diffuse
[LOG 19:07:42.459] Load DDS texture: Squad/Parts/Aero/aerodynamicNoseCone/Rockomax_Adapters_normal
[LOG 19:07:42.459] Load DDS texture: Squad/Parts/Aero/airbrake/airbrake
[LOG 19:07:42.459] Load DDS texture: Squad/Parts/Aero/airIntakeRadialXM-G50/RadialIntake
[LOG 19:07:42.460] Load DDS texture: Squad/Parts/Aero/airlinerWings/AirlinerWings
[LOG 19:07:42.473] Load DDS texture: Squad/Parts/Aero/airplaneFins/AirplaneFins
[LOG 19:07:42.475] Load DDS texture: Squad/Parts/Aero/basicFin/BasicFin
[LOG 19:07:42.476] Load DDS texture: Squad/Parts/Aero/circularIntake/CircluarIntakes
[LOG 19:07:42.476] Load DDS texture: Squad/Parts/Aero/circularIntake/CircluarIntakes_Heat
[LOG 19:07:42.477] Load DDS texture: Squad/Parts/Aero/cones/Assets/Cones
[LOG 19:07:42.477] Load DDS texture: Squad/Parts/Aero/cones/Assets/ConesDiffuse
[LOG 19:07:42.478] Load DDS texture: Squad/Parts/Aero/cones/Assets/ConesDiffuse_Orange
[LOG 19:07:42.481] Load DDS texture: Squad/Parts/Aero/cones/Assets/ConesDiffuse_White
[LOG 19:07:42.483] Load DDS texture: Squad/Parts/Aero/cones/Assets/ConesHeat
[LOG 19:07:42.485] Load DDS texture: Squad/Parts/Aero/cones/Assets/ConesHeat_Orange
[LOG 19:07:42.491] Load DDS texture: Squad/Parts/Aero/cones/Assets/ConesHeat_White
[LOG 19:07:42.495] Load DDS texture: Squad/Parts/Aero/cones/Assets/Cones_Heat
[LOG 19:07:42.496] Load Cached PNG Texture: Squad/Parts/Aero/cones/Assets/rocketNoseCones_O
[LOG 19:07:42.505] Load Cached PNG Texture: Squad/Parts/Aero/cones/Assets/rocketNoseCones_O_Normal
[LOG 19:07:42.511] Load DDS texture: Squad/Parts/Aero/cones/Assets/rocketNoseCones_W
[LOG 19:07:42.521] Load DDS texture: Squad/Parts/Aero/cones/Assets/Rockomax_Adapters_diffuse
[LOG 19:07:42.521] Load DDS texture: Squad/Parts/Aero/cones/Assets/Rockomax_Adapters_normal
[LOG 19:07:42.522] Load DDS texture: Squad/Parts/Aero/fairings/AutoTruss
[LOG 19:07:42.522] Load DDS texture: Squad/Parts/Aero/fairings/FairingBase
[LOG 19:07:42.522] Load DDS texture: Squad/Parts/Aero/fairings/FairingBaseNormals
[LOG 19:07:42.523] Load DDS texture: Squad/Parts/Aero/fairings/FairingBaseNormals_bw
[LOG 19:07:42.523] Load DDS texture: Squad/Parts/Aero/fairings/FairingBaseNormals_goldSilver
[LOG 19:07:42.523] Load DDS texture: Squad/Parts/Aero/fairings/FairingBaseNormals_orange
[LOG 19:07:42.524] Load Cached PNG Texture: Squad/Parts/Aero/fairings/FairingBase_black
[LOG 19:07:42.534] Load DDS texture: Squad/Parts/Aero/fairings/FairingBase_bw
[LOG 19:07:42.540] Load DDS texture: Squad/Parts/Aero/fairings/FairingBase_goldDiffuse
[LOG 19:07:42.540] Load DDS texture: Squad/Parts/Aero/fairings/FairingBase_goldSpecular
[LOG 19:07:42.540] Load DDS texture: Squad/Parts/Aero/fairings/FairingBase_orange
[LOG 19:07:42.540] Load DDS texture: Squad/Parts/Aero/fairings/FairingBase_silverDiffuse
[LOG 19:07:42.540] Load DDS texture: Squad/Parts/Aero/fairings/FairingBase_silverSpecular
[LOG 19:07:42.541] Load DDS texture: Squad/Parts/Aero/fairings/fairingsCap
[LOG 19:07:42.541] Load DDS texture: Squad/Parts/Aero/fairings/FairingsMat_silverSpecular
[LOG 19:07:42.543] Load DDS texture: Squad/Parts/Aero/fairings/fairings_diff
[LOG 19:07:42.544] Load DDS texture: Squad/Parts/Aero/fairings/fairings_diff_grey
[LOG 19:07:42.545] Load DDS texture: Squad/Parts/Aero/fairings/fairings_diff_orange
[LOG 19:07:42.547] Load DDS texture: Squad/Parts/Aero/fairings/fairings_grey_normals
[LOG 19:07:42.548] Load DDS texture: Squad/Parts/Aero/fairings/fairings_normals
[LOG 19:07:42.550] Load DDS texture: Squad/Parts/Aero/fairings/fairings_normals_silver
[LOG 19:07:42.551] Load DDS texture: Squad/Parts/Aero/fairings/fairings_orange_normals
[LOG 19:07:42.553] Load DDS texture: Squad/Parts/Aero/fairings/fairings_silverDiffuse
[LOG 19:07:42.554] Load DDS texture: Squad/Parts/Aero/HeatShield/Fairing
[LOG 19:07:42.554] Load DDS texture: Squad/Parts/Aero/HeatShield/heatshield
[LOG 19:07:42.554] Load DDS texture: Squad/Parts/Aero/InflatableHeatShield/HeatShield
[LOG 19:07:42.555] Load DDS texture: Squad/Parts/Aero/InflatableHeatShield/HeatShieldFairing
[LOG 19:07:42.555] Load DDS texture: Squad/Parts/Aero/InflatableHeatShield/HeatShield_NRM
[LOG 19:07:42.560] Load DDS texture: Squad/Parts/Aero/intakeRadialLong/Radial_long
[LOG 19:07:42.560] Load DDS texture: Squad/Parts/Aero/miniIntake/SmallIntake
[LOG 19:07:42.561] Load DDS texture: Squad/Parts/Aero/ramAirIntake/RampIntake
[LOG 19:07:42.561] Load DDS texture: Squad/Parts/Aero/ramAirIntake/RampIntake_Heat
[LOG 19:07:42.561] Load DDS texture: Squad/Parts/Aero/shuttleWings/ShuttleWings
[LOG 19:07:42.568] Load DDS texture: Squad/Parts/Aero/wingletAV-R8/model000
[LOG 19:07:42.569] Load DDS texture: Squad/Parts/Aero/wingletAV-R8/model001
[LOG 19:07:42.570] Load DDS texture: Squad/Parts/Aero/wingletAV-T1/model000
[LOG 19:07:42.570] Load DDS texture: Squad/Parts/Aero/wingletAV-T1/model001
[LOG 19:07:42.570] Load DDS texture: Squad/Parts/Aero/wingletDeltaDeluxe/model000
[LOG 19:07:42.570] Load DDS texture: Squad/Parts/Aero/wings/Wings
[LOG 19:07:42.571] Load DDS texture: Squad/Parts/Cargo/CargoContainers/cargoContainer_diff
[LOG 19:07:42.571] Load DDS texture: Squad/Parts/Cargo/CargoContainers/smallCargoContainer_diffuse
[LOG 19:07:42.571] Load DDS texture: Squad/Parts/Cargo/CargoContainers/smallCargoContainer_nrm
[LOG 19:07:42.572] Load DDS texture: Squad/Parts/Cargo/CargoContainers/smallCargoContainer_specular
[LOG 19:07:42.572] Load DDS texture: Squad/Parts/Cargo/Cylinder/EVAcylinder_diffuse
[LOG 19:07:42.572] Load DDS texture: Squad/Parts/Cargo/Cylinder/EVAcylinder_nrm
[LOG 19:07:42.572] Load DDS texture: Squad/Parts/Cargo/GroundAnchor/groundAnchor_diffuse
[LOG 19:07:42.573] Load DDS texture: Squad/Parts/Cargo/GroundAnchor/groundAnchor_nrm
[LOG 19:07:42.573] Load DDS texture: Squad/Parts/Cargo/Jetpack/EVAjetpack
[LOG 19:07:42.575] Load DDS texture: Squad/Parts/Cargo/Jetpack/EVAjetpackEmmisive
[LOG 19:07:42.575] Load DDS texture: Squad/Parts/Cargo/Jetpack/EVAjetpackNRM
[LOG 19:07:42.576] Load DDS texture: Squad/Parts/Cargo/Parachute/backpack_Diff
[LOG 19:07:42.589] Load DDS texture: Squad/Parts/Cargo/Parachute/backpack_NM
[LOG 19:07:42.595] Load DDS texture: Squad/Parts/Cargo/RepairKit/RepairKit_Diffuse
[LOG 19:07:42.598] Load DDS texture: Squad/Parts/Cargo/RepairKit/RepairKit_Normal
[LOG 19:07:42.599] Load DDS texture: Squad/Parts/Cargo/ScienceKit/ExperimentKit_Material_Diffuse
[LOG 19:07:42.600] Load DDS texture: Squad/Parts/Cargo/ScienceKit/ExperimentKit_Material_Emissive
[LOG 19:07:42.601] Load DDS texture: Squad/Parts/Cargo/ScienceKit/ExperimentKit_Material_Normal
[LOG 19:07:42.602] Load DDS texture: Squad/Parts/Cargo/StorageUnits/Assets/Cargo_Material_Diffuse
[LOG 19:07:42.608] Load DDS texture: Squad/Parts/Cargo/StorageUnits/Assets/Cargo_Material_Normal
[LOG 19:07:42.620] Load DDS texture: Squad/Parts/Command/advancedSasModuleLarge/model000
[LOG 19:07:42.620] Load DDS texture: Squad/Parts/Command/advancedSasModuleLarge/model001
[LOG 19:07:42.620] Load DDS texture: Squad/Parts/Command/cupola/cupola_Emissive
[LOG 19:07:42.621] Load DDS texture: Squad/Parts/Command/cupola/ksp_l_cupola_diff
[LOG 19:07:42.622] Load DDS texture: Squad/Parts/Command/cupola/ksp_l_cupola_normal
[LOG 19:07:42.623] Load DDS texture: Squad/Parts/Command/cupola/window
[LOG 19:07:42.623] Load DDS texture: Squad/Parts/Command/externalCommandSeat/model000
[LOG 19:07:42.625] Load DDS texture: Squad/Parts/Command/hitchhikerStorageContainer/cabin
[LOG 19:07:42.627] Load DDS texture: Squad/Parts/Command/hitchhikerStorageContainer/cabin_Illum
[LOG 19:07:42.628] Load DDS texture: Squad/Parts/Command/hitchhikerStorageContainer/cabin_n
[LOG 19:07:42.630] Load DDS texture: Squad/Parts/Command/hitchhikerStorageContainer/window
[LOG 19:07:42.630] Load DDS texture: Squad/Parts/Command/inlineAdvancedStabilizer/model000
[LOG 19:07:42.630] Load DDS texture: Squad/Parts/Command/inlineAdvancedStabilizer/model001
[LOG 19:07:42.631] Load DDS texture: Squad/Parts/Command/inlineReactionWheel/model000
[LOG 19:07:42.631] Load DDS texture: Squad/Parts/Command/inlineReactionWheel/model001
[LOG 19:07:42.631] Load DDS texture: Squad/Parts/Command/inlineReactionWheel/model002
[LOG 19:07:42.632] Load DDS texture: Squad/Parts/Command/Mk1-2Pod/mk 1-2 external shell Variant-Hatch
[LOG 19:07:42.633] Load DDS texture: Squad/Parts/Command/Mk1-3Pod/M1-3 Pod
[LOG 19:07:42.636] Load DDS texture: Squad/Parts/Command/Mk1-3Pod/M1-3 Pod_GLOW
[LOG 19:07:42.636] Load DDS texture: Squad/Parts/Command/mk1Cockpits/GLOW
[LOG 19:07:42.638] Load DDS texture: Squad/Parts/Command/mk1Cockpits/Mk1Cockpit
[LOG 19:07:42.638] Load DDS texture: Squad/Parts/Command/mk1LanderCan/ksp_s_landerCan_diff
[LOG 19:07:42.640] Load DDS texture: Squad/Parts/Command/mk1LanderCan/ksp_s_landerCan_normal
[LOG 19:07:42.640] Load DDS texture: Squad/Parts/Command/mk1LanderCan/ksp_s_landerCan_psd_illum
[LOG 19:07:42.640] Load DDS texture: Squad/Parts/Command/mk1pod/outer shell
[LOG 19:07:42.641] Load DDS texture: Squad/Parts/Command/mk1pod_v2/Mk1_v2
[LOG 19:07:42.642] Load DDS texture: Squad/Parts/Command/mk1pod_v2/Mk1_v2_GLOW
[LOG 19:07:42.644] Load DDS texture: Squad/Parts/Command/mk1pod_v2/Mk1_v2_GW
[LOG 19:07:42.646] Load DDS texture: Squad/Parts/Command/mk1pod_v2/Mk1_v2_N
[LOG 19:07:42.648] Load DDS texture: Squad/Parts/Command/mk1pod_v2/Mk1_v2_W
[LOG 19:07:42.658] Load DDS texture: Squad/Parts/Command/mk1pod_v2/Mk1_v2_W_N
[LOG 19:07:42.661] Load DDS texture: Squad/Parts/Command/mk2CockpitInline/Cockpit_inline_A
[LOG 19:07:42.662] Load DDS texture: Squad/Parts/Command/mk2CockpitInline/Cockpit_inline_Emissive
[LOG 19:07:42.663] Load DDS texture: Squad/Parts/Command/mk2CockpitInline/Cockpit_inline_normal
[LOG 19:07:42.665] Load DDS texture: Squad/Parts/Command/mk2CockpitStandard/Cockpit
[LOG 19:07:42.667] Load DDS texture: Squad/Parts/Command/mk2CockpitStandard/Cockpit_Lum
[LOG 19:07:42.671] Load DDS texture: Squad/Parts/Command/mk2CockpitStandard/Cockpit_NRM
[LOG 19:07:42.674] Load DDS texture: Squad/Parts/Command/mk2DroneCore/mk2Dronecore
[LOG 19:07:42.674] Load DDS texture: Squad/Parts/Command/mk2LanderCan/Illum
[LOG 19:07:42.674] Load DDS texture: Squad/Parts/Command/mk2LanderCan/ladder
[LOG 19:07:42.675] Load DDS texture: Squad/Parts/Command/mk2LanderCan/outershell
[LOG 19:07:42.675] Load DDS texture: Squad/Parts/Command/mk2LanderCan/outershell_n
[LOG 19:07:42.676] Load DDS texture: Squad/Parts/Command/mk2LanderCan/window
[LOG 19:07:42.676] Load DDS texture: Squad/Parts/Command/mk2LanderCan_v2/Mk2Can
[LOG 19:07:42.686] Load DDS texture: Squad/Parts/Command/mk2LanderCan_v2/Mk2Can_glow
[LOG 19:07:42.694] Load DDS texture: Squad/Parts/Command/mk3CockpitShuttle/Mk3CockpitShuttle
[LOG 19:07:42.695] Load DDS texture: Squad/Parts/Command/mk3CockpitShuttle/Mk3CockpitShuttle_LUM
[LOG 19:07:42.696] Load DDS texture: Squad/Parts/Command/MpoProbe/MpoProbe_diffuse
[LOG 19:07:42.697] Load DDS texture: Squad/Parts/Command/MpoProbe/MpoProbe_nrm
[LOG 19:07:42.708] Load DDS texture: Squad/Parts/Command/MpoProbe/MpoProbe_specular
[LOG 19:07:42.709] Load DDS texture: Squad/Parts/Command/MtmStage/mtmStage_diffuse
[LOG 19:07:42.710] Load DDS texture: Squad/Parts/Command/MtmStage/mtmStage_nrm
[LOG 19:07:42.711] Load DDS texture: Squad/Parts/Command/MtmStage/mtmStage_specular
[LOG 19:07:42.712] Load DDS texture: Squad/Parts/Command/probeCoreCube/QBE_New_diffuse
[LOG 19:07:42.713] Load Cached PNG Texture: Squad/Parts/Command/probeCoreCube/QBE_New_NRM
[LOG 19:07:42.715] Load DDS texture: Squad/Parts/Command/probeCoreCube/QBE_New_specular
[LOG 19:07:42.715] Load DDS texture: Squad/Parts/Command/probeCoreHex/ksp_m_hexProbe_diff
[LOG 19:07:42.717] Load DDS texture: Squad/Parts/Command/probeCoreHex/ksp_m_hexProbe_normal
[LOG 19:07:42.717] Load DDS texture: Squad/Parts/Command/probeCoreHex_v2/hecsDiffuse
[LOG 19:07:42.717] Load DDS texture: Squad/Parts/Command/probeCoreHex_v2/hecsNormal
[LOG 19:07:42.718] Load DDS texture: Squad/Parts/Command/probeCoreOcto2_v2/octoDiffuse
[LOG 19:07:42.718] Load DDS texture: Squad/Parts/Command/probeCoreOcto2_v2/octoNormal
[LOG 19:07:42.718] Load DDS texture: Squad/Parts/Command/probeCoreOcto2_v2/octoSpecular
[LOG 19:07:42.718] Load DDS texture: Squad/Parts/Command/probeCoreOcto_v2/octoDiffuse
[LOG 19:07:42.719] Load DDS texture: Squad/Parts/Command/probeCoreOcto_v2/octoNormal
[LOG 19:07:42.719] Load DDS texture: Squad/Parts/Command/probeCoreOcto_v2/octoSpecular
[LOG 19:07:42.720] Load DDS texture: Squad/Parts/Command/probeRoverBody/model000
[LOG 19:07:42.720] Load DDS texture: Squad/Parts/Command/probeRoverBody/model001
[LOG 19:07:42.720] Load DDS texture: Squad/Parts/Command/probeRoverBody_v2/probeRoverBody_v2_gold_diffuse
[LOG 19:07:42.720] Load Cached PNG Texture: Squad/Parts/Command/probeRoverBody_v2/probeRoverBody_v2_gold_NRM
[LOG 19:07:42.722] Load DDS texture: Squad/Parts/Command/probeRoverBody_v2/probeRoverBody_v2_gold_specular
[LOG 19:07:42.722] Load DDS texture: Squad/Parts/Command/probeRoverBody_v2/probeRoverBody_v2_silver_diffuse
[LOG 19:07:42.723] Load Cached PNG Texture: Squad/Parts/Command/probeRoverBody_v2/probeRoverBody_v2_silver_NRM
[LOG 19:07:42.724] Load DDS texture: Squad/Parts/Command/probeRoverBody_v2/probeRoverBody_v2_silver_specular
[LOG 19:07:42.727] Load DDS texture: Squad/Parts/Command/probeRoverBody_v2/QBE_New_diffuse
[LOG 19:07:42.727] Load DDS texture: Squad/Parts/Command/probeRoverBody_v2/QBE_New_NRM
[LOG 19:07:42.727] Load DDS texture: Squad/Parts/Command/probeRoverBody_v2/QBE_New_specular
[LOG 19:07:42.727] Load DDS texture: Squad/Parts/Command/probeStackLarge/model000
[LOG 19:07:42.728] Load DDS texture: Squad/Parts/Command/probeStackLarge/model001
[LOG 19:07:42.729] Load DDS texture: Squad/Parts/Command/probeStackSmall/model000
[LOG 19:07:42.732] Load DDS texture: Squad/Parts/Command/probeStackSmall/model001
[LOG 19:07:42.733] Load DDS texture: Squad/Parts/Command/probeStackSphere_v2/probeStackSphere_diffuse
[LOG 19:07:42.734] Load DDS texture: Squad/Parts/Command/probeStackSphere_v2/probeStackSphere_normal
[LOG 19:07:42.735] Load DDS texture: Squad/Parts/Command/probeStackSphere_v2/probeStackSphere_specular
[LOG 19:07:42.736] Load Cached PNG Texture: Squad/Parts/CompoundParts/@thumbs/fuelLine_icon0
[LOG 19:07:42.736] Load Cached PNG Texture: Squad/Parts/CompoundParts/@thumbs/fuelLine_icon1
[LOG 19:07:42.736] Load Cached PNG Texture: Squad/Parts/CompoundParts/@thumbs/strutConnector_icon0
[LOG 19:07:42.736] Load Cached PNG Texture: Squad/Parts/CompoundParts/@thumbs/strutConnector_icon1
[LOG 19:07:42.736] Load DDS texture: Squad/Parts/CompoundParts/FuelLine/FTX-2 External Fuel Duct
[LOG 19:07:42.736] Load DDS texture: Squad/Parts/CompoundParts/FuelLine/FTX-2 External Fuel Duct_ESA
[LOG 19:07:42.737] Load DDS texture: Squad/Parts/CompoundParts/strutConnector/EAS-4 Strut Connector
[LOG 19:07:42.737] Load DDS texture: Squad/Parts/CompoundParts/strutConnector/EAS-4 Strut Connector_white
[LOG 19:07:42.737] Load DDS texture: Squad/Parts/Coupling/Assets/Decouplers
[LOG 19:07:42.741] Load DDS texture: Squad/Parts/Coupling/Assets/Decouplers_N
[LOG 19:07:42.744] Load DDS texture: Squad/Parts/Coupling/Assets/Decouplers_whiteYellow
[LOG 19:07:42.752] Load DDS texture: Squad/Parts/Coupling/Assets/Decouplers_whiteYellow_N
[LOG 19:07:42.755] Load DDS texture: Squad/Parts/Electrical/10CSolarPanels/assets/circularSolarPanel_diffuse
[LOG 19:07:42.762] Load DDS texture: Squad/Parts/Electrical/10CSolarPanels/assets/circularSolarPanel_nrm
[LOG 19:07:42.763] Load DDS texture: Squad/Parts/Electrical/10LSolarPanels/assets/retractableSolarPanel_diffuse
[LOG 19:07:42.764] Load DDS texture: Squad/Parts/Electrical/10LSolarPanels/assets/retractableSolarPanel_nrm
[LOG 19:07:42.766] Load DDS texture: Squad/Parts/Electrical/1x6ShroudSolarPanels/model000
[LOG 19:07:42.766] Load DDS texture: Squad/Parts/Electrical/1x6ShroudSolarPanels/model001
[LOG 19:07:42.766] Load DDS texture: Squad/Parts/Electrical/1x6ShroudSolarPanels/model002
[LOG 19:07:42.766] Load DDS texture: Squad/Parts/Electrical/1x6SolarPanels/model000
[LOG 19:07:42.766] Load DDS texture: Squad/Parts/Electrical/1x6SolarPanels/model001
[LOG 19:07:42.767] Load DDS texture: Squad/Parts/Electrical/1x6SolarPanels/model002
[LOG 19:07:42.767] Load DDS texture: Squad/Parts/Electrical/3x2ShroudSolarPanels/model000
[LOG 19:07:42.767] Load DDS texture: Squad/Parts/Electrical/3x2ShroudSolarPanels/model001
[LOG 19:07:42.767] Load DDS texture: Squad/Parts/Electrical/3x2ShroudSolarPanels/model002
[LOG 19:07:42.767] Load DDS texture: Squad/Parts/Electrical/3x2SolarPanels/model000
[LOG 19:07:42.767] Load DDS texture: Squad/Parts/Electrical/3x2SolarPanels/model001
[LOG 19:07:42.767] Load DDS texture: Squad/Parts/Electrical/3x2SolarPanels/model002
[LOG 19:07:42.768] Load DDS texture: Squad/Parts/Electrical/gigantorXlSolarArray/panel
[LOG 19:07:42.768] Load DDS texture: Squad/Parts/Electrical/radialFlatSolarPanel/model000
[LOG 19:07:42.768] Load DDS texture: Squad/Parts/Electrical/RTG/model000
[LOG 19:07:42.768] Load DDS texture: Squad/Parts/Electrical/z-100Battery/model000
[LOG 19:07:42.768] Load DDS texture: Squad/Parts/Electrical/z-1kBattery/model000
[LOG 19:07:42.768] Load DDS texture: Squad/Parts/Electrical/z-1kBattery/model001
[LOG 19:07:42.769] Load DDS texture: Squad/Parts/Electrical/z-200Battery/ksp_m_batteryPack_diff
[LOG 19:07:42.769] Load DDS texture: Squad/Parts/Electrical/z-400Battery/model000
[LOG 19:07:42.769] Load DDS texture: Squad/Parts/Electrical/z-4kBattery/ksp_l_batteryPack_diff
[LOG 19:07:42.769] Load DDS texture: Squad/Parts/Electrical/z-4kBattery/ksp_l_batteryPack_normal
[LOG 19:07:42.769] Load DDS texture: Squad/Parts/Engine/ionEngine/model000
[LOG 19:07:42.769] Load DDS texture: Squad/Parts/Engine/jetEngines/Jet Engines
[LOG 19:07:42.770] Load DDS texture: Squad/Parts/Engine/jetEngines/Jet_Heat
[LOG 19:07:42.776] Load DDS texture: Squad/Parts/Engine/liquidEngine24-77/engine
[LOG 19:07:42.776] Load DDS texture: Squad/Parts/Engine/liquidEngine24-77_v2/Twitch
[LOG 19:07:42.777] Load DDS texture: Squad/Parts/Engine/liquidEngine24-77_v2/Twitch_G
[LOG 19:07:42.780] Load DDS texture: Squad/Parts/Engine/liquidEngine24-77_v2/Twitch_GLOW
[LOG 19:07:42.780] Load DDS texture: Squad/Parts/Engine/liquidEngine48-7S/ksp_m_liquidEngine_diff
[LOG 19:07:42.780] Load DDS texture: Squad/Parts/Engine/liquidEngine48-7S_v2/Spark
[LOG 19:07:42.783] Load DDS texture: Squad/Parts/Engine/liquidEngine48-7S_v2/Spark_Glow
[LOG 19:07:42.783] Load DDS texture: Squad/Parts/Engine/liquidEngineAerospike/Aerospike
[LOG 19:07:42.784] Load DDS texture: Squad/Parts/Engine/liquidEngineAerospike/Aerospike_Heat
[LOG 19:07:42.784] Load DDS texture: Squad/Parts/Engine/liquidEngineLV-1_v2/Assets/Ant_and_Spider_diffuse
[LOG 19:07:42.784] Load DDS texture: Squad/Parts/Engine/liquidEngineLV-1_v2/Assets/Ant_and_Spider_emissive
[LOG 19:07:42.784] Load DDS texture: Squad/Parts/Engine/liquidEngineLV-1_v2/Assets/Ant_and_Spider_normal
[LOG 19:07:42.798] Load DDS texture: Squad/Parts/Engine/liquidEngineLV-1_v2/Assets/Ant_and_Spider_specular
[LOG 19:07:42.798] Load DDS texture: Squad/Parts/Engine/liquidEngineLV-909_v2/Terrier
[LOG 19:07:42.799] Load DDS texture: Squad/Parts/Engine/liquidEngineLV-909_v2/TerrierFairing
[LOG 19:07:42.800] Load DDS texture: Squad/Parts/Engine/liquidEngineLV-909_v2/Terrier_glow
[LOG 19:07:42.801] Load DDS texture: Squad/Parts/Engine/liquidEngineLV-N/model000
[LOG 19:07:42.815] Load DDS texture: Squad/Parts/Engine/liquidEngineLV-N/model001
[LOG 19:07:42.816] Load DDS texture: Squad/Parts/Engine/liquidEngineLV-N/model002
[LOG 19:07:42.816] Load DDS texture: Squad/Parts/Engine/liquidEngineLV-N/model003
[LOG 19:07:42.816] Load DDS texture: Squad/Parts/Engine/liquidEngineLV-T30/model000
[LOG 19:07:42.816] Load DDS texture: Squad/Parts/Engine/liquidEngineLV-T30/model001
[LOG 19:07:42.816] Load DDS texture: Squad/Parts/Engine/liquidEngineLV-T30/model002
[LOG 19:07:42.816] Load DDS texture: Squad/Parts/Engine/liquidEngineLV-T30_v2/Engine_Emissive
[LOG 19:07:42.823] Load DDS texture: Squad/Parts/Engine/liquidEngineLV-T30_v2/Engine_Normal
[LOG 19:07:42.830] Load DDS texture: Squad/Parts/Engine/liquidEngineLV-T30_v2/Fairing
[LOG 19:07:42.832] Load DDS texture: Squad/Parts/Engine/liquidEngineLV-T30_v2/Reliant_v2-shroud_Diffuse
[LOG 19:07:42.839] Load DDS texture: Squad/Parts/Engine/liquidEngineLV-T30_v2/Reliant_v2_Diffuse
[LOG 19:07:42.845] Load DDS texture: Squad/Parts/Engine/liquidEngineLV-T45/model000
[LOG 19:07:42.846] Load DDS texture: Squad/Parts/Engine/liquidEngineLV-T45/model001
[LOG 19:07:42.847] Load DDS texture: Squad/Parts/Engine/liquidEngineLV-T45/model002
[LOG 19:07:42.847] Load DDS texture: Squad/Parts/Engine/liquidEngineLV-T45/model003
[LOG 19:07:42.847] Load DDS texture: Squad/Parts/Engine/liquidEngineLV-T45_v2/Engine_Emissive
[LOG 19:07:42.852] Load DDS texture: Squad/Parts/Engine/liquidEngineLV-T45_v2/Fairing
[LOG 19:07:42.853] Load DDS texture: Squad/Parts/Engine/liquidEngineLV-T45_v2/Swivel_v2_Diffuse
[LOG 19:07:42.859] Load DDS texture: Squad/Parts/Engine/liquidEngineLV-T45_v2/Swivel_v2_Normal
[LOG 19:07:42.870] Load DDS texture: Squad/Parts/Engine/liquidEngineMainsail_v2/mainsail_diffuse
[LOG 19:07:42.880] Load DDS texture: Squad/Parts/Engine/liquidEngineMainsail_v2/mainsail_emissive
[LOG 19:07:42.881] Load DDS texture: Squad/Parts/Engine/liquidEngineMainsail_v2/mainsail_nrm
[LOG 19:07:42.889] Load DDS texture: Squad/Parts/Engine/liquidEngineMainsail_v2/mainsail_specular
[LOG 19:07:42.899] Load DDS texture: Squad/Parts/Engine/liquidEngineMainsail_v2/Shroud
[LOG 19:07:42.908] Load DDS texture: Squad/Parts/Engine/liquidEngineMk55/Thud
[LOG 19:07:42.908] Load DDS texture: Squad/Parts/Engine/liquidEngineMk55/Thud_Heat
[LOG 19:07:42.908] Load DDS texture: Squad/Parts/Engine/liquidEnginePoodle_v2/poodle
[LOG 19:07:42.909] Load DDS texture: Squad/Parts/Engine/liquidEnginePoodle_v2/PoodleShroud
[LOG 19:07:42.909] Load DDS texture: Squad/Parts/Engine/liquidEnginePoodle_v2/poodle_Glow
[LOG 19:07:42.910] Load DDS texture: Squad/Parts/Engine/liquidEnginePoodle_v2/Poodle_SingleBell_Poodle_Diffuse
[LOG 19:07:42.912] Load DDS texture: Squad/Parts/Engine/liquidEnginePoodle_v2/Poodle_SingleBell_Poodle_Emissive
[LOG 19:07:42.913] Load DDS texture: Squad/Parts/Engine/liquidEnginePoodle_v2/Poodle_SingleBell_Poodle_Normal
[LOG 19:07:42.915] Load DDS texture: Squad/Parts/Engine/liquidEngineSkipper_v2/Shroud
[LOG 19:07:42.916] Load DDS texture: Squad/Parts/Engine/liquidEngineSkipper_v2/skipper_v2_diffuse
[LOG 19:07:42.927] Load DDS texture: Squad/Parts/Engine/liquidEngineSkipper_v2/skipper_v2_emissive
[LOG 19:07:42.932] Load DDS texture: Squad/Parts/Engine/liquidEngineSkipper_v2/skipper_v2_normal
[LOG 19:07:42.957] Load DDS texture: Squad/Parts/Engine/liquidEngineSSME/SSME
[LOG 19:07:42.957] Load DDS texture: Squad/Parts/Engine/liquidEngineSSME/SSME_GLOW
[LOG 19:07:42.957] Load DDS texture: Squad/Parts/Engine/liquidEngineSSME/SSME_NRM
[LOG 19:07:42.957] Load DDS texture: Squad/Parts/Engine/MassiveSRB/solid_booster_cm
[LOG 19:07:42.958] Load DDS texture: Squad/Parts/Engine/MassiveSRB/solid_booster_cm_esa
[LOG 19:07:42.959] Load DDS texture: Squad/Parts/Engine/MassiveSRB/solid_booster_em
[LOG 19:07:42.960] Load DDS texture: Squad/Parts/Engine/MassiveSRB/solid_booster_nm
[LOG 19:07:42.962] Load DDS texture: Squad/Parts/Engine/miniJet/SmallJet
[LOG 19:07:42.962] Load DDS texture: Squad/Parts/Engine/OMSEngine/Puff_diffuse
[LOG 19:07:42.962] Load DDS texture: Squad/Parts/Engine/OMSEngine/Puff_emissive
[LOG 19:07:42.962] Load DDS texture: Squad/Parts/Engine/OMSEngine/Puff_normal
[LOG 19:07:42.962] Load DDS texture: Squad/Parts/Engine/OMSEngine/Puff_specular
[LOG 19:07:42.963] Load DDS texture: Squad/Parts/Engine/rapierEngine/rapierDiffuse
[LOG 19:07:42.963] Load DDS texture: Squad/Parts/Engine/rapierEngine/rapieremit
[LOG 19:07:42.963] Load DDS texture: Squad/Parts/Engine/Size1_SRBs/SRB_O
[LOG 19:07:42.964] Load DDS texture: Squad/Parts/Engine/Size1_SRBs/SRB_W
[LOG 19:07:42.964] Load DDS texture: Squad/Parts/Engine/Size1_SRBs/SRB_Y
[LOG 19:07:42.965] Load DDS texture: Squad/Parts/Engine/Size2LFB/Size2LFBEmissive
[LOG 19:07:42.965] Load DDS texture: Squad/Parts/Engine/Size2LFB/twin_nozzle_booster_cm
[LOG 19:07:42.966] Load DDS texture: Squad/Parts/Engine/Size2LFB/twin_nozzle_booster_nm
[LOG 19:07:42.968] Load DDS texture: Squad/Parts/Engine/Size2LFB_v2/Size2LFBEmissive
[LOG 19:07:42.968] Load DDS texture: Squad/Parts/Engine/Size2LFB_v2/twin_nozzle_booster_cm
[LOG 19:07:42.975] Load DDS texture: Squad/Parts/Engine/Size2LFB_v2/twin_nozzle_booster_nm
[LOG 19:07:42.977] Load DDS texture: Squad/Parts/Engine/Size3AdvancedEngine/decoupler_and_adaptor_cm
[LOG 19:07:42.978] Load DDS texture: Squad/Parts/Engine/Size3AdvancedEngine/Size3AdvancedEngineDiffuse
[LOG 19:07:42.980] Load DDS texture: Squad/Parts/Engine/Size3AdvancedEngine/Size3AdvancedEngineEmissive
[LOG 19:07:42.980] Load DDS texture: Squad/Parts/Engine/Size3AdvancedEngine/Size3AdvancedEngineNormal
[LOG 19:07:42.980] Load DDS texture: Squad/Parts/Engine/Size3EngineCluster/ClusterEngineEmit
[LOG 19:07:42.980] Load DDS texture: Squad/Parts/Engine/Size3EngineCluster/four_nozzle_engine_cm
[LOG 19:07:42.981] Load DDS texture: Squad/Parts/Engine/Size3EngineCluster/four_nozzle_engine_nm
[LOG 19:07:42.982] Load DDS texture: Squad/Parts/Engine/solidBoosterBACC/model000
[LOG 19:07:42.987] Load DDS texture: Squad/Parts/Engine/solidBoosterBACC/model001
[LOG 19:07:42.990] Load DDS texture: Squad/Parts/Engine/solidBoosterBACC/model002
[LOG 19:07:42.995] Load DDS texture: Squad/Parts/Engine/solidBoosterRT-5/RT5
[LOG 19:07:42.995] Load DDS texture: Squad/Parts/Engine/solidBoosterS2-17/solidBoosterS2-17_diffuse
[LOG 19:07:43.013] Load DDS texture: Squad/Parts/Engine/solidBoosterS2-17/solidBoosterS2-17_emissive
[LOG 19:07:43.031] Load DDS texture: Squad/Parts/Engine/solidBoosterS2-17/solidBoosterS2-17_normal
[LOG 19:07:43.048] Load DDS texture: Squad/Parts/Engine/solidBoosterS2-33/solidBoosterS2-33_diffuse
[LOG 19:07:43.087] Load DDS texture: Squad/Parts/Engine/solidBoosterS2-33/solidBoosterS2-33_emissive
[LOG 19:07:43.134] Load DDS texture: Squad/Parts/Engine/solidBoosterS2-33/solidBoosterS2-33_normal
[LOG 19:07:43.197] Load DDS texture: Squad/Parts/Engine/solidBoosterSep/model000
[LOG 19:07:43.197] Load DDS texture: Squad/Parts/Engine/solidBoosterSep/motor
[LOG 19:07:43.197] Load DDS texture: Squad/Parts/Engine/SolidBoostersF/Assets/SolidBoosterF3S0_diffuse
[LOG 19:07:43.197] Load DDS texture: Squad/Parts/Engine/SolidBoostersF/Assets/SolidBoosterF3S0_emissive
[LOG 19:07:43.198] Load DDS texture: Squad/Parts/Engine/SolidBoostersF/Assets/SolidBoosterF3S0_normal
[LOG 19:07:43.198] Load DDS texture: Squad/Parts/FuelTank/adapterTanks/Mk3Adapters
[LOG 19:07:43.211] Load DDS texture: Squad/Parts/FuelTank/drainTankFTE-1/fuelValve_diffuse
[LOG 19:07:43.211] Load DDS texture: Squad/Parts/FuelTank/drainTankFTE-1/fuelValve_nrm
[LOG 19:07:43.211] Load DDS texture: Squad/Parts/FuelTank/FoilTanks/RadialTanks
[LOG 19:07:43.212] Load DDS texture: Squad/Parts/FuelTank/FoilTanks/RadialTanksGold_specular
[LOG 19:07:43.214] Load DDS texture: Squad/Parts/FuelTank/FoilTanks/RadialTanksSilver_specular
[LOG 19:07:43.217] Load DDS texture: Squad/Parts/FuelTank/FoilTanks/RadialTanks_N
[LOG 19:07:43.218] Load DDS texture: Squad/Parts/FuelTank/FoilTanks/RadialTanks_silver
[LOG 19:07:43.219] Load DDS texture: Squad/Parts/FuelTank/fuelTankOscarB/model000
[LOG 19:07:43.220] Load DDS texture: Squad/Parts/FuelTank/fuelTankOscarB/model001
[LOG 19:07:43.220] Load DDS texture: Squad/Parts/FuelTank/fuelTankOscarB/tank
[LOG 19:07:43.220] Load DDS texture: Squad/Parts/FuelTank/fuelTankOscarB/tank_n
[LOG 19:07:43.220] Load DDS texture: Squad/Parts/FuelTank/miniFuselage/Fuselage
[LOG 19:07:43.220] Load DDS texture: Squad/Parts/FuelTank/mk2Adapters/mk2adapters1m
[LOG 19:07:43.224] Load DDS texture: Squad/Parts/FuelTank/mk2FuselageLong/mk2Fuselage
[LOG 19:07:43.225] Load DDS texture: Squad/Parts/FuelTank/mk2FuselageShort/mk2FuselageShort
[LOG 19:07:43.226] Load DDS texture: Squad/Parts/FuelTank/mk3Fuselage/Mk3Fuselage
[LOG 19:07:43.233] Load DDS texture: Squad/Parts/FuelTank/mk3Fuselage/Mk3Fuselage_LUM
[LOG 19:07:43.233] Load DDS texture: Squad/Parts/FuelTank/RCSFuelTankR1/RCSFuelTankR1_01
[LOG 19:07:43.234] Load DDS texture: Squad/Parts/FuelTank/RCSFuelTankR1/RCSFuelTankR1_02
[LOG 19:07:43.234] Load DDS texture: Squad/Parts/FuelTank/RCSFuelTankR1/RCSFuelTankR1_N
[LOG 19:07:43.234] Load DDS texture: Squad/Parts/FuelTank/RCSFuelTankR10/ksp_m_rcsTank_diff
[LOG 19:07:43.235] Load DDS texture: Squad/Parts/FuelTank/RCSFuelTankR10/ksp_m_rcsTank_normal
[LOG 19:07:43.235] Load DDS texture: Squad/Parts/FuelTank/RCSFuelTankR25/FL-R25 RCS Fuel Tank_D
[LOG 19:07:43.235] Load DDS texture: Squad/Parts/FuelTank/RCSFuelTankR25/FL-R25 RCS Fuel Tank_N
[LOG 19:07:43.236] Load DDS texture: Squad/Parts/FuelTank/RCSTankRadial/model000
[LOG 19:07:43.236] Load DDS texture: Squad/Parts/FuelTank/RCStankRadialLong/ksp_r_rcsCylTank_diff
[LOG 19:07:43.237] Load DDS texture: Squad/Parts/FuelTank/RockomaxTanks/Assets/rockomax_16 [AlbedoM] BW
[LOG 19:07:43.243] Load DDS texture: Squad/Parts/FuelTank/RockomaxTanks/Assets/rockomax_16 [AlbedoM] ESA
[LOG 19:07:43.250] Load DDS texture: Squad/Parts/FuelTank/RockomaxTanks/Assets/rockomax_16 [AlbedoM] O
[LOG 19:07:43.257] Load DDS texture: Squad/Parts/FuelTank/RockomaxTanks/Assets/rockomax_16 [Normal] BW
[LOG 19:07:43.262] Load DDS texture: Squad/Parts/FuelTank/RockomaxTanks/Assets/rockomax_16 [Normal]ESA
[LOG 19:07:43.271] Load DDS texture: Squad/Parts/FuelTank/RockomaxTanks/Assets/rockomax_16 [Normal]O
[LOG 19:07:43.276] Load DDS texture: Squad/Parts/FuelTank/RockomaxTanks/Assets/rockomax_32 [AlbedoM] ESA
[LOG 19:07:43.277] Load DDS texture: Squad/Parts/FuelTank/RockomaxTanks/Assets/rockomax_32 [Normal]ESA
[LOG 19:07:43.282] Load DDS texture: Squad/Parts/FuelTank/Size1_Tanks/125Tanks_BW
[LOG 19:07:43.285] Load DDS texture: Squad/Parts/FuelTank/Size1_Tanks/125Tanks_D
[LOG 19:07:43.291] Load DDS texture: Squad/Parts/FuelTank/Size1_Tanks/125Tanks_N
[LOG 19:07:43.293] Load DDS texture: Squad/Parts/FuelTank/Size1_Tanks/125Tanks_O
[LOG 19:07:43.296] Load DDS texture: Squad/Parts/FuelTank/Size1_Tanks/125Tanks_W
[LOG 19:07:43.299] Load DDS texture: Squad/Parts/FuelTank/Size3Tanks/fueltTanks_cm
[LOG 19:07:43.300] Load Cached PNG Texture: Squad/Parts/FuelTank/Size3Tanks/Size3Tanks
[LOG 19:07:43.302] Load Cached PNG Texture: Squad/Parts/FuelTank/Size3Tanks/Size3Tanks_Norm
[LOG 19:07:43.303] Load Cached PNG Texture: Squad/Parts/FuelTank/Size3Tanks/Size3Tanks_Orange
[LOG 19:07:43.304] Load Cached PNG Texture: Squad/Parts/FuelTank/Size3Tanks/Size3Tanks_Orange_Norm
[LOG 19:07:43.304] Load DDS texture: Squad/Parts/FuelTank/xenonTank/model000
[LOG 19:07:43.305] Load DDS texture: Squad/Parts/FuelTank/xenonTank/model001
[LOG 19:07:43.305] Load DDS texture: Squad/Parts/FuelTank/xenonTankLarge/tank
[LOG 19:07:43.305] Load DDS texture: Squad/Parts/FuelTank/xenonTankRadial/ksp_r_xenonTank_diff
[LOG 19:07:43.305] Load DDS texture: Squad/Parts/Misc/AsteroidDay/CamSat
[LOG 19:07:43.306] Load DDS texture: Squad/Parts/Misc/AsteroidDay/CamSat_glow
[LOG 19:07:43.308] Load DDS texture: Squad/Parts/Misc/AsteroidDay/CamSat_N_NRM
[LOG 19:07:43.309] Load DDS texture: Squad/Parts/Misc/AsteroidDay/default
[LOG 19:07:43.309] Load DDS texture: Squad/Parts/Misc/AsteroidDay/hecsDiffuse
[LOG 19:07:43.309] Load DDS texture: Squad/Parts/Misc/AsteroidDay/hecsNormal
[LOG 19:07:43.309] Load DDS texture: Squad/Parts/Misc/AsteroidDay/hecsSpecular
[LOG 19:07:43.310] Load DDS texture: Squad/Parts/Misc/AsteroidDay/JumboHexProbe
[LOG 19:07:43.310] Load DDS texture: Squad/Parts/Misc/AsteroidDay/JumboHexProbe_NORM_NRM
[LOG 19:07:43.310] Load DDS texture: Squad/Parts/Resources/FuelCell/FCLamp
[LOG 19:07:43.310] Load DDS texture: Squad/Parts/Resources/FuelCell/FuelCellRack
[LOG 19:07:43.310] Load DDS texture: Squad/Parts/Resources/FuelCell/fuellcell
[LOG 19:07:43.310] Load DDS texture: Squad/Parts/Resources/ISRU/Processor_Large
[LOG 19:07:43.310] Load DDS texture: Squad/Parts/Resources/LargeTank/ksp_l_resourceContainer_diff
[LOG 19:07:43.311] Load DDS texture: Squad/Parts/Resources/LargeTank/ksp_l_resourceContainer_norm
[LOG 19:07:43.312] Load DDS texture: Squad/Parts/Resources/MiniDrill/DustParticle
[LOG 19:07:43.312] Load DDS texture: Squad/Parts/Resources/MiniDrill/ksp_r_rockProbe_diff
[LOG 19:07:43.313] Load DDS texture: Squad/Parts/Resources/MiniDrill/RockParticle
[LOG 19:07:43.313] Load DDS texture: Squad/Parts/Resources/MiniISRU/ksp_s_processorSmall_diff
[LOG 19:07:43.314] Load DDS texture: Squad/Parts/Resources/OrbitalScanner/detector
[LOG 19:07:43.314] Load DDS texture: Squad/Parts/Resources/RadialDrill/DustParticle
[LOG 19:07:43.314] Load DDS texture: Squad/Parts/Resources/RadialDrill/RockParticle
[LOG 19:07:43.314] Load DDS texture: Squad/Parts/Resources/RadialDrill/TriBitDrill
[LOG 19:07:43.315] Load DDS texture: Squad/Parts/Resources/RadialTank/ksp_r_resourceContainer_psd_2
[LOG 19:07:43.315] Load DDS texture: Squad/Parts/Resources/SmallTank/ksp_s_resourceContainer_diff
[LOG 19:07:43.315] Load DDS texture: Squad/Parts/Resources/SmallTank/ksp_s_resourceContainer_normal
[LOG 19:07:43.317] Load DDS texture: Squad/Parts/Resources/SurfaceScanner/ksp_r_samplerAir_diff
[LOG 19:07:43.319] Load DDS texture: Squad/Parts/Resources/SurveyScanner/dish
[LOG 19:07:43.320] Load DDS texture: Squad/Parts/Resources/SurveyScanner/dish_n
[LOG 19:07:43.320] Load DDS texture: Squad/Parts/Science/AtmosphereSensor/ksp_r_hydroscoop_diff
[LOG 19:07:43.321] Load DDS texture: Squad/Parts/Science/GooExperiment/GooExperiment
[LOG 19:07:43.323] Load DDS texture: Squad/Parts/Science/LargeCrewedLab/Large_Crewed_Lab
[LOG 19:07:43.325] Load DDS texture: Squad/Parts/Science/LargeCrewedLab/Large_Crewed_Lab_glow
[LOG 19:07:43.327] Load DDS texture: Squad/Parts/Science/LargeCrewedLab/window
[LOG 19:07:43.328] Load DDS texture: Squad/Parts/Science/Magnetometer/Magnetometer_diffuse
[LOG 19:07:43.328] Load DDS texture: Squad/Parts/Science/Magnetometer/Magnetometer_nrm
[LOG 19:07:43.329] Load DDS texture: Squad/Parts/Science/MaterialBay/science_module_small
[LOG 19:07:43.329] Load DDS texture: Squad/Parts/Science/MaterialBay/science_module_small_emit
[LOG 19:07:43.330] Load DDS texture: Squad/Parts/Science/MaterialBay/science_module_small_nrm
[LOG 19:07:43.330] Load DDS texture: Squad/Parts/Science/MaterialBay/wires
[LOG 19:07:43.330] Load DDS texture: Squad/Parts/Science/ScienceBox/Container
[LOG 19:07:43.331] Load DDS texture: Squad/Parts/Science/sensorAccelerometer/model000
[LOG 19:07:43.331] Load DDS texture: Squad/Parts/Science/sensorBarometer/model000
[LOG 19:07:43.332] Load DDS texture: Squad/Parts/Science/sensorGravimeter/model000
[LOG 19:07:43.332] Load DDS texture: Squad/Parts/Science/sensorThermometer/model000
[LOG 19:07:43.332] Load DDS texture: Squad/Parts/Structural/FLAdapters/Assets/FLA-Adapters_diffuse
[LOG 19:07:43.332] Load DDS texture: Squad/Parts/Structural/FLAdapters/Assets/FLA-Adapters_diffuse_O
[LOG 19:07:43.333] Load DDS texture: Squad/Parts/Structural/FLAdapters/Assets/FLA-Adapters_normal
[LOG 19:07:43.335] Load DDS texture: Squad/Parts/Structural/FLAdapters/Assets/FLA-Adapters_normal_O
[LOG 19:07:43.339] Load DDS texture: Squad/Parts/Structural/mk1Parts/Mk1Structural
[LOG 19:07:43.339] Load DDS texture: Squad/Parts/Structural/mk1Parts/Mk1StructuralHeat
[LOG 19:07:43.339] Load Cached PNG Texture: Squad/Parts/Structural/mk1Parts/@thumbs/MK1Fuselage_icon
[LOG 19:07:43.340] Load DDS texture: Squad/Parts/Structural/Size3To2Adapter_v2/Size2to3_BW_Diffuse
[LOG 19:07:43.348] Load DDS texture: Squad/Parts/Structural/Size3To2Adapter_v2/Size2to3_DUMMY_NRM
[LOG 19:07:43.353] Load DDS texture: Squad/Parts/Structural/Size3To2Adapter_v2/Size2to3_O_Diffuse
[LOG 19:07:43.359] Load DDS texture: Squad/Parts/Structural/Size3To2Adapter_v2/Size2to3_W_Diffuse
[LOG 19:07:43.367] Load DDS texture: Squad/Parts/Structural/Size3To2Adapter_v2/Size2to3_W_NRM
[LOG 19:07:43.376] Load DDS texture: Squad/Parts/Structural/stackAdapters/Assets/stackAdapters_diffuse
[LOG 19:07:43.376] Load DDS texture: Squad/Parts/Structural/stackAdapters/Assets/stackAdapters_diffuse_Dark
[LOG 19:07:43.377] Load DDS texture: Squad/Parts/Structural/stackAdapters/Assets/stackAdapters_diffuse_Orange
[LOG 19:07:43.379] Load DDS texture: Squad/Parts/Structural/stackAdapters/Assets/stackAdapters_normal
[LOG 19:07:43.380] Load DDS texture: Squad/Parts/Structural/stackAdapters/Assets/stackAdapters_normal_Orange
[LOG 19:07:43.382] Load DDS texture: Squad/Parts/Structural/stationHub/model000
[LOG 19:07:43.382] Load DDS texture: Squad/Parts/Structural/stationHub/model001
[LOG 19:07:43.382] Load DDS texture: Squad/Parts/Structural/structuralIBeam200/model000
[LOG 19:07:43.382] Load DDS texture: Squad/Parts/Structural/structuralIBeam200Pocket/model000
[LOG 19:07:43.383] Load DDS texture: Squad/Parts/Structural/structuralIBeam650/model000
[LOG 19:07:43.383] Load DDS texture: Squad/Parts/Structural/structuralMicronode/model000
[LOG 19:07:43.383] Load DDS texture: Squad/Parts/Structural/structuralPanel1x1/model000
[LOG 19:07:43.383] Load DDS texture: Squad/Parts/Structural/structuralPanel1x1/model001
[LOG 19:07:43.384] Load DDS texture: Squad/Parts/Structural/structuralPanel2x2/model000
[LOG 19:07:43.384] Load DDS texture: Squad/Parts/Structural/structuralPanel2x2/model001
[LOG 19:07:43.384] Load DDS texture: Squad/Parts/Structural/structuralPylons/Pylons
[LOG 19:07:43.384] Load DDS texture: Squad/Parts/Structural/strutCubicOcto/cubestrut
[LOG 19:07:43.384] Load DDS texture: Squad/Parts/Structural/strutOcto/model000
[LOG 19:07:43.385] Load DDS texture: Squad/Parts/Structural/trussGirderAdapter/model000
[LOG 19:07:43.385] Load DDS texture: Squad/Parts/Structural/trussGirderAdapter/model001
[LOG 19:07:43.385] Load DDS texture: Squad/Parts/Structural/trussGirderL/model000
[LOG 19:07:43.386] Load DDS texture: Squad/Parts/Structural/trussGirderXL/model000
[LOG 19:07:43.386] Load DDS texture: Squad/Parts/Thermal/FoldingRadiators/radiator
[LOG 19:07:43.387] Load DDS texture: Squad/Parts/Thermal/FoldingRadiators/radiator_N_NRM
[LOG 19:07:43.388] Load DDS texture: Squad/Parts/Thermal/RadiatorPanels/radPanel
[LOG 19:07:43.389] Load DDS texture: Squad/Parts/Thermal/RadiatorPanels/radPanel_N_NRM
[LOG 19:07:43.391] Load DDS texture: Squad/Parts/Utility/commDish88-88/comm_dish_array
[LOG 19:07:43.391] Load DDS texture: Squad/Parts/Utility/commDish88-88/comm_dish_v2_diff
[LOG 19:07:43.392] Load DDS texture: Squad/Parts/Utility/commDish88-88/model000
[LOG 19:07:43.392] Load DDS texture: Squad/Parts/Utility/commsAntennaDTS-M1/mediumDishAntenna
[LOG 19:07:43.393] Load DDS texture: Squad/Parts/Utility/commsAntennaDTS-M1/mediumDishAntenna_Emit
[LOG 19:07:43.393] Load DDS texture: Squad/Parts/Utility/commsDish16/model000
[LOG 19:07:43.393] Load DDS texture: Squad/Parts/Utility/decouplerRadialHDM/model000
[LOG 19:07:43.393] Load DDS texture: Squad/Parts/Utility/decouplerRadialTT-38K/model000
[LOG 19:07:43.394] Load DDS texture: Squad/Parts/Utility/decouplerRadialTT-38K/model001
[LOG 19:07:43.394] Load DDS texture: Squad/Parts/Utility/decouplerRadialTT-70/model000
[LOG 19:07:43.394] Load DDS texture: Squad/Parts/Utility/DirectAntennas/MiniAntenna
[LOG 19:07:43.394] Load DDS texture: Squad/Parts/Utility/dockingPort/Arrow Pointer
[LOG 19:07:43.394] Load DDS texture: Squad/Parts/Utility/dockingPort/DockingPorts_Clampotron_Diffuse
[LOG 19:07:43.404] Load DDS texture: Squad/Parts/Utility/dockingPort/DockingPorts_Clampotron_Emissive
[LOG 19:07:43.406] Load DDS texture: Squad/Parts/Utility/dockingPort/DockingPorts_Clampotron_Normal
[LOG 19:07:43.417] Load DDS texture: Squad/Parts/Utility/dockingPortInline/Arrow Pointer
[LOG 19:07:43.417] Load DDS texture: Squad/Parts/Utility/dockingPortInline/ClampotronLinear_ClampotronLinear_Diffuse
[LOG 19:07:43.422] Load DDS texture: Squad/Parts/Utility/dockingPortInline/ClampotronLinear_ClampotronLinear_Emissive
[LOG 19:07:43.423] Load DDS texture: Squad/Parts/Utility/dockingPortInline/ClampotronLinear_ClampotronLinear_Normal
[LOG 19:07:43.429] Load DDS texture: Squad/Parts/Utility/dockingPortInline/DockingPorts_Clampotron_Diffuse
[LOG 19:07:43.436] Load DDS texture: Squad/Parts/Utility/dockingPortInline/DockingPorts_Clampotron_Emissive
[LOG 19:07:43.437] Load DDS texture: Squad/Parts/Utility/dockingPortInline/DockingPorts_Clampotron_Normal
[LOG 19:07:43.442] Load DDS texture: Squad/Parts/Utility/dockingPortJr/Arrow Pointer
[LOG 19:07:43.443] Load DDS texture: Squad/Parts/Utility/dockingPortJr/DockingPorts_ClampotronJR_Diffuse
[LOG 19:07:43.444] Load DDS texture: Squad/Parts/Utility/dockingPortJr/DockingPorts_ClampotronJR_Normal
[LOG 19:07:43.445] Load DDS texture: Squad/Parts/Utility/dockingPortJr/model000
[LOG 19:07:43.445] Load DDS texture: Squad/Parts/Utility/dockingPortShielded/Arrow Pointer
[LOG 19:07:43.445] Load DDS texture: Squad/Parts/Utility/dockingPortShielded/Clamp-O-Tron Shielded Docking Port_ClampotronShielded_Diffuse
[LOG 19:07:43.452] Load DDS texture: Squad/Parts/Utility/dockingPortShielded/Clamp-O-Tron Shielded Docking Port_ClampotronShielded_Normal
[LOG 19:07:43.464] Load DDS texture: Squad/Parts/Utility/dockingPortShielded/DockingPorts_Clampotron_Diffuse
[LOG 19:07:43.470] Load DDS texture: Squad/Parts/Utility/dockingPortShielded/DockingPorts_Clampotron_Emissive
[LOG 19:07:43.471] Load DDS texture: Squad/Parts/Utility/dockingPortShielded/DockingPorts_Clampotron_Normal
[LOG 19:07:43.478] Load DDS texture: Squad/Parts/Utility/dockingPortSr/Arrow Pointer
[LOG 19:07:43.479] Load DDS texture: Squad/Parts/Utility/dockingPortSr/ClampotronSr_ClampotronSr_Diffuse
[LOG 19:07:43.487] Load DDS texture: Squad/Parts/Utility/dockingPortSr/ClampotronSr_ClampotronSr_Diffuse_gray
[LOG 19:07:43.493] Load DDS texture: Squad/Parts/Utility/dockingPortSr/ClampotronSr_ClampotronSr_Emissive
[LOG 19:07:43.494] Load DDS texture: Squad/Parts/Utility/dockingPortSr/ClampotronSr_ClampotronSr_Normal
[LOG 19:07:43.499] Load Cached PNG Texture: Squad/Parts/Utility/Fireworks/Assets/fireworks_launcher_big 1
[LOG 19:07:43.505] Load Cached PNG Texture: Squad/Parts/Utility/Fireworks/Assets/fireworks_launcher_big
[LOG 19:07:43.510] Load Cached PNG Texture: Squad/Parts/Utility/flags/backgroundTextures/dark_background
[LOG 19:07:43.511] Load Cached PNG Texture: Squad/Parts/Utility/flags/backgroundTextures/orange_background
[LOG 19:07:43.511] Load Cached PNG Texture: Squad/Parts/Utility/flags/backgroundTextures/white_background
[LOG 19:07:43.511] Load DDS texture: Squad/Parts/Utility/GrapplingDevice/grabberDiffuse
[LOG 19:07:43.511] Load DDS texture: Squad/Parts/Utility/GrapplingDevice/grabberDiffuse_dark
[LOG 19:07:43.513] Load DDS texture: Squad/Parts/Utility/GrapplingDevice/grabberNRM
[LOG 19:07:43.514] Load DDS texture: Squad/Parts/Utility/GrapplingDevice/window
[LOG 19:07:43.514] Load DDS texture: Squad/Parts/Utility/ladderRadial/model000
[LOG 19:07:43.514] Load DDS texture: Squad/Parts/Utility/ladderTelescopic/model000
[LOG 19:07:43.515] Load DDS texture: Squad/Parts/Utility/ladderTelescopic/model001
[LOG 19:07:43.515] Load DDS texture: Squad/Parts/Utility/ladderTelescopic/model002
[LOG 19:07:43.518] Load DDS texture: Squad/Parts/Utility/ladderTelescopicBay/model000
[LOG 19:07:43.518] Load DDS texture: Squad/Parts/Utility/ladderTelescopicBay/model001
[LOG 19:07:43.521] Load DDS texture: Squad/Parts/Utility/landingLegLT-1/ksp_r_landingStrut_diff
[LOG 19:07:43.522] Load DDS texture: Squad/Parts/Utility/landingLegLT-2/landingLeg
[LOG 19:07:43.522] Load DDS texture: Squad/Parts/Utility/landingLegLT-5/leg
[LOG 19:07:43.522] Load DDS texture: Squad/Parts/Utility/landingLegLT-5/model000
[LOG 19:07:43.522] Load DDS texture: Squad/Parts/Utility/launchClamp1/model000
[LOG 19:07:43.522] Load DDS texture: Squad/Parts/Utility/launchClamp1/model001
[LOG 19:07:43.522] Load DDS texture: Squad/Parts/Utility/launchEscapeSystem/LES_Diffuse
[LOG 19:07:43.523] Load DDS texture: Squad/Parts/Utility/Lights/Assets/Lights_Attacheable_Lights_Diffuse
[LOG 19:07:43.524] Load DDS texture: Squad/Parts/Utility/Lights/Assets/Lights_Attacheable_Lights_Diffuse_white
[LOG 19:07:43.524] Load DDS texture: Squad/Parts/Utility/Lights/Assets/Lights_Attacheable_Lights_Emissive
[LOG 19:07:43.524] Load DDS texture: Squad/Parts/Utility/Lights/Assets/Lights_Attacheable_Lights_Normal
[LOG 19:07:43.525] Load DDS texture: Squad/Parts/Utility/Lights/Assets/Lights_Rectangle_Light_Diffuse
[LOG 19:07:43.533] Load DDS texture: Squad/Parts/Utility/Lights/Assets/Lights_Rectangle_Light_Diffuse_white
[LOG 19:07:43.539] Load DDS texture: Squad/Parts/Utility/Lights/Assets/Lights_Rectangle_Light_Emissive
[LOG 19:07:43.546] Load DDS texture: Squad/Parts/Utility/Lights/Assets/Lights_Rectangle_Light_Normal
[LOG 19:07:43.552] Load DDS texture: Squad/Parts/Utility/Lights/Assets/Lights_Worklights_Diffuse
[LOG 19:07:43.553] Load DDS texture: Squad/Parts/Utility/Lights/Assets/Lights_Worklights_Emissive
[LOG 19:07:43.556] Load DDS texture: Squad/Parts/Utility/Lights/Assets/Lights_Worklights_Normal
[LOG 19:07:43.556] Load DDS texture: Squad/Parts/Utility/Lights/Assets/Spotlight_Attacheable_Lights_Diffuse
[LOG 19:07:43.557] Load DDS texture: Squad/Parts/Utility/Lights/Assets/Spotlight_Attacheable_Lights_Diffuse_white
[LOG 19:07:43.557] Load DDS texture: Squad/Parts/Utility/Lights/Assets/Spotlight_Attacheable_Lights_Emissive
[LOG 19:07:43.557] Load DDS texture: Squad/Parts/Utility/Lights/Assets/Spotlight_Attacheable_Lights_Normal
[LOG 19:07:43.557] Load DDS texture: Squad/Parts/Utility/linearVernorRCS/Assets/linear_vernor_diffuse
[LOG 19:07:43.558] Load DDS texture: Squad/Parts/Utility/linearVernorRCS/Assets/linear_vernor_emissive
[LOG 19:07:43.558] Load DDS texture: Squad/Parts/Utility/linearVernorRCS/Assets/linear_vernor_normalDummy
[LOG 19:07:43.558] Load DDS texture: Squad/Parts/Utility/linearVernorRCS/Assets/linear_vernor_specular
[LOG 19:07:43.558] Load DDS texture: Squad/Parts/Utility/mk2CargoBay/mk2CargoBay
[LOG 19:07:43.561] Load DDS texture: Squad/Parts/Utility/mk2CrewCabin/mk2CrewCabin
[LOG 19:07:43.561] Load DDS texture: Squad/Parts/Utility/mk2CrewCabin/mk2CrewCabin_LUM
[LOG 19:07:43.561] Load DDS texture: Squad/Parts/Utility/mk2DockingPort/Arrow Pointer
[LOG 19:07:43.561] Load DDS texture: Squad/Parts/Utility/mk2DockingPort/Mk2Clampotron_Caps_Diffuse
[LOG 19:07:43.561] Load DDS texture: Squad/Parts/Utility/mk2DockingPort/Mk2Clampotron_Caps_Emmisive
[LOG 19:07:43.561] Load DDS texture: Squad/Parts/Utility/mk2DockingPort/Mk2Clampotron_Caps_Normal
[LOG 19:07:43.562] Load DDS texture: Squad/Parts/Utility/mk2DockingPort/Mk2Clampotron_Mk2Clampotron_Diffuse
[LOG 19:07:43.567] Load DDS texture: Squad/Parts/Utility/mk2DockingPort/Mk2Clampotron_Mk2Clampotron_Emissive
[LOG 19:07:43.568] Load DDS texture: Squad/Parts/Utility/mk2DockingPort/Mk2Clampotron_Mk2Clampotron_Normal
[LOG 19:07:43.574] Load DDS texture: Squad/Parts/Utility/mk2DockingPort/mk2DockingPort
[LOG 19:07:43.576] Load DDS texture: Squad/Parts/Utility/mk3CargoBay/Mk3CargoBay
[LOG 19:07:43.577] Load DDS texture: Squad/Parts/Utility/parachuteMk1/model000
[LOG 19:07:43.577] Load DDS texture: Squad/Parts/Utility/parachuteMk1/model001
[LOG 19:07:43.578] Load DDS texture: Squad/Parts/Utility/parachuteMk12-R/model000
[LOG 19:07:43.578] Load DDS texture: Squad/Parts/Utility/parachuteMk12-R/model001
[LOG 19:07:43.578] Load DDS texture: Squad/Parts/Utility/parachuteMk16-XL/model000
[LOG 19:07:43.578] Load DDS texture: Squad/Parts/Utility/parachuteMk16-XL/model001
[LOG 19:07:43.578] Load DDS texture: Squad/Parts/Utility/parachuteMk2-R/model000
[LOG 19:07:43.578] Load DDS texture: Squad/Parts/Utility/parachuteMk2-R/model001
[LOG 19:07:43.578] Load DDS texture: Squad/Parts/Utility/parachuteMk25/model000
[LOG 19:07:43.578] Load DDS texture: Squad/Parts/Utility/parachuteMk25/model001
[LOG 19:07:43.578] Load DDS texture: Squad/Parts/Utility/radialAttachmentPoint/model000
[LOG 19:07:43.579] Load DDS texture: Squad/Parts/Utility/radialAttachmentPoint/model001
[LOG 19:07:43.579] Load DDS texture: Squad/Parts/Utility/rcsBlockRV-105_v2/rcsBlock_diffuse
[LOG 19:07:43.579] Load DDS texture: Squad/Parts/Utility/rcsBlockRV-105_v2/rcsThrusterBlock_normal
[LOG 19:07:43.579] Load DDS texture: Squad/Parts/Utility/rcsBlockRV-105_v2/rcsThruster_emissive
[LOG 19:07:43.579] Load DDS texture: Squad/Parts/Utility/rcsBlockRV-105_v2/rcsThruster_specular
[LOG 19:07:43.579] Load DDS texture: Squad/Parts/Utility/rcsBlockRV-105_v2/RCS_Block_Diffuse
[LOG 19:07:43.579] Load DDS texture: Squad/Parts/Utility/rcsBlockRV-105_v2/RCS_Block_Emissive
[LOG 19:07:43.580] Load DDS texture: Squad/Parts/Utility/rcsBlockRV-105_v2/RCS_Block_Normal
[LOG 19:07:43.580] Load DDS texture: Squad/Parts/Utility/rcsBlockRV-105_v2/RCS_Block_Specular
[LOG 19:07:43.580] Load DDS texture: Squad/Parts/Utility/rcsSmallLinear/Assets/RCS_Linear_Base_Diffuse
[LOG 19:07:43.580] Load DDS texture: Squad/Parts/Utility/rcsSmallLinear/Assets/RCS_Linear_Diffuse
[LOG 19:07:43.580] Load DDS texture: Squad/Parts/Utility/rcsSmallLinear/Assets/RCS_Linear_Emissive
[LOG 19:07:43.580] Load DDS texture: Squad/Parts/Utility/rcsSmallLinear/Assets/RCS_Linear_Normal
[LOG 19:07:43.580] Load DDS texture: Squad/Parts/Utility/rcsSmallLinear/Assets/RCS_Linear_Specular
[LOG 19:07:43.580] Load DDS texture: Squad/Parts/Utility/RelayAntennas/DishAntenna
[LOG 19:07:43.581] Load DDS texture: Squad/Parts/Utility/RelayAntennas/MiniAntenna
[LOG 19:07:43.581] Load DDS texture: Squad/Parts/Utility/rockomaxAdapters/Assets/Rockomax_Adapters_diffuse
[LOG 19:07:43.583] Load DDS texture: Squad/Parts/Utility/rockomaxAdapters/Assets/Rockomax_Adapters_diffuse_O
[LOG 19:07:43.584] Load DDS texture: Squad/Parts/Utility/rockomaxAdapters/Assets/Rockomax_Adapters_diffuse_W
[LOG 19:07:43.586] Load DDS texture: Squad/Parts/Utility/rockomaxAdapters/Assets/Rockomax_Adapters_normal
[LOG 19:07:43.587] Load DDS texture: Squad/Parts/Utility/rockomaxAdapters/Assets/Rockomax_Adapters_normal_O
[LOG 19:07:43.589] Load DDS texture: Squad/Parts/Utility/ServiceBay/ServiceBay
[LOG 19:07:43.589] Load Cached PNG Texture: Squad/Parts/Utility/ServiceBay_v2/Assets/Scratch
[LOG 19:07:43.591] Load Cached PNG Texture: Squad/Parts/Utility/ServiceBay_v2/Assets/ServiceBay_bump
[LOG 19:07:43.593] Load Cached PNG Texture: Squad/Parts/Utility/ServiceBay_v2/Assets/ServiceBay_v2
[LOG 19:07:43.593] Load DDS texture: Squad/Parts/Utility/smallClaw/grabberSmallDiffuse
[LOG 19:07:43.594] Load DDS texture: Squad/Parts/Utility/smallClaw/grabberSmallDiffuseDark
[LOG 19:07:43.594] Load DDS texture: Squad/Parts/Utility/smallClaw/grabberSmallNRM
[LOG 19:07:43.594] Load DDS texture: Squad/Parts/Utility/smallClaw/window
[LOG 19:07:43.594] Load DDS texture: Squad/Parts/Utility/spotLightMk1/light1
[LOG 19:07:43.594] Load DDS texture: Squad/Parts/Utility/spotLightMk1/light1_em
[LOG 19:07:43.595] Load DDS texture: Squad/Parts/Utility/spotLightMk1_v2/spotLightMk1_Diffuse
[LOG 19:07:43.595] Load DDS texture: Squad/Parts/Utility/spotLightMk1_v2/spotLightMk1_Diffuse_white
[LOG 19:07:43.595] Load DDS texture: Squad/Parts/Utility/spotLightMk1_v2/spotLightMk1_Emissive
[LOG 19:07:43.595] Load DDS texture: Squad/Parts/Utility/spotLightMk1_v2/spotLightMk1_Normal
[LOG 19:07:43.595] Load DDS texture: Squad/Parts/Utility/spotLightMk2/light2
[LOG 19:07:43.595] Load DDS texture: Squad/Parts/Utility/spotLightMk2/light2_em
[LOG 19:07:43.595] Load DDS texture: Squad/Parts/Utility/spotLightMk2_v2/spotLightMk2_Diffuse
[LOG 19:07:43.595] Load DDS texture: Squad/Parts/Utility/spotLightMk2_v2/spotLightMk2_Diffuse_white
[LOG 19:07:43.596] Load DDS texture: Squad/Parts/Utility/spotLightMk2_v2/spotLightMk2_Emissive
[LOG 19:07:43.596] Load DDS texture: Squad/Parts/Utility/spotLightMk2_v2/spotLightMk2_Normal
[LOG 19:07:43.596] Load DDS texture: Squad/Parts/Utility/stackCouplers/Assets/stackCouplersDiffuse
[LOG 19:07:43.597] Load DDS texture: Squad/Parts/Utility/stackCouplers/Assets/stackCouplersDiffuse_Dark
[LOG 19:07:43.598] Load DDS texture: Squad/Parts/Utility/stackCouplers/Assets/stackCouplersDiffuse_Orange
[LOG 19:07:43.600] Load DDS texture: Squad/Parts/Utility/stackCouplers/Assets/stackCouplers_NRM
[LOG 19:07:43.602] Load DDS texture: Squad/Parts/Utility/stackCouplers/Assets/stackCouplers_Orange_NRM
[LOG 19:07:43.604] Load DDS texture: Squad/Parts/Wheel/LandingGear/Flare
[LOG 19:07:43.604] Load DDS texture: Squad/Parts/Wheel/LandingGear/LandingGear
[LOG 19:07:43.605] Load DDS texture: Squad/Parts/Wheel/LandingGear/LandingGear_Emissive
[LOG 19:07:43.605] Load DDS texture: Squad/Parts/Wheel/roverWheelM1/model000
[LOG 19:07:43.606] Load DDS texture: Squad/Parts/Wheel/roverWheelM1/roverwheel1
[LOG 19:07:43.606] Load DDS texture: Squad/Parts/Wheel/roverWheelS2/model000
[LOG 19:07:43.606] Load DDS texture: Squad/Parts/Wheel/roverWheelS2/model001
[LOG 19:07:43.606] Load DDS texture: Squad/Parts/Wheel/roverWheelS2/roverwheel2
[LOG 19:07:43.607] Load DDS texture: Squad/Parts/Wheel/roverWheelS2/roverwheel2_n
[LOG 19:07:43.607] Load DDS texture: Squad/Parts/Wheel/roverWheelTR-2L/ksp_r_medWheel_diff
[LOG 19:07:43.607] Load DDS texture: Squad/Parts/Wheel/roverWheelTR-2L/ksp_r_medWheel_normal
[LOG 19:07:43.608] Load DDS texture: Squad/Parts/Wheel/roverWheelTR-2L/ksp_r_medWheel_wheel_diff
[LOG 19:07:43.610] Load DDS texture: Squad/Parts/Wheel/roverWheelTR-2L/ksp_r_medWheel_wheel_normal
[LOG 19:07:43.611] Load DDS texture: Squad/Parts/Wheel/roverWheelXL3/mount
[LOG 19:07:43.612] Load DDS texture: Squad/Parts/Wheel/roverWheelXL3/mount_n
[LOG 19:07:43.612] Load DDS texture: Squad/Parts/Wheel/roverWheelXL3/wheel
[LOG 19:07:43.612] Load DDS texture: Squad/Parts/Wheel/roverWheelXL3/wheel_n
[LOG 19:07:43.612] Load DDS texture: Squad/Props/AltimeterThreeHands/model000
[LOG 19:07:43.612] Load DDS texture: Squad/Props/AltimeterThreeHands/model001
[LOG 19:07:43.612] Load DDS texture: Squad/Props/AtmosphereDepth/model000
[LOG 19:07:43.612] Load DDS texture: Squad/Props/AtmosphereDepth/model001
[LOG 19:07:43.612] Load DDS texture: Squad/Props/AxisIndicator/model000
[LOG 19:07:43.612] Load DDS texture: Squad/Props/buttonsGeneric/ButtonsAndSwitches
[LOG 19:07:43.612] Load DDS texture: Squad/Props/ButtonSquare/model000
[LOG 19:07:43.613] Load DDS texture: Squad/Props/circularButton/model000
[LOG 19:07:43.613] Load DDS texture: Squad/Props/Compass/model000
[LOG 19:07:43.613] Load DDS texture: Squad/Props/directionalKnob/model000
[LOG 19:07:43.613] Load DDS texture: Squad/Props/directionalKnob2/model000
[LOG 19:07:43.613] Load DDS texture: Squad/Props/IndicatorPanel/model000
[LOG 19:07:43.614] Load DDS texture: Squad/Props/IndicatorPanel/model001
[LOG 19:07:43.614] Load DDS texture: Squad/Props/IVANavBall/Arrows8dir
[LOG 19:07:43.614] Load DDS texture: Squad/Props/IVANavBall/IVANavBall
[LOG 19:07:43.614] Load DDS texture: Squad/Props/IVANavBall/IVANavBall_Glow
[LOG 19:07:43.614] Load DDS texture: Squad/Props/IVANavBall/ManeuverNode_vectors
[LOG 19:07:43.614] Load DDS texture: Squad/Props/IVANavBall/navball2
[LOG 19:07:43.614] Load DDS texture: Squad/Props/IVANavBall/navBall_DV_IVA
[LOG 19:07:43.614] Load DDS texture: Squad/Props/IVANavBall/navBall_vectors_IVA
[LOG 19:07:43.614] Load Cached PNG Texture: Squad/Props/IVANavBallNoBase/Arrows8dir
[LOG 19:07:43.614] Load Cached PNG Texture: Squad/Props/IVANavBallNoBase/IVANavBall
[LOG 19:07:43.615] Load Cached PNG Texture: Squad/Props/IVANavBallNoBase/ManeuverNode_vectors
[LOG 19:07:43.615] Load Cached PNG Texture: Squad/Props/IVANavBallNoBase/navball2
[LOG 19:07:43.615] Load Cached PNG Texture: Squad/Props/IVANavBallNoBase/navBall_DV_IVA
[LOG 19:07:43.615] Load Cached PNG Texture: Squad/Props/IVANavBallNoBase/navBall_vectors_IVA
[LOG 19:07:43.615] Load DDS texture: Squad/Props/ledPanelSpeed/circularButton
[LOG 19:07:43.615] Load DDS texture: Squad/Props/ledPanelSpeed/ledPanel
[LOG 19:07:43.615] Load DDS texture: Squad/Props/Monitor/Emissives
[LOG 19:07:43.615] Load DDS texture: Squad/Props/Monitor/Emissives_glow
[LOG 19:07:43.615] Load DDS texture: Squad/Props/Monitor/Monitor
[LOG 19:07:43.615] Load DDS texture: Squad/Props/NavBall/GaugeGee
[LOG 19:07:43.615] Load DDS texture: Squad/Props/NavBall/GaugeThrottle
[LOG 19:07:43.616] Load DDS texture: Squad/Props/NavBall/model000
[LOG 19:07:43.616] Load DDS texture: Squad/Props/NavBall/model001
[LOG 19:07:43.616] Load DDS texture: Squad/Props/NavBall/model002
[LOG 19:07:43.616] Load DDS texture: Squad/Props/NavBall/model003
[LOG 19:07:43.616] Load DDS texture: Squad/Props/PropsGeneric/propsGeneric
[LOG 19:07:43.616] Load DDS texture: Squad/Props/pullSwitch/model000
[LOG 19:07:43.616] Load DDS texture: Squad/Props/pullSwitch/model001
[LOG 19:07:43.617] Load DDS texture: Squad/Props/radarAltitude/model000
[LOG 19:07:43.617] Load DDS texture: Squad/Props/squareButton/model000
[LOG 19:07:43.617] Load DDS texture: Squad/Props/standingSwitch/model000
[LOG 19:07:43.617] Load DDS texture: Squad/Props/standingSwitch/model001
[LOG 19:07:43.617] Load DDS texture: Squad/Props/switch/model000
[LOG 19:07:43.617] Load DDS texture: Squad/Props/switchGuard/model000
[LOG 19:07:43.617] Load DDS texture: Squad/Props/switchWithGuards/model000
[LOG 19:07:43.617] Load DDS texture: Squad/Props/switchWithGuards/model001
[LOG 19:07:43.617] Load DDS texture: Squad/Props/switchWithGuards/model002
[LOG 19:07:43.618] Load DDS texture: Squad/Props/throttle/model000
[LOG 19:07:43.618] Load DDS texture: Squad/Props/throttle/model001
[LOG 19:07:43.619] Load DDS texture: Squad/Props/VSI/model000
[LOG 19:07:43.619] Load DDS texture: Squad/Spaces/crewCabinInternals/model000
[LOG 19:07:43.619] Load DDS texture: Squad/Spaces/crewCabinInternals/model001
[LOG 19:07:43.624] Load DDS texture: Squad/Spaces/crewCabinInternals/model002
[LOG 19:07:43.624] Load DDS texture: Squad/Spaces/crewCabinInternals/model003
[LOG 19:07:43.625] Load DDS texture: Squad/Spaces/crewCabinInternals/model004
[LOG 19:07:43.625] Load DDS texture: Squad/Spaces/crewCabinInternals/model005
[LOG 19:07:43.625] Load DDS texture: Squad/Spaces/cupolaInternal/ksp_l_cupola_internal_diff
[LOG 19:07:43.631] Load DDS texture: Squad/Spaces/cupolaInternal/ksp_l_cupola_internal_normal
[LOG 19:07:43.636] Load DDS texture: Squad/Spaces/cupolaInternal/ksp_l_cupola_internal_windows_alpha
[LOG 19:07:43.637] Load DDS texture: Squad/Spaces/cupolaInternal/pilot Seat
[LOG 19:07:43.637] Load DDS texture: Squad/Spaces/GenericSpace1/model000
[LOG 19:07:43.638] Load DDS texture: Squad/Spaces/GenericSpace1/model001
[LOG 19:07:43.639] Load DDS texture: Squad/Spaces/GenericSpace1/model002
[LOG 19:07:43.640] Load DDS texture: Squad/Spaces/GenericSpace1/model003
[LOG 19:07:43.642] Load DDS texture: Squad/Spaces/GenericSpace1/model004
[LOG 19:07:43.643] Load DDS texture: Squad/Spaces/GenericSpace1/model005
[LOG 19:07:43.644] Load DDS texture: Squad/Spaces/GenericSpace3/model000
[LOG 19:07:43.646] Load DDS texture: Squad/Spaces/GenericSpace3/model001
[LOG 19:07:43.646] Load DDS texture: Squad/Spaces/GenericSpace3/model002
[LOG 19:07:43.647] Load DDS texture: Squad/Spaces/GenericSpace3/model003
[LOG 19:07:43.649] Load DDS texture: Squad/Spaces/GenericSpace3/model004
[LOG 19:07:43.651] Load DDS texture: Squad/Spaces/GenericSpace3/model005
[LOG 19:07:43.652] Load DDS texture: Squad/Spaces/GenericSpace3/model006
[LOG 19:07:43.652] Load DDS texture: Squad/Spaces/GenericSpace3/model007
[LOG 19:07:43.653] Load DDS texture: Squad/Spaces/landerCabinInternals/model000
[LOG 19:07:43.655] Load DDS texture: Squad/Spaces/landerCabinInternals/model001
[LOG 19:07:43.660] Load DDS texture: Squad/Spaces/landerCabinInternals/model002
[LOG 19:07:43.662] Load DDS texture: Squad/Spaces/landerCabinInternals/model003
[LOG 19:07:43.666] Load DDS texture: Squad/Spaces/landerCabinInternals/model004
[LOG 19:07:43.668] Load DDS texture: Squad/Spaces/landerCabinInternals/model005
[LOG 19:07:43.668] Load DDS texture: Squad/Spaces/landerCabinInternals/model006
[LOG 19:07:43.669] Load DDS texture: Squad/Spaces/landerCabinInternals/model007
[LOG 19:07:43.670] Load DDS texture: Squad/Spaces/landerCabinSmallInternal/ksp_s_landerCan_internal_diff
[LOG 19:07:43.676] Load DDS texture: Squad/Spaces/landerCabinSmallInternal/ksp_s_landerCan_internal_normal
[LOG 19:07:43.683] Load DDS texture: Squad/Spaces/landerCabinSmallInternal/ksp_s_landerCan_internal_window_alpha
[LOG 19:07:43.684] Load DDS texture: Squad/Spaces/landerCabinSmallInternal/pilot Seat
[LOG 19:07:43.686] Load DDS texture: Squad/Spaces/LargeCrewedLabInternals/Glass
[LOG 19:07:43.686] Load DDS texture: Squad/Spaces/LargeCrewedLabInternals/MPL_Int
[LOG 19:07:43.693] Load DDS texture: Squad/Spaces/LargeCrewedLabInternals/MPL_Int_n_NRM
[LOG 19:07:43.694] Load DDS texture: Squad/Spaces/Mk1-3/Mk1_3_IvaProps_Diffuse
[LOG 19:07:43.699] Load DDS texture: Squad/Spaces/Mk1-3/Mk1_3_IvaProps_Normal
[LOG 19:07:43.703] Load DDS texture: Squad/Spaces/Mk1-3/Mk1_3_IvaShell_Diffuse
[LOG 19:07:43.707] Load DDS texture: Squad/Spaces/Mk1-3/Mk1_3_IvaShell_Emissive
[LOG 19:07:43.712] Load DDS texture: Squad/Spaces/Mk1-3/Mk1_3_IvaShell_Normal
[LOG 19:07:43.717] Load DDS texture: Squad/Spaces/Mk1-3/pilot Seat
[LOG 19:07:43.718] Load DDS texture: Squad/Spaces/mk1CabinInternal/Cabin_Lightmap
[LOG 19:07:43.718] Load DDS texture: Squad/Spaces/mk1CabinInternal/CockpitGeneric
[LOG 19:07:43.718] Load DDS texture: Squad/Spaces/mk1CabinInternal/CockpitGeneric_NRM
[LOG 19:07:43.718] Load DDS texture: Squad/Spaces/mk1CockpitInternal/CockpitGeneric
[LOG 19:07:43.718] Load DDS texture: Squad/Spaces/mk1CockpitInternal/CockpitGeneric_NRM
[LOG 19:07:43.718] Load DDS texture: Squad/Spaces/mk1CockpitInternal/IVAMAP
[LOG 19:07:43.719] Load DDS texture: Squad/Spaces/mk1CockpitInternal/Windows
[LOG 19:07:43.722] Load DDS texture: Squad/Spaces/mk1InlineInternal/Canopy
[LOG 19:07:43.723] Load DDS texture: Squad/Spaces/mk1InlineInternal/CockpitGeneric
[LOG 19:07:43.723] Load DDS texture: Squad/Spaces/mk1InlineInternal/CockpitGeneric_NRM
[LOG 19:07:43.723] Load DDS texture: Squad/Spaces/mk1InlineInternal/Mk1Inline_Lightmap
[LOG 19:07:43.723] Load DDS texture: Squad/Spaces/mk1PodCockpit/model000
[LOG 19:07:43.724] Load DDS texture: Squad/Spaces/mk1PodCockpit/model001
[LOG 19:07:43.724] Load DDS texture: Squad/Spaces/mk1PodCockpit/model002
[LOG 19:07:43.727] Load DDS texture: Squad/Spaces/mk1PodCockpit/model003
[LOG 19:07:43.727] Load DDS texture: Squad/Spaces/mk1PodCockpit/model004
[LOG 19:07:43.730] Load DDS texture: Squad/Spaces/mk1PodCockpit/model005
[LOG 19:07:43.731] Load DDS texture: Squad/Spaces/mk1PodCockpit/model006
[LOG 19:07:43.732] Load DDS texture: Squad/Spaces/mk1PodCockpit/model007
[LOG 19:07:43.732] Load DDS texture: Squad/Spaces/mk1pod_IVA/mk1pod_iva_props_diffuse
[LOG 19:07:43.737] Load DDS texture: Squad/Spaces/mk1pod_IVA/mk1pod_iva_props_emissive
[LOG 19:07:43.738] Load DDS texture: Squad/Spaces/mk1pod_IVA/mk1pod_iva_props_normal
[LOG 19:07:43.743] Load DDS texture: Squad/Spaces/mk1pod_IVA/mk1pod_iva_shell_diffuse
[LOG 19:07:43.750] Load DDS texture: Squad/Spaces/mk1pod_IVA/mk1pod_iva_shell_normal
[LOG 19:07:43.756] Load MBM texture: Squad/Spaces/mk1pod_IVA/pilot Seat
[LOG 19:07:43.801] Load DDS texture: Squad/Spaces/mk2CockpitStandardInternal/CargoBagA
[LOG 19:07:43.801] Load DDS texture: Squad/Spaces/mk2CockpitStandardInternal/Mk2StandardIVA
[LOG 19:07:43.801] Load DDS texture: Squad/Spaces/mk2CockpitStandardInternal/Pilotseat
[LOG 19:07:43.802] Load DDS texture: Squad/Spaces/mk2CockpitStandardInternal/Windows
[LOG 19:07:43.802] Load DDS texture: Squad/Spaces/Mk2CrewCabinInternal/CargoBagA
[LOG 19:07:43.802] Load DDS texture: Squad/Spaces/Mk2CrewCabinInternal/Glass
[LOG 19:07:43.802] Load DDS texture: Squad/Spaces/Mk2CrewCabinInternal/Mk2StandardIVA
[LOG 19:07:43.802] Load DDS texture: Squad/Spaces/Mk2CrewCabinInternal/Pilotseat
[LOG 19:07:43.803] Load DDS texture: Squad/Spaces/mk2InlineInternal/CockpitGeneric
[LOG 19:07:43.803] Load DDS texture: Squad/Spaces/mk2InlineInternal/CockpitGeneric_NRM
[LOG 19:07:43.804] Load DDS texture: Squad/Spaces/mk2InlineInternal/Mk2InlineLightmap
[LOG 19:07:43.805] Load DDS texture: Squad/Spaces/mk2InlineInternal/propsGeneric
[LOG 19:07:43.806] Load DDS texture: Squad/Spaces/mk2LanderCanInternal/mk2LanderCan_props_diffuse
[LOG 19:07:43.814] Load DDS texture: Squad/Spaces/mk2LanderCanInternal/mk2LanderCan_props_normal
[LOG 19:07:43.824] Load DDS texture: Squad/Spaces/mk2LanderCanInternal/mk2LanderCan_shell_diffuse
[LOG 19:07:43.830] Load DDS texture: Squad/Spaces/mk2LanderCanInternal/mk2LanderCan_shell_normal
[LOG 19:07:43.840] Load MBM texture: Squad/Spaces/mk2LanderCanInternal/pilot Seat
[LOG 19:07:43.887] Load DDS texture: Squad/Spaces/MK3CockpitInternal/Glass
[LOG 19:07:43.887] Load DDS texture: Squad/Spaces/MK3CockpitInternal/Mk2StandardIVA
[LOG 19:07:43.887] Load DDS texture: Squad/Spaces/MK3_CrewCab_Int/Glass
[LOG 19:07:43.887] Load DDS texture: Squad/Spaces/MK3_CrewCab_Int/GlassMK3CC
[LOG 19:07:43.887] Load DDS texture: Squad/Spaces/MK3_CrewCab_Int/Mk2StandardIVA
[LOG 19:07:43.887] Load DDS texture: Squad/Spaces/MK3_CrewCab_Int/MK3_CrewCab_Int
[LOG 19:07:43.888] Load DDS texture: Squad/Spaces/MK3_CrewCab_Int/MK3_CrewCab_Int_n
[LOG 19:07:43.888] Load DDS texture: Squad/Spaces/MK3_CrewCab_Int/Pilotseat
[LOG 19:07:43.888] Load DDS texture: Squad/Spaces/Placeholder/PlaceholderIVA
[LOG 19:07:43.888] Load DDS texture: Squad/Spaces/PodCockpit/model000
[LOG 19:07:43.889] Load DDS texture: Squad/Spaces/PodCockpit/model001
[LOG 19:07:43.890] Load DDS texture: Squad/Spaces/PodCockpit/model002
[LOG 19:07:43.892] Load DDS texture: Squad/Spaces/PodCockpit/model003
[LOG 19:07:43.894] Load DDS texture: Squad/Spaces/PodCockpit/model004
[LOG 19:07:43.895] Load DDS texture: Squad/Spaces/PodCockpit/model005
[LOG 19:07:43.897] Load DDS texture: Squad/Spaces/PodCockpit/model006
[LOG 19:07:43.897] Load DDS texture: Squad/Spaces/PodCockpit/model007
[LOG 19:07:43.899] Load DDS texture: Squad/Spaces/sharedAssets/CockpitGeneric
[LOG 19:07:43.900] Load DDS texture: Squad/Spaces/sharedAssets/CockpitGeneric_NRM
[LOG 19:07:43.901] Load Cached PNG Texture: Squad/Strategies/Icons/AggressiveNegotiations
[LOG 19:07:43.901] Load Cached PNG Texture: Squad/Strategies/Icons/AppreciationCampaign
[LOG 19:07:43.901] Load Cached PNG Texture: Squad/Strategies/Icons/BailOutGrant
[LOG 19:07:43.901] Load Cached PNG Texture: Squad/Strategies/Icons/FundraisingCampaign
[LOG 19:07:43.902] Load Cached PNG Texture: Squad/Strategies/Icons/LeadershipInitiative
[LOG 19:07:43.902] Load Cached PNG Texture: Squad/Strategies/Icons/OpenSourceTechProgram
[LOG 19:07:43.902] Load Cached PNG Texture: Squad/Strategies/Icons/OutsourcedResearch
[LOG 19:07:43.902] Load Cached PNG Texture: Squad/Strategies/Icons/PatentsLicensing
[LOG 19:07:43.902] Load Cached PNG Texture: Squad/Strategies/Icons/RecoveryTransponderFitting
[LOG 19:07:43.902] Load Cached PNG Texture: Squad/Strategies/Icons/ResearchRightsSellOut
[LOG 19:07:43.902] Load Cached PNG Texture: Squad/Strategies/Icons/UnpaidResearchProgram
[LOG 19:07:43.902] Load Cached PNG Texture: Squad/Tutorials/ChuteColors
[LOG 19:07:43.902] Load DDS texture: Squad/Tutorials/EditorCoM
[LOG 19:07:43.903] Load Cached PNG Texture: Squad/Tutorials/EditorSnap
[LOG 19:07:43.903] Load Cached PNG Texture: Squad/Tutorials/EditorSnap4x
[LOG 19:07:43.903] Load Cached PNG Texture: Squad/Tutorials/EditorSymm
[LOG 19:07:43.903] Load Cached PNG Texture: Squad/Tutorials/StagingStack
[LOG 19:07:43.903] Load PNG texture: Squad/Tutorials/YPRDiagram
[WRN 19:07:43.905] Texture isn't eligible for DXT compression, width and height must be multiples of 4
[LOG 19:07:43.905] Load Cached PNG Texture: SquadExpansion/MakingHistory/Banners/Fail/default
[LOG 19:07:43.905] Load Cached PNG Texture: SquadExpansion/MakingHistory/Banners/Fail/fail01
[LOG 19:07:43.905] Load Cached PNG Texture: SquadExpansion/MakingHistory/Banners/Fail/fail02
[LOG 19:07:43.905] Load PNG texture: SquadExpansion/MakingHistory/Banners/Menu/default
[WRN 19:07:43.909] Texture isn't eligible for DXT compression, width and height must be multiples of 4
[LOG 19:07:43.909] Load PNG texture: SquadExpansion/MakingHistory/Banners/Menu/MBanner_01
[WRN 19:07:43.913] Texture isn't eligible for DXT compression, width and height must be multiples of 4
[LOG 19:07:43.913] Load PNG texture: SquadExpansion/MakingHistory/Banners/Menu/MBanner_02
[WRN 19:07:43.917] Texture isn't eligible for DXT compression, width and height must be multiples of 4
[LOG 19:07:43.926] Load PNG texture: SquadExpansion/MakingHistory/Banners/Menu/MBanner_03
[WRN 19:07:43.930] Texture isn't eligible for DXT compression, width and height must be multiples of 4
[LOG 19:07:43.932] Load Cached PNG Texture: SquadExpansion/MakingHistory/Banners/Success/default
[LOG 19:07:43.933] Load Cached PNG Texture: SquadExpansion/MakingHistory/Banners/Success/success01
[LOG 19:07:43.933] Load Cached PNG Texture: SquadExpansion/MakingHistory/Banners/Success/success02
[LOG 19:07:43.933] Load Cached PNG Texture: SquadExpansion/MakingHistory/Missions/Acapello 13/Banners/Fail/fail01
[LOG 19:07:43.933] Load PNG texture: SquadExpansion/MakingHistory/Missions/Acapello 13/Banners/Menu/Mun
[WRN 19:07:43.935] Texture isn't eligible for DXT compression, width and height must be multiples of 4
[LOG 19:07:43.936] Load Cached PNG Texture: SquadExpansion/MakingHistory/Missions/Acapello 13/Banners/Success/success01
[LOG 19:07:43.936] Load Cached PNG Texture: SquadExpansion/MakingHistory/Missions/Acapello 15/Banners/Fail/default
[LOG 19:07:43.936] Load Cached PNG Texture: SquadExpansion/MakingHistory/Missions/Acapello 15/Banners/Fail/fail02
[LOG 19:07:43.936] Load PNG texture: SquadExpansion/MakingHistory/Missions/Acapello 15/Banners/Menu/default
[WRN 19:07:43.939] Texture isn't eligible for DXT compression, width and height must be multiples of 4
[LOG 19:07:43.939] Load Cached PNG Texture: SquadExpansion/MakingHistory/Missions/Acapello 15/Banners/Success/default
[LOG 19:07:43.939] Load Cached PNG Texture: SquadExpansion/MakingHistory/Missions/Blue Mun/Banners/Fail/fail01
[LOG 19:07:43.939] Load PNG texture: SquadExpansion/MakingHistory/Missions/Blue Mun/Banners/Menu/default
[WRN 19:07:43.942] Texture isn't eligible for DXT compression, width and height must be multiples of 4
[LOG 19:07:43.942] Load Cached PNG Texture: SquadExpansion/MakingHistory/Missions/Blue Mun/Banners/Success/success02
[LOG 19:07:43.942] Load Cached PNG Texture: SquadExpansion/MakingHistory/Missions/Dawn of the Space Age/Banners/Fail/default
[LOG 19:07:43.942] Load PNG texture: SquadExpansion/MakingHistory/Missions/Dawn of the Space Age/Banners/Menu/default
[WRN 19:07:43.945] Texture isn't eligible for DXT compression, width and height must be multiples of 4
[LOG 19:07:43.945] Load Cached PNG Texture: SquadExpansion/MakingHistory/Missions/Dawn of the Space Age/Banners/Success/default
[LOG 19:07:43.945] Load Cached PNG Texture: SquadExpansion/MakingHistory/Missions/Meet Me in Zero G/Banners/Fail/default
[LOG 19:07:43.945] Load Cached PNG Texture: SquadExpansion/MakingHistory/Missions/Meet Me in Zero G/Banners/Fail/fail01
[LOG 19:07:43.945] Load PNG texture: SquadExpansion/MakingHistory/Missions/Meet Me in Zero G/Banners/Menu/default
[WRN 19:07:43.947] Texture isn't eligible for DXT compression, width and height must be multiples of 4
[LOG 19:07:43.949] Load Cached PNG Texture: SquadExpansion/MakingHistory/Missions/Meet Me in Zero G/Banners/Success/default
[LOG 19:07:43.951] Load Cached PNG Texture: SquadExpansion/MakingHistory/Missions/Meet Me in Zero G/Banners/Success/success02
[LOG 19:07:43.951] Load Cached PNG Texture: SquadExpansion/MakingHistory/Missions/Munar 1/Banners/Fail/default
[LOG 19:07:43.952] Load Cached PNG Texture: SquadExpansion/MakingHistory/Missions/Munar 1/Banners/Fail/fail02
[LOG 19:07:43.952] Load PNG texture: SquadExpansion/MakingHistory/Missions/Munar 1/Banners/Menu/default
[WRN 19:07:43.954] Texture isn't eligible for DXT compression, width and height must be multiples of 4
[LOG 19:07:43.955] Load Cached PNG Texture: SquadExpansion/MakingHistory/Missions/Munar 1/Banners/Success/default
[LOG 19:07:43.955] Load Cached PNG Texture: SquadExpansion/MakingHistory/Missions/Munar 1/Banners/Success/success01
[LOG 19:07:43.955] Load Cached PNG Texture: SquadExpansion/MakingHistory/Missions/Sally-Hut 1/Banners/Fail/default
[LOG 19:07:43.958] Load Cached PNG Texture: SquadExpansion/MakingHistory/Missions/Sally-Hut 1/Banners/Fail/fail01
[LOG 19:07:43.958] Load Cached PNG Texture: SquadExpansion/MakingHistory/Missions/Sally-Hut 1/Banners/Menu/bannerSatellite
[LOG 19:07:43.958] Load Cached PNG Texture: SquadExpansion/MakingHistory/Missions/Sally-Hut 1/Banners/Success/default
[LOG 19:07:43.958] Load Cached PNG Texture: SquadExpansion/MakingHistory/Missions/Sally-Hut 1/Banners/Success/success02
[LOG 19:07:43.958] Load Cached PNG Texture: SquadExpansion/MakingHistory/Missions/To the Mun Via Minmus/Banners/Fail/fail02
[LOG 19:07:43.958] Load PNG texture: SquadExpansion/MakingHistory/Missions/To the Mun Via Minmus/Banners/Menu/MissionBannerKerbin
[WRN 19:07:43.961] Texture isn't eligible for DXT compression, width and height must be multiples of 4
[LOG 19:07:43.961] Load Cached PNG Texture: SquadExpansion/MakingHistory/Missions/To the Mun Via Minmus/Banners/Success/success01
[LOG 19:07:43.961] Load Cached PNG Texture: SquadExpansion/MakingHistory/Missions/Trouble in the Void/Banners/Fail/fail01
[LOG 19:07:43.961] Load PNG texture: SquadExpansion/MakingHistory/Missions/Trouble in the Void/Banners/Menu/default
[WRN 19:07:43.964] Texture isn't eligible for DXT compression, width and height must be multiples of 4
[LOG 19:07:43.964] Load Cached PNG Texture: SquadExpansion/MakingHistory/Missions/Trouble in the Void/Banners/Success/success02
[LOG 19:07:43.964] Load Cached PNG Texture: SquadExpansion/MakingHistory/Missions/Ziggy Kerman and the Spiders from Duna/Banners/Fail/fail02
[LOG 19:07:43.964] Load Cached PNG Texture: SquadExpansion/MakingHistory/Missions/Ziggy Kerman and the Spiders from Duna/Banners/Menu/bannerSatellite
[LOG 19:07:43.964] Load Cached PNG Texture: SquadExpansion/MakingHistory/Missions/Ziggy Kerman and the Spiders from Duna/Banners/Success/success01
[LOG 19:07:43.964] Load Cached PNG Texture: SquadExpansion/MakingHistory/Parts/@thumbs/Decoupler.1p5_icon0
[LOG 19:07:43.964] Load Cached PNG Texture: SquadExpansion/MakingHistory/Parts/@thumbs/Decoupler.1p5_icon1
[LOG 19:07:43.964] Load Cached PNG Texture: SquadExpansion/MakingHistory/Parts/@thumbs/EquiTriangle0_icon0
[LOG 19:07:43.964] Load Cached PNG Texture: SquadExpansion/MakingHistory/Parts/@thumbs/EquiTriangle0_icon1
[LOG 19:07:43.964] Load Cached PNG Texture: SquadExpansion/MakingHistory/Parts/@thumbs/EquiTriangle0_icon2
[LOG 19:07:43.964] Load Cached PNG Texture: SquadExpansion/MakingHistory/Parts/@thumbs/EquiTriangle0_icon3
[LOG 19:07:43.965] Load Cached PNG Texture: SquadExpansion/MakingHistory/Parts/@thumbs/EquiTriangle1p5_icon0
[LOG 19:07:43.965] Load Cached PNG Texture: SquadExpansion/MakingHistory/Parts/@thumbs/EquiTriangle1p5_icon1
[LOG 19:07:43.965] Load Cached PNG Texture: SquadExpansion/MakingHistory/Parts/@thumbs/EquiTriangle1p5_icon2
[LOG 19:07:43.965] Load Cached PNG Texture: SquadExpansion/MakingHistory/Parts/@thumbs/EquiTriangle1p5_icon3
[LOG 19:07:43.965] Load Cached PNG Texture: SquadExpansion/MakingHistory/Parts/@thumbs/EquiTriangle1_icon0
[LOG 19:07:43.965] Load Cached PNG Texture: SquadExpansion/MakingHistory/Parts/@thumbs/EquiTriangle1_icon1
[LOG 19:07:43.965] Load Cached PNG Texture: SquadExpansion/MakingHistory/Parts/@thumbs/EquiTriangle1_icon2
[LOG 19:07:43.965] Load Cached PNG Texture: SquadExpansion/MakingHistory/Parts/@thumbs/EquiTriangle1_icon3
[LOG 19:07:43.965] Load Cached PNG Texture: SquadExpansion/MakingHistory/Parts/@thumbs/EquiTriangle2_icon0
[LOG 19:07:43.965] Load Cached PNG Texture: SquadExpansion/MakingHistory/Parts/@thumbs/EquiTriangle2_icon1
[LOG 19:07:43.965] Load Cached PNG Texture: SquadExpansion/MakingHistory/Parts/@thumbs/EquiTriangle2_icon2
[LOG 19:07:43.965] Load Cached PNG Texture: SquadExpansion/MakingHistory/Parts/@thumbs/EquiTriangle2_icon3
[LOG 19:07:43.966] Load Cached PNG Texture: SquadExpansion/MakingHistory/Parts/@thumbs/HeatShield1p5_icon
[LOG 19:07:43.966] Load Cached PNG Texture: SquadExpansion/MakingHistory/Parts/@thumbs/InflatableAirlock_icon
[LOG 19:07:43.968] Load Cached PNG Texture: SquadExpansion/MakingHistory/Parts/@thumbs/LiquidEngineRV-1_icon
[LOG 19:07:43.968] Load Cached PNG Texture: SquadExpansion/MakingHistory/Parts/@thumbs/monopropMiniSphere_icon
[LOG 19:07:43.968] Load Cached PNG Texture: SquadExpansion/MakingHistory/Parts/@thumbs/Panel0_icon0
[LOG 19:07:43.968] Load Cached PNG Texture: SquadExpansion/MakingHistory/Parts/@thumbs/Panel0_icon1
[LOG 19:07:43.968] Load Cached PNG Texture: SquadExpansion/MakingHistory/Parts/@thumbs/Panel0_icon2
[LOG 19:07:43.968] Load Cached PNG Texture: SquadExpansion/MakingHistory/Parts/@thumbs/Panel0_icon3
[LOG 19:07:43.968] Load Cached PNG Texture: SquadExpansion/MakingHistory/Parts/@thumbs/Panel1p5_icon0
[LOG 19:07:43.968] Load Cached PNG Texture: SquadExpansion/MakingHistory/Parts/@thumbs/Panel1p5_icon1
[LOG 19:07:43.968] Load Cached PNG Texture: SquadExpansion/MakingHistory/Parts/@thumbs/Panel1p5_icon2
[LOG 19:07:43.968] Load Cached PNG Texture: SquadExpansion/MakingHistory/Parts/@thumbs/Panel1p5_icon3
[LOG 19:07:43.968] Load Cached PNG Texture: SquadExpansion/MakingHistory/Parts/@thumbs/Panel1_icon0
[LOG 19:07:43.968] Load Cached PNG Texture: SquadExpansion/MakingHistory/Parts/@thumbs/Panel1_icon1
[LOG 19:07:43.968] Load Cached PNG Texture: SquadExpansion/MakingHistory/Parts/@thumbs/Panel1_icon2
[LOG 19:07:43.969] Load Cached PNG Texture: SquadExpansion/MakingHistory/Parts/@thumbs/Panel1_icon3
[LOG 19:07:43.969] Load Cached PNG Texture: SquadExpansion/MakingHistory/Parts/@thumbs/roverWheelM1-F_icon0
[LOG 19:07:43.969] Load Cached PNG Texture: SquadExpansion/MakingHistory/Parts/@thumbs/roverWheelM1-F_icon1
[LOG 19:07:43.969] Load Cached PNG Texture: SquadExpansion/MakingHistory/Parts/@thumbs/Separator.1p5_icon0
[LOG 19:07:43.969] Load Cached PNG Texture: SquadExpansion/MakingHistory/Parts/@thumbs/Separator.1p5_icon1
[LOG 19:07:43.969] Load Cached PNG Texture: SquadExpansion/MakingHistory/Parts/@thumbs/Size1p5.Strut.Decoupler_icon0
[LOG 19:07:43.969] Load Cached PNG Texture: SquadExpansion/MakingHistory/Parts/@thumbs/Size1p5.Strut.Decoupler_icon1
[LOG 19:07:43.969] Load Cached PNG Texture: SquadExpansion/MakingHistory/Parts/@thumbs/Size1to0ServiceModule_icon
[LOG 19:07:43.969] Load Cached PNG Texture: SquadExpansion/MakingHistory/Parts/@thumbs/Triangle0_icon0
[LOG 19:07:43.969] Load Cached PNG Texture: SquadExpansion/MakingHistory/Parts/@thumbs/Triangle0_icon1
[LOG 19:07:43.969] Load Cached PNG Texture: SquadExpansion/MakingHistory/Parts/@thumbs/Triangle0_icon2
[LOG 19:07:43.969] Load Cached PNG Texture: SquadExpansion/MakingHistory/Parts/@thumbs/Triangle0_icon3
[LOG 19:07:43.969] Load Cached PNG Texture: SquadExpansion/MakingHistory/Parts/@thumbs/Triangle1p5_icon0
[LOG 19:07:43.970] Load Cached PNG Texture: SquadExpansion/MakingHistory/Parts/@thumbs/Triangle1p5_icon1
[LOG 19:07:43.970] Load Cached PNG Texture: SquadExpansion/MakingHistory/Parts/@thumbs/Triangle1p5_icon2
[LOG 19:07:43.970] Load Cached PNG Texture: SquadExpansion/MakingHistory/Parts/@thumbs/Triangle1p5_icon3
[LOG 19:07:43.970] Load Cached PNG Texture: SquadExpansion/MakingHistory/Parts/@thumbs/Triangle1_icon0
[LOG 19:07:43.970] Load Cached PNG Texture: SquadExpansion/MakingHistory/Parts/@thumbs/Triangle1_icon1
[LOG 19:07:43.970] Load Cached PNG Texture: SquadExpansion/MakingHistory/Parts/@thumbs/Triangle1_icon2
[LOG 19:07:43.970] Load Cached PNG Texture: SquadExpansion/MakingHistory/Parts/@thumbs/Triangle1_icon3
[LOG 19:07:43.970] Load Cached PNG Texture: SquadExpansion/MakingHistory/Parts/@thumbs/Triangle2_icon0
[LOG 19:07:43.970] Load Cached PNG Texture: SquadExpansion/MakingHistory/Parts/@thumbs/Triangle2_icon1
[LOG 19:07:43.970] Load Cached PNG Texture: SquadExpansion/MakingHistory/Parts/@thumbs/Triangle2_icon2
[LOG 19:07:43.970] Load Cached PNG Texture: SquadExpansion/MakingHistory/Parts/@thumbs/Triangle2_icon3
[LOG 19:07:43.971] Load Cached PNG Texture: SquadExpansion/MakingHistory/Parts/@thumbs/Tube1_icon0
[LOG 19:07:43.971] Load Cached PNG Texture: SquadExpansion/MakingHistory/Parts/@thumbs/Tube1_icon1
[LOG 19:07:43.971] Load Cached PNG Texture: SquadExpansion/MakingHistory/Parts/@thumbs/Tube1_icon2
[LOG 19:07:43.971] Load Cached PNG Texture: SquadExpansion/MakingHistory/Parts/@thumbs/Tube1_icon3
[LOG 19:07:43.971] Load Cached PNG Texture: SquadExpansion/MakingHistory/Parts/@thumbs/Tube1_icon4
[LOG 19:07:43.971] Load Cached PNG Texture: SquadExpansion/MakingHistory/Parts/Aero/protectiveRocketNoseMk5A/s1p5_cone
[LOG 19:07:43.971] Load Cached PNG Texture: SquadExpansion/MakingHistory/Parts/Aero/protectiveRocketNoseMk5A/s1p5_cone_Orange
[LOG 19:07:43.972] Load DDS texture: SquadExpansion/MakingHistory/Parts/Coupling/Assets/airlock
[LOG 19:07:43.972] Load DDS texture: SquadExpansion/MakingHistory/Parts/Coupling/Assets/airlock_N
[LOG 19:07:43.973] Load DDS texture: SquadExpansion/MakingHistory/Parts/Coupling/Assets/EnginePlate
[LOG 19:07:43.973] Load DDS texture: SquadExpansion/MakingHistory/Parts/Coupling/Assets/Size1_5_Decoupler_grey
[LOG 19:07:43.973] Load DDS texture: SquadExpansion/MakingHistory/Parts/Coupling/Assets/Size1_5_Decoupler_orange
[LOG 19:07:43.973] Load DDS texture: SquadExpansion/MakingHistory/Parts/Engine/Assets/KE-1
[LOG 19:07:43.975] Load DDS texture: SquadExpansion/MakingHistory/Parts/Engine/Assets/KE-1_BASE
[LOG 19:07:43.976] Load DDS texture: SquadExpansion/MakingHistory/Parts/Engine/Assets/LV-T87
[LOG 19:07:43.977] Load DDS texture: SquadExpansion/MakingHistory/Parts/Engine/Assets/LV-T91
[LOG 19:07:43.978] Load DDS texture: SquadExpansion/MakingHistory/Parts/Engine/Assets/RE-I2
[LOG 19:07:43.982] Load DDS texture: SquadExpansion/MakingHistory/Parts/Engine/Assets/RE-J10
[LOG 19:07:43.983] Load DDS texture: SquadExpansion/MakingHistory/Parts/Engine/Assets/RE-J10_N
[LOG 19:07:43.986] Load DDS texture: SquadExpansion/MakingHistory/Parts/Engine/Assets/RK-7
[LOG 19:07:43.989] Load DDS texture: SquadExpansion/MakingHistory/Parts/Engine/Assets/RK-7_N
[LOG 19:07:43.989] Load DDS texture: SquadExpansion/MakingHistory/Parts/Engine/solidBoosterTHK/SolidBoosterS2-17_emissive
[LOG 19:07:43.995] Load DDS texture: SquadExpansion/MakingHistory/Parts/Engine/solidBoosterTHK/solidBoosterTHK_diffuse
[LOG 19:07:44.002] Load DDS texture: SquadExpansion/MakingHistory/Parts/FuelTank/Assets/Size1p5_02
[LOG 19:07:44.003] Load DDS texture: SquadExpansion/MakingHistory/Parts/FuelTank/Assets/Size1p5_02_ALT01
[LOG 19:07:44.008] Load DDS texture: SquadExpansion/MakingHistory/Parts/FuelTank/Assets/Size1p5_02_ALT02
[LOG 19:07:44.009] Load DDS texture: SquadExpansion/MakingHistory/Parts/FuelTank/Assets/Size1p5_02_ALT02_normal
[LOG 19:07:44.009] Load DDS texture: SquadExpansion/MakingHistory/Parts/FuelTank/Assets/Size1p5_mono
[LOG 19:07:44.011] Load DDS texture: SquadExpansion/MakingHistory/Parts/FuelTank/Assets/Size1p5_mono_2
[LOG 19:07:44.013] Load DDS texture: SquadExpansion/MakingHistory/Parts/FuelTank/Assets/Size1p5_mono_N
[LOG 19:07:44.014] Load DDS texture: SquadExpansion/MakingHistory/Parts/FuelTank/Assets/Size1_5_TankAdapters
[LOG 19:07:44.015] Load DDS texture: SquadExpansion/MakingHistory/Parts/FuelTank/Assets/Size1_5_TankAdapters_ALT01
[LOG 19:07:44.016] Load DDS texture: SquadExpansion/MakingHistory/Parts/FuelTank/Assets/Size1_5_TankAdapters_ALT02
[LOG 19:07:44.018] Load DDS texture: SquadExpansion/MakingHistory/Parts/FuelTank/Assets/Size1_5_TankAdapters_ALT02nm
[LOG 19:07:44.021] Load DDS texture: SquadExpansion/MakingHistory/Parts/FuelTank/Assets/Size1_5_TankAdapters_N
[LOG 19:07:44.024] Load DDS texture: SquadExpansion/MakingHistory/Parts/FuelTank/Assets/Size1_5_Tanks
[LOG 19:07:44.024] Load DDS texture: SquadExpansion/MakingHistory/Parts/FuelTank/Assets/Size1_5_Tanks_ALT02
[LOG 19:07:44.025] Load DDS texture: SquadExpansion/MakingHistory/Parts/FuelTank/Assets/Size1_5_Tanks_ALT02_nm
[LOG 19:07:44.027] Load DDS texture: SquadExpansion/MakingHistory/Parts/FuelTank/Assets/Size1_5_Tanks_grey
[LOG 19:07:44.028] Load DDS texture: SquadExpansion/MakingHistory/Parts/FuelTank/Assets/Size4_Tanks
[LOG 19:07:44.037] Load DDS texture: SquadExpansion/MakingHistory/Parts/FuelTank/Assets/Size4_Tanks_N
[LOG 19:07:44.043] Load DDS texture: SquadExpansion/MakingHistory/Parts/Ground/Assets/RoverWheel
[LOG 19:07:44.044] Load DDS texture: SquadExpansion/MakingHistory/Parts/Ground/Assets/RoverWheelG
[LOG 19:07:44.045] Load DDS texture: SquadExpansion/MakingHistory/Parts/Payload/Assets/Size1to0ServiceBay
[LOG 19:07:44.045] Load DDS texture: SquadExpansion/MakingHistory/Parts/Payload/Assets/Size1to0ServiceBay_n
[LOG 19:07:44.046] Load DDS texture: SquadExpansion/MakingHistory/Parts/Payload/Assets/SM18_diffuse
[LOG 19:07:44.055] Load Cached PNG Texture: SquadExpansion/MakingHistory/Parts/Payload/Assets/SM18_NRM
[LOG 19:07:44.061] Load DDS texture: SquadExpansion/MakingHistory/Parts/Payload/Assets/SM18_specular
[LOG 19:07:44.068] Load DDS texture: SquadExpansion/MakingHistory/Parts/Payload/Assets/SM25_diffuse
[LOG 19:07:44.069] Load DDS texture: SquadExpansion/MakingHistory/Parts/Payload/Assets/SM25_normals
[LOG 19:07:44.071] Load DDS texture: SquadExpansion/MakingHistory/Parts/Pods/Assets/KV1
[LOG 19:07:44.072] Load DDS texture: SquadExpansion/MakingHistory/Parts/Pods/Assets/KV1_GLOW
[LOG 19:07:44.075] Load DDS texture: SquadExpansion/MakingHistory/Parts/Pods/Assets/KV2
[LOG 19:07:44.075] Load DDS texture: SquadExpansion/MakingHistory/Parts/Pods/Assets/KV3
[LOG 19:07:44.077] Load DDS texture: SquadExpansion/MakingHistory/Parts/Pods/Assets/Mk2Pod
[LOG 19:07:44.078] Load DDS texture: SquadExpansion/MakingHistory/Parts/Pods/Assets/Mk2Pod_GLOW
[LOG 19:07:44.080] Load DDS texture: SquadExpansion/MakingHistory/Parts/Pods/Assets/Mk2Pod_n
[LOG 19:07:44.081] Load DDS texture: SquadExpansion/MakingHistory/Parts/Pods/Assets/Size1_5_Lander
[LOG 19:07:44.082] Load DDS texture: SquadExpansion/MakingHistory/Parts/Pods/Assets/Size1_5_Lander_GLOW
[LOG 19:07:44.082] Load DDS texture: SquadExpansion/MakingHistory/Parts/SharedAssets/Shrouds
[LOG 19:07:44.084] Load DDS texture: SquadExpansion/MakingHistory/Parts/SharedAssets/Shrouds_N
[LOG 19:07:44.085] Load DDS texture: SquadExpansion/MakingHistory/Parts/Structural/Assets/NormalMap
[LOG 19:07:44.089] Load DDS texture: SquadExpansion/MakingHistory/Parts/Structural/Assets/Panels
[LOG 19:07:44.093] Load DDS texture: SquadExpansion/MakingHistory/Parts/Structural/Assets/Panels_Dark_D
[LOG 19:07:44.096] Load DDS texture: SquadExpansion/MakingHistory/Parts/Structural/Assets/Panels_Gold_D
[LOG 19:07:44.099] Load Cached PNG Texture: SquadExpansion/MakingHistory/Parts/Structural/Assets/Panels_Gold_NRM
[LOG 19:07:44.101] Load DDS texture: SquadExpansion/MakingHistory/Parts/Structural/Assets/Panels_Gold_S
[LOG 19:07:44.104] Load DDS texture: SquadExpansion/MakingHistory/Parts/Structural/Assets/Panels_Silver_D
[LOG 19:07:44.106] Load DDS texture: SquadExpansion/MakingHistory/Parts/Structural/Assets/Panels_Silver_S
[LOG 19:07:44.109] Load Cached PNG Texture: SquadExpansion/MakingHistory/Ships/@thumbs/VAB/Acapello
[LOG 19:07:44.109] Load Cached PNG Texture: SquadExpansion/MakingHistory/Ships/@thumbs/VAB/Beta Centaurus
[LOG 19:07:44.109] Load Cached PNG Texture: SquadExpansion/MakingHistory/Ships/@thumbs/VAB/Goliath II HLV
[LOG 19:07:44.109] Load Cached PNG Texture: SquadExpansion/MakingHistory/Ships/@thumbs/VAB/Muna 1
[LOG 19:07:44.109] Load Cached PNG Texture: SquadExpansion/MakingHistory/Ships/@thumbs/VAB/Sally-Hut 1
[LOG 19:07:44.110] Load Cached PNG Texture: SquadExpansion/MakingHistory/Ships/@thumbs/VAB/SWM-94 Communications Satellite
[LOG 19:07:44.110] Load Cached PNG Texture: SquadExpansion/MakingHistory/Ships/@thumbs/VAB/Valshkod 2
[LOG 19:07:44.110] Load DDS texture: SquadExpansion/MakingHistory/Spaces/KVPods/airlock
[LOG 19:07:44.110] Load DDS texture: SquadExpansion/MakingHistory/Spaces/KVPods/airlock_N
[LOG 19:07:44.110] Load DDS texture: SquadExpansion/MakingHistory/Spaces/KVPods/KV1_Props_Diffuse
[LOG 19:07:44.120] Load DDS texture: SquadExpansion/MakingHistory/Spaces/KVPods/KV1_Props_Normal
[LOG 19:07:44.128] Load DDS texture: SquadExpansion/MakingHistory/Spaces/KVPods/KV1_Shell_Diffuse
[LOG 19:07:44.133] Load DDS texture: SquadExpansion/MakingHistory/Spaces/KVPods/KV1_Shell_Emissive
[LOG 19:07:44.137] Load DDS texture: SquadExpansion/MakingHistory/Spaces/KVPods/KV1_Shell_Normal
[LOG 19:07:44.147] Load DDS texture: SquadExpansion/MakingHistory/Spaces/KVPods/KV1_Vzor_Diffuse
[LOG 19:07:44.148] Load DDS texture: SquadExpansion/MakingHistory/Spaces/KVPods/KV2_Props_Diffuse
[LOG 19:07:44.154] Load DDS texture: SquadExpansion/MakingHistory/Spaces/KVPods/KV2_Props_Emissive
[LOG 19:07:44.161] Load DDS texture: SquadExpansion/MakingHistory/Spaces/KVPods/KV2_Props_Normal
[LOG 19:07:44.168] Load DDS texture: SquadExpansion/MakingHistory/Spaces/KVPods/KV2_Shell_Diffuse
[LOG 19:07:44.174] Load DDS texture: SquadExpansion/MakingHistory/Spaces/KVPods/KV2_Shell_Normal
[LOG 19:07:44.181] Load DDS texture: SquadExpansion/MakingHistory/Spaces/KVPods/KV3_Props_Diffuse
[LOG 19:07:44.188] Load DDS texture: SquadExpansion/MakingHistory/Spaces/KVPods/KV3_Props_Normal
[LOG 19:07:44.193] Load DDS texture: SquadExpansion/MakingHistory/Spaces/KVPods/KV3_Shell_Diffuse
[LOG 19:07:44.199] Load DDS texture: SquadExpansion/MakingHistory/Spaces/KVPods/KV3_Shell_Normal
[LOG 19:07:44.204] Load DDS texture: SquadExpansion/MakingHistory/Spaces/KVPods/motor
[LOG 19:07:44.205] Load DDS texture: SquadExpansion/MakingHistory/Spaces/KVPods/pilot Seat
[LOG 19:07:44.206] Load DDS texture: SquadExpansion/MakingHistory/Spaces/MEM/PANELS_AO
[LOG 19:07:44.211] Load DDS texture: SquadExpansion/MakingHistory/Spaces/MEM/PANELS_EMISSIVE
[LOG 19:07:44.217] Load DDS texture: SquadExpansion/MakingHistory/Spaces/MEM/PANELS_NORMAL
[LOG 19:07:44.228] Load DDS texture: SquadExpansion/MakingHistory/Spaces/MEM/pilot Seat
[LOG 19:07:44.229] Load DDS texture: SquadExpansion/MakingHistory/Spaces/MEM/propsGeneric
[LOG 19:07:44.232] Load DDS texture: SquadExpansion/MakingHistory/Spaces/MEM/PROPS_AO
[LOG 19:07:44.237] Load DDS texture: SquadExpansion/MakingHistory/Spaces/MEM/PROPS_EMISSIVE
[LOG 19:07:44.237] Load DDS texture: SquadExpansion/MakingHistory/Spaces/MEM/PROPS_NORMAL
[LOG 19:07:44.241] Load DDS texture: SquadExpansion/MakingHistory/Spaces/Mk2Pod/DIfuse_controlboard
[LOG 19:07:44.247] Load DDS texture: SquadExpansion/MakingHistory/Spaces/Mk2Pod/Normal_controlbard
[LOG 19:07:44.253] Load DDS texture: SquadExpansion/MakingHistory/Spaces/Mk2Pod/Outershell_Base_Color
[LOG 19:07:44.260] Load DDS texture: SquadExpansion/MakingHistory/Spaces/Mk2Pod/Outershell_Normal
[LOG 19:07:44.270] Load DDS texture: SquadExpansion/MakingHistory/Spaces/Mk2Pod/pilot Seat
[LOG 19:07:44.271] Load Cached PNG Texture: SquadExpansion/Serenity/Parts/@thumbs/controller1000_icon
[LOG 19:07:44.271] Load Cached PNG Texture: SquadExpansion/Serenity/Parts/@thumbs/DeployedCentralStation_icon
[LOG 19:07:44.271] Load Cached PNG Texture: SquadExpansion/Serenity/Parts/@thumbs/DeployedGoExOb_icon
[LOG 19:07:44.271] Load Cached PNG Texture: SquadExpansion/Serenity/Parts/@thumbs/DeployedIONExp_icon
[LOG 19:07:44.272] Load Cached PNG Texture: SquadExpansion/Serenity/Parts/@thumbs/DeployedRTG_icon
[LOG 19:07:44.272] Load Cached PNG Texture: SquadExpansion/Serenity/Parts/@thumbs/DeployedSatDish_icon
[LOG 19:07:44.272] Load Cached PNG Texture: SquadExpansion/Serenity/Parts/@thumbs/DeployedSeismicSensor_icon
[LOG 19:07:44.272] Load Cached PNG Texture: SquadExpansion/Serenity/Parts/@thumbs/DeployedSolarPanel_icon
[LOG 19:07:44.272] Load Cached PNG Texture: SquadExpansion/Serenity/Parts/@thumbs/DeployedWeatherStn_icon
[LOG 19:07:44.272] Load Cached PNG Texture: SquadExpansion/Serenity/Parts/@thumbs/FanShroud.01_icon0
[LOG 19:07:44.272] Load Cached PNG Texture: SquadExpansion/Serenity/Parts/@thumbs/FanShroud.01_icon1
[LOG 19:07:44.273] Load Cached PNG Texture: SquadExpansion/Serenity/Parts/@thumbs/FanShroud.02_icon0
[LOG 19:07:44.273] Load Cached PNG Texture: SquadExpansion/Serenity/Parts/@thumbs/FanShroud.02_icon1
[LOG 19:07:44.273] Load Cached PNG Texture: SquadExpansion/Serenity/Parts/@thumbs/hinge.01.s_icon0
[LOG 19:07:44.273] Load Cached PNG Texture: SquadExpansion/Serenity/Parts/@thumbs/hinge.01.s_icon1
[LOG 19:07:44.273] Load Cached PNG Texture: SquadExpansion/Serenity/Parts/@thumbs/hinge.01_icon0
[LOG 19:07:44.273] Load Cached PNG Texture: SquadExpansion/Serenity/Parts/@thumbs/hinge.01_icon1
[LOG 19:07:44.273] Load Cached PNG Texture: SquadExpansion/Serenity/Parts/@thumbs/hinge.03.s_icon0
[LOG 19:07:44.274] Load Cached PNG Texture: SquadExpansion/Serenity/Parts/@thumbs/hinge.03.s_icon1
[LOG 19:07:44.274] Load Cached PNG Texture: SquadExpansion/Serenity/Parts/@thumbs/hinge.03_icon0
[LOG 19:07:44.274] Load Cached PNG Texture: SquadExpansion/Serenity/Parts/@thumbs/hinge.03_icon1
[LOG 19:07:44.274] Load Cached PNG Texture: SquadExpansion/Serenity/Parts/@thumbs/largeFanBlade_icon0
[LOG 19:07:44.274] Load Cached PNG Texture: SquadExpansion/Serenity/Parts/@thumbs/largeFanBlade_icon1
[LOG 19:07:44.274] Load Cached PNG Texture: SquadExpansion/Serenity/Parts/@thumbs/largePropeller_icon0
[LOG 19:07:44.274] Load Cached PNG Texture: SquadExpansion/Serenity/Parts/@thumbs/largePropeller_icon1
[LOG 19:07:44.275] Load Cached PNG Texture: SquadExpansion/Serenity/Parts/@thumbs/lGripPad_icon0
[LOG 19:07:44.275] Load Cached PNG Texture: SquadExpansion/Serenity/Parts/@thumbs/lGripPad_icon1
[LOG 19:07:44.275] Load Cached PNG Texture: SquadExpansion/Serenity/Parts/@thumbs/lGripStrip_icon
[LOG 19:07:44.275] Load Cached PNG Texture: SquadExpansion/Serenity/Parts/@thumbs/mediumFanBlade_icon0
[LOG 19:07:44.275] Load Cached PNG Texture: SquadExpansion/Serenity/Parts/@thumbs/mediumFanBlade_icon1
[LOG 19:07:44.275] Load Cached PNG Texture: SquadExpansion/Serenity/Parts/@thumbs/mediumPropeller_icon0
[LOG 19:07:44.275] Load Cached PNG Texture: SquadExpansion/Serenity/Parts/@thumbs/mediumPropeller_icon1
[LOG 19:07:44.276] Load Cached PNG Texture: SquadExpansion/Serenity/Parts/@thumbs/mGripPad_icon0
[LOG 19:07:44.276] Load Cached PNG Texture: SquadExpansion/Serenity/Parts/@thumbs/mGripPad_icon1
[LOG 19:07:44.276] Load Cached PNG Texture: SquadExpansion/Serenity/Parts/@thumbs/noseconeTiny_icon
[LOG 19:07:44.276] Load Cached PNG Texture: SquadExpansion/Serenity/Parts/@thumbs/noseconeVS_icon
[LOG 19:07:44.276] Load Cached PNG Texture: SquadExpansion/Serenity/Parts/@thumbs/piston.01_icon0
[LOG 19:07:44.276] Load Cached PNG Texture: SquadExpansion/Serenity/Parts/@thumbs/piston.01_icon1
[LOG 19:07:44.276] Load Cached PNG Texture: SquadExpansion/Serenity/Parts/@thumbs/piston.02_icon0
[LOG 19:07:44.277] Load Cached PNG Texture: SquadExpansion/Serenity/Parts/@thumbs/piston.02_icon1
[LOG 19:07:44.277] Load Cached PNG Texture: SquadExpansion/Serenity/Parts/@thumbs/piston.03_icon0
[LOG 19:07:44.277] Load Cached PNG Texture: SquadExpansion/Serenity/Parts/@thumbs/piston.03_icon1
[LOG 19:07:44.277] Load Cached PNG Texture: SquadExpansion/Serenity/Parts/@thumbs/piston.04_icon0
[LOG 19:07:44.277] Load Cached PNG Texture: SquadExpansion/Serenity/Parts/@thumbs/piston.04_icon1
[LOG 19:07:44.277] Load Cached PNG Texture: SquadExpansion/Serenity/Parts/@thumbs/RobotArmScanner.S1_icon
[LOG 19:07:44.277] Load Cached PNG Texture: SquadExpansion/Serenity/Parts/@thumbs/RobotArmScanner.S2_icon
[LOG 19:07:44.277] Load Cached PNG Texture: SquadExpansion/Serenity/Parts/@thumbs/RobotArmScanner.S3_icon
[LOG 19:07:44.277] Load Cached PNG Texture: SquadExpansion/Serenity/Parts/@thumbs/rotor.01s_icon0
[LOG 19:07:44.277] Load Cached PNG Texture: SquadExpansion/Serenity/Parts/@thumbs/rotor.01s_icon1
[LOG 19:07:44.277] Load Cached PNG Texture: SquadExpansion/Serenity/Parts/@thumbs/rotor.01_icon0
[LOG 19:07:44.277] Load Cached PNG Texture: SquadExpansion/Serenity/Parts/@thumbs/rotor.01_icon1
[LOG 19:07:44.278] Load Cached PNG Texture: SquadExpansion/Serenity/Parts/@thumbs/rotor.02s_icon0
[LOG 19:07:44.278] Load Cached PNG Texture: SquadExpansion/Serenity/Parts/@thumbs/rotor.02s_icon1
[LOG 19:07:44.278] Load Cached PNG Texture: SquadExpansion/Serenity/Parts/@thumbs/rotor.02_icon0
[LOG 19:07:44.278] Load Cached PNG Texture: SquadExpansion/Serenity/Parts/@thumbs/rotor.02_icon1
[LOG 19:07:44.278] Load Cached PNG Texture: SquadExpansion/Serenity/Parts/@thumbs/RotorEngine.02_icon
[LOG 19:07:44.278] Load Cached PNG Texture: SquadExpansion/Serenity/Parts/@thumbs/rotoServo.00_icon0
[LOG 19:07:44.278] Load Cached PNG Texture: SquadExpansion/Serenity/Parts/@thumbs/rotoServo.00_icon1
[LOG 19:07:44.278] Load Cached PNG Texture: SquadExpansion/Serenity/Parts/@thumbs/rotoServo.02_icon0
[LOG 19:07:44.278] Load Cached PNG Texture: SquadExpansion/Serenity/Parts/@thumbs/rotoServo.02_icon1
[LOG 19:07:44.278] Load Cached PNG Texture: SquadExpansion/Serenity/Parts/@thumbs/rotoServo.03_icon0
[LOG 19:07:44.278] Load Cached PNG Texture: SquadExpansion/Serenity/Parts/@thumbs/rotoServo.03_icon1
[LOG 19:07:44.278] Load Cached PNG Texture: SquadExpansion/Serenity/Parts/@thumbs/sGripPad_icon0
[LOG 19:07:44.279] Load Cached PNG Texture: SquadExpansion/Serenity/Parts/@thumbs/sGripPad_icon1
[LOG 19:07:44.279] Load Cached PNG Texture: SquadExpansion/Serenity/Parts/@thumbs/sGripStrip_icon
[LOG 19:07:44.279] Load Cached PNG Texture: SquadExpansion/Serenity/Parts/@thumbs/smallFanBlade_icon0
[LOG 19:07:44.279] Load Cached PNG Texture: SquadExpansion/Serenity/Parts/@thumbs/smallFanBlade_icon1
[LOG 19:07:44.279] Load Cached PNG Texture: SquadExpansion/Serenity/Parts/@thumbs/smallHeliBlade_icon0
[LOG 19:07:44.279] Load Cached PNG Texture: SquadExpansion/Serenity/Parts/@thumbs/smallHeliBlade_icon1
[LOG 19:07:44.279] Load Cached PNG Texture: SquadExpansion/Serenity/Parts/@thumbs/smallPropeller_icon0
[LOG 19:07:44.279] Load Cached PNG Texture: SquadExpansion/Serenity/Parts/@thumbs/smallPropeller_icon1
[LOG 19:07:44.279] Load DDS texture: SquadExpansion/Serenity/Parts/Aero/Assets/copterBlades_diffuse
[LOG 19:07:44.279] Load DDS texture: SquadExpansion/Serenity/Parts/Aero/Assets/shroudsDiffuse_color
[LOG 19:07:44.279] Load DDS texture: SquadExpansion/Serenity/Parts/Aero/Assets/shroudsDiffuse_plain
[LOG 19:07:44.279] Load Cached PNG Texture: SquadExpansion/Serenity/Parts/DeployedScience/MockupTexture
[LOG 19:07:44.279] Load DDS texture: SquadExpansion/Serenity/Parts/DeployedScience/Assets/centralStation_diffuse
[LOG 19:07:44.282] Load DDS texture: SquadExpansion/Serenity/Parts/DeployedScience/Assets/centralStation_emissive
[LOG 19:07:44.305] Load DDS texture: SquadExpansion/Serenity/Parts/DeployedScience/Assets/GenericParts_diffuse
[LOG 19:07:44.305] Load DDS texture: SquadExpansion/Serenity/Parts/DeployedScience/Assets/GenericParts_emissive
[LOG 19:07:44.306] Load DDS texture: SquadExpansion/Serenity/Parts/DeployedScience/Assets/GenericParts_normal
[LOG 19:07:44.309] Load DDS texture: SquadExpansion/Serenity/Parts/DeployedScience/Assets/goex_diffuse
[LOG 19:07:44.311] Load DDS texture: SquadExpansion/Serenity/Parts/DeployedScience/Assets/goex_specMapped
[LOG 19:07:44.314] Load DDS texture: SquadExpansion/Serenity/Parts/DeployedScience/Assets/Grid
[LOG 19:07:44.315] Load DDS texture: SquadExpansion/Serenity/Parts/DeployedScience/Assets/IonExperiment_diffuse
[LOG 19:07:44.315] Load DDS texture: SquadExpansion/Serenity/Parts/DeployedScience/Assets/RTGCask_diffuse
[LOG 19:07:44.316] Load DDS texture: SquadExpansion/Serenity/Parts/DeployedScience/Assets/satDish_diffuse
[LOG 19:07:44.318] Load Cached PNG Texture: SquadExpansion/Serenity/Parts/DeployedScience/Assets/Scratch
[LOG 19:07:44.318] Load DDS texture: SquadExpansion/Serenity/Parts/DeployedScience/Assets/Screen2
[LOG 19:07:44.319] Load DDS texture: SquadExpansion/Serenity/Parts/DeployedScience/Assets/Screen3
[LOG 19:07:44.319] Load DDS texture: SquadExpansion/Serenity/Parts/DeployedScience/Assets/ScreenReadout
[LOG 19:07:44.319] Load DDS texture: SquadExpansion/Serenity/Parts/DeployedScience/Assets/seismicSensor_diffuse
[LOG 19:07:44.319] Load DDS texture: SquadExpansion/Serenity/Parts/DeployedScience/Assets/seismicSensor_nrm
[LOG 19:07:44.320] Load DDS texture: SquadExpansion/Serenity/Parts/DeployedScience/Assets/seismicSensor_specularMapped
[LOG 19:07:44.321] Load DDS texture: SquadExpansion/Serenity/Parts/DeployedScience/Assets/SolarGraph
[LOG 19:07:44.321] Load DDS texture: SquadExpansion/Serenity/Parts/DeployedScience/Assets/solarPanel_diffuse
[LOG 19:07:44.323] Load DDS texture: SquadExpansion/Serenity/Parts/DeployedScience/Assets/Waveleght3
[LOG 19:07:44.323] Load DDS texture: SquadExpansion/Serenity/Parts/DeployedScience/Assets/Wavelenght
[LOG 19:07:44.323] Load DDS texture: SquadExpansion/Serenity/Parts/DeployedScience/Assets/Wavelenght2
[LOG 19:07:44.323] Load DDS texture: SquadExpansion/Serenity/Parts/DeployedScience/Assets/wavelenght4
[LOG 19:07:44.323] Load DDS texture: SquadExpansion/Serenity/Parts/DeployedScience/Assets/wavelenght5
[LOG 19:07:44.323] Load DDS texture: SquadExpansion/Serenity/Parts/DeployedScience/Assets/WeatherStation [Normal]
[LOG 19:07:44.348] Load DDS texture: SquadExpansion/Serenity/Parts/DeployedScience/Assets/Weather_Station_diffuse
[LOG 19:07:44.356] Load DDS texture: SquadExpansion/Serenity/Parts/DeployedScience/Assets/Weather_Station_normal
[LOG 19:07:44.365] Load DDS texture: SquadExpansion/Serenity/Parts/Propellers/Assets/blade_diffuse
[LOG 19:07:44.365] Load DDS texture: SquadExpansion/Serenity/Parts/Propellers/Assets/copterBlades_diffuse
[LOG 19:07:44.365] Load DDS texture: SquadExpansion/Serenity/Parts/Propellers/Assets/fan_diffuse
[LOG 19:07:44.366] Load DDS texture: SquadExpansion/Serenity/Parts/Robotics/Assets/hinges-03-s_diffuse_Color
[LOG 19:07:44.366] Load DDS texture: SquadExpansion/Serenity/Parts/Robotics/Assets/hinges-03_diffuse_color
[LOG 19:07:44.366] Load DDS texture: SquadExpansion/Serenity/Parts/Robotics/Assets/hinges-03_diffuse_plain
[LOG 19:07:44.368] Load DDS texture: SquadExpansion/Serenity/Parts/Robotics/Assets/hinges_diffuse
[LOG 19:07:44.369] Load DDS texture: SquadExpansion/Serenity/Parts/Robotics/Assets/Hinge_diffuse_G-00_Color
[LOG 19:07:44.369] Load DDS texture: SquadExpansion/Serenity/Parts/Robotics/Assets/Hinge_diffuse_G-11_Color
[LOG 19:07:44.369] Load DDS texture: SquadExpansion/Serenity/Parts/Robotics/Assets/Hinge_diffuse_G-11_plain
[LOG 19:07:44.370] Load DDS texture: SquadExpansion/Serenity/Parts/Robotics/Assets/Hinge_normal
[LOG 19:07:44.371] Load DDS texture: SquadExpansion/Serenity/Parts/Robotics/Assets/RotorEngine_02_diffuse
[LOG 19:07:44.371] Load DDS texture: SquadExpansion/Serenity/Parts/Robotics/Assets/RotorEngine_03_diffuse
[LOG 19:07:44.373] Load DDS texture: SquadExpansion/Serenity/Parts/Robotics/Assets/RotorEngine_03_normal
[LOG 19:07:44.376] Load DDS texture: SquadExpansion/Serenity/Parts/Robotics/Assets/Rotor_01_diffuse_color
[LOG 19:07:44.377] Load DDS texture: SquadExpansion/Serenity/Parts/Robotics/Assets/Rotor_01_diffuse_plain
[LOG 19:07:44.378] Load DDS texture: SquadExpansion/Serenity/Parts/Robotics/Assets/Rotor_01_normal
[LOG 19:07:44.394] Load DDS texture: SquadExpansion/Serenity/Parts/Robotics/Assets/Rotor_01_specular_D
[LOG 19:07:44.395] Load DDS texture: SquadExpansion/Serenity/Parts/Robotics/Assets/Rotor_02_diffuse_color
[LOG 19:07:44.397] Load DDS texture: SquadExpansion/Serenity/Parts/Robotics/Assets/Rotor_03_diffuse_color
[LOG 19:07:44.399] Load DDS texture: SquadExpansion/Serenity/Parts/Robotics/Assets/Rotor_03_diffuse_plain
[LOG 19:07:44.400] Load DDS texture: SquadExpansion/Serenity/Parts/Robotics/Assets/Rotor_03_normal
[LOG 19:07:44.401] Load DDS texture: SquadExpansion/Serenity/Parts/Robotics/Assets/rotoServos_diffuse_color
[LOG 19:07:44.401] Load DDS texture: SquadExpansion/Serenity/Parts/Robotics/Assets/rotoServos_diffuse_plain
[LOG 19:07:44.402] Load DDS texture: SquadExpansion/Serenity/Parts/Robotics/Assets/rotoServos_nrm
[LOG 19:07:44.403] Load DDS texture: SquadExpansion/Serenity/Parts/Robotics/Controllers/roboController_diffuse
[LOG 19:07:44.403] Load DDS texture: SquadExpansion/Serenity/Parts/Robotics/Controllers/roboController_emissive
[LOG 19:07:44.403] Load Cached PNG Texture: SquadExpansion/Serenity/Parts/Science/RobotArmScanner/Assets/DrillBits
[LOG 19:07:44.403] Load DDS texture: SquadExpansion/Serenity/Parts/Science/RobotArmScanner/Assets/DustParticle
[WRN 19:07:44.403] Duplicate PNG texture 'SquadExpansion/Serenity/Parts/Science/RobotArmScanner/Assets/DustParticle' with extension 'png' won't be loaded
[LOG 19:07:44.404] Load DDS texture: SquadExpansion/Serenity/Parts/Science/RobotArmScanner/Assets/GenericParts_diffuse
[LOG 19:07:44.409] Load DDS texture: SquadExpansion/Serenity/Parts/Science/RobotArmScanner/Assets/GenericParts_normal
[LOG 19:07:44.418] Load DDS texture: SquadExpansion/Serenity/Parts/Science/RobotArmScanner/Assets/ROCArm3_diffuse
[LOG 19:07:44.425] Load DDS texture: SquadExpansion/Serenity/Parts/Science/RobotArmScanner/Assets/ROCArm3_normal
[LOG 19:07:44.432] Load DDS texture: SquadExpansion/Serenity/Parts/Science/RobotArmScanner/Assets/ROCArm_2_diffuse
[LOG 19:07:44.434] Load DDS texture: SquadExpansion/Serenity/Parts/Science/RobotArmScanner/Assets/ROCArm_2_normal
[LOG 19:07:44.436] Load Cached PNG Texture: SquadExpansion/Serenity/Parts/Science/RobotArmScanner/Assets/Scratch
[LOG 19:07:44.437] Load DDS texture: SquadExpansion/Serenity/Parts/Science/RobotArmScanner/Assets/SmallArm_diffuse
[LOG 19:07:44.437] Load DDS texture: SquadExpansion/Serenity/Parts/Science/RobotArmScanner/Assets/SmallArm_normal
[LOG 19:07:44.439] Load DDS texture: SquadExpansion/Serenity/Parts/Structural/gripPads/Assets/gripPads_diffuse
[LOG 19:07:44.440] Load DDS texture: SquadExpansion/Serenity/Parts/Structural/gripPads/Assets/gripPads_nrm
[LOG 19:07:44.440] Load Cached PNG Texture: SquadExpansion/Serenity/Ships/@thumbs/SPH/Arrow-E
[LOG 19:07:44.440] Load Cached PNG Texture: SquadExpansion/Serenity/Ships/@thumbs/SPH/Butterfly Rover
[LOG 19:07:44.441] Load Cached PNG Texture: SquadExpansion/Serenity/Ships/@thumbs/SPH/Jeb_s Quadtaxi
[LOG 19:07:44.441] Load Cached PNG Texture: SquadExpansion/Serenity/Ships/@thumbs/SPH/Kerbodyne Rotodyne
[LOG 19:07:44.441] Load Cached PNG Texture: SquadExpansion/Serenity/Ships/@thumbs/SPH/Seahawk
[LOG 19:07:44.441] Load Cached PNG Texture: SquadExpansion/Serenity/Ships/@thumbs/SPH/Val-Thopter
[LOG 19:07:44.443] Load MU model: Squad/FX/afterburner_flame
[LOG 19:07:44.451] Load MU model: Squad/FX/afterburner_shock
[LOG 19:07:44.452] Load MU model: Squad/FX/diamondBlue
[LOG 19:07:44.452] Load MU model: Squad/FX/exhaustFlames_blue
[LOG 19:07:44.574] Load MU model: Squad/FX/hydroLOXFlame
[LOG 19:07:44.575] Load MU model: Squad/FX/IonPlume
[LOG 19:07:44.577] Load MU model: Squad/FX/ks1_Exhaust
[LOG 19:07:44.577] Load MU model: Squad/FX/ks25_Exhaust
[LOG 19:07:44.577] Load MU model: Squad/FX/ksX_Exhaust
[LOG 19:07:44.578] Load MU model: Squad/FX/LES_Thruster
[LOG 19:07:44.578] Load MU model: Squad/FX/Monoprop_big
[LOG 19:07:44.578] Load MU model: Squad/FX/Monoprop_medium
[LOG 19:07:44.579] Load MU model: Squad/FX/Monoprop_small
[LOG 19:07:44.579] Load MU model: Squad/FX/shockExhaust_blue
[LOG 19:07:44.579] Load MU model: Squad/FX/shockExhaust_blue_small
[LOG 19:07:44.580] Load MU model: Squad/FX/shockExhaust_red_small
[LOG 19:07:44.580] Load MU model: Squad/FX/SRB_Large
[LOG 19:07:44.580] Load MU model: Squad/FX/SRB_LargeSparks
[LOG 19:07:44.581] Load MU model: Squad/Parts/Aero/aerodynamicNoseCone/aerodynamicNoseCone
[LOG 19:07:44.584] Load MU model: Squad/Parts/Aero/airbrake/Airbrake
[LOG 19:07:44.584] Load MU model: Squad/Parts/Aero/airIntakeRadialXM-G50/RadialIntake
[LOG 19:07:44.584] Load MU model: Squad/Parts/Aero/airlinerWings/ControlSurface
[LOG 19:07:44.584] Load MU model: Squad/Parts/Aero/airlinerWings/MainWing
[LOG 19:07:44.585] Load MU model: Squad/Parts/Aero/airlinerWings/TailFin
[LOG 19:07:44.587] Load MU model: Squad/Parts/Aero/airplaneFins/AdvCanard
[LOG 19:07:44.587] Load MU model: Squad/Parts/Aero/airplaneFins/Canard
[LOG 19:07:44.587] Load MU model: Squad/Parts/Aero/airplaneFins/Swept
[LOG 19:07:44.587] Load MU model: Squad/Parts/Aero/airplaneFins/TailFin
[LOG 19:07:44.588] Load MU model: Squad/Parts/Aero/basicFin/basicFin
[LOG 19:07:44.588] Load MU model: Squad/Parts/Aero/circularIntake/CircularIntake
[LOG 19:07:44.589] Load MU model: Squad/Parts/Aero/circularIntake/ConeIntake
[LOG 19:07:44.590] Load MU model: Squad/Parts/Aero/cones/Assets/AvioCone
[LOG 19:07:44.590] Load MU model: Squad/Parts/Aero/cones/Assets/ConeA
[LOG 19:07:44.591] Load MU model: Squad/Parts/Aero/cones/Assets/ConeB
[LOG 19:07:44.591] Load MU model: Squad/Parts/Aero/cones/Assets/NCS
[LOG 19:07:44.591] Load MU model: Squad/Parts/Aero/cones/Assets/orangeNoseCone
[LOG 19:07:44.592] Load MU model: Squad/Parts/Aero/cones/Assets/rocketNoseCone
[LOG 19:07:44.592] Load MU model: Squad/Parts/Aero/cones/Assets/rocketNoseCone_v2
[LOG 19:07:44.592] Load MU model: Squad/Parts/Aero/cones/Assets/rocketNoseCone_v3
[LOG 19:07:44.593] Load MU model: Squad/Parts/Aero/cones/Assets/TailA
[LOG 19:07:44.593] Load MU model: Squad/Parts/Aero/cones/Assets/TailB
[LOG 19:07:44.593] Load MU model: Squad/Parts/Aero/cones/Assets/TinyCone
[LOG 19:07:44.594] Load MU model: Squad/Parts/Aero/fairings/AutoTruss
[LOG 19:07:44.594] Load MU model: Squad/Parts/Aero/fairings/fairingSize1
[LOG 19:07:44.595] Load MU model: Squad/Parts/Aero/fairings/fairingSize2
[LOG 19:07:44.595] Load MU model: Squad/Parts/Aero/fairings/fairingSize3
[LOG 19:07:44.595] Load MU model: Squad/Parts/Aero/HeatShield/HeatShield0
[LOG 19:07:44.596] Load MU model: Squad/Parts/Aero/HeatShield/HeatShield1
[LOG 19:07:44.596] Load MU model: Squad/Parts/Aero/HeatShield/HeatShield2
[LOG 19:07:44.596] Load MU model: Squad/Parts/Aero/HeatShield/HeatShield3
[LOG 19:07:44.597] Load MU model: Squad/Parts/Aero/InflatableHeatShield/HeatShield
[LOG 19:07:44.599] Load MU model: Squad/Parts/Aero/intakeRadialLong/IntakeRadial
[LOG 19:07:44.599] Load MU model: Squad/Parts/Aero/miniIntake/SmallIntake
[LOG 19:07:44.599] Load MU model: Squad/Parts/Aero/ramAirIntake/RampIntake
[LOG 19:07:44.600] Load MU model: Squad/Parts/Aero/shuttleWings/ShuttleDeltaWing
[LOG 19:07:44.600] Load MU model: Squad/Parts/Aero/shuttleWings/ShuttleElevonA
[LOG 19:07:44.602] Load MU model: Squad/Parts/Aero/shuttleWings/ShuttleElevonB
[LOG 19:07:44.602] Load MU model: Squad/Parts/Aero/shuttleWings/ShuttleRudder
[LOG 19:07:44.602] Load MU model: Squad/Parts/Aero/shuttleWings/ShuttleStrake
[LOG 19:07:44.602] Load MU model: Squad/Parts/Aero/wingletAV-R8/model
[LOG 19:07:44.602] Load MU model: Squad/Parts/Aero/wingletAV-T1/model
[LOG 19:07:44.603] Load MU model: Squad/Parts/Aero/wingletDeltaDeluxe/model
[LOG 19:07:44.603] Load MU model: Squad/Parts/Aero/wings/connector1
[LOG 19:07:44.603] Load MU model: Squad/Parts/Aero/wings/connector2
[LOG 19:07:44.603] Load MU model: Squad/Parts/Aero/wings/connector3
[LOG 19:07:44.603] Load MU model: Squad/Parts/Aero/wings/connector4
[LOG 19:07:44.604] Load MU model: Squad/Parts/Aero/wings/connector5
[LOG 19:07:44.604] Load MU model: Squad/Parts/Aero/wings/delta
[LOG 19:07:44.604] Load MU model: Squad/Parts/Aero/wings/delta_small
[LOG 19:07:44.604] Load MU model: Squad/Parts/Aero/wings/elevon1
[LOG 19:07:44.604] Load MU model: Squad/Parts/Aero/wings/elevon2
[LOG 19:07:44.604] Load MU model: Squad/Parts/Aero/wings/elevon3
[LOG 19:07:44.605] Load MU model: Squad/Parts/Aero/wings/elevon4
[LOG 19:07:44.605] Load MU model: Squad/Parts/Aero/wings/elevon5
[LOG 19:07:44.605] Load MU model: Squad/Parts/Aero/wings/strake
[LOG 19:07:44.605] Load MU model: Squad/Parts/Aero/wings/structural1
[LOG 19:07:44.605] Load MU model: Squad/Parts/Aero/wings/structural2
[LOG 19:07:44.605] Load MU model: Squad/Parts/Aero/wings/structural3
[LOG 19:07:44.606] Load MU model: Squad/Parts/Aero/wings/structural4
[LOG 19:07:44.606] Load MU model: Squad/Parts/Aero/wings/swept1
[LOG 19:07:44.606] Load MU model: Squad/Parts/Aero/wings/swept2
[LOG 19:07:44.606] Load MU model: Squad/Parts/Cargo/CargoContainers/cargoContainer
[LOG 19:07:44.607] Load MU model: Squad/Parts/Cargo/CargoContainers/smallCargoContainer
[LOG 19:07:44.608] Load MU model: Squad/Parts/Cargo/Cylinder/EVAcylinder
[LOG 19:07:44.608] Load MU model: Squad/Parts/Cargo/GroundAnchor/groundAnchor
[LOG 19:07:44.610] Load MU model: Squad/Parts/Cargo/Jetpack/Jetpack
[LOG 19:07:44.611] Load MU model: Squad/Parts/Cargo/Parachute/Parachute
[LOG 19:07:44.612] Load MU model: Squad/Parts/Cargo/RepairKit/RepairKit
[LOG 19:07:44.643] Load MU model: Squad/Parts/Cargo/ScienceKit/ExperimentKit
[LOG 19:07:44.644] Load MU model: Squad/Parts/Cargo/StorageUnits/Assets/CargoStorageUnit
[LOG 19:07:44.646] Load MU model: Squad/Parts/Cargo/StorageUnits/Assets/ConformalStorageUnit
[LOG 19:07:44.646] Load MU model: Squad/Parts/Command/advancedSasModuleLarge/model
[LOG 19:07:44.646] Load MU model: Squad/Parts/Command/cupola/model
[LOG 19:07:44.647] Load MU model: Squad/Parts/Command/externalCommandSeat/model
[LOG 19:07:44.647] Load MU model: Squad/Parts/Command/hitchhikerStorageContainer/model
[LOG 19:07:44.648] Load MU model: Squad/Parts/Command/inlineAdvancedStabilizer/model
[LOG 19:07:44.651] Load MU model: Squad/Parts/Command/inlineReactionWheel/model
[LOG 19:07:44.651] Load MU model: Squad/Parts/Command/Mk1-3Pod/Mk1-3
[LOG 19:07:44.651] Load MU model: Squad/Parts/Command/mk1Cockpits/Cabin
[LOG 19:07:44.652] Load MU model: Squad/Parts/Command/mk1Cockpits/CockpitInline
[LOG 19:07:44.653] Load MU model: Squad/Parts/Command/mk1Cockpits/CockpitStandard
[LOG 19:07:44.670] Load MU model: Squad/Parts/Command/mk1LanderCan/model
[LOG 19:07:44.671] Load MU model: Squad/Parts/Command/mk1pod_v2/Mk1Pod_v2
[LOG 19:07:44.671] Load MU model: Squad/Parts/Command/mk2CockpitInline/model
[LOG 19:07:44.672] Load MU model: Squad/Parts/Command/mk2CockpitStandard/model
[LOG 19:07:44.672] Load MU model: Squad/Parts/Command/mk2DroneCore/model
[LOG 19:07:44.674] Load MU model: Squad/Parts/Command/mk2LanderCan/model
[LOG 19:07:44.674] Load MU model: Squad/Parts/Command/mk2LanderCan_v2/mk2LanderCan
[LOG 19:07:44.675] Load MU model: Squad/Parts/Command/mk3CockpitShuttle/model
[LOG 19:07:44.676] Load MU model: Squad/Parts/Command/MpoProbe/MpoProbe
[LOG 19:07:44.677] Load MU model: Squad/Parts/Command/MtmStage/MTM_Stage
[LOG 19:07:44.682] Load MU model: Squad/Parts/Command/probeCoreCube/probeCoreCube
[LOG 19:07:44.682] Load MU model: Squad/Parts/Command/probeCoreHex/model
[LOG 19:07:44.685] Load MU model: Squad/Parts/Command/probeCoreHex_v2/model
[LOG 19:07:44.685] Load MU model: Squad/Parts/Command/probeCoreOcto2_v2/probeCoreOcto2_v2
[LOG 19:07:44.685] Load MU model: Squad/Parts/Command/probeCoreOcto_v2/probeCoreOcto_v2
[LOG 19:07:44.685] Load MU model: Squad/Parts/Command/probeRoverBody/model
[LOG 19:07:44.686] Load MU model: Squad/Parts/Command/probeRoverBody_v2/probeRoverBody_v2
[LOG 19:07:44.686] Load MU model: Squad/Parts/Command/probeStackLarge/model
[LOG 19:07:44.686] Load MU model: Squad/Parts/Command/probeStackSmall/model
[LOG 19:07:44.689] Load MU model: Squad/Parts/Command/probeStackSphere_v2/probeStackSphere_v2
[LOG 19:07:44.689] Load MU model: Squad/Parts/CompoundParts/FuelLine/model
[LOG 19:07:44.689] Load MU model: Squad/Parts/CompoundParts/strutConnector/model
[LOG 19:07:44.692] Load MU model: Squad/Parts/Coupling/Assets/Decoupler_0
[LOG 19:07:44.692] Load MU model: Squad/Parts/Coupling/Assets/Decoupler_1
[LOG 19:07:44.692] Load MU model: Squad/Parts/Coupling/Assets/Decoupler_1p5
[LOG 19:07:44.696] Load MU model: Squad/Parts/Coupling/Assets/Decoupler_2
[LOG 19:07:44.696] Load MU model: Squad/Parts/Coupling/Assets/Decoupler_3
[LOG 19:07:44.696] Load MU model: Squad/Parts/Coupling/Assets/Decoupler_4
[LOG 19:07:44.697] Load MU model: Squad/Parts/Coupling/Assets/Separator_0
[LOG 19:07:44.697] Load MU model: Squad/Parts/Coupling/Assets/Separator_1
[LOG 19:07:44.697] Load MU model: Squad/Parts/Coupling/Assets/Separator_1p5
[LOG 19:07:44.700] Load MU model: Squad/Parts/Coupling/Assets/Separator_2
[LOG 19:07:44.700] Load MU model: Squad/Parts/Coupling/Assets/Separator_3
[LOG 19:07:44.700] Load MU model: Squad/Parts/Coupling/Assets/Separator_4
[LOG 19:07:44.701] Load MU model: Squad/Parts/Electrical/10CSolarPanels/assets/OX-10C
[LOG 19:07:44.705] Load MU model: Squad/Parts/Electrical/10CSolarPanels/assets/SP-10C
[LOG 19:07:44.712] Load MU model: Squad/Parts/Electrical/10LSolarPanels/assets/OX-10L
[LOG 19:07:44.714] Load MU model: Squad/Parts/Electrical/10LSolarPanels/assets/SP-10L
[LOG 19:07:44.715] Load MU model: Squad/Parts/Electrical/1x6ShroudSolarPanels/model
[LOG 19:07:44.716] Load MU model: Squad/Parts/Electrical/1x6SolarPanels/model
[LOG 19:07:44.716] Load MU model: Squad/Parts/Electrical/3x2ShroudSolarPanels/model
[LOG 19:07:44.717] Load MU model: Squad/Parts/Electrical/3x2SolarPanels/model
[LOG 19:07:44.718] Load MU model: Squad/Parts/Electrical/gigantorXlSolarArray/model
[LOG 19:07:44.718] Load MU model: Squad/Parts/Electrical/radialFlatSolarPanel/model
[LOG 19:07:44.718] Load MU model: Squad/Parts/Electrical/RTG/model
[LOG 19:07:44.718] Load MU model: Squad/Parts/Electrical/z-100Battery/model
[LOG 19:07:44.719] Load MU model: Squad/Parts/Electrical/z-1kBattery/model
[LOG 19:07:44.725] Load MU model: Squad/Parts/Electrical/z-200Battery/model
[LOG 19:07:44.725] Load MU model: Squad/Parts/Electrical/z-400Battery/model
[LOG 19:07:44.725] Load MU model: Squad/Parts/Electrical/z-4kBattery/model
[LOG 19:07:44.725] Load MU model: Squad/Parts/Engine/ionEngine/model
[LOG 19:07:44.726] Load MU model: Squad/Parts/Engine/jetEngines/turbineInside
[LOG 19:07:44.726] Load MU model: Squad/Parts/Engine/jetEngines/turboFanSize1
[LOG 19:07:44.726] Load MU model: Squad/Parts/Engine/jetEngines/turboFanSize2
[LOG 19:07:44.727] Load MU model: Squad/Parts/Engine/jetEngines/turboJet
[LOG 19:07:44.731] Load MU model: Squad/Parts/Engine/jetEngines/turboRamJet
[LOG 19:07:44.731] Load MU model: Squad/Parts/Engine/liquidEngine24-77/model
[LOG 19:07:44.731] Load MU model: Squad/Parts/Engine/liquidEngine24-77_v2/Twitch_v2
[LOG 19:07:44.732] Load MU model: Squad/Parts/Engine/liquidEngine48-7S_v2/SparkV2
[LOG 19:07:44.733] Load MU model: Squad/Parts/Engine/liquidEngineAerospike/AeroSpike
[LOG 19:07:44.733] Load MU model: Squad/Parts/Engine/liquidEngineLV-1_v2/Assets/Ant
[LOG 19:07:44.734] Load MU model: Squad/Parts/Engine/liquidEngineLV-1_v2/Assets/Spider
[LOG 19:07:44.734] Load MU model: Squad/Parts/Engine/liquidEngineLV-909_v2/TerrierV2
[LOG 19:07:44.735] Load MU model: Squad/Parts/Engine/liquidEngineLV-N/model
[LOG 19:07:44.736] Load MU model: Squad/Parts/Engine/liquidEngineLV-T30/model
[LOG 19:07:44.736] Load MU model: Squad/Parts/Engine/liquidEngineLV-T30_v2/Reliant_v2
[LOG 19:07:44.738] Load MU model: Squad/Parts/Engine/liquidEngineLV-T45/model
[LOG 19:07:44.738] Load MU model: Squad/Parts/Engine/liquidEngineLV-T45_v2/Swivel_v2
[LOG 19:07:44.740] Load MU model: Squad/Parts/Engine/liquidEngineMainsail_v2/liquidEngineMainsail_v2
[LOG 19:07:44.741] Load MU model: Squad/Parts/Engine/liquidEngineMk55/Thud
[LOG 19:07:44.743] Load MU model: Squad/Parts/Engine/liquidEnginePoodle_v2/LqdEnginePoodle_v2
[LOG 19:07:44.746] Load MU model: Squad/Parts/Engine/liquidEngineSkipper_v2/skipper_v2
[LOG 19:07:44.748] Load MU model: Squad/Parts/Engine/liquidEngineSSME/SSME
[LOG 19:07:44.749] Load MU model: Squad/Parts/Engine/MassiveSRB/MassiveSRB
[LOG 19:07:44.749] Load MU model: Squad/Parts/Engine/miniJet/SmallJet
[LOG 19:07:44.750] Load MU model: Squad/Parts/Engine/OMSEngine/Puff_v2
[LOG 19:07:44.750] Load MU model: Squad/Parts/Engine/rapierEngine/rapier
[LOG 19:07:44.751] Load MU model: Squad/Parts/Engine/Size1_SRBs/SRB10
[LOG 19:07:44.751] Load MU model: Squad/Parts/Engine/Size1_SRBs/SRB5
[LOG 19:07:44.752] Load MU model: Squad/Parts/Engine/Size2LFB/Size2LFB
[LOG 19:07:44.753] Load MU model: Squad/Parts/Engine/Size2LFB_v2/Size2LFB_v2
[LOG 19:07:44.754] Load MU model: Squad/Parts/Engine/Size3AdvancedEngine/Size3AdvancedEngine
[LOG 19:07:44.755] Load MU model: Squad/Parts/Engine/Size3EngineCluster/Size3EngineCluster
[LOG 19:07:44.756] Load MU model: Squad/Parts/Engine/solidBoosterBACC/model
[LOG 19:07:44.757] Load MU model: Squad/Parts/Engine/solidBoosterS2-17/solidBoosterS2-17
[LOG 19:07:44.757] Load MU model: Squad/Parts/Engine/solidBoosterS2-33/solidBoosterS2-33
[LOG 19:07:44.758] Load MU model: Squad/Parts/Engine/solidBoosterSep/model
[LOG 19:07:44.758] Load MU model: Squad/Parts/Engine/SolidBoostersF/Assets/SolidBoosterF3S0
[LOG 19:07:44.759] Load MU model: Squad/Parts/Engine/SolidBoostersF/Assets/SolidBoosterFM1
[LOG 19:07:44.759] Load MU model: Squad/Parts/FuelTank/adapterTanks/Mk3-Mk2
[LOG 19:07:44.760] Load MU model: Squad/Parts/FuelTank/adapterTanks/Mk3-Size2
[LOG 19:07:44.760] Load MU model: Squad/Parts/FuelTank/adapterTanks/Mk3-Size2Slant
[LOG 19:07:44.760] Load MU model: Squad/Parts/FuelTank/adapterTanks/ShuttleAdapter
[LOG 19:07:44.760] Load MU model: Squad/Parts/FuelTank/adapterTanks/Size2-Mk2
[LOG 19:07:44.761] Load MU model: Squad/Parts/FuelTank/adapterTanks/Size2-Size1
[LOG 19:07:44.761] Load MU model: Squad/Parts/FuelTank/adapterTanks/Size2-Size1Slant
[LOG 19:07:44.761] Load MU model: Squad/Parts/FuelTank/adapterTanks/Size3-Mk3
[LOG 19:07:44.761] Load MU model: Squad/Parts/FuelTank/drainTankFTE-1/fuelValve
[LOG 19:07:44.762] Load MU model: Squad/Parts/FuelTank/FoilTanks/RadialTank_Capsule
[LOG 19:07:44.762] Load MU model: Squad/Parts/FuelTank/FoilTanks/RadialTank_Round
[LOG 19:07:44.762] Load MU model: Squad/Parts/FuelTank/FoilTanks/ToroidTank
[LOG 19:07:44.763] Load MU model: Squad/Parts/FuelTank/fuelTankOscarB/model
[LOG 19:07:44.763] Load MU model: Squad/Parts/FuelTank/miniFuselage/Fuselage
[LOG 19:07:44.763] Load MU model: Squad/Parts/FuelTank/mk2Adapters/bicoupler
[LOG 19:07:44.763] Load MU model: Squad/Parts/FuelTank/mk2Adapters/long
[LOG 19:07:44.764] Load MU model: Squad/Parts/FuelTank/mk2Adapters/standard
[LOG 19:07:44.764] Load MU model: Squad/Parts/FuelTank/mk2FuselageLong/FuselageLongLFO
[LOG 19:07:44.764] Load MU model: Squad/Parts/FuelTank/mk2FuselageLong/FuselageLongLiquid
[LOG 19:07:44.764] Load MU model: Squad/Parts/FuelTank/mk2FuselageShort/FuselageShortLFO
[LOG 19:07:44.764] Load MU model: Squad/Parts/FuelTank/mk2FuselageShort/FuselageShortLiquid
[LOG 19:07:44.765] Load MU model: Squad/Parts/FuelTank/mk2FuselageShort/FuselageShortMono
[LOG 19:07:44.765] Load MU model: Squad/Parts/FuelTank/mk3Fuselage/CREW
[LOG 19:07:44.765] Load MU model: Squad/Parts/FuelTank/mk3Fuselage/LFO_100
[LOG 19:07:44.765] Load MU model: Squad/Parts/FuelTank/mk3Fuselage/LFO_25
[LOG 19:07:44.766] Load MU model: Squad/Parts/FuelTank/mk3Fuselage/LFO_50
[LOG 19:07:44.766] Load MU model: Squad/Parts/FuelTank/mk3Fuselage/LF_100
[LOG 19:07:44.766] Load MU model: Squad/Parts/FuelTank/mk3Fuselage/LF_25
[LOG 19:07:44.766] Load MU model: Squad/Parts/FuelTank/mk3Fuselage/LF_50
[LOG 19:07:44.766] Load MU model: Squad/Parts/FuelTank/mk3Fuselage/MONO
[LOG 19:07:44.767] Load MU model: Squad/Parts/FuelTank/RCSFuelTankR1/RCSFuelTankR1_01
[LOG 19:07:44.767] Load MU model: Squad/Parts/FuelTank/RCSFuelTankR10/model
[LOG 19:07:44.767] Load MU model: Squad/Parts/FuelTank/RCSFuelTankR25/RCSFuelTankR25
[LOG 19:07:44.768] Load MU model: Squad/Parts/FuelTank/RCSTankRadial/model
[LOG 19:07:44.768] Load MU model: Squad/Parts/FuelTank/RCStankRadialLong/model
[LOG 19:07:44.768] Load MU model: Squad/Parts/FuelTank/RockomaxTanks/Assets/Rockomax16
[LOG 19:07:44.768] Load MU model: Squad/Parts/FuelTank/RockomaxTanks/Assets/Rockomax32
[LOG 19:07:44.768] Load MU model: Squad/Parts/FuelTank/RockomaxTanks/Assets/Rockomax64
[LOG 19:07:44.769] Load MU model: Squad/Parts/FuelTank/RockomaxTanks/Assets/Rockomax8
[LOG 19:07:44.769] Load MU model: Squad/Parts/FuelTank/Size1_Tanks/Size1Tank_01
[LOG 19:07:44.770] Load MU model: Squad/Parts/FuelTank/Size1_Tanks/Size1Tank_02
[LOG 19:07:44.770] Load MU model: Squad/Parts/FuelTank/Size1_Tanks/Size1Tank_03
[LOG 19:07:44.770] Load MU model: Squad/Parts/FuelTank/Size1_Tanks/Size1Tank_04
[LOG 19:07:44.770] Load MU model: Squad/Parts/FuelTank/Size3Tanks/Size3LargeTank
[LOG 19:07:44.771] Load MU model: Squad/Parts/FuelTank/Size3Tanks/Size3MediumTank
[LOG 19:07:44.771] Load MU model: Squad/Parts/FuelTank/Size3Tanks/Size3SmallTank
[LOG 19:07:44.771] Load MU model: Squad/Parts/FuelTank/xenonTank/model
[LOG 19:07:44.771] Load MU model: Squad/Parts/FuelTank/xenonTankLarge/model
[LOG 19:07:44.772] Load MU model: Squad/Parts/FuelTank/xenonTankRadial/model
[LOG 19:07:44.772] Load MU model: Squad/Parts/Misc/AsteroidDay/CamSat
[LOG 19:07:44.772] Load MU model: Squad/Parts/Misc/AsteroidDay/HECS2
[LOG 19:07:44.773] Load MU model: Squad/Parts/Misc/AsteroidDay/HighGainAntenna
[LOG 19:07:44.774] Load MU model: Squad/Parts/Misc/AsteroidDay/LgRadialSolar
[LOG 19:07:44.774] Load MU model: Squad/Parts/Misc/PotatoComet/Cube
[LOG 19:07:44.774] Load MU model: Squad/Parts/Misc/PotatoRoid/Cube
[LOG 19:07:44.774] Load MU model: Squad/Parts/Resources/FuelCell/FuelCell
[LOG 19:07:44.774] Load MU model: Squad/Parts/Resources/FuelCell/FuelCellArray
[LOG 19:07:44.775] Load MU model: Squad/Parts/Resources/ISRU/ISRU
[LOG 19:07:44.776] Load MU model: Squad/Parts/Resources/LargeTank/LargeTank
[LOG 19:07:44.776] Load MU model: Squad/Parts/Resources/MiniDrill/MiniDrill
[LOG 19:07:44.777] Load MU model: Squad/Parts/Resources/MiniISRU/MiniISRU
[LOG 19:07:44.778] Load MU model: Squad/Parts/Resources/OrbitalScanner/OrbitalScanner
[LOG 19:07:44.778] Load MU model: Squad/Parts/Resources/RadialDrill/TriBitDrill
[LOG 19:07:44.782] Load MU model: Squad/Parts/Resources/RadialTank/RadialOreTank
[LOG 19:07:44.782] Load MU model: Squad/Parts/Resources/SmallTank/SmallTank
[LOG 19:07:44.783] Load MU model: Squad/Parts/Resources/SurfaceScanner/SurfaceScanner
[LOG 19:07:44.783] Load MU model: Squad/Parts/Resources/SurveyScanner/SurveyScanner
[LOG 19:07:44.784] Load MU model: Squad/Parts/Science/AtmosphereSensor/model
[LOG 19:07:44.784] Load MU model: Squad/Parts/Science/GooExperiment/GooExperiment
[LOG 19:07:44.784] Load MU model: Squad/Parts/Science/LargeCrewedLab/large_crewed_lab
[LOG 19:07:44.785] Load MU model: Squad/Parts/Science/Magnetometer/Magnetometer
[LOG 19:07:44.790] Load MU model: Squad/Parts/Science/MaterialBay/science_module_small
[LOG 19:07:44.790] Load MU model: Squad/Parts/Science/ScienceBox/ScienceBox
[LOG 19:07:44.790] Load MU model: Squad/Parts/Science/sensorAccelerometer/model
[LOG 19:07:44.791] Load MU model: Squad/Parts/Science/sensorBarometer/model
[LOG 19:07:44.791] Load MU model: Squad/Parts/Science/sensorGravimeter/model
[LOG 19:07:44.791] Load MU model: Squad/Parts/Science/sensorThermometer/model
[LOG 19:07:44.791] Load MU model: Squad/Parts/Structural/FLAdapters/Assets/adapterSmallMiniShort_v2
[LOG 19:07:44.791] Load MU model: Squad/Parts/Structural/FLAdapters/Assets/adapterSmallMiniTall_v2
[LOG 19:07:44.791] Load MU model: Squad/Parts/Structural/mk1Parts/Fuselage
[LOG 19:07:44.792] Load MU model: Squad/Parts/Structural/mk1Parts/IntakeFuselage
[LOG 19:07:44.792] Load MU model: Squad/Parts/Structural/mk1Parts/Nacelle1
[LOG 19:07:44.792] Load MU model: Squad/Parts/Structural/mk1Parts/Nacelle2
[LOG 19:07:44.793] Load MU model: Squad/Parts/Structural/mk1Parts/Structural
[LOG 19:07:44.793] Load MU model: Squad/Parts/Structural/mk1Parts/StructuralHollow
[LOG 19:07:44.793] Load MU model: Squad/Parts/Structural/Size3To2Adapter_v2/Size2to3_v2
[LOG 19:07:44.793] Load MU model: Squad/Parts/Structural/stackAdapters/Assets/adapterLargeSmallBi
[LOG 19:07:44.794] Load MU model: Squad/Parts/Structural/stackAdapters/Assets/adapterLargeSmallQuad
[LOG 19:07:44.794] Load MU model: Squad/Parts/Structural/stackAdapters/Assets/adapterLargeSmallTri
[LOG 19:07:44.794] Load MU model: Squad/Parts/Structural/stationHub/model
[LOG 19:07:44.795] Load MU model: Squad/Parts/Structural/structuralIBeam200/model
[LOG 19:07:44.795] Load MU model: Squad/Parts/Structural/structuralIBeam200Pocket/model
[LOG 19:07:44.795] Load MU model: Squad/Parts/Structural/structuralIBeam650/model
[LOG 19:07:44.795] Load MU model: Squad/Parts/Structural/structuralMicronode/model
[LOG 19:07:44.795] Load MU model: Squad/Parts/Structural/structuralPanel1x1/model
[LOG 19:07:44.795] Load MU model: Squad/Parts/Structural/structuralPanel2x2/model
[LOG 19:07:44.795] Load MU model: Squad/Parts/Structural/structuralPylons/PylonBig
[LOG 19:07:44.796] Load MU model: Squad/Parts/Structural/structuralPylons/PylonSmall
[LOG 19:07:44.796] Load MU model: Squad/Parts/Structural/strutCubicOcto/model
[LOG 19:07:44.796] Load MU model: Squad/Parts/Structural/strutOcto/model
[LOG 19:07:44.796] Load MU model: Squad/Parts/Structural/trussGirderAdapter/model
[LOG 19:07:44.796] Load MU model: Squad/Parts/Structural/trussGirderL/model
[LOG 19:07:44.797] Load MU model: Squad/Parts/Structural/trussGirderXL/model
[LOG 19:07:44.797] Load MU model: Squad/Parts/Thermal/FoldingRadiators/foldingRadLarge
[LOG 19:07:44.802] Load MU model: Squad/Parts/Thermal/FoldingRadiators/foldingRadMed
[LOG 19:07:44.804] Load MU model: Squad/Parts/Thermal/FoldingRadiators/foldingRadSmall
[LOG 19:07:44.806] Load MU model: Squad/Parts/Thermal/RadiatorPanels/radPanelEdge
[LOG 19:07:44.806] Load MU model: Squad/Parts/Thermal/RadiatorPanels/radPanelLg
[LOG 19:07:44.807] Load MU model: Squad/Parts/Thermal/RadiatorPanels/radPanelSm
[LOG 19:07:44.807] Load MU model: Squad/Parts/Utility/commDish88-88/model
[LOG 19:07:44.812] Load MU model: Squad/Parts/Utility/commsAntennaDTS-M1/mediumDishAntenna
[LOG 19:07:44.813] Load MU model: Squad/Parts/Utility/commsDish16/model
[LOG 19:07:44.813] Load MU model: Squad/Parts/Utility/decouplerRadialHDM/model
[LOG 19:07:44.814] Load MU model: Squad/Parts/Utility/decouplerRadialTT-38K/model
[LOG 19:07:44.814] Load MU model: Squad/Parts/Utility/decouplerRadialTT-70/model
[LOG 19:07:44.814] Load MU model: Squad/Parts/Utility/DirectAntennas/HGAntenna
[LOG 19:07:44.816] Load MU model: Squad/Parts/Utility/DirectAntennas/HGAntenna_v2
[LOG 19:07:44.818] Load MU model: Squad/Parts/Utility/DirectAntennas/SurfAntenna
[LOG 19:07:44.818] Load MU model: Squad/Parts/Utility/dockingPort/dockingPort
[LOG 19:07:44.819] Load MU model: Squad/Parts/Utility/dockingPortInline/dockingPortInline
[LOG 19:07:44.819] Load MU model: Squad/Parts/Utility/dockingPortJr/dockingPortJr
[LOG 19:07:44.820] Load MU model: Squad/Parts/Utility/dockingPortShielded/dockingPortShielded
[LOG 19:07:44.821] Load MU model: Squad/Parts/Utility/dockingPortSr/dockingPortSr
[LOG 19:07:44.821] Load MU model: Squad/Parts/Utility/Fireworks/Assets/fireworksLauncherBig
[LOG 19:07:44.822] Load MU model: Squad/Parts/Utility/Fireworks/Assets/fireworksLauncherSmall
[LOG 19:07:44.822] Load MU model: Squad/Parts/Utility/flags/flagFlat/flagFlatMeshes
[LOG 19:07:44.825] Load MU model: Squad/Parts/Utility/flags/flagSize0/flagSize0Meshes
[LOG 19:07:44.827] Load MU model: Squad/Parts/Utility/flags/flagSize1/flagSize1Meshes
[LOG 19:07:44.828] Load MU model: Squad/Parts/Utility/flags/flagSize2/flagSize2Meshes
[LOG 19:07:44.829] Load MU model: Squad/Parts/Utility/flags/flagSize3/flagSize3Meshes
[LOG 19:07:44.831] Load MU model: Squad/Parts/Utility/GrapplingDevice/GrapplingArm
[LOG 19:07:44.836] Load MU model: Squad/Parts/Utility/ladderRadial/model
[LOG 19:07:44.836] Load MU model: Squad/Parts/Utility/ladderTelescopic/model
[LOG 19:07:44.838] Load MU model: Squad/Parts/Utility/ladderTelescopicBay/model
[LOG 19:07:44.841] Load MU model: Squad/Parts/Utility/landingLegLT-1/model
[LOG 19:07:44.841] Load MU model: Squad/Parts/Utility/landingLegLT-2/model
[LOG 19:07:44.842] Load MU model: Squad/Parts/Utility/landingLegLT-5/model
[WRN 19:07:44.843] WheelCollider requires an attached Rigidbody to function.
[WRN 19:07:44.843] WheelCollider requires an attached Rigidbody to function.
[LOG 19:07:44.844] Load MU model: Squad/Parts/Utility/launchClamp1/model
[LOG 19:07:44.844] Load MU model: Squad/Parts/Utility/launchEscapeSystem/LaunchEscapeSystem
[LOG 19:07:44.845] Load MU model: Squad/Parts/Utility/Lights/Assets/light_02
[LOG 19:07:44.845] Load MU model: Squad/Parts/Utility/Lights/Assets/light_03
[LOG 19:07:44.846] Load MU model: Squad/Parts/Utility/Lights/Assets/light_04
[LOG 19:07:44.846] Load MU model: Squad/Parts/Utility/Lights/Assets/light_07
[LOG 19:07:44.847] Load MU model: Squad/Parts/Utility/Lights/Assets/light_08
[LOG 19:07:44.847] Load MU model: Squad/Parts/Utility/Lights/Assets/light_12
[LOG 19:07:44.848] Load MU model: Squad/Parts/Utility/linearVernorRCS/Assets/linearRCS
[LOG 19:07:44.848] Load MU model: Squad/Parts/Utility/linearVernorRCS/Assets/vernorEngine
[LOG 19:07:44.849] Load MU model: Squad/Parts/Utility/mk2CargoBay/BayLarge
[LOG 19:07:44.850] Load MU model: Squad/Parts/Utility/mk2CargoBay/BaySmall
[LOG 19:07:44.851] Load MU model: Squad/Parts/Utility/mk2CrewCabin/model
[LOG 19:07:44.852] Load MU model: Squad/Parts/Utility/mk2DockingPort/mk2Dockingport
[LOG 19:07:44.853] Load MU model: Squad/Parts/Utility/mk3CargoBay/long
[LOG 19:07:44.854] Load MU model: Squad/Parts/Utility/mk3CargoBay/medium
[LOG 19:07:44.854] Load MU model: Squad/Parts/Utility/mk3CargoBay/ramp
[LOG 19:07:44.857] Load MU model: Squad/Parts/Utility/mk3CargoBay/short
[LOG 19:07:44.857] Load MU model: Squad/Parts/Utility/parachuteMk1/model
[LOG 19:07:44.858] Load MU model: Squad/Parts/Utility/parachuteMk12-R/model
[LOG 19:07:44.858] Load MU model: Squad/Parts/Utility/parachuteMk16-XL/model
[LOG 19:07:44.858] Load MU model: Squad/Parts/Utility/parachuteMk2-R/model
[LOG 19:07:44.859] Load MU model: Squad/Parts/Utility/parachuteMk25/model
[LOG 19:07:44.859] Load MU model: Squad/Parts/Utility/radialAttachmentPoint/model
[LOG 19:07:44.860] Load MU model: Squad/Parts/Utility/rcsBlockRV-105_v2/rcsBlock105
[LOG 19:07:44.861] Load MU model: Squad/Parts/Utility/rcsSmallLinear/Assets/RCSLinearSmall
[LOG 19:07:44.862] Load MU model: Squad/Parts/Utility/RelayAntennas/HGAntenna
[LOG 19:07:44.863] Load MU model: Squad/Parts/Utility/RelayAntennas/RA-100
[LOG 19:07:44.864] Load MU model: Squad/Parts/Utility/RelayAntennas/RA-5
[LOG 19:07:44.864] Load MU model: Squad/Parts/Utility/RelayAntennas/RA-50
[LOG 19:07:44.864] Load MU model: Squad/Parts/Utility/rockomaxAdapters/Assets/brandAdapter
[LOG 19:07:44.864] Load MU model: Squad/Parts/Utility/rockomaxAdapters/Assets/brandAdapter02
[LOG 19:07:44.865] Load MU model: Squad/Parts/Utility/ServiceBay_v2/Assets/ServiceBay_125_v2
[LOG 19:07:44.866] Load MU model: Squad/Parts/Utility/ServiceBay_v2/Assets/ServiceBay_250_v2
[LOG 19:07:44.867] Load MU model: Squad/Parts/Utility/smallClaw/smallClaw
[LOG 19:07:44.871] Load MU model: Squad/Parts/Utility/spotLightMk1/model
[LOG 19:07:44.871] Load MU model: Squad/Parts/Utility/spotLightMk1_v2/model
[LOG 19:07:44.872] Load MU model: Squad/Parts/Utility/spotLightMk2/model
[LOG 19:07:44.872] Load MU model: Squad/Parts/Utility/spotLightMk2_v2/model
[LOG 19:07:44.872] Load MU model: Squad/Parts/Utility/stackCouplers/Assets/stackBiCoupler_v2
[LOG 19:07:44.872] Load MU model: Squad/Parts/Utility/stackCouplers/Assets/stackQuadCoupler
[LOG 19:07:44.873] Load MU model: Squad/Parts/Utility/stackCouplers/Assets/stackTriCoupler_v2
[LOG 19:07:44.873] Load MU model: Squad/Parts/Wheel/LandingGear/GearExtraLarge
[WRN 19:07:44.874] WheelCollider requires an attached Rigidbody to function.
[WRN 19:07:44.874] WheelCollider requires an attached Rigidbody to function.
[LOG 19:07:44.875] Load MU model: Squad/Parts/Wheel/LandingGear/GearFixed
[WRN 19:07:44.875] WheelCollider requires an attached Rigidbody to function.
[WRN 19:07:44.875] WheelCollider requires an attached Rigidbody to function.
[LOG 19:07:44.876] Load MU model: Squad/Parts/Wheel/LandingGear/GearFree
[WRN 19:07:44.876] WheelCollider requires an attached Rigidbody to function.
[WRN 19:07:44.876] WheelCollider requires an attached Rigidbody to function.
[LOG 19:07:44.876] Load MU model: Squad/Parts/Wheel/LandingGear/GearLarge
[WRN 19:07:44.876] WheelCollider requires an attached Rigidbody to function.
[WRN 19:07:44.876] WheelCollider requires an attached Rigidbody to function.
[LOG 19:07:44.877] Load MU model: Squad/Parts/Wheel/LandingGear/GearMedium
[WRN 19:07:44.877] WheelCollider requires an attached Rigidbody to function.
[WRN 19:07:44.877] WheelCollider requires an attached Rigidbody to function.
[LOG 19:07:44.878] Load MU model: Squad/Parts/Wheel/LandingGear/GearSmall
[WRN 19:07:44.878] WheelCollider requires an attached Rigidbody to function.
[WRN 19:07:44.878] WheelCollider requires an attached Rigidbody to function.
[LOG 19:07:44.878] Load MU model: Squad/Parts/Wheel/roverWheelM1/model
[WRN 19:07:44.879] WheelCollider requires an attached Rigidbody to function.
[WRN 19:07:44.879] WheelCollider requires an attached Rigidbody to function.
[LOG 19:07:44.879] Load MU model: Squad/Parts/Wheel/roverWheelS2/model
[WRN 19:07:44.879] WheelCollider requires an attached Rigidbody to function.
[WRN 19:07:44.879] WheelCollider requires an attached Rigidbody to function.
[LOG 19:07:44.880] Load MU model: Squad/Parts/Wheel/roverWheelTR-2L/model
[WRN 19:07:44.880] WheelCollider requires an attached Rigidbody to function.
[WRN 19:07:44.880] WheelCollider requires an attached Rigidbody to function.
[LOG 19:07:44.880] Load MU model: Squad/Parts/Wheel/roverWheelXL3/model
[WRN 19:07:44.882] WheelCollider requires an attached Rigidbody to function.
[WRN 19:07:44.882] WheelCollider requires an attached Rigidbody to function.
[LOG 19:07:44.882] Load MU model: Squad/Props/AltimeterThreeHands/model
[LOG 19:07:44.882] Load MU model: Squad/Props/AtmosphereDepth/model
[LOG 19:07:44.882] Load MU model: Squad/Props/AxisIndicator/model
[LOG 19:07:44.882] Load MU model: Squad/Props/buttonsGeneric/circularButton
[LOG 19:07:44.883] Load MU model: Squad/Props/buttonsGeneric/clusterButtons
[LOG 19:07:44.883] Load MU model: Squad/Props/buttonsGeneric/clusterButtons2
[LOG 19:07:44.883] Load MU model: Squad/Props/buttonsGeneric/clusterKnob
[LOG 19:07:44.884] Load MU model: Squad/Props/buttonsGeneric/clusterKnob2
[LOG 19:07:44.884] Load MU model: Squad/Props/buttonsGeneric/clusterMixed
[LOG 19:07:44.884] Load MU model: Squad/Props/buttonsGeneric/clusterSwitches01
[LOG 19:07:44.885] Load MU model: Squad/Props/buttonsGeneric/clusterSwitches02
[LOG 19:07:44.885] Load MU model: Squad/Props/buttonsGeneric/clusterSwitches03
[LOG 19:07:44.886] Load MU model: Squad/Props/buttonsGeneric/clusterSwitches04
[LOG 19:07:44.886] Load MU model: Squad/Props/buttonsGeneric/clusterSwitches05
[LOG 19:07:44.886] Load MU model: Squad/Props/buttonsGeneric/clusterSwitches06
[LOG 19:07:44.886] Load MU model: Squad/Props/buttonsGeneric/clusterSwitches07
[LOG 19:07:44.886] Load MU model: Squad/Props/buttonsGeneric/directionalKnob
[LOG 19:07:44.887] Load MU model: Squad/Props/buttonsGeneric/directionalKnob2
[LOG 19:07:44.887] Load MU model: Squad/Props/buttonsGeneric/pullSwitch
[LOG 19:07:44.887] Load MU model: Squad/Props/buttonsGeneric/squareButton
[LOG 19:07:44.887] Load MU model: Squad/Props/buttonsGeneric/standingSwitch
[LOG 19:07:44.887] Load MU model: Squad/Props/buttonsGeneric/switch
[LOG 19:07:44.887] Load MU model: Squad/Props/buttonsGeneric/switchWithGuards
[LOG 19:07:44.887] Load MU model: Squad/Props/ButtonSquare/model
[LOG 19:07:44.887] Load MU model: Squad/Props/circularButton/model
[LOG 19:07:44.888] Load MU model: Squad/Props/Compass/model
[LOG 19:07:44.888] Load MU model: Squad/Props/directionalKnob/model
[LOG 19:07:44.888] Load MU model: Squad/Props/directionalKnob2/model
[LOG 19:07:44.888] Load MU model: Squad/Props/IndicatorPanel/model
[LOG 19:07:44.888] Load MU model: Squad/Props/IVANavBall/model
[LOG 19:07:44.889] Load MU model: Squad/Props/IVANavBallNoBase/model
[LOG 19:07:44.890] Load MU model: Squad/Props/ledPanelSpeed/model
[LOG 19:07:44.890] Load MU model: Squad/Props/Monitor/MonitorDockingMode
[LOG 19:07:44.890] Load MU model: Squad/Props/NavBall/model
[LOG 19:07:44.890] Load MU model: Squad/Props/PropsGeneric/Button_DockingMode
[LOG 19:07:44.891] Load MU model: Squad/Props/PropsGeneric/CargoBagA
[LOG 19:07:44.893] Load MU model: Squad/Props/PropsGeneric/CargoBagB
[LOG 19:07:44.893] Load MU model: Squad/Props/PropsGeneric/CargoBagC
[LOG 19:07:44.893] Load MU model: Squad/Props/PropsGeneric/Hatch_Plane
[LOG 19:07:44.893] Load MU model: Squad/Props/PropsGeneric/Hatch_Plane_Curve90
[LOG 19:07:44.893] Load MU model: Squad/Props/PropsGeneric/Hatch_Plane_Frame
[LOG 19:07:44.893] Load MU model: Squad/Props/PropsGeneric/Seat_Passenger
[LOG 19:07:44.894] Load MU model: Squad/Props/PropsGeneric/Seat_Pilot
[LOG 19:07:44.894] Load MU model: Squad/Props/PropsGeneric/Seat_Pilot_Helmet
[LOG 19:07:44.894] Load MU model: Squad/Props/PropsGeneric/SideStick
[LOG 19:07:44.894] Load MU model: Squad/Props/pullSwitch/model
[LOG 19:07:44.894] Load MU model: Squad/Props/radarAltitude/model
[LOG 19:07:44.894] Load MU model: Squad/Props/squareButton/model
[LOG 19:07:44.895] Load MU model: Squad/Props/standingSwitch/model
[LOG 19:07:44.895] Load MU model: Squad/Props/switch/model
[LOG 19:07:44.895] Load MU model: Squad/Props/switchGuard/model
[LOG 19:07:44.895] Load MU model: Squad/Props/switchWithGuards/model
[LOG 19:07:44.895] Load MU model: Squad/Props/throttle/model
[LOG 19:07:44.895] Load MU model: Squad/Props/VSI/model
[LOG 19:07:44.896] Load MU model: Squad/Spaces/crewCabinInternals/model
[LOG 19:07:44.897] Load MU model: Squad/Spaces/cupolaInternal/model
[LOG 19:07:44.899] Load MU model: Squad/Spaces/GenericSpace1/model
[LOG 19:07:44.900] Load MU model: Squad/Spaces/GenericSpace3/model
[LOG 19:07:44.902] Load MU model: Squad/Spaces/landerCabinInternals/model
[LOG 19:07:44.903] Load MU model: Squad/Spaces/landerCabinSmallInternal/model
[LOG 19:07:44.903] Load MU model: Squad/Spaces/LargeCrewedLabInternals/Large_Crewed_lab_Int
[LOG 19:07:44.905] Load MU model: Squad/Spaces/Mk1-3/model
[LOG 19:07:44.908] Load MU model: Squad/Spaces/mk1CabinInternal/mk1cabin
[LOG 19:07:44.910] Load MU model: Squad/Spaces/mk1CockpitInternal/Mk1StandardIVA
[LOG 19:07:44.912] Load MU model: Squad/Spaces/mk1InlineInternal/Mk1InlineIVA
[LOG 19:07:44.913] Load MU model: Squad/Spaces/mk1PodCockpit/model
[LOG 19:07:44.914] Load MU model: Squad/Spaces/mk1pod_IVA/mk1pod_IVA
[LOG 19:07:44.915] Load MU model: Squad/Spaces/mk2CockpitStandardInternal/model
[LOG 19:07:44.917] Load MU model: Squad/Spaces/Mk2CrewCabinInternal/MK2_CrewCab_Int
[LOG 19:07:44.919] Load MU model: Squad/Spaces/mk2InlineInternal/mk2InlineIVA
[LOG 19:07:44.921] Load MU model: Squad/Spaces/mk2LanderCanInternal/mk2LanderCanInternal
[LOG 19:07:44.922] Load MU model: Squad/Spaces/MK3CockpitInternal/MK3_Cockpit_Int
[LOG 19:07:44.923] Load MU model: Squad/Spaces/MK3_CrewCab_Int/MK3_CrewCab_Int
[LOG 19:07:44.927] Load MU model: Squad/Spaces/OverlayMasks/CupolaMask
[LOG 19:07:44.927] Load MU model: Squad/Spaces/OverlayMasks/HitchhikerBorder
[LOG 19:07:44.927] Load MU model: Squad/Spaces/OverlayMasks/HitchhikerMask
[LOG 19:07:44.927] Load MU model: Squad/Spaces/OverlayMasks/LargeLabBorder
[LOG 19:07:44.928] Load MU model: Squad/Spaces/OverlayMasks/LargeLabMask
[LOG 19:07:44.928] Load MU model: Squad/Spaces/OverlayMasks/Mk1CabinBorder
[LOG 19:07:44.928] Load MU model: Squad/Spaces/OverlayMasks/Mk1CabinMask
[LOG 19:07:44.928] Load MU model: Squad/Spaces/OverlayMasks/Mk1InlineMask
[LOG 19:07:44.928] Load MU model: Squad/Spaces/OverlayMasks/Mk1InlineMask2
[LOG 19:07:44.928] Load MU model: Squad/Spaces/OverlayMasks/Mk1StandardBorder2
[LOG 19:07:44.928] Load MU model: Squad/Spaces/OverlayMasks/Mk1StandardBorder3
[LOG 19:07:44.928] Load MU model: Squad/Spaces/OverlayMasks/Mk1StandardMask
[LOG 19:07:44.928] Load MU model: Squad/Spaces/OverlayMasks/Mk1StandardMask2
[LOG 19:07:44.928] Load MU model: Squad/Spaces/OverlayMasks/Mk1StandardMask3
[LOG 19:07:44.929] Load MU model: Squad/Spaces/OverlayMasks/Mk2CabinBorder
[LOG 19:07:44.929] Load MU model: Squad/Spaces/OverlayMasks/Mk2CabinMask
[LOG 19:07:44.929] Load MU model: Squad/Spaces/OverlayMasks/Mk2InlineBorder
[LOG 19:07:44.929] Load MU model: Squad/Spaces/OverlayMasks/Mk2InlineMask
[LOG 19:07:44.929] Load MU model: Squad/Spaces/OverlayMasks/Mk2StandardBorder
[LOG 19:07:44.929] Load MU model: Squad/Spaces/OverlayMasks/Mk2StandardMask
[LOG 19:07:44.929] Load MU model: Squad/Spaces/OverlayMasks/Mk3CabinBorder
[LOG 19:07:44.929] Load MU model: Squad/Spaces/OverlayMasks/Mk3CabinMask
[LOG 19:07:44.929] Load MU model: Squad/Spaces/OverlayMasks/Mk3CabinMask2
[LOG 19:07:44.930] Load MU model: Squad/Spaces/OverlayMasks/Mk3ShuttleBorder
[LOG 19:07:44.930] Load MU model: Squad/Spaces/OverlayMasks/Mk3ShuttleMask
[LOG 19:07:44.930] Load MU model: Squad/Spaces/OverlayMasks/Size1LanderBorder
[LOG 19:07:44.930] Load MU model: Squad/Spaces/OverlayMasks/Size1LanderMask
[LOG 19:07:44.930] Load MU model: Squad/Spaces/OverlayMasks/Size1PodBorder
[LOG 19:07:44.930] Load MU model: Squad/Spaces/OverlayMasks/Size1PodMask
[LOG 19:07:44.930] Load MU model: Squad/Spaces/OverlayMasks/Size2LanderBorder
[LOG 19:07:44.930] Load MU model: Squad/Spaces/OverlayMasks/Size2LanderMask
[LOG 19:07:44.931] Load MU model: Squad/Spaces/OverlayMasks/Size2PodBorder
[LOG 19:07:44.931] Load MU model: Squad/Spaces/OverlayMasks/Size2PodMask
[LOG 19:07:44.931] Load MU model: Squad/Spaces/Placeholder/PlaceholderIVA
[LOG 19:07:44.931] Load MU model: Squad/Spaces/PodCockpit/model
[LOG 19:07:44.934] Load MU model: SquadExpansion/MakingHistory/Parts/Aero/protectiveRocketNoseMk5A/Size_1_5_Cone
[LOG 19:07:44.934] Load MU model: SquadExpansion/MakingHistory/Parts/Coupling/Assets/EnginePlate
[LOG 19:07:44.935] Load MU model: SquadExpansion/MakingHistory/Parts/Coupling/Assets/InflatableAirlock
[LOG 19:07:44.935] Load MU model: SquadExpansion/MakingHistory/Parts/Coupling/Assets/Size1_5_Decoupler
[LOG 19:07:44.936] Load MU model: SquadExpansion/MakingHistory/Parts/Engine/Assets/KE-1
[LOG 19:07:44.939] Load MU model: SquadExpansion/MakingHistory/Parts/Engine/Assets/LV-T87
[LOG 19:07:44.941] Load MU model: SquadExpansion/MakingHistory/Parts/Engine/Assets/LV-T91
[LOG 19:07:44.942] Load MU model: SquadExpansion/MakingHistory/Parts/Engine/Assets/RE-I2
[LOG 19:07:44.943] Load MU model: SquadExpansion/MakingHistory/Parts/Engine/Assets/RE-J10
[LOG 19:07:44.944] Load MU model: SquadExpansion/MakingHistory/Parts/Engine/Assets/RK-7
[LOG 19:07:44.946] Load MU model: SquadExpansion/MakingHistory/Parts/Engine/Assets/RV-1
[LOG 19:07:44.946] Load MU model: SquadExpansion/MakingHistory/Parts/Engine/solidBoosterTHK/solidBoosterTHK
[LOG 19:07:44.947] Load MU model: SquadExpansion/MakingHistory/Parts/FuelTank/Assets/MiniMonoTank
[LOG 19:07:44.947] Load MU model: SquadExpansion/MakingHistory/Parts/FuelTank/Assets/Size1_5_Size0_Adapter_01
[LOG 19:07:44.947] Load MU model: SquadExpansion/MakingHistory/Parts/FuelTank/Assets/Size1_5_Size1_Adapter_01
[LOG 19:07:44.947] Load MU model: SquadExpansion/MakingHistory/Parts/FuelTank/Assets/Size1_5_Size1_Adapter_02
[LOG 19:07:44.948] Load MU model: SquadExpansion/MakingHistory/Parts/FuelTank/Assets/Size1_5_Size2_Adapter_01
[LOG 19:07:44.948] Load MU model: SquadExpansion/MakingHistory/Parts/FuelTank/Assets/Size1_5_Tank_01
[LOG 19:07:44.948] Load MU model: SquadExpansion/MakingHistory/Parts/FuelTank/Assets/Size1_5_Tank_02
[LOG 19:07:44.949] Load MU model: SquadExpansion/MakingHistory/Parts/FuelTank/Assets/Size1_5_Tank_03
[LOG 19:07:44.949] Load MU model: SquadExpansion/MakingHistory/Parts/FuelTank/Assets/Size1_5_Tank_04
[LOG 19:07:44.949] Load MU model: SquadExpansion/MakingHistory/Parts/FuelTank/Assets/Size1_5_Tank_05
[LOG 19:07:44.951] Load MU model: SquadExpansion/MakingHistory/Parts/FuelTank/Assets/Size3_Size4_Adapter_01
[LOG 19:07:44.951] Load MU model: SquadExpansion/MakingHistory/Parts/FuelTank/Assets/Size4_EngineAdapter_01
[LOG 19:07:44.952] Load MU model: SquadExpansion/MakingHistory/Parts/FuelTank/Assets/Size4_Tank_01
[LOG 19:07:44.952] Load MU model: SquadExpansion/MakingHistory/Parts/FuelTank/Assets/Size4_Tank_02
[LOG 19:07:44.953] Load MU model: SquadExpansion/MakingHistory/Parts/FuelTank/Assets/Size4_Tank_03
[LOG 19:07:44.953] Load MU model: SquadExpansion/MakingHistory/Parts/FuelTank/Assets/Size4_Tank_04
[LOG 19:07:44.953] Load MU model: SquadExpansion/MakingHistory/Parts/FuelTank/Assets/Size_1p5_Monoprop
[LOG 19:07:44.954] Load MU model: SquadExpansion/MakingHistory/Parts/Ground/Assets/RoverWheel
[WRN 19:07:44.955] WheelCollider requires an attached Rigidbody to function.
[WRN 19:07:44.955] WheelCollider requires an attached Rigidbody to function.
[LOG 19:07:44.955] Load MU model: SquadExpansion/MakingHistory/Parts/Payload/Assets/ServiceModule18
[LOG 19:07:44.956] Load MU model: SquadExpansion/MakingHistory/Parts/Payload/Assets/ServiceModule25
[LOG 19:07:44.957] Load MU model: SquadExpansion/MakingHistory/Parts/Payload/Assets/Size1to0ServiceModule
[LOG 19:07:44.957] Load MU model: SquadExpansion/MakingHistory/Parts/Pods/Assets/Mk2Pod
[LOG 19:07:44.958] Load MU model: SquadExpansion/MakingHistory/Parts/Pods/Assets/RoundPod
[LOG 19:07:44.958] Load MU model: SquadExpansion/MakingHistory/Parts/Pods/Assets/Size1_5_Lander
[LOG 19:07:44.959] Load MU model: SquadExpansion/MakingHistory/Parts/SharedAssets/Shroud1p5x0
[LOG 19:07:44.959] Load MU model: SquadExpansion/MakingHistory/Parts/SharedAssets/Shroud1p5x1
[LOG 19:07:44.959] Load MU model: SquadExpansion/MakingHistory/Parts/SharedAssets/Shroud1p5x2
[LOG 19:07:44.959] Load MU model: SquadExpansion/MakingHistory/Parts/SharedAssets/Shroud1p5x3
[LOG 19:07:44.959] Load MU model: SquadExpansion/MakingHistory/Parts/SharedAssets/Shroud1p5x4
[LOG 19:07:44.959] Load MU model: SquadExpansion/MakingHistory/Parts/SharedAssets/Shroud1x0
[LOG 19:07:44.960] Load MU model: SquadExpansion/MakingHistory/Parts/SharedAssets/Shroud1x1
[LOG 19:07:44.960] Load MU model: SquadExpansion/MakingHistory/Parts/SharedAssets/Shroud1x2
[LOG 19:07:44.960] Load MU model: SquadExpansion/MakingHistory/Parts/SharedAssets/Shroud1x3
[LOG 19:07:44.960] Load MU model: SquadExpansion/MakingHistory/Parts/SharedAssets/Shroud1x4
[LOG 19:07:44.960] Load MU model: SquadExpansion/MakingHistory/Parts/SharedAssets/Shroud2x0
[LOG 19:07:44.960] Load MU model: SquadExpansion/MakingHistory/Parts/SharedAssets/Shroud2x1
[LOG 19:07:44.960] Load MU model: SquadExpansion/MakingHistory/Parts/SharedAssets/Shroud2x2
[LOG 19:07:44.960] Load MU model: SquadExpansion/MakingHistory/Parts/SharedAssets/Shroud2x3
[LOG 19:07:44.961] Load MU model: SquadExpansion/MakingHistory/Parts/SharedAssets/Shroud2x4
[LOG 19:07:44.961] Load MU model: SquadExpansion/MakingHistory/Parts/SharedAssets/Shroud3x0
[LOG 19:07:44.961] Load MU model: SquadExpansion/MakingHistory/Parts/SharedAssets/Shroud3x1
[LOG 19:07:44.961] Load MU model: SquadExpansion/MakingHistory/Parts/SharedAssets/Shroud3x2
[LOG 19:07:44.961] Load MU model: SquadExpansion/MakingHistory/Parts/SharedAssets/Shroud3x3
[LOG 19:07:44.961] Load MU model: SquadExpansion/MakingHistory/Parts/SharedAssets/Shroud3x4
[LOG 19:07:44.961] Load MU model: SquadExpansion/MakingHistory/Parts/SharedAssets/Shroud4x0
[LOG 19:07:44.961] Load MU model: SquadExpansion/MakingHistory/Parts/SharedAssets/Shroud4x1
[LOG 19:07:44.962] Load MU model: SquadExpansion/MakingHistory/Parts/SharedAssets/Shroud4x2
[LOG 19:07:44.962] Load MU model: SquadExpansion/MakingHistory/Parts/SharedAssets/Shroud4x3
[LOG 19:07:44.962] Load MU model: SquadExpansion/MakingHistory/Parts/SharedAssets/Shroud4x4
[LOG 19:07:44.962] Load MU model: SquadExpansion/MakingHistory/Parts/SharedAssets/ShroudCollider0
[LOG 19:07:44.962] Load MU model: SquadExpansion/MakingHistory/Parts/SharedAssets/ShroudCollider1
[LOG 19:07:44.962] Load MU model: SquadExpansion/MakingHistory/Parts/SharedAssets/ShroudCollider1p5
[LOG 19:07:44.963] Load MU model: SquadExpansion/MakingHistory/Parts/SharedAssets/ShroudCollider2
[LOG 19:07:44.963] Load MU model: SquadExpansion/MakingHistory/Parts/SharedAssets/ShroudCollider3
[LOG 19:07:44.963] Load MU model: SquadExpansion/MakingHistory/Parts/SharedAssets/ShroudCollider4
[LOG 19:07:44.964] Load MU model: SquadExpansion/MakingHistory/Parts/Structural/Assets/EquiTriangle0
[LOG 19:07:44.964] Load MU model: SquadExpansion/MakingHistory/Parts/Structural/Assets/EquiTriangle1
[LOG 19:07:44.964] Load MU model: SquadExpansion/MakingHistory/Parts/Structural/Assets/EquiTriangle1p5
[LOG 19:07:44.964] Load MU model: SquadExpansion/MakingHistory/Parts/Structural/Assets/EquiTriangle2
[LOG 19:07:44.964] Load MU model: SquadExpansion/MakingHistory/Parts/Structural/Assets/Panel0
[LOG 19:07:44.964] Load MU model: SquadExpansion/MakingHistory/Parts/Structural/Assets/Panel1
[LOG 19:07:44.964] Load MU model: SquadExpansion/MakingHistory/Parts/Structural/Assets/Panel1p5
[LOG 19:07:44.965] Load MU model: SquadExpansion/MakingHistory/Parts/Structural/Assets/Panel2
[LOG 19:07:44.965] Load MU model: SquadExpansion/MakingHistory/Parts/Structural/Assets/Triangle0
[LOG 19:07:44.965] Load MU model: SquadExpansion/MakingHistory/Parts/Structural/Assets/Triangle1
[LOG 19:07:44.965] Load MU model: SquadExpansion/MakingHistory/Parts/Structural/Assets/Triangle1p5
[LOG 19:07:44.965] Load MU model: SquadExpansion/MakingHistory/Parts/Structural/Assets/Triangle2
[LOG 19:07:44.965] Load MU model: SquadExpansion/MakingHistory/Parts/Utility/flags/flagSize1p5/flagSize1p5Meshes
[LOG 19:07:44.967] Load MU model: SquadExpansion/MakingHistory/Parts/Utility/flags/flagSize4/flagSize4Meshes
[LOG 19:07:44.968] Load MU model: SquadExpansion/MakingHistory/Spaces/KVPods/Airlock_IVA
[LOG 19:07:44.968] Load MU model: SquadExpansion/MakingHistory/Spaces/KVPods/KV1_IVA
[LOG 19:07:44.969] Load MU model: SquadExpansion/MakingHistory/Spaces/KVPods/KV2_IVA
[LOG 19:07:44.971] Load MU model: SquadExpansion/MakingHistory/Spaces/KVPods/KV3_IVA
[LOG 19:07:44.973] Load MU model: SquadExpansion/MakingHistory/Spaces/MEM/MEM_IVA
[LOG 19:07:44.975] Load MU model: SquadExpansion/MakingHistory/Spaces/Mk2Pod/MK2POD_IVA
[LOG 19:07:44.976] Load MU model: SquadExpansion/Serenity/Parts/Aero/Assets/FanShroud_01
[LOG 19:07:44.977] Load MU model: SquadExpansion/Serenity/Parts/Aero/Assets/FanShroud_02
[LOG 19:07:44.978] Load MU model: SquadExpansion/Serenity/Parts/Aero/Assets/FanShroud_03
[LOG 19:07:44.979] Load MU model: SquadExpansion/Serenity/Parts/Aero/Assets/noseconeTiny
[LOG 19:07:44.979] Load MU model: SquadExpansion/Serenity/Parts/Aero/Assets/noseconeVS
[LOG 19:07:44.979] Load MU model: SquadExpansion/Serenity/Parts/DeployedScience/Assets/CentralStation
[LOG 19:07:44.982] Load MU model: SquadExpansion/Serenity/Parts/DeployedScience/Assets/GoExOb
[LOG 19:07:44.987] Load MU model: SquadExpansion/Serenity/Parts/DeployedScience/Assets/IonExperiment
[LOG 19:07:44.989] Load MU model: SquadExpansion/Serenity/Parts/DeployedScience/Assets/RTGCask
[LOG 19:07:44.990] Load MU model: SquadExpansion/Serenity/Parts/DeployedScience/Assets/satDish
[LOG 19:07:44.992] Load MU model: SquadExpansion/Serenity/Parts/DeployedScience/Assets/seismicSensor
[LOG 19:07:44.997] Load MU model: SquadExpansion/Serenity/Parts/DeployedScience/Assets/solarPanel
[LOG 19:07:44.999] Load MU model: SquadExpansion/Serenity/Parts/DeployedScience/Assets/WeatherStation
[LOG 19:07:45.002] Load MU model: SquadExpansion/Serenity/Parts/Propellers/Assets/largeFanBlade
[LOG 19:07:45.003] Load MU model: SquadExpansion/Serenity/Parts/Propellers/Assets/largeHeliBlade
[LOG 19:07:45.003] Load MU model: SquadExpansion/Serenity/Parts/Propellers/Assets/largePropeller
[LOG 19:07:45.003] Load MU model: SquadExpansion/Serenity/Parts/Propellers/Assets/mediumFanBlade
[LOG 19:07:45.003] Load MU model: SquadExpansion/Serenity/Parts/Propellers/Assets/mediumHeliBlade
[LOG 19:07:45.004] Load MU model: SquadExpansion/Serenity/Parts/Propellers/Assets/mediumPropeller
[LOG 19:07:45.004] Load MU model: SquadExpansion/Serenity/Parts/Propellers/Assets/smallFanBlade
[LOG 19:07:45.004] Load MU model: SquadExpansion/Serenity/Parts/Propellers/Assets/smallHeliBlade
[LOG 19:07:45.004] Load MU model: SquadExpansion/Serenity/Parts/Propellers/Assets/smallPropeller
[LOG 19:07:45.005] Load MU model: SquadExpansion/Serenity/Parts/Robotics/Assets/hinge_01
[LOG 19:07:45.005] Load MU model: SquadExpansion/Serenity/Parts/Robotics/Assets/hinge_01_s
[LOG 19:07:45.005] Load MU model: SquadExpansion/Serenity/Parts/Robotics/Assets/hinge_03
[LOG 19:07:45.006] Load MU model: SquadExpansion/Serenity/Parts/Robotics/Assets/hinge_03_s
[LOG 19:07:45.006] Load MU model: SquadExpansion/Serenity/Parts/Robotics/Assets/hinge_04
[LOG 19:07:45.006] Load MU model: SquadExpansion/Serenity/Parts/Robotics/Assets/piston_01
[LOG 19:07:45.007] Load MU model: SquadExpansion/Serenity/Parts/Robotics/Assets/piston_02
[LOG 19:07:45.007] Load MU model: SquadExpansion/Serenity/Parts/Robotics/Assets/piston_03
[LOG 19:07:45.007] Load MU model: SquadExpansion/Serenity/Parts/Robotics/Assets/piston_04
[LOG 19:07:45.007] Load MU model: SquadExpansion/Serenity/Parts/Robotics/Assets/RotorEngine_02
[LOG 19:07:45.008] Load MU model: SquadExpansion/Serenity/Parts/Robotics/Assets/RotorEngine_03
[LOG 19:07:45.009] Load MU model: SquadExpansion/Serenity/Parts/Robotics/Assets/rotor_01
[LOG 19:07:45.009] Load MU model: SquadExpansion/Serenity/Parts/Robotics/Assets/rotor_01s
[LOG 19:07:45.010] Load MU model: SquadExpansion/Serenity/Parts/Robotics/Assets/rotor_02
[LOG 19:07:45.011] Load MU model: SquadExpansion/Serenity/Parts/Robotics/Assets/rotor_02s
[LOG 19:07:45.012] Load MU model: SquadExpansion/Serenity/Parts/Robotics/Assets/rotor_03
[LOG 19:07:45.012] Load MU model: SquadExpansion/Serenity/Parts/Robotics/Assets/rotor_03s
[LOG 19:07:45.013] Load MU model: SquadExpansion/Serenity/Parts/Robotics/Assets/RotoServo_00
[LOG 19:07:45.013] Load MU model: SquadExpansion/Serenity/Parts/Robotics/Assets/RotoServo_02
[LOG 19:07:45.014] Load MU model: SquadExpansion/Serenity/Parts/Robotics/Assets/RotoServo_03
[LOG 19:07:45.014] Load MU model: SquadExpansion/Serenity/Parts/Robotics/Assets/RotoServo_04
[LOG 19:07:45.015] Load MU model: SquadExpansion/Serenity/Parts/Robotics/Controllers/controller1000
[LOG 19:07:45.015] Load MU model: SquadExpansion/Serenity/Parts/Science/RobotArmScanner/Assets/ROCArm_01
[LOG 19:07:45.016] Load MU model: SquadExpansion/Serenity/Parts/Science/RobotArmScanner/Assets/ROCArm_02
[LOG 19:07:45.017] Load MU model: SquadExpansion/Serenity/Parts/Science/RobotArmScanner/Assets/ROCArm_03
[LOG 19:07:45.021] Load MU model: SquadExpansion/Serenity/Parts/Structural/gripPads/Assets/lGripPad
[LOG 19:07:45.022] Load MU model: SquadExpansion/Serenity/Parts/Structural/gripPads/Assets/lGripStrip
[LOG 19:07:45.022] Load MU model: SquadExpansion/Serenity/Parts/Structural/gripPads/Assets/mGripPad
[LOG 19:07:45.023] Load MU model: SquadExpansion/Serenity/Parts/Structural/gripPads/Assets/sGripPad
[LOG 19:07:45.023] Load MU model: SquadExpansion/Serenity/Parts/Structural/gripPads/Assets/sGripStrip
[LOG 19:07:45.023] Loading Asset Bundle Definitions
[LOG 19:07:45.024] AssetLoader: Loading bundle definitions
[LOG 19:07:45.158] AssetLoader: Loaded bundle 'squadcore'
[LOG 19:07:45.159] AssetLoader: Loaded bundle 'squadcorefx'
[LOG 19:07:45.159] AssetLoader: Loaded mod bundle 'kspedia'
[LOG 19:07:45.160] AssetLoader: Loaded mod bundle 'kspedia_actionsets'
[LOG 19:07:45.160] AssetLoader: Loaded mod bundle 'kspedia_aircraft'
[LOG 19:07:45.160] AssetLoader: Loaded mod bundle 'kspedia_aircraftbasics'
[LOG 19:07:45.161] AssetLoader: Loaded mod bundle 'kspedia_aircraftbasicsbalance'
[LOG 19:07:45.161] AssetLoader: Loaded mod bundle 'kspedia_aircraftbasicsbalance2'
[LOG 19:07:45.161] AssetLoader: Loaded mod bundle 'kspedia_aircraftbasicscol'
[LOG 19:07:45.162] AssetLoader: Loaded mod bundle 'kspedia_aircraftbasicscontrol'
[LOG 19:07:45.162] AssetLoader: Loaded mod bundle 'kspedia_aircraftbasicscontrolsurfaces'
[LOG 19:07:45.162] AssetLoader: Loaded mod bundle 'kspedia_aircraftbasicsdrag'
[LOG 19:07:45.162] AssetLoader: Loaded mod bundle 'kspedia_aircraftbasicsengines'
[LOG 19:07:45.163] AssetLoader: Loaded mod bundle 'kspedia_aircraftbasicsforces'
[LOG 19:07:45.163] AssetLoader: Loaded mod bundle 'kspedia_aircraftbasicsintakes'
[LOG 19:07:45.163] AssetLoader: Loaded mod bundle 'kspedia_aircraftbasicslandinggear'
[LOG 19:07:45.163] AssetLoader: Loaded mod bundle 'kspedia_aircraftbasicslift'
[LOG 19:07:45.164] AssetLoader: Loaded mod bundle 'kspedia_axisgroups'
[LOG 19:07:45.164] AssetLoader: Loaded mod bundle 'kspedia_career'
[LOG 19:07:45.164] AssetLoader: Loaded mod bundle 'kspedia_careerbasicscontracts'
[LOG 19:07:45.165] AssetLoader: Loaded mod bundle 'kspedia_careerbasicscrew'
[LOG 19:07:45.165] AssetLoader: Loaded mod bundle 'kspedia_careerbasicscurrencies'
[LOG 19:07:45.165] AssetLoader: Loaded mod bundle 'kspedia_careerbasicsexperience'
[LOG 19:07:45.166] AssetLoader: Loaded mod bundle 'kspedia_careerbasicsfacilities'
[LOG 19:07:45.166] AssetLoader: Loaded mod bundle 'kspedia_careerbasicsstrategies'
[LOG 19:07:45.166] AssetLoader: Loaded mod bundle 'kspedia_careerbasicstechnology'
[LOG 19:07:45.166] AssetLoader: Loaded mod bundle 'kspedia_careerui-ac'
[LOG 19:07:45.167] AssetLoader: Loaded mod bundle 'kspedia_careerui-admin'
[LOG 19:07:45.167] AssetLoader: Loaded mod bundle 'kspedia_careerui-ksc'
[LOG 19:07:45.167] AssetLoader: Loaded mod bundle 'kspedia_careerui-mc'
[LOG 19:07:45.167] AssetLoader: Loaded mod bundle 'kspedia_careerui-sciencearchives'
[LOG 19:07:45.168] AssetLoader: Loaded mod bundle 'kspedia_careerui-techtree'
[LOG 19:07:45.168] AssetLoader: Loaded mod bundle 'kspedia_careerui-ts'
[LOG 19:07:45.168] AssetLoader: Loaded mod bundle 'kspedia_careerui'
[LOG 19:07:45.168] AssetLoader: Loaded mod bundle 'kspedia_cargoapp'
[LOG 19:07:45.169] AssetLoader: Loaded mod bundle 'kspedia_cargomode'
[LOG 19:07:45.169] AssetLoader: Loaded mod bundle 'kspedia_cargosystem-placeableparts'
[LOG 19:07:45.169] AssetLoader: Loaded mod bundle 'kspedia_cargosystem'
[LOG 19:07:45.169] AssetLoader: Loaded mod bundle 'kspedia_chute'
[LOG 19:07:45.170] AssetLoader: Loaded mod bundle 'kspedia_commnet'
[LOG 19:07:45.170] AssetLoader: Loaded mod bundle 'kspedia_commnetbasics'
[LOG 19:07:45.170] AssetLoader: Loaded mod bundle 'kspedia_commnetbuildingeffectivenetworks'
[LOG 19:07:45.170] AssetLoader: Loaded mod bundle 'kspedia_commnetcalculatingrange'
[LOG 19:07:45.170] AssetLoader: Loaded mod bundle 'kspedia_commnetcontrollevels'
[LOG 19:07:45.171] AssetLoader: Loaded mod bundle 'kspedia_commnetcontrollinks'
[LOG 19:07:45.171] AssetLoader: Loaded mod bundle 'kspedia_commnetcontrolpoints'
[LOG 19:07:45.171] AssetLoader: Loaded mod bundle 'kspedia_commnetgui'
[LOG 19:07:45.171] AssetLoader: Loaded mod bundle 'kspedia_commnetgui01'
[LOG 19:07:45.171] AssetLoader: Loaded mod bundle 'kspedia_commnetgui02'
[LOG 19:07:45.172] AssetLoader: Loaded mod bundle 'kspedia_commnetrange'
[LOG 19:07:45.172] AssetLoader: Loaded mod bundle 'kspedia_commnetrelays'
[LOG 19:07:45.172] AssetLoader: Loaded mod bundle 'kspedia_commnetsciencetransmission'
[LOG 19:07:45.172] AssetLoader: Loaded mod bundle 'kspedia_commnetsignalstrength'
[LOG 19:07:45.173] AssetLoader: Loaded mod bundle 'kspedia_commnettransmission'
[LOG 19:07:45.173] AssetLoader: Loaded mod bundle 'kspedia_constructionui-actiongroups'
[LOG 19:07:45.173] AssetLoader: Loaded mod bundle 'kspedia_constructionui-applauncher'
[LOG 19:07:45.173] AssetLoader: Loaded mod bundle 'kspedia_constructionui-crew'
[LOG 19:07:45.174] AssetLoader: Loaded mod bundle 'kspedia_constructionui-engineersreport'
[LOG 19:07:45.174] AssetLoader: Loaded mod bundle 'kspedia_constructionui-gizmos'
[LOG 19:07:45.174] AssetLoader: Loaded mod bundle 'kspedia_constructionui-infos'
[LOG 19:07:45.174] AssetLoader: Loaded mod bundle 'kspedia_constructionui-partdetails'
[LOG 19:07:45.175] AssetLoader: Loaded mod bundle 'kspedia_constructionui-parts'
[LOG 19:07:45.175] AssetLoader: Loaded mod bundle 'kspedia_constructionui-symmetry'
[LOG 19:07:45.175] AssetLoader: Loaded mod bundle 'kspedia_constructionui-vesseldetails'
[LOG 19:07:45.175] AssetLoader: Loaded mod bundle 'kspedia_constructionui'
[LOG 19:07:45.176] AssetLoader: Loaded mod bundle 'kspedia_controls-dockingmode'
[LOG 19:07:45.176] AssetLoader: Loaded mod bundle 'kspedia_controls-editor'
[LOG 19:07:45.176] AssetLoader: Loaded mod bundle 'kspedia_controls-editorgizmos'
[LOG 19:07:45.177] AssetLoader: Loaded mod bundle 'kspedia_controls-eva'
[LOG 19:07:45.177] AssetLoader: Loaded mod bundle 'kspedia_controls-flight'
[LOG 19:07:45.177] AssetLoader: Loaded mod bundle 'kspedia_controls-flightactivities'
[LOG 19:07:45.177] AssetLoader: Loaded mod bundle 'kspedia_controls-flightdirections'
[LOG 19:07:45.178] AssetLoader: Loaded mod bundle 'kspedia_controls-general'
[LOG 19:07:45.178] AssetLoader: Loaded mod bundle 'kspedia_controls-mapandtime'
[LOG 19:07:45.178] AssetLoader: Loaded mod bundle 'kspedia_controls-mouseconstruction'
[LOG 19:07:45.178] AssetLoader: Loaded mod bundle 'kspedia_controls-mouseflight'
[LOG 19:07:45.179] AssetLoader: Loaded mod bundle 'kspedia_controls-rcs'
[LOG 19:07:45.179] AssetLoader: Loaded mod bundle 'kspedia_controls'
[LOG 19:07:45.179] AssetLoader: Loaded mod bundle 'kspedia_eastereggs'
[LOG 19:07:45.179] AssetLoader: Loaded mod bundle 'kspedia_evaconstructionmode'
[LOG 19:07:45.180] AssetLoader: Loaded mod bundle 'kspedia_facilities-ac'
[LOG 19:07:45.180] AssetLoader: Loaded mod bundle 'kspedia_facilities-admin'
[LOG 19:07:45.180] AssetLoader: Loaded mod bundle 'kspedia_facilities-context'
[LOG 19:07:45.181] AssetLoader: Loaded mod bundle 'kspedia_facilities-ksc'
[LOG 19:07:45.181] AssetLoader: Loaded mod bundle 'kspedia_facilities-launchpad'
[LOG 19:07:45.181] AssetLoader: Loaded mod bundle 'kspedia_facilities-mc'
[LOG 19:07:45.181] AssetLoader: Loaded mod bundle 'kspedia_facilities-randd'
[LOG 19:07:45.181] AssetLoader: Loaded mod bundle 'kspedia_facilities-runway'
[LOG 19:07:45.182] AssetLoader: Loaded mod bundle 'kspedia_facilities-sph'
[LOG 19:07:45.182] AssetLoader: Loaded mod bundle 'kspedia_facilities-ts'
[LOG 19:07:45.182] AssetLoader: Loaded mod bundle 'kspedia_facilities-vab'
[LOG 19:07:45.182] AssetLoader: Loaded mod bundle 'kspedia_flightui-altimeter'
[LOG 19:07:45.183] AssetLoader: Loaded mod bundle 'kspedia_flightui-applauncher'
[LOG 19:07:45.183] AssetLoader: Loaded mod bundle 'kspedia_flightui-evaactivities'
[LOG 19:07:45.183] AssetLoader: Loaded mod bundle 'kspedia_flightui-maneuvermodeeditor'
[LOG 19:07:45.183] AssetLoader: Loaded mod bundle 'kspedia_flightui-maneuvermodeeditorcont'
[LOG 19:07:45.184] AssetLoader: Loaded mod bundle 'kspedia_flightui-maneuvermodeorbit'
[LOG 19:07:45.184] AssetLoader: Loaded mod bundle 'kspedia_flightui-maneuvertoolinfo'
[LOG 19:07:45.184] AssetLoader: Loaded mod bundle 'kspedia_flightui-maneuvertoolmain'
[LOG 19:07:45.185] AssetLoader: Loaded mod bundle 'kspedia_flightui-modecontrol'
[LOG 19:07:45.185] AssetLoader: Loaded mod bundle 'kspedia_flightui-navball'
[LOG 19:07:45.185] AssetLoader: Loaded mod bundle 'kspedia_flightui-partrepairs'
[LOG 19:07:45.185] AssetLoader: Loaded mod bundle 'kspedia_flightui-portraits'
[LOG 19:07:45.186] AssetLoader: Loaded mod bundle 'kspedia_flightui-staging'
[LOG 19:07:45.186] AssetLoader: Loaded mod bundle 'kspedia_flightui-timeandaction'
[LOG 19:07:45.186] AssetLoader: Loaded mod bundle 'kspedia_flightui'
[LOG 19:07:45.186] AssetLoader: Loaded mod bundle 'kspedia_heat'
[LOG 19:07:45.187] AssetLoader: Loaded mod bundle 'kspedia_heatactiveradiators'
[LOG 19:07:45.187] AssetLoader: Loaded mod bundle 'kspedia_heatengines'
[LOG 19:07:45.187] AssetLoader: Loaded mod bundle 'kspedia_heatflow'
[LOG 19:07:45.188] AssetLoader: Loaded mod bundle 'kspedia_heatpart'
[LOG 19:07:45.188] AssetLoader: Loaded mod bundle 'kspedia_heatpassiveradiators'
[LOG 19:07:45.188] AssetLoader: Loaded mod bundle 'kspedia_heatshields'
[LOG 19:07:45.188] AssetLoader: Loaded mod bundle 'kspedia_kerbnet'
[LOG 19:07:45.189] AssetLoader: Loaded mod bundle 'kspedia_kerbnetinterface'
[LOG 19:07:45.189] AssetLoader: Loaded mod bundle 'kspedia_kerbnetmodes'
[LOG 19:07:45.189] AssetLoader: Loaded mod bundle 'kspedia_kerbnetwaypoints'
[LOG 19:07:45.189] AssetLoader: Loaded mod bundle 'kspedia_locations'
[LOG 19:07:45.190] AssetLoader: Loaded mod bundle 'kspedia_manual'
[LOG 19:07:45.190] AssetLoader: Loaded mod bundle 'kspedia_mapui-alarmclockcreation'
[LOG 19:07:45.190] AssetLoader: Loaded mod bundle 'kspedia_mapui-alarmclockmain'
[LOG 19:07:45.190] AssetLoader: Loaded mod bundle 'kspedia_mapui-burnindicator'
[LOG 19:07:45.191] AssetLoader: Loaded mod bundle 'kspedia_mapui-dvtoolsflight'
[LOG 19:07:45.191] AssetLoader: Loaded mod bundle 'kspedia_mapui-dvtoolsvab'
[LOG 19:07:45.191] AssetLoader: Loaded mod bundle 'kspedia_mapui-mannodes'
[LOG 19:07:45.191] AssetLoader: Loaded mod bundle 'kspedia_mapui-orbitnodes'
[LOG 19:07:45.192] AssetLoader: Loaded mod bundle 'kspedia_mapui-orbitnodes2'
[LOG 19:07:45.192] AssetLoader: Loaded mod bundle 'kspedia_mapui'
[LOG 19:07:45.192] AssetLoader: Loaded mod bundle 'kspedia_orbitalbasics-atmosphere'
[LOG 19:07:45.192] AssetLoader: Loaded mod bundle 'kspedia_orbitalbasics-gettingbackdown'
[LOG 19:07:45.193] AssetLoader: Loaded mod bundle 'kspedia_orbitalbasics-gettingupthere'
[LOG 19:07:45.193] AssetLoader: Loaded mod bundle 'kspedia_orbitalbasics-gravityturn'
[LOG 19:07:45.193] AssetLoader: Loaded mod bundle 'kspedia_orbitalbasics-orbits'
[LOG 19:07:45.193] AssetLoader: Loaded mod bundle 'kspedia_orbitalbasics-stayingupthere'
[LOG 19:07:45.194] AssetLoader: Loaded mod bundle 'kspedia_orbitalbasics'
[LOG 19:07:45.194] AssetLoader: Loaded mod bundle 'kspedia_orbitaldefinitions-appe'
[LOG 19:07:45.194] AssetLoader: Loaded mod bundle 'kspedia_orbitaldefinitions-dirandinc'
[LOG 19:07:45.194] AssetLoader: Loaded mod bundle 'kspedia_orbitaldefinitions-directions'
[LOG 19:07:45.195] AssetLoader: Loaded mod bundle 'kspedia_orbitaldefinitions-eccentricity'
[LOG 19:07:45.195] AssetLoader: Loaded mod bundle 'kspedia_orbitaldefinitions'
[LOG 19:07:45.195] AssetLoader: Loaded mod bundle 'kspedia_orbitalmaneuvers-adjustinginclination'
[LOG 19:07:45.195] AssetLoader: Loaded mod bundle 'kspedia_orbitalmaneuvers-deltav'
[LOG 19:07:45.196] AssetLoader: Loaded mod bundle 'kspedia_orbitalmaneuvers-efficiency'
[LOG 19:07:45.196] AssetLoader: Loaded mod bundle 'kspedia_orbitalmaneuvers-hohmanntransfer'
[LOG 19:07:45.196] AssetLoader: Loaded mod bundle 'kspedia_orbitalmaneuvers-hohmanntransfer2'
[LOG 19:07:45.196] AssetLoader: Loaded mod bundle 'kspedia_orbitalmaneuvers-orbittypes'
[LOG 19:07:45.197] AssetLoader: Loaded mod bundle 'kspedia_orbitalmaneuvers-radandantirad'
[LOG 19:07:45.197] AssetLoader: Loaded mod bundle 'kspedia_orbitalmaneuvers-shapingup'
[LOG 19:07:45.197] AssetLoader: Loaded mod bundle 'kspedia_orbitalmaneuvers'
[LOG 19:07:45.197] AssetLoader: Loaded mod bundle 'kspedia_planets-dres'
[LOG 19:07:45.198] AssetLoader: Loaded mod bundle 'kspedia_planets-duna'
[LOG 19:07:45.198] AssetLoader: Loaded mod bundle 'kspedia_planets-eeloo'
[LOG 19:07:45.198] AssetLoader: Loaded mod bundle 'kspedia_planets-eve'
[LOG 19:07:45.198] AssetLoader: Loaded mod bundle 'kspedia_planets-jool'
[LOG 19:07:45.199] AssetLoader: Loaded mod bundle 'kspedia_planets-kerbin'
[LOG 19:07:45.199] AssetLoader: Loaded mod bundle 'kspedia_planets-moho'
[LOG 19:07:45.199] AssetLoader: Loaded mod bundle 'kspedia_planets-sun'
[LOG 19:07:45.199] AssetLoader: Loaded mod bundle 'kspedia_planets-system'
[LOG 19:07:45.199] AssetLoader: Loaded mod bundle 'kspedia_resources-asteroidmining'
[LOG 19:07:45.200] AssetLoader: Loaded mod bundle 'kspedia_resources-conversionmanagement'
[LOG 19:07:45.200] AssetLoader: Loaded mod bundle 'kspedia_resources-drilling'
[LOG 19:07:45.200] AssetLoader: Loaded mod bundle 'kspedia_resources-findingit'
[LOG 19:07:45.200] AssetLoader: Loaded mod bundle 'kspedia_resources-findingit2'
[LOG 19:07:45.201] AssetLoader: Loaded mod bundle 'kspedia_resources-storageandconversion'
[LOG 19:07:45.201] AssetLoader: Loaded mod bundle 'kspedia_resources'
[LOG 19:07:45.201] AssetLoader: Loaded mod bundle 'kspedia_rocketry'
[LOG 19:07:45.201] AssetLoader: Loaded mod bundle 'kspedia_rocketryadvanced-fairings'
[LOG 19:07:45.202] AssetLoader: Loaded mod bundle 'kspedia_rocketryadvanced-girders'
[LOG 19:07:45.202] AssetLoader: Loaded mod bundle 'kspedia_rocketryadvanced'
[LOG 19:07:45.202] AssetLoader: Loaded mod bundle 'kspedia_rocketrybasics'
[LOG 19:07:45.202] AssetLoader: Loaded mod bundle 'kspedia_rocketrybasicsaero'
[LOG 19:07:45.203] AssetLoader: Loaded mod bundle 'kspedia_rocketrybasicscentered'
[LOG 19:07:45.203] AssetLoader: Loaded mod bundle 'kspedia_rocketrybasicschutes'
[LOG 19:07:45.203] AssetLoader: Loaded mod bundle 'kspedia_rocketrybasicscontrol'
[LOG 19:07:45.203] AssetLoader: Loaded mod bundle 'kspedia_rocketrybasicsecrecharging'
[LOG 19:07:45.204] AssetLoader: Loaded mod bundle 'kspedia_rocketrybasicsengines'
[LOG 19:07:45.204] AssetLoader: Loaded mod bundle 'kspedia_rocketrybasicsforces'
[LOG 19:07:45.204] AssetLoader: Loaded mod bundle 'kspedia_rocketrybasicshatchesandladders'
[LOG 19:07:45.204] AssetLoader: Loaded mod bundle 'kspedia_rocketrybasicshibernation'
[LOG 19:07:45.204] AssetLoader: Loaded mod bundle 'kspedia_rocketrybasicsresources'
[LOG 19:07:45.205] AssetLoader: Loaded mod bundle 'kspedia_rocketrybasicsservicecontainers'
[LOG 19:07:45.205] AssetLoader: Loaded mod bundle 'kspedia_rocketrybasicsstability'
[LOG 19:07:45.205] AssetLoader: Loaded mod bundle 'kspedia_rocketrybasicsstabilityassist'
[LOG 19:07:45.205] AssetLoader: Loaded mod bundle 'kspedia_rocketrybasicsstaging'
[LOG 19:07:45.206] AssetLoader: Loaded mod bundle 'kspedia_rocketrybasicssymmetry'
[LOG 19:07:45.206] AssetLoader: Loaded mod bundle 'kspedia_science'
[LOG 19:07:45.206] AssetLoader: Loaded mod bundle 'kspedia_sciencedata'
[LOG 19:07:45.206] AssetLoader: Loaded mod bundle 'kspedia_scienceexperiments'
[LOG 19:07:45.207] AssetLoader: Loaded mod bundle 'kspedia_sciencelab'
[LOG 19:07:45.207] AssetLoader: Loaded mod bundle 'kspedia_sciencetransmitted'
[LOG 19:07:45.207] AssetLoader: Loaded mod bundle 'kspedia_spacetravel'
[LOG 19:07:45.207] AssetLoader: Loaded mod bundle 'kspedia_variantswitcher'
[LOG 19:07:45.208] AssetLoader: Loaded mod bundle 'kspfonts'
[LOG 19:07:45.351] AssetLoader: Loaded bundle 'squadcore'
[LOG 19:07:45.352] AssetLoader: Loaded bundle 'squadcorefx'
[LOG 19:07:45.352] AssetLoader: Loaded mod bundle 'kspedia_builder'
[LOG 19:07:45.352] AssetLoader: Loaded mod bundle 'kspedia_buildertoolbar'
[LOG 19:07:45.353] AssetLoader: Loaded mod bundle 'kspedia_canvas'
[LOG 19:07:45.353] AssetLoader: Loaded mod bundle 'kspedia_exportingvalidation'
[LOG 19:07:45.353] AssetLoader: Loaded mod bundle 'kspedia_flight'
[LOG 19:07:45.353] AssetLoader: Loaded mod bundle 'kspedia_flightapp'
[LOG 19:07:45.354] AssetLoader: Loaded mod bundle 'kspedia_gap'
[LOG 19:07:45.354] AssetLoader: Loaded mod bundle 'kspedia_gaptools'
[LOG 19:07:45.354] AssetLoader: Loaded mod bundle 'kspedia_makinghistory'
[LOG 19:07:45.354] AssetLoader: Loaded mod bundle 'kspedia_missionbriefing'
[LOG 19:07:45.355] AssetLoader: Loaded mod bundle 'kspedia_nodedocking'
[LOG 19:07:45.355] AssetLoader: Loaded mod bundle 'kspedia_nodesconnectors'
[LOG 19:07:45.355] AssetLoader: Loaded mod bundle 'kspedia_sap'
[LOG 19:07:45.356] AssetLoader: Loaded mod bundle 'kspedia_sidebar'
[LOG 19:07:45.356] AssetLoader: Loaded mod bundle 'kspedia_testingcheckpoints'
[LOG 19:07:45.356] AssetLoader: Loaded bundle 'makinghistory'
[LOG 19:07:45.356] AssetLoader: Loaded mod bundle 'kspedia_bladecyclic-collective-behaviour'
[LOG 19:07:45.357] AssetLoader: Loaded mod bundle 'kspedia_bladecyclic-collective-controls'
[LOG 19:07:45.357] AssetLoader: Loaded mod bundle 'kspedia_deployedscience-experiments'
[LOG 19:07:45.357] AssetLoader: Loaded mod bundle 'kspedia_deployedscience'
[LOG 19:07:45.357] AssetLoader: Loaded mod bundle 'kspedia_grippads'
[LOG 19:07:45.358] AssetLoader: Loaded mod bundle 'kspedia_layindtracks'
[LOG 19:07:45.358] AssetLoader: Loaded mod bundle 'kspedia_propellers'
[LOG 19:07:45.358] AssetLoader: Loaded mod bundle 'kspedia_propellersaerodynamics'
[LOG 19:07:45.359] AssetLoader: Loaded mod bundle 'kspedia_roboticcontroller'
[LOG 19:07:45.359] AssetLoader: Loaded mod bundle 'kspedia_roboticparts'
[LOG 19:07:45.359] AssetLoader: Loaded mod bundle 'kspedia_surface features-overview'
[LOG 19:07:45.360] AssetLoader: Loaded mod bundle 'kspedia_surface features-roverarmdetails'
[LOG 19:07:45.360] AssetLoader: Loaded mod bundle 'kspedia_trackeditor'
[LOG 19:07:45.360] AssetLoader: Loaded mod bundle 'kspedia_trackeditortoolbar'
[LOG 19:07:45.361] AssetLoader: Loaded mod bundle 'serenity'
[LOG 19:07:45.361] AssetLoader: Finished loading. 226 bundle definitions loaded.
[LOG 19:07:45.362] Compiling Configs:
[LOG 19:07:45.362] Config(PHYSICSGLOBALS) /Physics/PHYSICSGLOBALS
[LOG 19:07:45.362] Config(KSP_COMMUNITY_FIXES) KSPCommunityFixes/Settings/KSP_COMMUNITY_FIXES
[LOG 19:07:45.362] Config(Localization) KSPCommunityFixes/Localization/en-us/Localization
[LOG 19:07:45.362] Config(Localization) KSPCommunityFixes/Localization/fr-fr/Localization
[LOG 19:07:45.362] Config(Localization) KSPCommunityFixes/Localization/ru/Localization
[LOG 19:07:45.362] Config(Localization) KSPCommunityFixes/Localization/zh-cn/Localization
[LOG 19:07:45.362] Config(@PART[*]:HAS[@MODULE[ModuleDockingNodeFixed]]:NEEDS[FixDockingNodes]:FINAL) KSPCommunityFixes/MMPatches/ModSupport/FixDockingNodes/@PART[*]:HAS[@MODULE[ModuleDockingNodeFixed]]:NEEDS[FixDockingNodes]:FINAL
[LOG 19:07:45.363] Config(@PART[*]:HAS[@MODULE[Refunding]]:LAST[999_KSP-Recall]) KSPCommunityFixes/MMPatches/ModSupport/KSPRecall/@PART[*]:HAS[@MODULE[Refunding]]:LAST[999_KSP-Recall]
[LOG 19:07:45.363] Config(@PART[*]:HAS[#hasRefundingOnRecovery[?rue]]:LAST[999_KSP-Recall]) KSPCommunityFixes/MMPatches/ModSupport/KSPRecall/@PART[*]:HAS[#hasRefundingOnRecovery[?rue]]:LAST[999_KSP-Recall]
[LOG 19:07:45.363] Config(@PART[*]:HAS[#hasRefundingOnRecovery]:LAST[999_KSP-Recall]) KSPCommunityFixes/MMPatches/ModSupport/KSPRecall/@PART[*]:HAS[#hasRefundingOnRecovery]:LAST[999_KSP-Recall]
[LOG 19:07:45.363] Config(@KSP-Recall:LAST[999_KSP-Recall]) KSPCommunityFixes/MMPatches/ModSupport/KSPRecall/@KSP-Recall:LAST[999_KSP-Recall]
[LOG 19:07:45.363] Config(@KSP-Recall:HAS[#hasRefundingOnRecovery[?rue]]:LAST[999_KSP-Recall]) KSPCommunityFixes/MMPatches/ModSupport/KSPRecall/@KSP-Recall:HAS[#hasRefundingOnRecovery[?rue]]:LAST[999_KSP-Recall]
[LOG 19:07:45.363] Config(@KSP-Recall:HAS[#hasRefundingOnRecovery]:LAST[999_KSP-Recall]) KSPCommunityFixes/MMPatches/ModSupport/KSPRecall/@KSP-Recall:HAS[#hasRefundingOnRecovery]:LAST[999_KSP-Recall]
[LOG 19:07:45.363] Config(@KSP_COMMUNITY_FIXES:NEEDS[AttachedOnEditor]) KSPCommunityFixes/MMPatches/ModSupport/KSPRecall/@KSP_COMMUNITY_FIXES:NEEDS[AttachedOnEditor]
[LOG 19:07:45.363] Config(@KSP_COMMUNITY_FIXES:NEEDS[UniversalStorage2]) KSPCommunityFixes/MMPatches/ModSupport/UniversalStorage/@KSP_COMMUNITY_FIXES:NEEDS[UniversalStorage2]
[LOG 19:07:45.363] Config(@PART[telescopicLadderBay]:FIRST) KSPCommunityFixes/MMPatches/StockTweaks/LadderToggleableLight/@PART[telescopicLadderBay]:FIRST
[LOG 19:07:45.363] Config(@PART[telescopicLadderBay]:HAS[#LadderToggleableLight[?rue]]:FIRST) KSPCommunityFixes/MMPatches/StockTweaks/LadderToggleableLight/@PART[telescopicLadderBay]:HAS[#LadderToggleableLight[?rue]]:FIRST
[LOG 19:07:45.363] Config(@PART[telescopicLadderBay]:HAS[#LadderToggleableLight]:FIRST) KSPCommunityFixes/MMPatches/StockTweaks/LadderToggleableLight/@PART[telescopicLadderBay]:HAS[#LadderToggleableLight]:FIRST
[LOG 19:07:45.363] Config(@PART[GearSmall]:FIRST) KSPCommunityFixes/MMPatches/StockTweaks/LandingGearLights/@PART[GearSmall]:FIRST
[LOG 19:07:45.363] Config(@PART[SmallGearBay]:FIRST) KSPCommunityFixes/MMPatches/StockTweaks/LandingGearLights/@PART[SmallGearBay]:FIRST
[LOG 19:07:45.363] Config(@PART[sasModule]:FOR[KSPCommunityFixes]) KSPCommunityFixes/MMPatches/StockTweaks/ManufacturerFixes/@PART[sasModule]:FOR[KSPCommunityFixes]
[LOG 19:07:45.363] Config(@PART[xenonTankRadial]:FOR[KSPCommunityFixes]) KSPCommunityFixes/MMPatches/StockTweaks/ManufacturerFixes/@PART[xenonTankRadial]:FOR[KSPCommunityFixes]
[LOG 19:07:45.363] Config(@PART[winglet|fireworksLauncherSmall|fireworksLauncherBig]:FOR[KSPCommunityFixes]) KSPCommunityFixes/MMPatches/StockTweaks/ManufacturerFixes/@PART[winglet|fireworksLauncherSmall|fireworksLauncherBig]:FOR[KSPCommunityFixes]
[LOG 19:07:45.363] Config(@PART[solidBooster_sm_v2|solidBooster_v2]:FOR[KSPCommunityFixes]) KSPCommunityFixes/MMPatches/StockTweaks/ManufacturerFixes/@PART[solidBooster_sm_v2|solidBooster_v2]:FOR[KSPCommunityFixes]
[LOG 19:07:45.363] Config(@PART[ServiceBay_125_v2|ServiceBay_250_v2]:FOR[KSPCommunityFixes]) KSPCommunityFixes/MMPatches/StockTweaks/ManufacturerFixes/@PART[ServiceBay_125_v2|ServiceBay_250_v2]:FOR[KSPCommunityFixes]
[LOG 19:07:45.363] Config(@PART[externalTankCapsule]:FOR[KSPCommunityFixes]) KSPCommunityFixes/MMPatches/StockTweaks/ManufacturerFixes/@PART[externalTankCapsule]:FOR[KSPCommunityFixes]
[LOG 19:07:45.363] Config(@PART[RCSFuelTank|rcsTankMini|RCSTank1-2]:FOR[KSPCommunityFixes]) KSPCommunityFixes/MMPatches/StockTweaks/ManufacturerFixes/@PART[RCSFuelTank|rcsTankMini|RCSTank1-2]:FOR[KSPCommunityFixes]
[LOG 19:07:45.363] Config(@PART[landerCabinSmall]:FOR[KSPCommunityFixes]) KSPCommunityFixes/MMPatches/StockTweaks/ManufacturerFixes/@PART[landerCabinSmall]:FOR[KSPCommunityFixes]
[LOG 19:07:45.363] Config(@PART[dockingPortLateral]:FOR[KSPCommunityFixes]) KSPCommunityFixes/MMPatches/StockTweaks/ManufacturerFixes/@PART[dockingPortLateral]:FOR[KSPCommunityFixes]
[LOG 19:07:45.363] Config(@PART[EnginePlate4]:FOR[KSPCommunityFixes]:NEEDS[SquadExpansion/MakingHistory]) KSPCommunityFixes/MMPatches/StockTweaks/ManufacturerFixes/@PART[EnginePlate4]:FOR[KSPCommunityFixes]:NEEDS[SquadExpansion/MakingHistory]
[LOG 19:07:45.363] Config(@PART[Mk2Pod]:FOR[KSPCommunityFixes]:NEEDS[SquadExpansion/MakingHistory]) KSPCommunityFixes/MMPatches/StockTweaks/ManufacturerFixes/@PART[Mk2Pod]:FOR[KSPCommunityFixes]:NEEDS[SquadExpansion/MakingHistory]
[LOG 19:07:45.363] Config(@PART[evaChute|parachuteSingle|parachuteRadial|radialDrogue|parachuteLarge|parachuteDrogue]:FOR[KSPCommunityFixes]) KSPCommunityFixes/MMPatches/StockTweaks/ManufacturerFixes/@PART[evaChute|parachuteSingle|parachuteRadial|radialDrogue|parachuteLarge|parachuteDrogue]:FOR[KSPCommunityFixes]
[LOG 19:07:45.364] Config(@PART[stackPoint1|dockingPort1|dockingPort2|dockingPort3|dockingPortLarge]:FOR[KSPCommunityFixes]) KSPCommunityFixes/MMPatches/StockTweaks/ManufacturerFixes/@PART[stackPoint1|dockingPort1|dockingPort2|dockingPort3|dockingPortLarge]:FOR[KSPCommunityFixes]
[LOG 19:07:45.364] Config(AGENT) KSPCommunityFixes/MMPatches/StockTweaks/ManufacturerFixes/Clamp-O-Tron
[LOG 19:07:45.364] Config(AGENT) KSPCommunityFixes/MMPatches/StockTweaks/ManufacturerFixes/FreeFall Parachutes
[LOG 19:07:45.364] Config(AGENT) KSPCommunityFixes/MMPatches/StockTweaks/ManufacturerFixes/LightYear Tire Company
[LOG 19:07:45.364] Config(AGENT) KSPCommunityFixes/MMPatches/StockTweaks/ManufacturerFixes/Stratus Corporation
[LOG 19:07:45.364] Config(Localization) KSPCommunityFixes/MMPatches/StockTweaks/ManufacturerFixes/Localization
[LOG 19:07:45.364] Config(AGENT) Squad/Agencies/Agents/C7 Aerospace Division
[LOG 19:07:45.364] Config(AGENT) Squad/Agencies/Agents/Dinkelstein Kerman's Construction Emporium
[LOG 19:07:45.364] Config(AGENT) Squad/Agencies/Agents/Experimental Engineering Group
[LOG 19:07:45.364] Config(AGENT) Squad/Agencies/Agents/FLOOYD Dynamics Research Labs
[LOG 19:07:45.364] Config(AGENT) Squad/Agencies/Agents/Goliath National Products
[LOG 19:07:45.364] Config(AGENT) Squad/Agencies/Agents/Integrated Integrals
[LOG 19:07:45.364] Config(AGENT) Squad/Agencies/Agents/Ionic Symphonic Protonic Electronics
[LOG 19:07:45.364] Config(AGENT) Squad/Agencies/Agents/Jebediah Kerman's Junkyard and Spacecraft Parts Co
[LOG 19:07:45.364] Config(AGENT) Squad/Agencies/Agents/Kerbal Motion LLC
[LOG 19:07:45.364] Config(AGENT) Squad/Agencies/Agents/Kerbin World-Firsts Record-Keeping Society
[LOG 19:07:45.364] Config(AGENT) Squad/Agencies/Agents/Kerbodyne
[LOG 19:07:45.364] Config(AGENT) Squad/Agencies/Agents/Kerlington Model Rockets and Paper Products Inc
[LOG 19:07:45.364] Config(AGENT) Squad/Agencies/Agents/Maxo Construction Toys
[LOG 19:07:45.364] Config(AGENT) Squad/Agencies/Agents/Moving Parts Experts Group
[LOG 19:07:45.364] Config(AGENT) Squad/Agencies/Agents/O.M.B. Demolition Enterprises
[LOG 19:07:45.364] Config(AGENT) Squad/Agencies/Agents/Periapsis Rocket Supplies Co
[LOG 19:07:45.364] Config(AGENT) Squad/Agencies/Agents/Probodobodyne Inc
[LOG 19:07:45.364] Config(AGENT) Squad/Agencies/Agents/Research & Development Department
[LOG 19:07:45.364] Config(AGENT) Squad/Agencies/Agents/Reaction Systems Ltd
[LOG 19:07:45.364] Config(AGENT) Squad/Agencies/Agents/Rockomax Conglomerate
[LOG 19:07:45.364] Config(AGENT) Squad/Agencies/Agents/Rokea Inc
[LOG 19:07:45.364] Config(AGENT) Squad/Agencies/Agents/Sean's Cannery
[LOG 19:07:45.364] Config(AGENT) Squad/Agencies/Agents/STEADLER Engineering Corps
[LOG 19:07:45.364] Config(AGENT) Squad/Agencies/Agents/StrutCo
[LOG 19:07:45.365] Config(AGENT) Squad/Agencies/Agents/Vac-Co Advanced Suction Systems
[LOG 19:07:45.365] Config(AGENT) Squad/Agencies/Agents/WinterOwl Aircraft Emporium
[LOG 19:07:45.365] Config(AGENT) Squad/Agencies/Agents/Zaltonic Electronics
[LOG 19:07:45.365] Config(CONTRACT_CONSTRUCTION_PARTS) Squad/Contracts/constructionContractParts/CONTRACT_CONSTRUCTION_PARTS
[LOG 19:07:45.365] Config(Contracts) Squad/Contracts/Contracts/Contracts
[LOG 19:07:45.365] Config(CONTRACTCRAFT) Squad/Contracts/PrebuiltCraft/prebuiltData/CONTRACTCRAFT
[LOG 19:07:45.365] Config(CONTRACTCRAFT) Squad/Contracts/PrebuiltCraft/OrbitalConstructionContract/orbitalConstructionContractCraft/CONTRACTCRAFT
[LOG 19:07:45.365] Config(CONTRACTCRAFT) Squad/Contracts/PrebuiltCraft/RepairContract/repairContractCraft/CONTRACTCRAFT
[LOG 19:07:45.365] Config(CONTRACTCRAFT) Squad/Contracts/PrebuiltCraft/RoverContract/roverContractCraft/CONTRACTCRAFT
[LOG 19:07:45.365] Config(KEYBOARD_LAYOUT) Squad/Controls/Azerty/#autoLOC_6001233
[LOG 19:07:45.365] Config(PITCH_DOWN) Squad/Controls/Azerty/PITCH_DOWN
[LOG 19:07:45.365] Config(PITCH_UP) Squad/Controls/Azerty/PITCH_UP
[LOG 19:07:45.365] Config(YAW_LEFT) Squad/Controls/Azerty/YAW_LEFT
[LOG 19:07:45.365] Config(YAW_RIGHT) Squad/Controls/Azerty/YAW_RIGHT
[LOG 19:07:45.365] Config(ROLL_LEFT) Squad/Controls/Azerty/ROLL_LEFT
[LOG 19:07:45.365] Config(ROLL_RIGHT) Squad/Controls/Azerty/ROLL_RIGHT
[LOG 19:07:45.365] Config(THROTTLE_UP) Squad/Controls/Azerty/THROTTLE_UP
[LOG 19:07:45.365] Config(THROTTLE_DOWN) Squad/Controls/Azerty/THROTTLE_DOWN
[LOG 19:07:45.365] Config(SAS_HOLD) Squad/Controls/Azerty/SAS_HOLD
[LOG 19:07:45.365] Config(SAS_TOGGLE) Squad/Controls/Azerty/SAS_TOGGLE
[LOG 19:07:45.365] Config(LAUNCH_STAGES) Squad/Controls/Azerty/LAUNCH_STAGES
[LOG 19:07:45.365] Config(Docking_toggleRotLin) Squad/Controls/Azerty/Docking_toggleRotLin
[LOG 19:07:45.365] Config(CAMERA_MODE) Squad/Controls/Azerty/CAMERA_MODE
[LOG 19:07:45.365] Config(CAMERA_NEXT) Squad/Controls/Azerty/CAMERA_NEXT
[LOG 19:07:45.365] Config(PAUSE) Squad/Controls/Azerty/PAUSE
[LOG 19:07:45.365] Config(PRECISION_CTRL) Squad/Controls/Azerty/PRECISION_CTRL
[LOG 19:07:45.365] Config(ZOOM_IN) Squad/Controls/Azerty/ZOOM_IN
[LOG 19:07:45.365] Config(ZOOM_OUT) Squad/Controls/Azerty/ZOOM_OUT
[LOG 19:07:45.366] Config(SCROLL_VIEW_UP) Squad/Controls/Azerty/SCROLL_VIEW_UP
[LOG 19:07:45.366] Config(SCROLL_VIEW_DOWN) Squad/Controls/Azerty/SCROLL_VIEW_DOWN
[LOG 19:07:45.366] Config(SCROLL_ICONS_UP) Squad/Controls/Azerty/SCROLL_ICONS_UP
[LOG 19:07:45.366] Config(SCROLL_ICONS_DOWN) Squad/Controls/Azerty/SCROLL_ICONS_DOWN
[LOG 19:07:45.366] Config(CAMERA_ORBIT_UP) Squad/Controls/Azerty/CAMERA_ORBIT_UP
[LOG 19:07:45.366] Config(CAMERA_ORBIT_DOWN) Squad/Controls/Azerty/CAMERA_ORBIT_DOWN
[LOG 19:07:45.366] Config(CAMERA_ORBIT_LEFT) Squad/Controls/Azerty/CAMERA_ORBIT_LEFT
[LOG 19:07:45.366] Config(CAMERA_ORBIT_RIGHT) Squad/Controls/Azerty/CAMERA_ORBIT_RIGHT
[LOG 19:07:45.366] Config(CAMERA_RESET) Squad/Controls/Azerty/CAMERA_RESET
[LOG 19:07:45.366] Config(CAMERA_MOUSE_TOGGLE) Squad/Controls/Azerty/CAMERA_MOUSE_TOGGLE
[LOG 19:07:45.366] Config(TIME_WARP_INCREASE) Squad/Controls/Azerty/TIME_WARP_INCREASE
[LOG 19:07:45.366] Config(TIME_WARP_DECREASE) Squad/Controls/Azerty/TIME_WARP_DECREASE
[LOG 19:07:45.366] Config(TIME_WARP_STOP) Squad/Controls/Azerty/TIME_WARP_STOP
[LOG 19:07:45.366] Config(MAP_VIEW_TOGGLE) Squad/Controls/Azerty/MAP_VIEW_TOGGLE
[LOG 19:07:45.366] Config(NAVBALL_TOGGLE) Squad/Controls/Azerty/NAVBALL_TOGGLE
[LOG 19:07:45.366] Config(UIMODE_STAGING) Squad/Controls/Azerty/UIMODE_STAGING
[LOG 19:07:45.366] Config(UIMODE_DOCKING) Squad/Controls/Azerty/UIMODE_DOCKING
[LOG 19:07:45.366] Config(TRANSLATE_DOWN) Squad/Controls/Azerty/TRANSLATE_DOWN
[LOG 19:07:45.366] Config(TRANSLATE_UP) Squad/Controls/Azerty/TRANSLATE_UP
[LOG 19:07:45.366] Config(TRANSLATE_LEFT) Squad/Controls/Azerty/TRANSLATE_LEFT
[LOG 19:07:45.366] Config(TRANSLATE_RIGHT) Squad/Controls/Azerty/TRANSLATE_RIGHT
[LOG 19:07:45.366] Config(TRANSLATE_FWD) Squad/Controls/Azerty/TRANSLATE_FWD
[LOG 19:07:45.366] Config(TRANSLATE_BACK) Squad/Controls/Azerty/TRANSLATE_BACK
[LOG 19:07:45.366] Config(RCS_TOGGLE) Squad/Controls/Azerty/RCS_TOGGLE
[LOG 19:07:45.366] Config(FOCUS_NEXT_VESSEL) Squad/Controls/Azerty/FOCUS_NEXT_VESSEL
[LOG 19:07:45.366] Config(FOCUS_PREV_VESSEL) Squad/Controls/Azerty/FOCUS_PREV_VESSEL
[LOG 19:07:45.366] Config(TOGGLE_UI) Squad/Controls/Azerty/TOGGLE_UI
[LOG 19:07:45.366] Config(TOGGLE_STATUS_SCREEN) Squad/Controls/Azerty/TOGGLE_STATUS_SCREEN
[LOG 19:07:45.366] Config(TAKE_SCREENSHOT) Squad/Controls/Azerty/TAKE_SCREENSHOT
[LOG 19:07:45.366] Config(TOGGLE_LABELS) Squad/Controls/Azerty/TOGGLE_LABELS
[LOG 19:07:45.366] Config(TOGGLE_TEMP_GAUGES) Squad/Controls/Azerty/TOGGLE_TEMP_GAUGES
[LOG 19:07:45.367] Config(TOGGLE_TEMP_OVERLAY) Squad/Controls/Azerty/TOGGLE_TEMP_OVERLAY
[LOG 19:07:45.367] Config(TOGGLE_FLIGHT_FORCES) Squad/Controls/Azerty/TOGGLE_FLIGHT_FORCES
[LOG 19:07:45.367] Config(QUICKSAVE) Squad/Controls/Azerty/QUICKSAVE
[LOG 19:07:45.367] Config(QUICKLOAD) Squad/Controls/Azerty/QUICKLOAD
[LOG 19:07:45.367] Config(THROTTLE_CUTOFF) Squad/Controls/Azerty/THROTTLE_CUTOFF
[LOG 19:07:45.367] Config(THROTTLE_FULL) Squad/Controls/Azerty/THROTTLE_FULL
[LOG 19:07:45.367] Config(LANDING_GEAR) Squad/Controls/Azerty/LANDING_GEAR
[LOG 19:07:45.367] Config(HEADLIGHT_TOGGLE) Squad/Controls/Azerty/HEADLIGHT_TOGGLE
[LOG 19:07:45.367] Config(BRAKES) Squad/Controls/Azerty/BRAKES
[LOG 19:07:45.367] Config(TOGGLE_SPACENAV_FLIGHT_CONTROL) Squad/Controls/Azerty/TOGGLE_SPACENAV_FLIGHT_CONTROL
[LOG 19:07:45.367] Config(TOGGLE_SPACENAV_ROLL_LOCK) Squad/Controls/Azerty/TOGGLE_SPACENAV_ROLL_LOCK
[LOG 19:07:45.367] Config(WHEEL_STEER_LEFT) Squad/Controls/Azerty/WHEEL_STEER_LEFT
[LOG 19:07:45.367] Config(WHEEL_STEER_RIGHT) Squad/Controls/Azerty/WHEEL_STEER_RIGHT
[LOG 19:07:45.367] Config(WHEEL_THROTTLE_DOWN) Squad/Controls/Azerty/WHEEL_THROTTLE_DOWN
[LOG 19:07:45.367] Config(WHEEL_THROTTLE_UP) Squad/Controls/Azerty/WHEEL_THROTTLE_UP
[LOG 19:07:45.367] Config(EVA_forward) Squad/Controls/Azerty/EVA_forward
[LOG 19:07:45.367] Config(EVA_back) Squad/Controls/Azerty/EVA_back
[LOG 19:07:45.367] Config(EVA_left) Squad/Controls/Azerty/EVA_left
[LOG 19:07:45.367] Config(EVA_right) Squad/Controls/Azerty/EVA_right
[LOG 19:07:45.367] Config(EVA_yaw_left) Squad/Controls/Azerty/EVA_yaw_left
[LOG 19:07:45.367] Config(EVA_yaw_right) Squad/Controls/Azerty/EVA_yaw_right
[LOG 19:07:45.367] Config(EVA_Pack_forward) Squad/Controls/Azerty/EVA_Pack_forward
[LOG 19:07:45.367] Config(EVA_Pack_back) Squad/Controls/Azerty/EVA_Pack_back
[LOG 19:07:45.367] Config(EVA_Pack_left) Squad/Controls/Azerty/EVA_Pack_left
[LOG 19:07:45.367] Config(EVA_Pack_right) Squad/Controls/Azerty/EVA_Pack_right
[LOG 19:07:45.367] Config(EVA_Pack_up) Squad/Controls/Azerty/EVA_Pack_up
[LOG 19:07:45.367] Config(EVA_Pack_down) Squad/Controls/Azerty/EVA_Pack_down
[LOG 19:07:45.367] Config(EVA_Jump) Squad/Controls/Azerty/EVA_Jump
[LOG 19:07:45.367] Config(EVA_Run) Squad/Controls/Azerty/EVA_Run
[LOG 19:07:45.367] Config(EVA_ToggleMovementMode) Squad/Controls/Azerty/EVA_ToggleMovementMode
[LOG 19:07:45.367] Config(EVA_TogglePack) Squad/Controls/Azerty/EVA_TogglePack
[LOG 19:07:45.367] Config(EVA_Use) Squad/Controls/Azerty/EVA_Use
[LOG 19:07:45.368] Config(EVA_Board) Squad/Controls/Azerty/EVA_Board
[LOG 19:07:45.368] Config(EVA_Orient) Squad/Controls/Azerty/EVA_Orient
[LOG 19:07:45.368] Config(EVA_Lights) Squad/Controls/Azerty/EVA_Lights
[LOG 19:07:45.368] Config(EVA_ChuteDeploy) Squad/Controls/Azerty/EVA_ChuteDeploy
[LOG 19:07:45.368] Config(Editor_pitchUp) Squad/Controls/Azerty/Editor_pitchUp
[LOG 19:07:45.368] Config(Editor_pitchDown) Squad/Controls/Azerty/Editor_pitchDown
[LOG 19:07:45.368] Config(Editor_yawLeft) Squad/Controls/Azerty/Editor_yawLeft
[LOG 19:07:45.368] Config(Editor_yawRight) Squad/Controls/Azerty/Editor_yawRight
[LOG 19:07:45.368] Config(Editor_rollLeft) Squad/Controls/Azerty/Editor_rollLeft
[LOG 19:07:45.368] Config(Editor_rollRight) Squad/Controls/Azerty/Editor_rollRight
[LOG 19:07:45.368] Config(Editor_resetRotation) Squad/Controls/Azerty/Editor_resetRotation
[LOG 19:07:45.368] Config(Editor_modePlace) Squad/Controls/Azerty/Editor_modePlace
[LOG 19:07:45.368] Config(Editor_modeOffset) Squad/Controls/Azerty/Editor_modeOffset
[LOG 19:07:45.368] Config(Editor_modeRotate) Squad/Controls/Azerty/Editor_modeRotate
[LOG 19:07:45.368] Config(Editor_modeRoot) Squad/Controls/Azerty/Editor_modeRoot
[LOG 19:07:45.368] Config(Editor_coordSystem) Squad/Controls/Azerty/Editor_coordSystem
[LOG 19:07:45.368] Config(Editor_toggleSymMethod) Squad/Controls/Azerty/Editor_toggleSymMethod
[LOG 19:07:45.368] Config(Editor_toggleSymMode) Squad/Controls/Azerty/Editor_toggleSymMode
[LOG 19:07:45.368] Config(Editor_toggleAngleSnap) Squad/Controls/Azerty/Editor_toggleAngleSnap
[LOG 19:07:45.368] Config(Editor_fineTweak) Squad/Controls/Azerty/Editor_fineTweak
[LOG 19:07:45.368] Config(Editor_partSearch) Squad/Controls/Azerty/Editor_partSearch
[LOG 19:07:45.368] Config(Editor_zoomScrollModifier) Squad/Controls/Azerty/Editor_zoomScrollModifier
[LOG 19:07:45.368] Config(MODIFIER_KEY) Squad/Controls/Azerty/MODIFIER_KEY
[LOG 19:07:45.368] Config(AbortActionGroup) Squad/Controls/Azerty/AbortActionGroup
[LOG 19:07:45.368] Config(CustomActionGroup1) Squad/Controls/Azerty/CustomActionGroup1
[LOG 19:07:45.368] Config(CustomActionGroup2) Squad/Controls/Azerty/CustomActionGroup2
[LOG 19:07:45.368] Config(CustomActionGroup3) Squad/Controls/Azerty/CustomActionGroup3
[LOG 19:07:45.368] Config(CustomActionGroup4) Squad/Controls/Azerty/CustomActionGroup4
[LOG 19:07:45.368] Config(CustomActionGroup5) Squad/Controls/Azerty/CustomActionGroup5
[LOG 19:07:45.368] Config(CustomActionGroup6) Squad/Controls/Azerty/CustomActionGroup6
[LOG 19:07:45.368] Config(CustomActionGroup7) Squad/Controls/Azerty/CustomActionGroup7
[LOG 19:07:45.369] Config(CustomActionGroup8) Squad/Controls/Azerty/CustomActionGroup8
[LOG 19:07:45.369] Config(CustomActionGroup9) Squad/Controls/Azerty/CustomActionGroup9
[LOG 19:07:45.369] Config(CustomActionGroup10) Squad/Controls/Azerty/CustomActionGroup10
[LOG 19:07:45.369] Config(KEY_MAP) Squad/Controls/Azerty/KEY_MAP
[LOG 19:07:45.369] Config(KEYBOARD_LAYOUT) Squad/Controls/Dvorak/#autoLOC_6001234
[LOG 19:07:45.369] Config(PITCH_DOWN) Squad/Controls/Dvorak/PITCH_DOWN
[LOG 19:07:45.369] Config(PITCH_UP) Squad/Controls/Dvorak/PITCH_UP
[LOG 19:07:45.369] Config(YAW_LEFT) Squad/Controls/Dvorak/YAW_LEFT
[LOG 19:07:45.369] Config(YAW_RIGHT) Squad/Controls/Dvorak/YAW_RIGHT
[LOG 19:07:45.369] Config(ROLL_LEFT) Squad/Controls/Dvorak/ROLL_LEFT
[LOG 19:07:45.369] Config(ROLL_RIGHT) Squad/Controls/Dvorak/ROLL_RIGHT
[LOG 19:07:45.369] Config(THROTTLE_UP) Squad/Controls/Dvorak/THROTTLE_UP
[LOG 19:07:45.369] Config(THROTTLE_DOWN) Squad/Controls/Dvorak/THROTTLE_DOWN
[LOG 19:07:45.369] Config(SAS_HOLD) Squad/Controls/Dvorak/SAS_HOLD
[LOG 19:07:45.369] Config(SAS_TOGGLE) Squad/Controls/Dvorak/SAS_TOGGLE
[LOG 19:07:45.369] Config(LAUNCH_STAGES) Squad/Controls/Dvorak/LAUNCH_STAGES
[LOG 19:07:45.369] Config(Docking_toggleRotLin) Squad/Controls/Dvorak/Docking_toggleRotLin
[LOG 19:07:45.369] Config(CAMERA_MODE) Squad/Controls/Dvorak/CAMERA_MODE
[LOG 19:07:45.369] Config(CAMERA_NEXT) Squad/Controls/Dvorak/CAMERA_NEXT
[LOG 19:07:45.369] Config(PAUSE) Squad/Controls/Dvorak/PAUSE
[LOG 19:07:45.369] Config(PRECISION_CTRL) Squad/Controls/Dvorak/PRECISION_CTRL
[LOG 19:07:45.369] Config(ZOOM_IN) Squad/Controls/Dvorak/ZOOM_IN
[LOG 19:07:45.369] Config(ZOOM_OUT) Squad/Controls/Dvorak/ZOOM_OUT
[LOG 19:07:45.369] Config(SCROLL_VIEW_UP) Squad/Controls/Dvorak/SCROLL_VIEW_UP
[LOG 19:07:45.369] Config(SCROLL_VIEW_DOWN) Squad/Controls/Dvorak/SCROLL_VIEW_DOWN
[LOG 19:07:45.369] Config(SCROLL_ICONS_UP) Squad/Controls/Dvorak/SCROLL_ICONS_UP
[LOG 19:07:45.369] Config(SCROLL_ICONS_DOWN) Squad/Controls/Dvorak/SCROLL_ICONS_DOWN
[LOG 19:07:45.369] Config(CAMERA_ORBIT_UP) Squad/Controls/Dvorak/CAMERA_ORBIT_UP
[LOG 19:07:45.369] Config(CAMERA_ORBIT_DOWN) Squad/Controls/Dvorak/CAMERA_ORBIT_DOWN
[LOG 19:07:45.369] Config(CAMERA_ORBIT_LEFT) Squad/Controls/Dvorak/CAMERA_ORBIT_LEFT
[LOG 19:07:45.369] Config(CAMERA_ORBIT_RIGHT) Squad/Controls/Dvorak/CAMERA_ORBIT_RIGHT
[LOG 19:07:45.370] Config(CAMERA_RESET) Squad/Controls/Dvorak/CAMERA_RESET
[LOG 19:07:45.370] Config(CAMERA_MOUSE_TOGGLE) Squad/Controls/Dvorak/CAMERA_MOUSE_TOGGLE
[LOG 19:07:45.370] Config(TIME_WARP_INCREASE) Squad/Controls/Dvorak/TIME_WARP_INCREASE
[LOG 19:07:45.370] Config(TIME_WARP_DECREASE) Squad/Controls/Dvorak/TIME_WARP_DECREASE
[LOG 19:07:45.370] Config(TIME_WARP_STOP) Squad/Controls/Dvorak/TIME_WARP_STOP
[LOG 19:07:45.370] Config(MAP_VIEW_TOGGLE) Squad/Controls/Dvorak/MAP_VIEW_TOGGLE
[LOG 19:07:45.370] Config(NAVBALL_TOGGLE) Squad/Controls/Dvorak/NAVBALL_TOGGLE
[LOG 19:07:45.370] Config(UIMODE_STAGING) Squad/Controls/Dvorak/UIMODE_STAGING
[LOG 19:07:45.370] Config(UIMODE_DOCKING) Squad/Controls/Dvorak/UIMODE_DOCKING
[LOG 19:07:45.370] Config(TRANSLATE_DOWN) Squad/Controls/Dvorak/TRANSLATE_DOWN
[LOG 19:07:45.370] Config(TRANSLATE_UP) Squad/Controls/Dvorak/TRANSLATE_UP
[LOG 19:07:45.370] Config(TRANSLATE_LEFT) Squad/Controls/Dvorak/TRANSLATE_LEFT
[LOG 19:07:45.370] Config(TRANSLATE_RIGHT) Squad/Controls/Dvorak/TRANSLATE_RIGHT
[LOG 19:07:45.370] Config(TRANSLATE_FWD) Squad/Controls/Dvorak/TRANSLATE_FWD
[LOG 19:07:45.370] Config(TRANSLATE_BACK) Squad/Controls/Dvorak/TRANSLATE_BACK
[LOG 19:07:45.370] Config(RCS_TOGGLE) Squad/Controls/Dvorak/RCS_TOGGLE
[LOG 19:07:45.370] Config(FOCUS_NEXT_VESSEL) Squad/Controls/Dvorak/FOCUS_NEXT_VESSEL
[LOG 19:07:45.370] Config(FOCUS_PREV_VESSEL) Squad/Controls/Dvorak/FOCUS_PREV_VESSEL
[LOG 19:07:45.370] Config(TOGGLE_UI) Squad/Controls/Dvorak/TOGGLE_UI
[LOG 19:07:45.370] Config(TOGGLE_STATUS_SCREEN) Squad/Controls/Dvorak/TOGGLE_STATUS_SCREEN
[LOG 19:07:45.370] Config(TAKE_SCREENSHOT) Squad/Controls/Dvorak/TAKE_SCREENSHOT
[LOG 19:07:45.370] Config(TOGGLE_LABELS) Squad/Controls/Dvorak/TOGGLE_LABELS
[LOG 19:07:45.370] Config(TOGGLE_TEMP_GAUGES) Squad/Controls/Dvorak/TOGGLE_TEMP_GAUGES
[LOG 19:07:45.370] Config(TOGGLE_TEMP_OVERLAY) Squad/Controls/Dvorak/TOGGLE_TEMP_OVERLAY
[LOG 19:07:45.370] Config(TOGGLE_FLIGHT_FORCES) Squad/Controls/Dvorak/TOGGLE_FLIGHT_FORCES
[LOG 19:07:45.370] Config(QUICKSAVE) Squad/Controls/Dvorak/QUICKSAVE
[LOG 19:07:45.370] Config(QUICKLOAD) Squad/Controls/Dvorak/QUICKLOAD
[LOG 19:07:45.370] Config(THROTTLE_CUTOFF) Squad/Controls/Dvorak/THROTTLE_CUTOFF
[LOG 19:07:45.370] Config(THROTTLE_FULL) Squad/Controls/Dvorak/THROTTLE_FULL
[LOG 19:07:45.371] Config(LANDING_GEAR) Squad/Controls/Dvorak/LANDING_GEAR
[LOG 19:07:45.371] Config(HEADLIGHT_TOGGLE) Squad/Controls/Dvorak/HEADLIGHT_TOGGLE
[LOG 19:07:45.371] Config(BRAKES) Squad/Controls/Dvorak/BRAKES
[LOG 19:07:45.371] Config(TOGGLE_SPACENAV_FLIGHT_CONTROL) Squad/Controls/Dvorak/TOGGLE_SPACENAV_FLIGHT_CONTROL
[LOG 19:07:45.371] Config(TOGGLE_SPACENAV_ROLL_LOCK) Squad/Controls/Dvorak/TOGGLE_SPACENAV_ROLL_LOCK
[LOG 19:07:45.371] Config(WHEEL_STEER_LEFT) Squad/Controls/Dvorak/WHEEL_STEER_LEFT
[LOG 19:07:45.371] Config(WHEEL_STEER_RIGHT) Squad/Controls/Dvorak/WHEEL_STEER_RIGHT
[LOG 19:07:45.371] Config(WHEEL_THROTTLE_DOWN) Squad/Controls/Dvorak/WHEEL_THROTTLE_DOWN
[LOG 19:07:45.371] Config(WHEEL_THROTTLE_UP) Squad/Controls/Dvorak/WHEEL_THROTTLE_UP
[LOG 19:07:45.371] Config(EVA_forward) Squad/Controls/Dvorak/EVA_forward
[LOG 19:07:45.371] Config(EVA_back) Squad/Controls/Dvorak/EVA_back
[LOG 19:07:45.371] Config(EVA_left) Squad/Controls/Dvorak/EVA_left
[LOG 19:07:45.371] Config(EVA_right) Squad/Controls/Dvorak/EVA_right
[LOG 19:07:45.371] Config(EVA_yaw_left) Squad/Controls/Dvorak/EVA_yaw_left
[LOG 19:07:45.371] Config(EVA_yaw_right) Squad/Controls/Dvorak/EVA_yaw_right
[LOG 19:07:45.371] Config(EVA_Pack_forward) Squad/Controls/Dvorak/EVA_Pack_forward
[LOG 19:07:45.371] Config(EVA_Pack_back) Squad/Controls/Dvorak/EVA_Pack_back
[LOG 19:07:45.371] Config(EVA_Pack_left) Squad/Controls/Dvorak/EVA_Pack_left
[LOG 19:07:45.371] Config(EVA_Pack_right) Squad/Controls/Dvorak/EVA_Pack_right
[LOG 19:07:45.371] Config(EVA_Pack_up) Squad/Controls/Dvorak/EVA_Pack_up
[LOG 19:07:45.371] Config(EVA_Pack_down) Squad/Controls/Dvorak/EVA_Pack_down
[LOG 19:07:45.371] Config(EVA_Jump) Squad/Controls/Dvorak/EVA_Jump
[LOG 19:07:45.371] Config(EVA_Run) Squad/Controls/Dvorak/EVA_Run
[LOG 19:07:45.371] Config(EVA_ToggleMovementMode) Squad/Controls/Dvorak/EVA_ToggleMovementMode
[LOG 19:07:45.371] Config(EVA_TogglePack) Squad/Controls/Dvorak/EVA_TogglePack
[LOG 19:07:45.371] Config(EVA_Use) Squad/Controls/Dvorak/EVA_Use
[LOG 19:07:45.371] Config(EVA_Board) Squad/Controls/Dvorak/EVA_Board
[LOG 19:07:45.372] Config(EVA_Orient) Squad/Controls/Dvorak/EVA_Orient
[LOG 19:07:45.372] Config(EVA_Lights) Squad/Controls/Dvorak/EVA_Lights
[LOG 19:07:45.372] Config(EVA_ChuteDeploy) Squad/Controls/Dvorak/EVA_ChuteDeploy
[LOG 19:07:45.372] Config(Editor_pitchUp) Squad/Controls/Dvorak/Editor_pitchUp
[LOG 19:07:45.372] Config(Editor_pitchDown) Squad/Controls/Dvorak/Editor_pitchDown
[LOG 19:07:45.372] Config(Editor_yawLeft) Squad/Controls/Dvorak/Editor_yawLeft
[LOG 19:07:45.372] Config(Editor_yawRight) Squad/Controls/Dvorak/Editor_yawRight
[LOG 19:07:45.372] Config(Editor_rollLeft) Squad/Controls/Dvorak/Editor_rollLeft
[LOG 19:07:45.372] Config(Editor_rollRight) Squad/Controls/Dvorak/Editor_rollRight
[LOG 19:07:45.372] Config(Editor_resetRotation) Squad/Controls/Dvorak/Editor_resetRotation
[LOG 19:07:45.372] Config(Editor_modePlace) Squad/Controls/Dvorak/Editor_modePlace
[LOG 19:07:45.372] Config(Editor_modeOffset) Squad/Controls/Dvorak/Editor_modeOffset
[LOG 19:07:45.372] Config(Editor_modeRotate) Squad/Controls/Dvorak/Editor_modeRotate
[LOG 19:07:45.372] Config(Editor_modeRoot) Squad/Controls/Dvorak/Editor_modeRoot
[LOG 19:07:45.372] Config(Editor_coordSystem) Squad/Controls/Dvorak/Editor_coordSystem
[LOG 19:07:45.372] Config(Editor_toggleSymMethod) Squad/Controls/Dvorak/Editor_toggleSymMethod
[LOG 19:07:45.372] Config(Editor_toggleSymMode) Squad/Controls/Dvorak/Editor_toggleSymMode
[LOG 19:07:45.372] Config(Editor_toggleAngleSnap) Squad/Controls/Dvorak/Editor_toggleAngleSnap
[LOG 19:07:45.372] Config(Editor_fineTweak) Squad/Controls/Dvorak/Editor_fineTweak
[LOG 19:07:45.372] Config(Editor_partSearch) Squad/Controls/Dvorak/Editor_partSearch
[LOG 19:07:45.372] Config(Editor_zoomScrollModifier) Squad/Controls/Dvorak/Editor_zoomScrollModifier
[LOG 19:07:45.372] Config(MODIFIER_KEY) Squad/Controls/Dvorak/MODIFIER_KEY
[LOG 19:07:45.372] Config(AbortActionGroup) Squad/Controls/Dvorak/AbortActionGroup
[LOG 19:07:45.372] Config(CustomActionGroup1) Squad/Controls/Dvorak/CustomActionGroup1
[LOG 19:07:45.372] Config(CustomActionGroup2) Squad/Controls/Dvorak/CustomActionGroup2
[LOG 19:07:45.372] Config(CustomActionGroup3) Squad/Controls/Dvorak/CustomActionGroup3
[LOG 19:07:45.372] Config(CustomActionGroup4) Squad/Controls/Dvorak/CustomActionGroup4
[LOG 19:07:45.372] Config(CustomActionGroup5) Squad/Controls/Dvorak/CustomActionGroup5
[LOG 19:07:45.372] Config(CustomActionGroup6) Squad/Controls/Dvorak/CustomActionGroup6
[LOG 19:07:45.372] Config(CustomActionGroup7) Squad/Controls/Dvorak/CustomActionGroup7
[LOG 19:07:45.372] Config(CustomActionGroup8) Squad/Controls/Dvorak/CustomActionGroup8
[LOG 19:07:45.373] Config(CustomActionGroup9) Squad/Controls/Dvorak/CustomActionGroup9
[LOG 19:07:45.373] Config(CustomActionGroup10) Squad/Controls/Dvorak/CustomActionGroup10
[LOG 19:07:45.373] Config(KEY_MAP) Squad/Controls/Dvorak/KEY_MAP
[LOG 19:07:45.373] Config(KEYBOARD_LAYOUT) Squad/Controls/Qwerty/#autoLOC_6001227
[LOG 19:07:45.373] Config(PITCH_DOWN) Squad/Controls/Qwerty/PITCH_DOWN
[LOG 19:07:45.373] Config(PITCH_UP) Squad/Controls/Qwerty/PITCH_UP
[LOG 19:07:45.373] Config(YAW_LEFT) Squad/Controls/Qwerty/YAW_LEFT
[LOG 19:07:45.373] Config(YAW_RIGHT) Squad/Controls/Qwerty/YAW_RIGHT
[LOG 19:07:45.373] Config(ROLL_LEFT) Squad/Controls/Qwerty/ROLL_LEFT
[LOG 19:07:45.373] Config(ROLL_RIGHT) Squad/Controls/Qwerty/ROLL_RIGHT
[LOG 19:07:45.373] Config(THROTTLE_UP) Squad/Controls/Qwerty/THROTTLE_UP
[LOG 19:07:45.373] Config(THROTTLE_DOWN) Squad/Controls/Qwerty/THROTTLE_DOWN
[LOG 19:07:45.373] Config(SAS_HOLD) Squad/Controls/Qwerty/SAS_HOLD
[LOG 19:07:45.373] Config(SAS_TOGGLE) Squad/Controls/Qwerty/SAS_TOGGLE
[LOG 19:07:45.373] Config(LAUNCH_STAGES) Squad/Controls/Qwerty/LAUNCH_STAGES
[LOG 19:07:45.373] Config(Docking_toggleRotLin) Squad/Controls/Qwerty/Docking_toggleRotLin
[LOG 19:07:45.373] Config(CAMERA_MODE) Squad/Controls/Qwerty/CAMERA_MODE
[LOG 19:07:45.373] Config(CAMERA_NEXT) Squad/Controls/Qwerty/CAMERA_NEXT
[LOG 19:07:45.373] Config(PAUSE) Squad/Controls/Qwerty/PAUSE
[LOG 19:07:45.373] Config(PRECISION_CTRL) Squad/Controls/Qwerty/PRECISION_CTRL
[LOG 19:07:45.373] Config(ZOOM_IN) Squad/Controls/Qwerty/ZOOM_IN
[LOG 19:07:45.373] Config(ZOOM_OUT) Squad/Controls/Qwerty/ZOOM_OUT
[LOG 19:07:45.373] Config(SCROLL_VIEW_UP) Squad/Controls/Qwerty/SCROLL_VIEW_UP
[LOG 19:07:45.373] Config(SCROLL_VIEW_DOWN) Squad/Controls/Qwerty/SCROLL_VIEW_DOWN
[LOG 19:07:45.373] Config(SCROLL_ICONS_UP) Squad/Controls/Qwerty/SCROLL_ICONS_UP
[LOG 19:07:45.373] Config(SCROLL_ICONS_DOWN) Squad/Controls/Qwerty/SCROLL_ICONS_DOWN
[LOG 19:07:45.373] Config(CAMERA_ORBIT_UP) Squad/Controls/Qwerty/CAMERA_ORBIT_UP
[LOG 19:07:45.373] Config(CAMERA_ORBIT_DOWN) Squad/Controls/Qwerty/CAMERA_ORBIT_DOWN
[LOG 19:07:45.373] Config(CAMERA_ORBIT_LEFT) Squad/Controls/Qwerty/CAMERA_ORBIT_LEFT
[LOG 19:07:45.374] Config(CAMERA_ORBIT_RIGHT) Squad/Controls/Qwerty/CAMERA_ORBIT_RIGHT
[LOG 19:07:45.374] Config(CAMERA_RESET) Squad/Controls/Qwerty/CAMERA_RESET
[LOG 19:07:45.374] Config(CAMERA_MOUSE_TOGGLE) Squad/Controls/Qwerty/CAMERA_MOUSE_TOGGLE
[LOG 19:07:45.374] Config(TIME_WARP_INCREASE) Squad/Controls/Qwerty/TIME_WARP_INCREASE
[LOG 19:07:45.374] Config(TIME_WARP_DECREASE) Squad/Controls/Qwerty/TIME_WARP_DECREASE
[LOG 19:07:45.374] Config(TIME_WARP_STOP) Squad/Controls/Qwerty/TIME_WARP_STOP
[LOG 19:07:45.374] Config(MAP_VIEW_TOGGLE) Squad/Controls/Qwerty/MAP_VIEW_TOGGLE
[LOG 19:07:45.374] Config(NAVBALL_TOGGLE) Squad/Controls/Qwerty/NAVBALL_TOGGLE
[LOG 19:07:45.374] Config(UIMODE_STAGING) Squad/Controls/Qwerty/UIMODE_STAGING
[LOG 19:07:45.374] Config(UIMODE_DOCKING) Squad/Controls/Qwerty/UIMODE_DOCKING
[LOG 19:07:45.374] Config(TRANSLATE_DOWN) Squad/Controls/Qwerty/TRANSLATE_DOWN
[LOG 19:07:45.374] Config(TRANSLATE_UP) Squad/Controls/Qwerty/TRANSLATE_UP
[LOG 19:07:45.374] Config(TRANSLATE_LEFT) Squad/Controls/Qwerty/TRANSLATE_LEFT
[LOG 19:07:45.374] Config(TRANSLATE_RIGHT) Squad/Controls/Qwerty/TRANSLATE_RIGHT
[LOG 19:07:45.374] Config(TRANSLATE_FWD) Squad/Controls/Qwerty/TRANSLATE_FWD
[LOG 19:07:45.374] Config(TRANSLATE_BACK) Squad/Controls/Qwerty/TRANSLATE_BACK
[LOG 19:07:45.374] Config(RCS_TOGGLE) Squad/Controls/Qwerty/RCS_TOGGLE
[LOG 19:07:45.374] Config(FOCUS_NEXT_VESSEL) Squad/Controls/Qwerty/FOCUS_NEXT_VESSEL
[LOG 19:07:45.374] Config(FOCUS_PREV_VESSEL) Squad/Controls/Qwerty/FOCUS_PREV_VESSEL
[LOG 19:07:45.374] Config(TOGGLE_UI) Squad/Controls/Qwerty/TOGGLE_UI
[LOG 19:07:45.374] Config(TOGGLE_STATUS_SCREEN) Squad/Controls/Qwerty/TOGGLE_STATUS_SCREEN
[LOG 19:07:45.374] Config(TAKE_SCREENSHOT) Squad/Controls/Qwerty/TAKE_SCREENSHOT
[LOG 19:07:45.374] Config(TOGGLE_LABELS) Squad/Controls/Qwerty/TOGGLE_LABELS
[LOG 19:07:45.374] Config(TOGGLE_TEMP_GAUGES) Squad/Controls/Qwerty/TOGGLE_TEMP_GAUGES
[LOG 19:07:45.374] Config(TOGGLE_TEMP_OVERLAY) Squad/Controls/Qwerty/TOGGLE_TEMP_OVERLAY
[LOG 19:07:45.374] Config(TOGGLE_FLIGHT_FORCES) Squad/Controls/Qwerty/TOGGLE_FLIGHT_FORCES
[LOG 19:07:45.374] Config(QUICKSAVE) Squad/Controls/Qwerty/QUICKSAVE
[LOG 19:07:45.374] Config(QUICKLOAD) Squad/Controls/Qwerty/QUICKLOAD
[LOG 19:07:45.374] Config(THROTTLE_CUTOFF) Squad/Controls/Qwerty/THROTTLE_CUTOFF
[LOG 19:07:45.374] Config(THROTTLE_FULL) Squad/Controls/Qwerty/THROTTLE_FULL
[LOG 19:07:45.375] Config(LANDING_GEAR) Squad/Controls/Qwerty/LANDING_GEAR
[LOG 19:07:45.375] Config(HEADLIGHT_TOGGLE) Squad/Controls/Qwerty/HEADLIGHT_TOGGLE
[LOG 19:07:45.375] Config(BRAKES) Squad/Controls/Qwerty/BRAKES
[LOG 19:07:45.375] Config(TOGGLE_SPACENAV_FLIGHT_CONTROL) Squad/Controls/Qwerty/TOGGLE_SPACENAV_FLIGHT_CONTROL
[LOG 19:07:45.375] Config(TOGGLE_SPACENAV_ROLL_LOCK) Squad/Controls/Qwerty/TOGGLE_SPACENAV_ROLL_LOCK
[LOG 19:07:45.375] Config(WHEEL_STEER_LEFT) Squad/Controls/Qwerty/WHEEL_STEER_LEFT
[LOG 19:07:45.375] Config(WHEEL_STEER_RIGHT) Squad/Controls/Qwerty/WHEEL_STEER_RIGHT
[LOG 19:07:45.375] Config(WHEEL_THROTTLE_DOWN) Squad/Controls/Qwerty/WHEEL_THROTTLE_DOWN
[LOG 19:07:45.375] Config(WHEEL_THROTTLE_UP) Squad/Controls/Qwerty/WHEEL_THROTTLE_UP
[LOG 19:07:45.375] Config(EVA_forward) Squad/Controls/Qwerty/EVA_forward
[LOG 19:07:45.375] Config(EVA_back) Squad/Controls/Qwerty/EVA_back
[LOG 19:07:45.375] Config(EVA_left) Squad/Controls/Qwerty/EVA_left
[LOG 19:07:45.375] Config(EVA_right) Squad/Controls/Qwerty/EVA_right
[LOG 19:07:45.375] Config(EVA_yaw_left) Squad/Controls/Qwerty/EVA_yaw_left
[LOG 19:07:45.375] Config(EVA_yaw_right) Squad/Controls/Qwerty/EVA_yaw_right
[LOG 19:07:45.375] Config(EVA_Pack_forward) Squad/Controls/Qwerty/EVA_Pack_forward
[LOG 19:07:45.375] Config(EVA_Pack_back) Squad/Controls/Qwerty/EVA_Pack_back
[LOG 19:07:45.375] Config(EVA_Pack_left) Squad/Controls/Qwerty/EVA_Pack_left
[LOG 19:07:45.375] Config(EVA_Pack_right) Squad/Controls/Qwerty/EVA_Pack_right
[LOG 19:07:45.375] Config(EVA_Pack_up) Squad/Controls/Qwerty/EVA_Pack_up
[LOG 19:07:45.375] Config(EVA_Pack_down) Squad/Controls/Qwerty/EVA_Pack_down
[LOG 19:07:45.375] Config(EVA_Jump) Squad/Controls/Qwerty/EVA_Jump
[LOG 19:07:45.375] Config(EVA_Run) Squad/Controls/Qwerty/EVA_Run
[LOG 19:07:45.376] Config(EVA_ToggleMovementMode) Squad/Controls/Qwerty/EVA_ToggleMovementMode
[LOG 19:07:45.376] Config(EVA_TogglePack) Squad/Controls/Qwerty/EVA_TogglePack
[LOG 19:07:45.376] Config(EVA_Use) Squad/Controls/Qwerty/EVA_Use
[LOG 19:07:45.376] Config(EVA_Board) Squad/Controls/Qwerty/EVA_Board
[LOG 19:07:45.376] Config(EVA_Orient) Squad/Controls/Qwerty/EVA_Orient
[LOG 19:07:45.376] Config(EVA_Lights) Squad/Controls/Qwerty/EVA_Lights
[LOG 19:07:45.376] Config(EVA_ChuteDeploy) Squad/Controls/Qwerty/EVA_ChuteDeploy
[LOG 19:07:45.376] Config(Editor_pitchUp) Squad/Controls/Qwerty/Editor_pitchUp
[LOG 19:07:45.376] Config(Editor_pitchDown) Squad/Controls/Qwerty/Editor_pitchDown
[LOG 19:07:45.376] Config(Editor_yawLeft) Squad/Controls/Qwerty/Editor_yawLeft
[LOG 19:07:45.376] Config(Editor_yawRight) Squad/Controls/Qwerty/Editor_yawRight
[LOG 19:07:45.376] Config(Editor_rollLeft) Squad/Controls/Qwerty/Editor_rollLeft
[LOG 19:07:45.376] Config(Editor_rollRight) Squad/Controls/Qwerty/Editor_rollRight
[LOG 19:07:45.376] Config(Editor_resetRotation) Squad/Controls/Qwerty/Editor_resetRotation
[LOG 19:07:45.376] Config(Editor_modePlace) Squad/Controls/Qwerty/Editor_modePlace
[LOG 19:07:45.376] Config(Editor_modeOffset) Squad/Controls/Qwerty/Editor_modeOffset
[LOG 19:07:45.376] Config(Editor_modeRotate) Squad/Controls/Qwerty/Editor_modeRotate
[LOG 19:07:45.376] Config(Editor_modeRoot) Squad/Controls/Qwerty/Editor_modeRoot
[LOG 19:07:45.376] Config(Editor_coordSystem) Squad/Controls/Qwerty/Editor_coordSystem
[LOG 19:07:45.376] Config(Editor_toggleSymMethod) Squad/Controls/Qwerty/Editor_toggleSymMethod
[LOG 19:07:45.376] Config(Editor_toggleSymMode) Squad/Controls/Qwerty/Editor_toggleSymMode
[LOG 19:07:45.376] Config(Editor_toggleAngleSnap) Squad/Controls/Qwerty/Editor_toggleAngleSnap
[LOG 19:07:45.376] Config(Editor_fineTweak) Squad/Controls/Qwerty/Editor_fineTweak
[LOG 19:07:45.376] Config(Editor_partSearch) Squad/Controls/Qwerty/Editor_partSearch
[LOG 19:07:45.376] Config(Editor_zoomScrollModifier) Squad/Controls/Qwerty/Editor_zoomScrollModifier
[LOG 19:07:45.376] Config(MODIFIER_KEY) Squad/Controls/Qwerty/MODIFIER_KEY
[LOG 19:07:45.376] Config(AbortActionGroup) Squad/Controls/Qwerty/AbortActionGroup
[LOG 19:07:45.376] Config(CustomActionGroup1) Squad/Controls/Qwerty/CustomActionGroup1
[LOG 19:07:45.376] Config(CustomActionGroup2) Squad/Controls/Qwerty/CustomActionGroup2
[LOG 19:07:45.377] Config(CustomActionGroup3) Squad/Controls/Qwerty/CustomActionGroup3
[LOG 19:07:45.377] Config(CustomActionGroup4) Squad/Controls/Qwerty/CustomActionGroup4
[LOG 19:07:45.377] Config(CustomActionGroup5) Squad/Controls/Qwerty/CustomActionGroup5
[LOG 19:07:45.377] Config(CustomActionGroup6) Squad/Controls/Qwerty/CustomActionGroup6
[LOG 19:07:45.377] Config(CustomActionGroup7) Squad/Controls/Qwerty/CustomActionGroup7
[LOG 19:07:45.377] Config(CustomActionGroup8) Squad/Controls/Qwerty/CustomActionGroup8
[LOG 19:07:45.377] Config(CustomActionGroup9) Squad/Controls/Qwerty/CustomActionGroup9
[LOG 19:07:45.377] Config(CustomActionGroup10) Squad/Controls/Qwerty/CustomActionGroup10
[LOG 19:07:45.377] Config(KEY_MAP) Squad/Controls/Qwerty/KEY_MAP
[LOG 19:07:45.377] Config(KEYBOARD_LAYOUT) Squad/Controls/Qwerty_en-GB/#autoLOC_6001228
[LOG 19:07:45.377] Config(KEY_MAP) Squad/Controls/Qwerty_en-GB/KEY_MAP
[LOG 19:07:45.377] Config(KEYBOARD_LAYOUT) Squad/Controls/Qwerty_es-LA/#autoLOC_6001229
[LOG 19:07:45.377] Config(CAMERA_MOUSE_TOGGLE) Squad/Controls/Qwerty_es-LA/CAMERA_MOUSE_TOGGLE
[LOG 19:07:45.377] Config(TIME_WARP_STOP) Squad/Controls/Qwerty_es-LA/TIME_WARP_STOP
[LOG 19:07:45.377] Config(FOCUS_NEXT_VESSEL) Squad/Controls/Qwerty_es-LA/FOCUS_NEXT_VESSEL
[LOG 19:07:45.377] Config(FOCUS_PREV_VESSEL) Squad/Controls/Qwerty_es-LA/FOCUS_PREV_VESSEL
[LOG 19:07:45.377] Config(CAMERA_RESET) Squad/Controls/Qwerty_es-LA/CAMERA_RESET
[LOG 19:07:45.377] Config(Editor_partSearch) Squad/Controls/Qwerty_es-LA/Editor_partSearch
[LOG 19:07:45.377] Config(KEY_MAP) Squad/Controls/Qwerty_es-LA/KEY_MAP
[LOG 19:07:45.377] Config(KEYBOARD_LAYOUT) Squad/Controls/Qwerty_it-IT/#autoLOC_6001230
[LOG 19:07:45.377] Config(FOCUS_NEXT_VESSEL) Squad/Controls/Qwerty_it-IT/FOCUS_NEXT_VESSEL
[LOG 19:07:45.377] Config(FOCUS_PREV_VESSEL) Squad/Controls/Qwerty_it-IT/FOCUS_PREV_VESSEL
[LOG 19:07:45.377] Config(CAMERA_MOUSE_TOGGLE) Squad/Controls/Qwerty_it-IT/CAMERA_MOUSE_TOGGLE
[LOG 19:07:45.377] Config(TIME_WARP_STOP) Squad/Controls/Qwerty_it-IT/TIME_WARP_STOP
[LOG 19:07:45.377] Config(CAMERA_RESET) Squad/Controls/Qwerty_it-IT/CAMERA_RESET
[LOG 19:07:45.377] Config(Editor_partSearch) Squad/Controls/Qwerty_it-IT/Editor_partSearch
[LOG 19:07:45.377] Config(KEY_MAP) Squad/Controls/Qwerty_it-IT/KEY_MAP
[LOG 19:07:45.377] Config(KEYBOARD_LAYOUT) Squad/Controls/Qwerty_ja-JP/#autoLOC_6001231
[LOG 19:07:45.377] Config(FOCUS_NEXT_VESSEL) Squad/Controls/Qwerty_ja-JP/FOCUS_NEXT_VESSEL
[LOG 19:07:45.377] Config(FOCUS_PREV_VESSEL) Squad/Controls/Qwerty_ja-JP/FOCUS_PREV_VESSEL
[LOG 19:07:45.377] Config(PRECISION_CTRL) Squad/Controls/Qwerty_ja-JP/PRECISION_CTRL
[LOG 19:07:45.378] Config(CAMERA_MOUSE_TOGGLE) Squad/Controls/Qwerty_ja-JP/CAMERA_MOUSE_TOGGLE
[LOG 19:07:45.378] Config(Editor_partSearch) Squad/Controls/Qwerty_ja-JP/Editor_partSearch
[LOG 19:07:45.378] Config(CAMERA_RESET) Squad/Controls/Qwerty_ja-JP/CAMERA_RESET
[LOG 19:07:45.378] Config(KEY_MAP) Squad/Controls/Qwerty_ja-JP/KEY_MAP
[LOG 19:07:45.378] Config(KEYBOARD_LAYOUT) Squad/Controls/Qwerty_pt-PT/#autoLOC_6001230
[LOG 19:07:45.378] Config(FOCUS_NEXT_VESSEL) Squad/Controls/Qwerty_pt-PT/FOCUS_NEXT_VESSEL
[LOG 19:07:45.378] Config(FOCUS_PREV_VESSEL) Squad/Controls/Qwerty_pt-PT/FOCUS_PREV_VESSEL
[LOG 19:07:45.378] Config(CAMERA_MOUSE_TOGGLE) Squad/Controls/Qwerty_pt-PT/CAMERA_MOUSE_TOGGLE
[LOG 19:07:45.378] Config(TIME_WARP_STOP) Squad/Controls/Qwerty_pt-PT/TIME_WARP_STOP
[LOG 19:07:45.378] Config(CAMERA_RESET) Squad/Controls/Qwerty_pt-PT/CAMERA_RESET
[LOG 19:07:45.378] Config(Editor_partSearch) Squad/Controls/Qwerty_pt-PT/Editor_partSearch
[LOG 19:07:45.378] Config(KEY_MAP) Squad/Controls/Qwerty_pt-PT/KEY_MAP
[LOG 19:07:45.378] Config(KEYBOARD_LAYOUT) Squad/Controls/Qwertz/#autoLOC_6001232
[LOG 19:07:45.378] Config(PITCH_DOWN) Squad/Controls/Qwertz/PITCH_DOWN
[LOG 19:07:45.378] Config(PITCH_UP) Squad/Controls/Qwertz/PITCH_UP
[LOG 19:07:45.378] Config(YAW_LEFT) Squad/Controls/Qwertz/YAW_LEFT
[LOG 19:07:45.378] Config(YAW_RIGHT) Squad/Controls/Qwertz/YAW_RIGHT
[LOG 19:07:45.378] Config(ROLL_LEFT) Squad/Controls/Qwertz/ROLL_LEFT
[LOG 19:07:45.378] Config(ROLL_RIGHT) Squad/Controls/Qwertz/ROLL_RIGHT
[LOG 19:07:45.378] Config(THROTTLE_UP) Squad/Controls/Qwertz/THROTTLE_UP
[LOG 19:07:45.378] Config(THROTTLE_DOWN) Squad/Controls/Qwertz/THROTTLE_DOWN
[LOG 19:07:45.378] Config(SAS_HOLD) Squad/Controls/Qwertz/SAS_HOLD
[LOG 19:07:45.378] Config(SAS_TOGGLE) Squad/Controls/Qwertz/SAS_TOGGLE
[LOG 19:07:45.378] Config(LAUNCH_STAGES) Squad/Controls/Qwertz/LAUNCH_STAGES
[LOG 19:07:45.378] Config(Docking_toggleRotLin) Squad/Controls/Qwertz/Docking_toggleRotLin
[LOG 19:07:45.378] Config(CAMERA_MODE) Squad/Controls/Qwertz/CAMERA_MODE
[LOG 19:07:45.378] Config(CAMERA_NEXT) Squad/Controls/Qwertz/CAMERA_NEXT
[LOG 19:07:45.378] Config(PAUSE) Squad/Controls/Qwertz/PAUSE
[LOG 19:07:45.378] Config(PRECISION_CTRL) Squad/Controls/Qwertz/PRECISION_CTRL
[LOG 19:07:45.379] Config(ZOOM_IN) Squad/Controls/Qwertz/ZOOM_IN
[LOG 19:07:45.379] Config(ZOOM_OUT) Squad/Controls/Qwertz/ZOOM_OUT
[LOG 19:07:45.379] Config(SCROLL_VIEW_UP) Squad/Controls/Qwertz/SCROLL_VIEW_UP
[LOG 19:07:45.379] Config(SCROLL_VIEW_DOWN) Squad/Controls/Qwertz/SCROLL_VIEW_DOWN
[LOG 19:07:45.379] Config(SCROLL_ICONS_UP) Squad/Controls/Qwertz/SCROLL_ICONS_UP
[LOG 19:07:45.379] Config(SCROLL_ICONS_DOWN) Squad/Controls/Qwertz/SCROLL_ICONS_DOWN
[LOG 19:07:45.379] Config(CAMERA_ORBIT_UP) Squad/Controls/Qwertz/CAMERA_ORBIT_UP
[LOG 19:07:45.379] Config(CAMERA_ORBIT_DOWN) Squad/Controls/Qwertz/CAMERA_ORBIT_DOWN
[LOG 19:07:45.379] Config(CAMERA_ORBIT_LEFT) Squad/Controls/Qwertz/CAMERA_ORBIT_LEFT
[LOG 19:07:45.379] Config(CAMERA_ORBIT_RIGHT) Squad/Controls/Qwertz/CAMERA_ORBIT_RIGHT
[LOG 19:07:45.379] Config(CAMERA_RESET) Squad/Controls/Qwertz/CAMERA_RESET
[LOG 19:07:45.379] Config(CAMERA_MOUSE_TOGGLE) Squad/Controls/Qwertz/CAMERA_MOUSE_TOGGLE
[LOG 19:07:45.379] Config(TIME_WARP_INCREASE) Squad/Controls/Qwertz/TIME_WARP_INCREASE
[LOG 19:07:45.379] Config(TIME_WARP_DECREASE) Squad/Controls/Qwertz/TIME_WARP_DECREASE
[LOG 19:07:45.379] Config(TIME_WARP_STOP) Squad/Controls/Qwertz/TIME_WARP_STOP
[LOG 19:07:45.379] Config(MAP_VIEW_TOGGLE) Squad/Controls/Qwertz/MAP_VIEW_TOGGLE
[LOG 19:07:45.379] Config(NAVBALL_TOGGLE) Squad/Controls/Qwertz/NAVBALL_TOGGLE
[LOG 19:07:45.379] Config(UIMODE_STAGING) Squad/Controls/Qwertz/UIMODE_STAGING
[LOG 19:07:45.379] Config(UIMODE_DOCKING) Squad/Controls/Qwertz/UIMODE_DOCKING
[LOG 19:07:45.379] Config(TRANSLATE_DOWN) Squad/Controls/Qwertz/TRANSLATE_DOWN
[LOG 19:07:45.379] Config(TRANSLATE_UP) Squad/Controls/Qwertz/TRANSLATE_UP
[LOG 19:07:45.379] Config(TRANSLATE_LEFT) Squad/Controls/Qwertz/TRANSLATE_LEFT
[LOG 19:07:45.379] Config(TRANSLATE_RIGHT) Squad/Controls/Qwertz/TRANSLATE_RIGHT
[LOG 19:07:45.379] Config(TRANSLATE_FWD) Squad/Controls/Qwertz/TRANSLATE_FWD
[LOG 19:07:45.379] Config(TRANSLATE_BACK) Squad/Controls/Qwertz/TRANSLATE_BACK
[LOG 19:07:45.379] Config(RCS_TOGGLE) Squad/Controls/Qwertz/RCS_TOGGLE
[LOG 19:07:45.379] Config(FOCUS_NEXT_VESSEL) Squad/Controls/Qwertz/FOCUS_NEXT_VESSEL
[LOG 19:07:45.379] Config(FOCUS_PREV_VESSEL) Squad/Controls/Qwertz/FOCUS_PREV_VESSEL
[LOG 19:07:45.379] Config(TOGGLE_UI) Squad/Controls/Qwertz/TOGGLE_UI
[LOG 19:07:45.379] Config(TOGGLE_STATUS_SCREEN) Squad/Controls/Qwertz/TOGGLE_STATUS_SCREEN
[LOG 19:07:45.380] Config(TAKE_SCREENSHOT) Squad/Controls/Qwertz/TAKE_SCREENSHOT
[LOG 19:07:45.380] Config(TOGGLE_LABELS) Squad/Controls/Qwertz/TOGGLE_LABELS
[LOG 19:07:45.380] Config(TOGGLE_TEMP_GAUGES) Squad/Controls/Qwertz/TOGGLE_TEMP_GAUGES
[LOG 19:07:45.380] Config(TOGGLE_TEMP_OVERLAY) Squad/Controls/Qwertz/TOGGLE_TEMP_OVERLAY
[LOG 19:07:45.380] Config(TOGGLE_FLIGHT_FORCES) Squad/Controls/Qwertz/TOGGLE_FLIGHT_FORCES
[LOG 19:07:45.380] Config(QUICKSAVE) Squad/Controls/Qwertz/QUICKSAVE
[LOG 19:07:45.380] Config(QUICKLOAD) Squad/Controls/Qwertz/QUICKLOAD
[LOG 19:07:45.380] Config(THROTTLE_CUTOFF) Squad/Controls/Qwertz/THROTTLE_CUTOFF
[LOG 19:07:45.380] Config(THROTTLE_FULL) Squad/Controls/Qwertz/THROTTLE_FULL
[LOG 19:07:45.380] Config(LANDING_GEAR) Squad/Controls/Qwertz/LANDING_GEAR
[LOG 19:07:45.380] Config(HEADLIGHT_TOGGLE) Squad/Controls/Qwertz/HEADLIGHT_TOGGLE
[LOG 19:07:45.380] Config(BRAKES) Squad/Controls/Qwertz/BRAKES
[LOG 19:07:45.380] Config(TOGGLE_SPACENAV_FLIGHT_CONTROL) Squad/Controls/Qwertz/TOGGLE_SPACENAV_FLIGHT_CONTROL
[LOG 19:07:45.380] Config(TOGGLE_SPACENAV_ROLL_LOCK) Squad/Controls/Qwertz/TOGGLE_SPACENAV_ROLL_LOCK
[LOG 19:07:45.380] Config(WHEEL_STEER_LEFT) Squad/Controls/Qwertz/WHEEL_STEER_LEFT
[LOG 19:07:45.380] Config(WHEEL_STEER_RIGHT) Squad/Controls/Qwertz/WHEEL_STEER_RIGHT
[LOG 19:07:45.380] Config(WHEEL_THROTTLE_DOWN) Squad/Controls/Qwertz/WHEEL_THROTTLE_DOWN
[LOG 19:07:45.380] Config(WHEEL_THROTTLE_UP) Squad/Controls/Qwertz/WHEEL_THROTTLE_UP
[LOG 19:07:45.380] Config(EVA_forward) Squad/Controls/Qwertz/EVA_forward
[LOG 19:07:45.380] Config(EVA_back) Squad/Controls/Qwertz/EVA_back
[LOG 19:07:45.380] Config(EVA_left) Squad/Controls/Qwertz/EVA_left
[LOG 19:07:45.380] Config(EVA_right) Squad/Controls/Qwertz/EVA_right
[LOG 19:07:45.380] Config(EVA_yaw_left) Squad/Controls/Qwertz/EVA_yaw_left
[LOG 19:07:45.380] Config(EVA_yaw_right) Squad/Controls/Qwertz/EVA_yaw_right
[LOG 19:07:45.380] Config(EVA_Pack_forward) Squad/Controls/Qwertz/EVA_Pack_forward
[LOG 19:07:45.380] Config(EVA_Pack_back) Squad/Controls/Qwertz/EVA_Pack_back
[LOG 19:07:45.380] Config(EVA_Pack_left) Squad/Controls/Qwertz/EVA_Pack_left
[LOG 19:07:45.380] Config(EVA_Pack_right) Squad/Controls/Qwertz/EVA_Pack_right
[LOG 19:07:45.380] Config(EVA_Pack_up) Squad/Controls/Qwertz/EVA_Pack_up
[LOG 19:07:45.380] Config(EVA_Pack_down) Squad/Controls/Qwertz/EVA_Pack_down
[LOG 19:07:45.380] Config(EVA_Jump) Squad/Controls/Qwertz/EVA_Jump
[LOG 19:07:45.381] Config(EVA_Run) Squad/Controls/Qwertz/EVA_Run
[LOG 19:07:45.381] Config(EVA_ToggleMovementMode) Squad/Controls/Qwertz/EVA_ToggleMovementMode
[LOG 19:07:45.381] Config(EVA_TogglePack) Squad/Controls/Qwertz/EVA_TogglePack
[LOG 19:07:45.381] Config(EVA_Use) Squad/Controls/Qwertz/EVA_Use
[LOG 19:07:45.381] Config(EVA_Board) Squad/Controls/Qwertz/EVA_Board
[LOG 19:07:45.381] Config(EVA_Orient) Squad/Controls/Qwertz/EVA_Orient
[LOG 19:07:45.381] Config(EVA_Lights) Squad/Controls/Qwertz/EVA_Lights
[LOG 19:07:45.381] Config(Editor_pitchUp) Squad/Controls/Qwertz/Editor_pitchUp
[LOG 19:07:45.381] Config(Editor_pitchDown) Squad/Controls/Qwertz/Editor_pitchDown
[LOG 19:07:45.381] Config(Editor_yawLeft) Squad/Controls/Qwertz/Editor_yawLeft
[LOG 19:07:45.381] Config(Editor_yawRight) Squad/Controls/Qwertz/Editor_yawRight
[LOG 19:07:45.381] Config(Editor_rollLeft) Squad/Controls/Qwertz/Editor_rollLeft
[LOG 19:07:45.381] Config(Editor_rollRight) Squad/Controls/Qwertz/Editor_rollRight
[LOG 19:07:45.381] Config(Editor_resetRotation) Squad/Controls/Qwertz/Editor_resetRotation
[LOG 19:07:45.381] Config(Editor_modePlace) Squad/Controls/Qwertz/Editor_modePlace
[LOG 19:07:45.381] Config(Editor_modeOffset) Squad/Controls/Qwertz/Editor_modeOffset
[LOG 19:07:45.381] Config(Editor_modeRotate) Squad/Controls/Qwertz/Editor_modeRotate
[LOG 19:07:45.381] Config(Editor_modeRoot) Squad/Controls/Qwertz/Editor_modeRoot
[LOG 19:07:45.381] Config(Editor_coordSystem) Squad/Controls/Qwertz/Editor_coordSystem
[LOG 19:07:45.381] Config(Editor_toggleSymMethod) Squad/Controls/Qwertz/Editor_toggleSymMethod
[LOG 19:07:45.381] Config(Editor_toggleSymMode) Squad/Controls/Qwertz/Editor_toggleSymMode
[LOG 19:07:45.381] Config(Editor_toggleAngleSnap) Squad/Controls/Qwertz/Editor_toggleAngleSnap
[LOG 19:07:45.381] Config(Editor_fineTweak) Squad/Controls/Qwertz/Editor_fineTweak
[LOG 19:07:45.381] Config(Editor_partSearch) Squad/Controls/Qwertz/Editor_partSearch
[LOG 19:07:45.381] Config(Editor_zoomScrollModifier) Squad/Controls/Qwertz/Editor_zoomScrollModifier
[LOG 19:07:45.381] Config(MODIFIER_KEY) Squad/Controls/Qwertz/MODIFIER_KEY
[LOG 19:07:45.381] Config(AbortActionGroup) Squad/Controls/Qwertz/AbortActionGroup
[LOG 19:07:45.381] Config(CustomActionGroup1) Squad/Controls/Qwertz/CustomActionGroup1
[LOG 19:07:45.381] Config(CustomActionGroup2) Squad/Controls/Qwertz/CustomActionGroup2
[LOG 19:07:45.382] Config(CustomActionGroup3) Squad/Controls/Qwertz/CustomActionGroup3
[LOG 19:07:45.382] Config(CustomActionGroup4) Squad/Controls/Qwertz/CustomActionGroup4
[LOG 19:07:45.382] Config(CustomActionGroup5) Squad/Controls/Qwertz/CustomActionGroup5
[LOG 19:07:45.382] Config(CustomActionGroup6) Squad/Controls/Qwertz/CustomActionGroup6
[LOG 19:07:45.382] Config(CustomActionGroup7) Squad/Controls/Qwertz/CustomActionGroup7
[LOG 19:07:45.382] Config(CustomActionGroup8) Squad/Controls/Qwertz/CustomActionGroup8
[LOG 19:07:45.382] Config(CustomActionGroup9) Squad/Controls/Qwertz/CustomActionGroup9
[LOG 19:07:45.382] Config(CustomActionGroup10) Squad/Controls/Qwertz/CustomActionGroup10
[LOG 19:07:45.382] Config(KEY_MAP) Squad/Controls/Qwertz/KEY_MAP
[LOG 19:07:45.382] Config(EXPERIENCE_TRAIT) Squad/Experience/Traits/Pilot
[LOG 19:07:45.382] Config(EXPERIENCE_TRAIT) Squad/Experience/Traits/Engineer
[LOG 19:07:45.382] Config(EXPERIENCE_TRAIT) Squad/Experience/Traits/Scientist
[LOG 19:07:45.382] Config(EXPERIENCE_TRAIT) Squad/Experience/Traits/Tourist
[LOG 19:07:45.382] Config(Localization) Squad/Localization/dictionary/Localization
[LOG 19:07:45.382] Config(MISSIONPACK) Squad/Missions/MissionPacks/squad_ESA
[LOG 19:07:45.382] Config(VARIANTTHEME) Squad/Parts/VariantThemes/White
[LOG 19:07:45.382] Config(VARIANTTHEME) Squad/Parts/VariantThemes/BlackAndWhite
[LOG 19:07:45.382] Config(VARIANTTHEME) Squad/Parts/VariantThemes/GrayAndOrange
[LOG 19:07:45.382] Config(VARIANTTHEME) Squad/Parts/VariantThemes/Dark
[LOG 19:07:45.382] Config(VARIANTTHEME) Squad/Parts/VariantThemes/Gray
[LOG 19:07:45.382] Config(VARIANTTHEME) Squad/Parts/VariantThemes/Orange
[LOG 19:07:45.382] Config(VARIANTTHEME) Squad/Parts/VariantThemes/Gold
[LOG 19:07:45.382] Config(VARIANTTHEME) Squad/Parts/VariantThemes/Bare
[LOG 19:07:45.382] Config(VARIANTTHEME) Squad/Parts/VariantThemes/Shroud
[LOG 19:07:45.382] Config(VARIANTTHEME) Squad/Parts/VariantThemes/GrayAndWhite
[LOG 19:07:45.382] Config(VARIANTTHEME) Squad/Parts/VariantThemes/YellowAndWhite
[LOG 19:07:45.383] Config(VARIANTTHEME) Squad/Parts/VariantThemes/Silver
[LOG 19:07:45.383] Config(VARIANTTHEME) Squad/Parts/VariantThemes/Gray with Stripes
[LOG 19:07:45.383] Config(PART) Squad/Parts/Aero/aerodynamicNoseCone/aerodynamicNoseCone/noseCone
[LOG 19:07:45.383] Config(PART) Squad/Parts/Aero/airbrake/Airbrake/airbrake1
[LOG 19:07:45.383] Config(PART) Squad/Parts/Aero/airIntakeRadialXM-G50/airIntakeRadialXM-G50/airScoop
[LOG 19:07:45.383] Config(PART) Squad/Parts/Aero/airlinerWings/ControlSurface/airlinerCtrlSrf
[LOG 19:07:45.383] Config(PART) Squad/Parts/Aero/airlinerWings/MainWing/airlinerMainWing
[LOG 19:07:45.383] Config(PART) Squad/Parts/Aero/airlinerWings/TailFin/airlinerTailFin
[LOG 19:07:45.383] Config(PART) Squad/Parts/Aero/airplaneFins/advancedCanard/AdvancedCanard
[LOG 19:07:45.383] Config(PART) Squad/Parts/Aero/airplaneFins/standardCanard/CanardController
[LOG 19:07:45.383] Config(PART) Squad/Parts/Aero/airplaneFins/sweptWing/sweptWing
[LOG 19:07:45.383] Config(PART) Squad/Parts/Aero/airplaneFins/tailfin/tailfin
[LOG 19:07:45.383] Config(PART) Squad/Parts/Aero/basicFin/basicFin/basicFin
[LOG 19:07:45.383] Config(PART) Squad/Parts/Aero/circularIntake/circularIntake/CircularIntake
[LOG 19:07:45.383] Config(PART) Squad/Parts/Aero/circularIntake/intakeShockCone/shockConeIntake
[LOG 19:07:45.383] Config(PART) Squad/Parts/Aero/cones/avionicsNoseCone/avionicsNoseCone
[LOG 19:07:45.383] Config(PART) Squad/Parts/Aero/cones/ConeA/pointyNoseConeA
[LOG 19:07:45.383] Config(PART) Squad/Parts/Aero/cones/ConeB/pointyNoseConeB
[LOG 19:07:45.383] Config(PART) Squad/Parts/Aero/cones/noseConeAdapter/noseConeAdapter
[LOG 19:07:45.383] Config(PART) Squad/Parts/Aero/cones/protectiveRocketNoseMk7_v2/rocketNoseCone_v2
[LOG 19:07:45.383] Config(PART) Squad/Parts/Aero/cones/protectiveRocketNoseMk7_v3/rocketNoseCone_v3
[LOG 19:07:45.383] Config(PART) Squad/Parts/Aero/cones/rocketNoseCone_size3/rocketNoseConeSize3
[LOG 19:07:45.383] Config(PART) Squad/Parts/Aero/cones/smallNoseCone/standardNoseCone
[LOG 19:07:45.383] Config(PART) Squad/Parts/Aero/cones/tailConnectorA/airplaneTail
[LOG 19:07:45.383] Config(PART) Squad/Parts/Aero/cones/tailConnectorB/airplaneTailB
[LOG 19:07:45.383] Config(PART) Squad/Parts/Aero/fairings/fairingSize1/fairingSize1
[LOG 19:07:45.383] Config(PART) Squad/Parts/Aero/fairings/fairingSize2/fairingSize2
[LOG 19:07:45.384] Config(PART) Squad/Parts/Aero/fairings/fairingSize3/fairingSize3
[LOG 19:07:45.384] Config(PART) Squad/Parts/Aero/HeatShield/HeatShield0/HeatShield0
[LOG 19:07:45.384] Config(PART) Squad/Parts/Aero/HeatShield/HeatShield1/HeatShield1
[LOG 19:07:45.384] Config(PART) Squad/Parts/Aero/HeatShield/HeatShield2/HeatShield2
[LOG 19:07:45.384] Config(PART) Squad/Parts/Aero/HeatShield/HeatShield3/HeatShield3
[LOG 19:07:45.384] Config(PART) Squad/Parts/Aero/InflatableHeatShield/HeatShield/InflatableHeatShield
[LOG 19:07:45.384] Config(PART) Squad/Parts/Aero/intakeRadialLong/intakeRadialLong/IntakeRadialLong
[LOG 19:07:45.384] Config(PART) Squad/Parts/Aero/miniIntake/SmallIntake/miniIntake
[LOG 19:07:45.384] Config(PART) Squad/Parts/Aero/ramAirIntake/ramAirIntake/ramAirIntake
[LOG 19:07:45.384] Config(PART) Squad/Parts/Aero/shuttleWings/delta/wingShuttleDelta
[LOG 19:07:45.384] Config(PART) Squad/Parts/Aero/shuttleWings/elevon1/wingShuttleElevon1
[LOG 19:07:45.384] Config(PART) Squad/Parts/Aero/shuttleWings/elevon2/wingShuttleElevon2
[LOG 19:07:45.384] Config(PART) Squad/Parts/Aero/shuttleWings/rudder/wingShuttleRudder
[LOG 19:07:45.384] Config(PART) Squad/Parts/Aero/shuttleWings/strake/wingShuttleStrake
[LOG 19:07:45.384] Config(PART) Squad/Parts/Aero/wingletAV-R8/wingletAV-R8/R8winglet
[LOG 19:07:45.384] Config(PART) Squad/Parts/Aero/wingletAV-T1/wingletAV-T1/winglet
[LOG 19:07:45.384] Config(PART) Squad/Parts/Aero/wingletDeltaDeluxe/wingletDeltaDeluxe/winglet3
[LOG 19:07:45.384] Config(PART) Squad/Parts/Aero/wings/connector1/wingConnector
[LOG 19:07:45.384] Config(PART) Squad/Parts/Aero/wings/connector2/wingConnector2
[LOG 19:07:45.384] Config(PART) Squad/Parts/Aero/wings/connector3/wingConnector3
[LOG 19:07:45.384] Config(PART) Squad/Parts/Aero/wings/connector4/wingConnector4
[LOG 19:07:45.384] Config(PART) Squad/Parts/Aero/wings/connector5/wingConnector5
[LOG 19:07:45.384] Config(PART) Squad/Parts/Aero/wings/delta/deltaWing
[LOG 19:07:45.384] Config(PART) Squad/Parts/Aero/wings/delta_small/delta_small
[LOG 19:07:45.384] Config(PART) Squad/Parts/Aero/wings/elevon1/StandardCtrlSrf
[LOG 19:07:45.384] Config(PART) Squad/Parts/Aero/wings/elevon2/elevon2
[LOG 19:07:45.384] Config(PART) Squad/Parts/Aero/wings/elevon3/elevon3
[LOG 19:07:45.384] Config(PART) Squad/Parts/Aero/wings/elevon4/smallCtrlSrf
[LOG 19:07:45.385] Config(PART) Squad/Parts/Aero/wings/elevon5/elevon5
[LOG 19:07:45.385] Config(PART) Squad/Parts/Aero/wings/strake/wingStrake
[LOG 19:07:45.385] Config(PART) Squad/Parts/Aero/wings/structural1/structuralWing
[LOG 19:07:45.385] Config(PART) Squad/Parts/Aero/wings/structural2/structuralWing2
[LOG 19:07:45.385] Config(PART) Squad/Parts/Aero/wings/structural3/structuralWing3
[LOG 19:07:45.385] Config(PART) Squad/Parts/Aero/wings/structural4/structuralWing4
[LOG 19:07:45.385] Config(PART) Squad/Parts/Aero/wings/swept1/sweptWing1
[LOG 19:07:45.385] Config(PART) Squad/Parts/Aero/wings/swept2/sweptWing2
[LOG 19:07:45.385] Config(PART) Squad/Parts/Cargo/CargoContainers/cargoContainer/cargoContainer
[LOG 19:07:45.385] Config(PART) Squad/Parts/Cargo/CargoContainers/smallCargoContainer/smallCargoContainer
[LOG 19:07:45.385] Config(PART) Squad/Parts/Cargo/Cylinder/Cylinder/evaCylinder
[LOG 19:07:45.385] Config(PART) Squad/Parts/Cargo/GroundAnchor/groundAnchor/groundAnchor
[LOG 19:07:45.385] Config(PART) Squad/Parts/Cargo/Jetpack/Jetpack/evaJetpack
[LOG 19:07:45.385] Config(PART) Squad/Parts/Cargo/Parachute/Parachute/evaChute
[LOG 19:07:45.385] Config(PART) Squad/Parts/Cargo/RepairKit/RepairKit/evaRepairKit
[LOG 19:07:45.385] Config(PART) Squad/Parts/Cargo/ScienceKit/evaScienceKit/evaScienceKit
[LOG 19:07:45.385] Config(PART) Squad/Parts/Cargo/StorageUnits/CargoStorageUnit/CargoStorageUnit
[LOG 19:07:45.385] Config(PART) Squad/Parts/Cargo/StorageUnits/ConformalStorageUnit/ConformalStorageUnit
[LOG 19:07:45.385] Config(PART) Squad/Parts/Command/advancedSasModuleLarge/advSasModuleLarge/asasmodule1-2
[LOG 19:07:45.385] Config(PART) Squad/Parts/Command/cupola/cupola/cupola
[LOG 19:07:45.385] Config(PART) Squad/Parts/Command/externalCommandSeat/externalCommandSeat/seatExternalCmd
[LOG 19:07:45.385] Config(PART) Squad/Parts/Command/hitchhikerStorageContainer/hitchikerStorageContainer/crewCabin
[LOG 19:07:45.385] Config(PART) Squad/Parts/Command/inlineAdvancedStabilizer/inlineAdvancedStabilizer/advSasModule
[LOG 19:07:45.385] Config(PART) Squad/Parts/Command/inlineReactionWheel/inlineReactionWheel/sasModule
[LOG 19:07:45.386] Config(PART) Squad/Parts/Command/Mk1-3Pod/mk1-3/mk1-3pod
[LOG 19:07:45.386] Config(PART) Squad/Parts/Command/mk1Cockpits/mk1Cockpit/Mark1Cockpit
[LOG 19:07:45.386] Config(PART) Squad/Parts/Command/mk1Cockpits/mk1CrewCabin/MK1CrewCabin
[LOG 19:07:45.386] Config(PART) Squad/Parts/Command/mk1Cockpits/mk1InlineCockpit/Mark2Cockpit
[LOG 19:07:45.386] Config(PART) Squad/Parts/Command/mk1LanderCan/mk1LanderCan/landerCabinSmall
[LOG 19:07:45.386] Config(PART) Squad/Parts/Command/mk1pod_v2/mk1Pod_v2/mk1pod_v2
[LOG 19:07:45.386] Config(PART) Squad/Parts/Command/mk2CockpitInline/mk2CockpitInline/mk2Cockpit_Inline
[LOG 19:07:45.386] Config(PART) Squad/Parts/Command/mk2CockpitStandard/mk2CockpitStandard/mk2Cockpit_Standard
[LOG 19:07:45.386] Config(PART) Squad/Parts/Command/mk2DroneCore/mk2Dronecore/mk2DroneCore
[LOG 19:07:45.386] Config(PART) Squad/Parts/Command/mk2LanderCan/mk2LanderCan/mk2LanderCabin
[LOG 19:07:45.386] Config(PART) Squad/Parts/Command/mk2LanderCan_v2/mk2LanderCan_v2/mk2LanderCabin_v2
[LOG 19:07:45.386] Config(PART) Squad/Parts/Command/mk3CockpitShuttle/mk3CockpitShuttle/mk3Cockpit_Shuttle
[LOG 19:07:45.386] Config(PART) Squad/Parts/Command/MpoProbe/MpoProbe/MpoProbe
[LOG 19:07:45.386] Config(PART) Squad/Parts/Command/MtmStage/MTM_Stage/MtmStage
[LOG 19:07:45.386] Config(PART) Squad/Parts/Command/probeCoreCube/probeCoreCube/probeCoreCube
[LOG 19:07:45.386] Config(PART) Squad/Parts/Command/probeCoreHex/probeCoreHex/probeCoreHex
[LOG 19:07:45.386] Config(PART) Squad/Parts/Command/probeCoreHex_v2/probeCoreHex_v2/probeCoreHex_v2
[LOG 19:07:45.386] Config(PART) Squad/Parts/Command/probeCoreOcto2_v2/probeCoreOcto2_v2/probeCoreOcto2_v2
[LOG 19:07:45.386] Config(PART) Squad/Parts/Command/probeCoreOcto_v2/probeCoreOcto_v2/probeCoreOcto_v2
[LOG 19:07:45.386] Config(PART) Squad/Parts/Command/probeRoverBody/probeRoverBody/roverBody
[LOG 19:07:45.386] Config(PART) Squad/Parts/Command/probeRoverBody_v2/probeRoverBody_v2/roverBody_v2
[LOG 19:07:45.386] Config(PART) Squad/Parts/Command/probeStackLarge/probeStackLarge/probeStackLarge
[LOG 19:07:45.386] Config(PART) Squad/Parts/Command/probeStackSmall/probeStackSmall/probeStackSmall
[LOG 19:07:45.386] Config(PART) Squad/Parts/Command/probeStackSphere_v2/probeStackSphere_v2/probeCoreSphere_v2
[LOG 19:07:45.386] Config(PART) Squad/Parts/CompoundParts/FuelLine/fuelLine/fuelLine
[LOG 19:07:45.386] Config(PART) Squad/Parts/CompoundParts/strutConnector/strutConnector/strutConnector
[LOG 19:07:45.386] Config(PART) Squad/Parts/Coupling/Decoupler_0/Decoupler_0
[LOG 19:07:45.387] Config(PART) Squad/Parts/Coupling/Decoupler_1/Decoupler_1
[LOG 19:07:45.387] Config(PART) Squad/Parts/Coupling/Decoupler_2/Decoupler_2
[LOG 19:07:45.387] Config(PART) Squad/Parts/Coupling/Decoupler_3/Decoupler_3
[LOG 19:07:45.387] Config(PART) Squad/Parts/Coupling/Separator_0/Separator_0
[LOG 19:07:45.387] Config(PART) Squad/Parts/Coupling/Separator_1/Separator_1
[LOG 19:07:45.387] Config(PART) Squad/Parts/Coupling/Separator_2/Separator_2
[LOG 19:07:45.387] Config(PART) Squad/Parts/Coupling/Separator_3/Separator_3
[LOG 19:07:45.387] Config(PART) Squad/Parts/Electrical/10CSolarPanels/OX-10C/solarPanelOX10C
[LOG 19:07:45.387] Config(PART) Squad/Parts/Electrical/10CSolarPanels/SP-10C/solarPanelSP10C
[LOG 19:07:45.387] Config(PART) Squad/Parts/Electrical/10LSolarPanels/OX-10L/solarPanelOX10L
[LOG 19:07:45.387] Config(PART) Squad/Parts/Electrical/10LSolarPanels/SP-10L/solarPanelSP10L
[LOG 19:07:45.387] Config(PART) Squad/Parts/Electrical/1x6ShroudSolarPanels/1x6ShroudSolarPanels/solarPanels2
[LOG 19:07:45.387] Config(PART) Squad/Parts/Electrical/1x6SolarPanels/1x6SolarPanels/solarPanels4
[LOG 19:07:45.387] Config(PART) Squad/Parts/Electrical/3x2ShroudSolarPanels/3x2ShroudSolarPanels/solarPanels1
[LOG 19:07:45.387] Config(PART) Squad/Parts/Electrical/3x2SolarPanels/3x2SolarPanels/solarPanels3
[LOG 19:07:45.387] Config(PART) Squad/Parts/Electrical/gigantorXlSolarArray/gigantorXlSolarArray/largeSolarPanel
[LOG 19:07:45.387] Config(PART) Squad/Parts/Electrical/radialFlatSolarPanel/radialFlatSolarPanel/solarPanels5
[LOG 19:07:45.387] Config(PART) Squad/Parts/Electrical/RTG/RTG/rtg
[LOG 19:07:45.387] Config(PART) Squad/Parts/Electrical/z-100Battery/z-100Battery/batteryPack
[LOG 19:07:45.387] Config(PART) Squad/Parts/Electrical/z-1kBattery/z-1kBattery/batteryBank
[LOG 19:07:45.387] Config(PART) Squad/Parts/Electrical/z-200Battery/z-200Battery/batteryBankMini
[LOG 19:07:45.387] Config(PART) Squad/Parts/Electrical/z-400Battery/z-400Battery/ksp_r_largeBatteryPack
[LOG 19:07:45.387] Config(PART) Squad/Parts/Electrical/z-4kBattery/z-4kBattery/batteryBankLarge
[LOG 19:07:45.387] Config(PART) Squad/Parts/Engine/ionEngine/ionEngine/ionEngine
[LOG 19:07:45.387] Config(PART) Squad/Parts/Engine/jetEngines/jetEngineAfterburning/turboJet
[LOG 19:07:45.387] Config(PART) Squad/Parts/Engine/jetEngines/jetEngineBasic/JetEngine
[LOG 19:07:45.387] Config(PART) Squad/Parts/Engine/jetEngines/jetEngineBig/turboFanSize2
[LOG 19:07:45.388] Config(PART) Squad/Parts/Engine/jetEngines/jetEngineTurbo/turboFanEngine
[LOG 19:07:45.388] Config(PART) Squad/Parts/Engine/liquidEngine24-77/liquidEngine24-77/smallRadialEngine
[LOG 19:07:45.388] Config(PART) Squad/Parts/Engine/liquidEngine24-77_v2/liquidEngine24-77_v2/smallRadialEngine_v2
[LOG 19:07:45.388] Config(PART) Squad/Parts/Engine/liquidEngine48-7S_v2/liquidEngine48-7S_v2/liquidEngineMini_v2
[LOG 19:07:45.388] Config(PART) Squad/Parts/Engine/liquidEngineAerospike/liquidEngineAerospike/toroidalAerospike
[LOG 19:07:45.388] Config(PART) Squad/Parts/Engine/liquidEngineLV-1_v2/liquidEngineLV-1R _v2/radialEngineMini_v2
[LOG 19:07:45.388] Config(PART) Squad/Parts/Engine/liquidEngineLV-1_v2/liquidEngineLV-1_v2/microEngine_v2
[LOG 19:07:45.388] Config(PART) Squad/Parts/Engine/liquidEngineLV-909_v2/liquidEngineLV-909_v2/liquidEngine3_v2
[LOG 19:07:45.388] Config(PART) Squad/Parts/Engine/liquidEngineLV-N/liquidEngineLV-N/nuclearEngine
[LOG 19:07:45.388] Config(PART) Squad/Parts/Engine/liquidEngineLV-T30/liquidEngineLV-T30/liquidEngine
[LOG 19:07:45.388] Config(PART) Squad/Parts/Engine/liquidEngineLV-T30_v2/liquidEngineLV-T30_v2/liquidEngine_v2
[LOG 19:07:45.388] Config(PART) Squad/Parts/Engine/liquidEngineLV-T45/liquidEngineLV-T45/liquidEngine2
[LOG 19:07:45.388] Config(PART) Squad/Parts/Engine/liquidEngineLV-T45_v2/liquidEngineLV-T45_v2/liquidEngine2_v2
[LOG 19:07:45.388] Config(PART) Squad/Parts/Engine/liquidEngineMainsail_v2/liquidEngineMainsail_v2/liquidEngineMainsail_v2
[LOG 19:07:45.388] Config(PART) Squad/Parts/Engine/liquidEngineMk55/liquidEngineMk55/radialLiquidEngine1-2
[LOG 19:07:45.388] Config(PART) Squad/Parts/Engine/liquidEnginePoodle_v2/liquidEnginePoodle_v2/liquidEngine2-2_v2
[LOG 19:07:45.388] Config(PART) Squad/Parts/Engine/liquidEngineSkipper_v2/skipperLiquidEngine_v2/engineLargeSkipper_v2
[LOG 19:07:45.388] Config(PART) Squad/Parts/Engine/liquidEngineSSME/SSME/SSME
[LOG 19:07:45.388] Config(PART) Squad/Parts/Engine/MassiveSRB/part/MassiveBooster
[LOG 19:07:45.388] Config(PART) Squad/Parts/Engine/miniJet/SmallJetEngine/miniJetEngine
[LOG 19:07:45.388] Config(PART) Squad/Parts/Engine/OMSEngine/omsEngine/omsEngine
[LOG 19:07:45.388] Config(PART) Squad/Parts/Engine/rapierEngine/rapierEngine/RAPIER
[LOG 19:07:45.389] Config(PART) Squad/Parts/Engine/Size1_SRBs/solidBoosterRT-10_v2/solidBooster_v2
[LOG 19:07:45.389] Config(PART) Squad/Parts/Engine/Size1_SRBs/solidBoosterRT-5_v2/solidBooster_sm_v2
[LOG 19:07:45.389] Config(PART) Squad/Parts/Engine/Size2LFB/part/Size2LFB
[LOG 19:07:45.389] Config(PART) Squad/Parts/Engine/Size2LFB_v2/part/Size2LFB_v2
[LOG 19:07:45.389] Config(PART) Squad/Parts/Engine/Size3AdvancedEngine/part/Size3AdvancedEngine
[LOG 19:07:45.389] Config(PART) Squad/Parts/Engine/Size3EngineCluster/part/Size3EngineCluster
[LOG 19:07:45.389] Config(PART) Squad/Parts/Engine/solidBoosterBACC/solidBoosterBACC/solidBooster1-1
[LOG 19:07:45.389] Config(PART) Squad/Parts/Engine/solidBoosterS2-17/solidBoosterS2-17/Thoroughbred
[LOG 19:07:45.389] Config(PART) Squad/Parts/Engine/solidBoosterS2-33/solidBoosterS2-33/Clydesdale
[LOG 19:07:45.389] Config(PART) Squad/Parts/Engine/solidBoosterSep/solidBoosterSep/sepMotor1
[LOG 19:07:45.389] Config(PART) Squad/Parts/Engine/SolidBoostersF/SolidBoosterF3S0/Shrimp
[LOG 19:07:45.389] Config(PART) Squad/Parts/Engine/SolidBoostersF/SolidBoosterFM1/Mite
[LOG 19:07:45.389] Config(PART) Squad/Parts/FuelTank/adapterTanks/Mk3-Mk2/adapterMk3-Mk2
[LOG 19:07:45.389] Config(PART) Squad/Parts/FuelTank/adapterTanks/Mk3-ShuttleAdapter/adapterEngines
[LOG 19:07:45.389] Config(PART) Squad/Parts/FuelTank/adapterTanks/Mk3-Size2/adapterMk3-Size2
[LOG 19:07:45.389] Config(PART) Squad/Parts/FuelTank/adapterTanks/Mk3-Size2Slant/adapterMk3-Size2Slant
[LOG 19:07:45.389] Config(PART) Squad/Parts/FuelTank/adapterTanks/Size2-Mk2/adapterSize2-Mk2
[LOG 19:07:45.389] Config(PART) Squad/Parts/FuelTank/adapterTanks/Size2-Size1/adapterSize2-Size1
[LOG 19:07:45.389] Config(PART) Squad/Parts/FuelTank/adapterTanks/Size2-Size1Slant/adapterSize2-Size1Slant
[LOG 19:07:45.389] Config(PART) Squad/Parts/FuelTank/adapterTanks/Size3-Mk3/adapterSize3-Mk3
[LOG 19:07:45.389] Config(PART) Squad/Parts/FuelTank/drainTankFTE-1/ReleaseValve/ReleaseValve
[LOG 19:07:45.389] Config(PART) Squad/Parts/FuelTank/FoilTanks/RadialTank_Capsule/externalTankCapsule
[LOG 19:07:45.389] Config(PART) Squad/Parts/FuelTank/FoilTanks/RadialTank_Round/externalTankRound
[LOG 19:07:45.389] Config(PART) Squad/Parts/FuelTank/FoilTanks/ToroidTank/externalTankToroid
[LOG 19:07:45.389] Config(PART) Squad/Parts/FuelTank/fuelTankOscarB/fuelTankOscarB/miniFuelTank
[LOG 19:07:45.389] Config(PART) Squad/Parts/FuelTank/miniFuselage/miniFuselage/miniFuselage
[LOG 19:07:45.389] Config(PART) Squad/Parts/FuelTank/mk2Adapters/bicoupler/mk2_1m_Bicoupler
[LOG 19:07:45.390] Config(PART) Squad/Parts/FuelTank/mk2Adapters/long/mk2_1m_AdapterLong
[LOG 19:07:45.390] Config(PART) Squad/Parts/FuelTank/mk2Adapters/standard/mk2SpacePlaneAdapter
[LOG 19:07:45.390] Config(PART) Squad/Parts/FuelTank/mk2FuselageLong/LFO_long/mk2FuselageLongLFO
[LOG 19:07:45.390] Config(PART) Squad/Parts/FuelTank/mk2FuselageLong/L_long/mk2Fuselage
[LOG 19:07:45.390] Config(PART) Squad/Parts/FuelTank/mk2FuselageShort/LFO_short/mk2FuselageShortLFO
[LOG 19:07:45.390] Config(PART) Squad/Parts/FuelTank/mk2FuselageShort/L_short/mk2FuselageShortLiquid
[LOG 19:07:45.390] Config(PART) Squad/Parts/FuelTank/mk2FuselageShort/Mono_short/mk2FuselageShortMono
[LOG 19:07:45.390] Config(PART) Squad/Parts/FuelTank/mk3Fuselage/CREW/mk3CrewCabin
[LOG 19:07:45.390] Config(PART) Squad/Parts/FuelTank/mk3Fuselage/LFO_100/mk3FuselageLFO_100
[LOG 19:07:45.390] Config(PART) Squad/Parts/FuelTank/mk3Fuselage/LFO_25/mk3FuselageLFO_25
[LOG 19:07:45.390] Config(PART) Squad/Parts/FuelTank/mk3Fuselage/LFO_50/mk3FuselageLFO_50
[LOG 19:07:45.390] Config(PART) Squad/Parts/FuelTank/mk3Fuselage/LF_100/mk3FuselageLF_100
[LOG 19:07:45.390] Config(PART) Squad/Parts/FuelTank/mk3Fuselage/LF_25/mk3FuselageLF_25
[LOG 19:07:45.390] Config(PART) Squad/Parts/FuelTank/mk3Fuselage/LF_50/mk3FuselageLF_50
[LOG 19:07:45.390] Config(PART) Squad/Parts/FuelTank/mk3Fuselage/MONO/mk3FuselageMONO
[LOG 19:07:45.390] Config(PART) Squad/Parts/FuelTank/RCSFuelTankR1/RCSFuelTankR1/RCSTank1-2
[LOG 19:07:45.390] Config(PART) Squad/Parts/FuelTank/RCSFuelTankR10/RCSFuelTankR10/rcsTankMini
[LOG 19:07:45.390] Config(PART) Squad/Parts/FuelTank/RCSFuelTankR25/RCSFuelTankR25/RCSFuelTank
[LOG 19:07:45.390] Config(PART) Squad/Parts/FuelTank/RCSTankRadial/radialRCSTank/radialRCSTank
[LOG 19:07:45.390] Config(PART) Squad/Parts/FuelTank/RCStankRadialLong/RCSTankRadialLong/rcsTankRadialLong
[LOG 19:07:45.390] Config(PART) Squad/Parts/FuelTank/RockomaxTanks/Rockomax16/Rockomax16_BW
[LOG 19:07:45.390] Config(PART) Squad/Parts/FuelTank/RockomaxTanks/Rockomax32/Rockomax32_BW
[LOG 19:07:45.390] Config(PART) Squad/Parts/FuelTank/RockomaxTanks/Rockomax64/Rockomax64_BW
[LOG 19:07:45.390] Config(PART) Squad/Parts/FuelTank/RockomaxTanks/Rockomax8/Rockomax8BW
[LOG 19:07:45.390] Config(PART) Squad/Parts/FuelTank/Size1_Tanks/fuelTankT100/fuelTankSmallFlat
[LOG 19:07:45.390] Config(PART) Squad/Parts/FuelTank/Size1_Tanks/fuelTankT200/fuelTankSmall
[LOG 19:07:45.390] Config(PART) Squad/Parts/FuelTank/Size1_Tanks/fuelTankT400/fuelTank
[LOG 19:07:45.390] Config(PART) Squad/Parts/FuelTank/Size1_Tanks/fuelTankT800/fuelTank_long
[LOG 19:07:45.390] Config(PART) Squad/Parts/FuelTank/Size3Tanks/large/Size3LargeTank
[LOG 19:07:45.391] Config(PART) Squad/Parts/FuelTank/Size3Tanks/medium/Size3MediumTank
[LOG 19:07:45.391] Config(PART) Squad/Parts/FuelTank/Size3Tanks/small/Size3SmallTank
[LOG 19:07:45.391] Config(PART) Squad/Parts/FuelTank/xenonTank/xenonTank/xenonTank
[LOG 19:07:45.391] Config(PART) Squad/Parts/FuelTank/xenonTankLarge/xenonTankLarge/xenonTankLarge
[LOG 19:07:45.391] Config(PART) Squad/Parts/FuelTank/xenonTankRadial/xenonTankRadial/xenonTankRadial
[LOG 19:07:45.391] Config(PART) Squad/Parts/Misc/AsteroidDay/CamSat/InfraredTelescope
[LOG 19:07:45.391] Config(PART) Squad/Parts/Misc/AsteroidDay/HECS2/HECS2_ProbeCore
[LOG 19:07:45.391] Config(PART) Squad/Parts/Misc/AsteroidDay/HighGainAntenna/HighGainAntenna
[LOG 19:07:45.391] Config(PART) Squad/Parts/Misc/AsteroidDay/LgRadialSolar/LgRadialSolarPanel
[LOG 19:07:45.391] Config(PART) Squad/Parts/Misc/PotatoComet/part/PotatoComet
[LOG 19:07:45.391] Config(PART) Squad/Parts/Misc/PotatoRoid/part/PotatoRoid
[LOG 19:07:45.391] Config(PART) Squad/Parts/Prebuilt/flag/flag
[LOG 19:07:45.391] Config(PART) Squad/Parts/Prebuilt/kerbalEVA/kerbalEVA
[LOG 19:07:45.391] Config(PART) Squad/Parts/Prebuilt/kerbalEVAfemale/kerbalEVAfemale
[LOG 19:07:45.391] Config(PART) Squad/Parts/Prebuilt/kerbalEVASlimSuit/kerbalEVASlimSuit
[LOG 19:07:45.391] Config(PART) Squad/Parts/Prebuilt/kerbalEVASlimSuitFemale/kerbalEVASlimSuitFemale
[LOG 19:07:45.391] Config(PART) Squad/Parts/Resources/FuelCell/FuelCell/FuelCell
[LOG 19:07:45.391] Config(PART) Squad/Parts/Resources/FuelCell/FuelCellArray/FuelCellArray
[LOG 19:07:45.391] Config(PART) Squad/Parts/Resources/ISRU/ISRU/ISRU
[LOG 19:07:45.391] Config(PART) Squad/Parts/Resources/LargeTank/LargeTank/LargeTank
[LOG 19:07:45.391] Config(PART) Squad/Parts/Resources/MiniDrill/MiniDrill/MiniDrill
[LOG 19:07:45.391] Config(PART) Squad/Parts/Resources/MiniISRU/MiniISRU/MiniISRU
[LOG 19:07:45.391] Config(PART) Squad/Parts/Resources/OrbitalScanner/OrbitalScanner/OrbitalScanner
[LOG 19:07:45.391] Config(PART) Squad/Parts/Resources/RadialDrill/RadialDrill/RadialDrill
[LOG 19:07:45.392] Config(PART) Squad/Parts/Resources/RadialTank/RadialTank/RadialOreTank
[LOG 19:07:45.392] Config(PART) Squad/Parts/Resources/SmallTank/SmallTank/SmallTank
[LOG 19:07:45.392] Config(PART) Squad/Parts/Resources/SurfaceScanner/SurfaceScanner/SurfaceScanner
[LOG 19:07:45.392] Config(PART) Squad/Parts/Resources/SurveyScanner/SurveyScanner/SurveyScanner
[LOG 19:07:45.392] Config(PART) Squad/Parts/Science/AtmosphereSensor/sensorAtmosphere/sensorAtmosphere
[LOG 19:07:45.392] Config(PART) Squad/Parts/Science/GooExperiment/gooExperiment/GooExperiment
[LOG 19:07:45.392] Config(PART) Squad/Parts/Science/LargeCrewedLab/largeCrewedLab/Large_Crewed_Lab
[LOG 19:07:45.392] Config(PART) Squad/Parts/Science/Magnetometer/Magnetometer/Magnetometer
[LOG 19:07:45.392] Config(PART) Squad/Parts/Science/MaterialBay/materialBay/science_module
[LOG 19:07:45.392] Config(PART) Squad/Parts/Science/ScienceBox/ScienceBox/ScienceBox
[LOG 19:07:45.392] Config(PART) Squad/Parts/Science/sensorAccelerometer/sensorAccelerometer/sensorAccelerometer
[LOG 19:07:45.392] Config(PART) Squad/Parts/Science/sensorBarometer/sensorBarometer/sensorBarometer
[LOG 19:07:45.392] Config(PART) Squad/Parts/Science/sensorGravimeter/sensorGravimeter/sensorGravimeter
[LOG 19:07:45.392] Config(PART) Squad/Parts/Science/sensorThermometer/sensorThermometer/sensorThermometer
[LOG 19:07:45.392] Config(PART) Squad/Parts/Structural/FLAdapters/adapterSmallMiniShort/adapterSmallMiniShort
[LOG 19:07:45.392] Config(PART) Squad/Parts/Structural/FLAdapters/adapterSmallMiniTall/adapterSmallMiniTall
[LOG 19:07:45.392] Config(PART) Squad/Parts/Structural/mk1Parts/engineBodyRadial/radialEngineBody
[LOG 19:07:45.392] Config(PART) Squad/Parts/Structural/mk1Parts/engineNacelle/nacelleBody
[LOG 19:07:45.392] Config(PART) Squad/Parts/Structural/mk1Parts/mk1Fuselage/MK1Fuselage
[LOG 19:07:45.392] Config(PART) Squad/Parts/Structural/mk1Parts/mk1FuselageIntake/MK1IntakeFuselage
[LOG 19:07:45.392] Config(PART) Squad/Parts/Structural/mk1Parts/mk1Structural/Mk1FuselageStructural
[LOG 19:07:45.393] Config(PART) Squad/Parts/Structural/Size3To2Adapter_v2/Size2to3_v2/Size3To2Adapter_v2
[LOG 19:07:45.393] Config(PART) Squad/Parts/Structural/stackAdapters/adapterLargeSmallBi/adapterLargeSmallBi
[LOG 19:07:45.393] Config(PART) Squad/Parts/Structural/stackAdapters/adapterLargeSmallQuad/adapterLargeSmallQuad
[LOG 19:07:45.393] Config(PART) Squad/Parts/Structural/stackAdapters/adapterLargeSmallTri/adapterLargeSmallTri
[LOG 19:07:45.393] Config(PART) Squad/Parts/Structural/stationHub/stationHub/stationHub
[LOG 19:07:45.393] Config(PART) Squad/Parts/Structural/structuralIBeam200/structuralIBeam200/structuralIBeam2
[LOG 19:07:45.393] Config(PART) Squad/Parts/Structural/structuralIBeam200Pocket/structuralIBeam200Pocket/structuralIBeam3
[LOG 19:07:45.393] Config(PART) Squad/Parts/Structural/structuralIBeam650/structuralIBeam650/structuralIBeam1
[LOG 19:07:45.393] Config(PART) Squad/Parts/Structural/structuralMicronode/structuralMicronode/structuralMiniNode
[LOG 19:07:45.393] Config(PART) Squad/Parts/Structural/structuralPanel1x1/structuralPanel1x1/structuralPanel1
[LOG 19:07:45.393] Config(PART) Squad/Parts/Structural/structuralPanel2x2/structuralPanel2x2/structuralPanel2
[LOG 19:07:45.393] Config(PART) Squad/Parts/Structural/structuralPylons/smallHardpoint/smallHardpoint
[LOG 19:07:45.393] Config(PART) Squad/Parts/Structural/structuralPylons/structuralPylon/structuralPylon
[LOG 19:07:45.393] Config(PART) Squad/Parts/Structural/strutCubicOcto/strutCubicOcto/strutCube
[LOG 19:07:45.393] Config(PART) Squad/Parts/Structural/strutOcto/strutOcto/strutOcto
[LOG 19:07:45.393] Config(PART) Squad/Parts/Structural/trussGirderAdapter/trussGirderAdapter/trussAdapter
[LOG 19:07:45.393] Config(PART) Squad/Parts/Structural/trussGirderL/trussGirderL/trussPiece1x
[LOG 19:07:45.393] Config(PART) Squad/Parts/Structural/trussGirderXL/trussGirderXL/trussPiece3x
[LOG 19:07:45.393] Config(PART) Squad/Parts/Thermal/FoldingRadiators/foldingRadLarge/foldingRadLarge
[LOG 19:07:45.393] Config(PART) Squad/Parts/Thermal/FoldingRadiators/foldingRadMed/foldingRadMed
[LOG 19:07:45.393] Config(PART) Squad/Parts/Thermal/FoldingRadiators/foldingRadSmall/foldingRadSmall
[LOG 19:07:45.393] Config(PART) Squad/Parts/Thermal/RadiatorPanels/radPanelEdge/radPanelEdge
[LOG 19:07:45.393] Config(PART) Squad/Parts/Thermal/RadiatorPanels/radPanelLg/radPanelLg
[LOG 19:07:45.393] Config(PART) Squad/Parts/Thermal/RadiatorPanels/radPanelSm/radPanelSm
[LOG 19:07:45.393] Config(PART) Squad/Parts/Utility/commDish88-88/commDish88-88/commDish
[LOG 19:07:45.393] Config(PART) Squad/Parts/Utility/commsAntennaDTS-M1/commsAntennaDTS-M1/mediumDishAntenna
[LOG 19:07:45.393] Config(PART) Squad/Parts/Utility/commsDish16/commsAntenna16/longAntenna
[LOG 19:07:45.393] Config(PART) Squad/Parts/Utility/decouplerRadialHDM/decouplerRadialHDM/radialDecoupler1-2
[LOG 19:07:45.394] Config(PART) Squad/Parts/Utility/decouplerRadialTT-38K/decouplerRadialTT-38K/radialDecoupler
[LOG 19:07:45.394] Config(PART) Squad/Parts/Utility/decouplerRadialTT-70/decouplerRadialTT-70/radialDecoupler2
[LOG 19:07:45.394] Config(PART) Squad/Parts/Utility/DirectAntennas/C16S/SurfAntenna
[LOG 19:07:45.394] Config(PART) Squad/Parts/Utility/DirectAntennas/HG-5/HighGainAntenna5
[LOG 19:07:45.394] Config(PART) Squad/Parts/Utility/DirectAntennas/HG-5_v2/HighGainAntenna5_v2
[LOG 19:07:45.394] Config(PART) Squad/Parts/Utility/dockingPort/dockingPort/dockingPort2
[LOG 19:07:45.394] Config(PART) Squad/Parts/Utility/dockingPortInline/dockingPortInline/dockingPortLateral
[LOG 19:07:45.394] Config(PART) Squad/Parts/Utility/dockingPortJr/dockingPortJr/dockingPort3
[LOG 19:07:45.394] Config(PART) Squad/Parts/Utility/dockingPortShielded/dockingPortShielded/dockingPort1
[LOG 19:07:45.394] Config(PART) Squad/Parts/Utility/dockingPortSr/dockingPortSr/dockingPortLarge
[LOG 19:07:45.394] Config(PART) Squad/Parts/Utility/Fireworks/fireworksLauncherBig/fireworksLauncherBig
[LOG 19:07:45.394] Config(PART) Squad/Parts/Utility/Fireworks/fireworksLauncherSmall/fireworksLauncherSmall
[LOG 19:07:45.394] Config(PART) Squad/Parts/Utility/flags/flagFlat/flagFlat/flagPartFlat
[LOG 19:07:45.394] Config(PART) Squad/Parts/Utility/flags/flagSize0/flagSize0/flagPartSize0
[LOG 19:07:45.394] Config(PART) Squad/Parts/Utility/flags/flagSize1/flagSize1/flagPartSize1
[LOG 19:07:45.394] Config(PART) Squad/Parts/Utility/flags/flagSize2/flagSize2/flagPartSize2
[LOG 19:07:45.394] Config(PART) Squad/Parts/Utility/flags/flagSize3/flagSize3/flagPartSize3
[LOG 19:07:45.394] Config(PART) Squad/Parts/Utility/GrapplingDevice/part/GrapplingDevice
[LOG 19:07:45.394] Config(PART) Squad/Parts/Utility/ladderRadial/ladderRadial/ladder1
[LOG 19:07:45.394] Config(PART) Squad/Parts/Utility/ladderTelescopic/ladderTelescopic/telescopicLadder
[LOG 19:07:45.394] Config(PART) Squad/Parts/Utility/ladderTelescopicBay/ladderTelescopicBay/telescopicLadderBay
[LOG 19:07:45.394] Config(PART) Squad/Parts/Utility/landingLegLT-1/landingLegLT-1/landingLeg1
[LOG 19:07:45.394] Config(PART) Squad/Parts/Utility/landingLegLT-2/landingLegLT-2/landingLeg1-2
[LOG 19:07:45.394] Config(PART) Squad/Parts/Utility/landingLegLT-5/landingLegLT-5/miniLandingLeg
[LOG 19:07:45.394] Config(PART) Squad/Parts/Utility/launchClamp1/launchClamp1/launchClamp1
[LOG 19:07:45.394] Config(PART) Squad/Parts/Utility/launchEscapeSystem/part/LaunchEscapeSystem
[LOG 19:07:45.395] Config(PART) Squad/Parts/Utility/Lights/domeLight1/domeLight1
[LOG 19:07:45.395] Config(PART) Squad/Parts/Utility/Lights/groundLight1/groundLight1
[LOG 19:07:45.395] Config(PART) Squad/Parts/Utility/Lights/groundLight2/groundLight2
[LOG 19:07:45.395] Config(PART) Squad/Parts/Utility/Lights/navLight1/navLight1
[LOG 19:07:45.395] Config(PART) Squad/Parts/Utility/Lights/spotLight1/spotLight3
[LOG 19:07:45.395] Config(PART) Squad/Parts/Utility/Lights/stripLight1/stripLight1
[LOG 19:07:45.395] Config(PART) Squad/Parts/Utility/linearVernorRCS/linearRCS/linearRcs
[LOG 19:07:45.395] Config(PART) Squad/Parts/Utility/linearVernorRCS/vernorEngine/vernierEngine
[LOG 19:07:45.395] Config(PART) Squad/Parts/Utility/mk2CargoBay/BayL/mk2CargoBayL
[LOG 19:07:45.395] Config(PART) Squad/Parts/Utility/mk2CargoBay/BayS/mk2CargoBayS
[LOG 19:07:45.395] Config(PART) Squad/Parts/Utility/mk2CrewCabin/mk2CrewCabin/mk2CrewCabin
[LOG 19:07:45.395] Config(PART) Squad/Parts/Utility/mk2DockingPort/mk2DockingPort/mk2DockingPort
[LOG 19:07:45.395] Config(PART) Squad/Parts/Utility/mk3CargoBay/long/mk3CargoBayL
[LOG 19:07:45.395] Config(PART) Squad/Parts/Utility/mk3CargoBay/medium/mk3CargoBayM
[LOG 19:07:45.395] Config(PART) Squad/Parts/Utility/mk3CargoBay/ramp/mk3CargoRamp
[LOG 19:07:45.395] Config(PART) Squad/Parts/Utility/mk3CargoBay/short/mk3CargoBayS
[LOG 19:07:45.395] Config(PART) Squad/Parts/Utility/parachuteMk1/parachuteMk1/parachuteSingle
[LOG 19:07:45.395] Config(PART) Squad/Parts/Utility/parachuteMk12-R/parachuteMk12-R/radialDrogue
[LOG 19:07:45.395] Config(PART) Squad/Parts/Utility/parachuteMk16-XL/parachuteMk16-XL/parachuteLarge
[LOG 19:07:45.395] Config(PART) Squad/Parts/Utility/parachuteMk2-R/parachuteMk2-R/parachuteRadial
[LOG 19:07:45.395] Config(PART) Squad/Parts/Utility/parachuteMk25/parachuteMk25/parachuteDrogue
[LOG 19:07:45.395] Config(PART) Squad/Parts/Utility/radialAttachmentPoint/radialAttachmentPoint/stackPoint1
[LOG 19:07:45.395] Config(PART) Squad/Parts/Utility/rcsBlockRV-105_v2/rcsBlockRV-105/RCSBlock_v2
[LOG 19:07:45.395] Config(PART) Squad/Parts/Utility/rcsBlockRV-105_v2/RCSblock_01_small/RCSblock_01_small
[LOG 19:07:45.395] Config(PART) Squad/Parts/Utility/rcsSmallLinear/RCSLinearSmall/RCSLinearSmall
[LOG 19:07:45.395] Config(PART) Squad/Parts/Utility/RelayAntennas/RA-100/RelayAntenna100
[LOG 19:07:45.396] Config(PART) Squad/Parts/Utility/RelayAntennas/RA-5/RelayAntenna5
[LOG 19:07:45.396] Config(PART) Squad/Parts/Utility/RelayAntennas/RA-50/RelayAntenna50
[LOG 19:07:45.396] Config(PART) Squad/Parts/Utility/rockomaxAdapters/largeAdapter/largeAdapter
[LOG 19:07:45.396] Config(PART) Squad/Parts/Utility/rockomaxAdapters/largeAdapterShort/largeAdapter2
[LOG 19:07:45.396] Config(PART) Squad/Parts/Utility/ServiceBay_v2/ServiceBay_125_v2/ServiceBay_125_v2
[LOG 19:07:45.396] Config(PART) Squad/Parts/Utility/ServiceBay_v2/ServiceBay_250_v2/ServiceBay_250_v2
[LOG 19:07:45.396] Config(PART) Squad/Parts/Utility/smallClaw/smallClaw/smallClaw
[LOG 19:07:45.396] Config(PART) Squad/Parts/Utility/spotLightMk1/spotLightMk1/spotLight1
[LOG 19:07:45.396] Config(PART) Squad/Parts/Utility/spotLightMk1_v2/spotLightMk1_v2/spotLight1_v2
[LOG 19:07:45.396] Config(PART) Squad/Parts/Utility/spotLightMk2/spotLightMk2/spotLight2
[LOG 19:07:45.396] Config(PART) Squad/Parts/Utility/spotLightMk2_v2/spotLightMk2_v2/spotLight2_v2
[LOG 19:07:45.396] Config(PART) Squad/Parts/Utility/stackCouplers/stackBiCoupler_v2/stackBiCoupler_v2
[LOG 19:07:45.396] Config(PART) Squad/Parts/Utility/stackCouplers/stackQuadCoupler/stackQuadCoupler
[LOG 19:07:45.396] Config(PART) Squad/Parts/Utility/stackCouplers/stackTriCoupler_v2/stackTriCoupler_v2
[LOG 19:07:45.396] Config(PART) Squad/Parts/Wheel/LandingGear/GearExtraLarge/GearLarge
[LOG 19:07:45.396] Config(PART) Squad/Parts/Wheel/LandingGear/GearFixed/GearFixed
[LOG 19:07:45.396] Config(PART) Squad/Parts/Wheel/LandingGear/GearFree/GearFree
[LOG 19:07:45.396] Config(PART) Squad/Parts/Wheel/LandingGear/GearLarge/GearMedium
[LOG 19:07:45.396] Config(PART) Squad/Parts/Wheel/LandingGear/GearMedium/GearSmall
[LOG 19:07:45.396] Config(PART) Squad/Parts/Wheel/LandingGear/GearSmall/SmallGearBay
[LOG 19:07:45.396] Config(PART) Squad/Parts/Wheel/roverWheelM1/roverWheelM1/roverWheel1
[LOG 19:07:45.396] Config(PART) Squad/Parts/Wheel/roverWheelS2/roverWheelS2/roverWheel2
[LOG 19:07:45.397] Config(PART) Squad/Parts/Wheel/roverWheelTR-2L/roverWheelTR-2L/wheelMed
[LOG 19:07:45.397] Config(PART) Squad/Parts/Wheel/roverWheelXL3/roverWheelXL3/roverWheel3
[LOG 19:07:45.397] Config(PROP) Squad/Props/AltimeterThreeHands/prop/AltimeterThreeHands
[LOG 19:07:45.397] Config(PROP) Squad/Props/AtmosphereDepth/prop/AtmosphereDepth
[LOG 19:07:45.397] Config(PROP) Squad/Props/AxisIndicator/pitchConfig/AxisIndicatorPitch
[LOG 19:07:45.397] Config(PROP) Squad/Props/AxisIndicator/rollConfig/AxisIndicatorRoll
[LOG 19:07:45.397] Config(PROP) Squad/Props/AxisIndicator/yawConfig/AxisIndicatorYaw
[LOG 19:07:45.397] Config(PROP) Squad/Props/buttonsGeneric/circularButton/genericCircularButton
[LOG 19:07:45.397] Config(PROP) Squad/Props/buttonsGeneric/clusterButtons/genericClusterButtons
[LOG 19:07:45.397] Config(PROP) Squad/Props/buttonsGeneric/clusterButtons2/genericClusterButtons2
[LOG 19:07:45.397] Config(PROP) Squad/Props/buttonsGeneric/clusterKnob/genericClusterKnobs
[LOG 19:07:45.397] Config(PROP) Squad/Props/buttonsGeneric/clusterKnob2/genericClusterKnobs2
[LOG 19:07:45.397] Config(PROP) Squad/Props/buttonsGeneric/clusterMixed/genericClusterMixed
[LOG 19:07:45.397] Config(PROP) Squad/Props/buttonsGeneric/clusterSwitches01/genericClusterSwitches01
[LOG 19:07:45.397] Config(PROP) Squad/Props/buttonsGeneric/clusterSwitches02/genericClusterSwitches02
[LOG 19:07:45.397] Config(PROP) Squad/Props/buttonsGeneric/clusterSwitches03/genericClusterSwitches03
[LOG 19:07:45.397] Config(PROP) Squad/Props/buttonsGeneric/clusterSwitches04/genericClusterSwitches04
[LOG 19:07:45.397] Config(PROP) Squad/Props/buttonsGeneric/clusterSwitches05/genericClusterSwitches05
[LOG 19:07:45.397] Config(PROP) Squad/Props/buttonsGeneric/clusterSwitches06/genericClusterSwitches06
[LOG 19:07:45.397] Config(PROP) Squad/Props/buttonsGeneric/clusterSwitches07/genericClusterSwitches07
[LOG 19:07:45.397] Config(PROP) Squad/Props/buttonsGeneric/directionalKnob/genericDirectionalKnob
[LOG 19:07:45.397] Config(PROP) Squad/Props/buttonsGeneric/directionalKnob2/genericDirectionalKnob2
[LOG 19:07:45.397] Config(PROP) Squad/Props/buttonsGeneric/pullSwitch/genericPullSwitch
[LOG 19:07:45.397] Config(PROP) Squad/Props/buttonsGeneric/squareButton/genericSquareButton
[LOG 19:07:45.397] Config(PROP) Squad/Props/buttonsGeneric/standingSwitch/genericStandingSwitch
[LOG 19:07:45.397] Config(PROP) Squad/Props/buttonsGeneric/switch/genericSwitch
[LOG 19:07:45.397] Config(PROP) Squad/Props/buttonsGeneric/switchWithGuards/genericSwitchWithGuards
[LOG 19:07:45.397] Config(PROP) Squad/Props/ButtonSquare/prop/ButtonSquare
[LOG 19:07:45.397] Config(PROP) Squad/Props/circularButton/prop/circularButton
[LOG 19:07:45.398] Config(PROP) Squad/Props/Compass/prop/Compass
[LOG 19:07:45.398] Config(PROP) Squad/Props/directionalKnob/prop/directionalKnob
[LOG 19:07:45.398] Config(PROP) Squad/Props/directionalKnob2/prop/directionalKnob2
[LOG 19:07:45.398] Config(PROP) Squad/Props/IndicatorPanel/prop/IndicatorPanel
[LOG 19:07:45.398] Config(PROP) Squad/Props/IVANavBall/prop/NavBall
[LOG 19:07:45.398] Config(PROP) Squad/Props/IVANavBallNoBase/prop/NavBallNoBase
[LOG 19:07:45.398] Config(PROP) Squad/Props/ledPanelSpeed/prop/ledPanelSpeed
[LOG 19:07:45.398] Config(PROP) Squad/Props/Monitor/DockingMode/MonitorDockingMode
[LOG 19:07:45.398] Config(PROP) Squad/Props/NavBall/prop/NavBall
[LOG 19:07:45.398] Config(PROP) Squad/Props/PropsGeneric/Button_DockingMode/Button_DockingMode
[LOG 19:07:45.398] Config(PROP) Squad/Props/PropsGeneric/CargoBagA/CargoBagA
[LOG 19:07:45.398] Config(PROP) Squad/Props/PropsGeneric/CargoBagB/CargoBagB
[LOG 19:07:45.398] Config(PROP) Squad/Props/PropsGeneric/CargoBagC/CargoBagC
[LOG 19:07:45.398] Config(PROP) Squad/Props/PropsGeneric/Hatch_Plane/Hatch_Plane
[LOG 19:07:45.398] Config(PROP) Squad/Props/PropsGeneric/Hatch_Plane_Curve90/Hatch_Plane_Curve90
[LOG 19:07:45.398] Config(PROP) Squad/Props/PropsGeneric/Hatch_Plane_Frame/Hatch_Plane_Frame
[LOG 19:07:45.398] Config(PROP) Squad/Props/PropsGeneric/Seat_Passenger/Seat_Passenger
[LOG 19:07:45.398] Config(PROP) Squad/Props/PropsGeneric/Seat_Pilot/Seat_Pilot
[LOG 19:07:45.398] Config(PROP) Squad/Props/PropsGeneric/Seat_Pilot_Helmet/Seat_Pilot_Helmet
[LOG 19:07:45.398] Config(PROP) Squad/Props/PropsGeneric/SideStick/SideStick
[LOG 19:07:45.398] Config(PROP) Squad/Props/pullSwitch/prop/pullSwitch
[LOG 19:07:45.398] Config(PROP) Squad/Props/radarAltitude/prop/RadarAltimeter
[LOG 19:07:45.398] Config(PROP) Squad/Props/squareButton/prop/squareButton
[LOG 19:07:45.398] Config(PROP) Squad/Props/standingSwitch/prop/standingSwitch
[LOG 19:07:45.398] Config(PROP) Squad/Props/switch/prop/switch
[LOG 19:07:45.398] Config(PROP) Squad/Props/switchGuard/prop/switchGuard
[LOG 19:07:45.398] Config(PROP) Squad/Props/switchWithGuards/prop/switchWithGuards
[LOG 19:07:45.398] Config(PROP) Squad/Props/throttle/prop/throttle
[LOG 19:07:45.398] Config(PROP) Squad/Props/VSI/prop/VSI
[LOG 19:07:45.399] Config(SPACEOBJECTS_LIMITS) Squad/Resources/CometDefs/SPACEOBJECTS_LIMITS
[LOG 19:07:45.399] Config(COMET_MANAGER) Squad/Resources/CometDefs/COMET_MANAGER
[LOG 19:07:45.399] Config(COMET_ORBIT_TYPE) Squad/Resources/CometDefs/short
[LOG 19:07:45.399] Config(COMET_ORBIT_TYPE) Squad/Resources/CometDefs/intermediate
[LOG 19:07:45.399] Config(COMET_ORBIT_TYPE) Squad/Resources/CometDefs/long
[LOG 19:07:45.399] Config(COMET_ORBIT_TYPE) Squad/Resources/CometDefs/interstellar
[LOG 19:07:45.399] Config(FIREWORKFX_DEFINITION) Squad/Resources/FireworkFXDefinitions/classicTrail
[LOG 19:07:45.399] Config(FIREWORKFX_DEFINITION) Squad/Resources/FireworkFXDefinitions/whirlyTrail
[LOG 19:07:45.399] Config(FIREWORKFX_DEFINITION) Squad/Resources/FireworkFXDefinitions/strobeTrail
[LOG 19:07:45.399] Config(FIREWORKFX_DEFINITION) Squad/Resources/FireworkFXDefinitions/bareTrail
[LOG 19:07:45.399] Config(FIREWORKFX_DEFINITION) Squad/Resources/FireworkFXDefinitions/classicBurst
[LOG 19:07:45.399] Config(FIREWORKFX_DEFINITION) Squad/Resources/FireworkFXDefinitions/chrysBurst
[LOG 19:07:45.399] Config(FIREWORKFX_DEFINITION) Squad/Resources/FireworkFXDefinitions/palmBurst
[LOG 19:07:45.399] Config(FIREWORKFX_DEFINITION) Squad/Resources/FireworkFXDefinitions/ringBurst
[LOG 19:07:45.399] Config(FIREWORKFX_DEFINITION) Squad/Resources/FireworkFXDefinitions/crosetteBurst
[LOG 19:07:45.399] Config(FIREWORKFX_DEFINITION) Squad/Resources/FireworkFXDefinitions/willowBurst
[LOG 19:07:45.399] Config(FIREWORKFX_DEFINITION) Squad/Resources/FireworkFXDefinitions/crackeBurst
[LOG 19:07:45.399] Config(FIREWORKFX_DEFINITION) Squad/Resources/FireworkFXDefinitions/palmCrackleBurst
[LOG 19:07:45.399] Config(FIREWORKFX_DEFINITION) Squad/Resources/FireworkFXDefinitions/dragonBurst
[LOG 19:07:45.399] Config(GLOBAL_RESOURCE) Squad/Resources/Ore/GLOBAL_RESOURCE
[LOG 19:07:45.399] Config(PLANETARY_RESOURCE) Squad/Resources/Ore/PLANETARY_RESOURCE
[LOG 19:07:45.399] Config(PLANETARY_RESOURCE) Squad/Resources/Ore/PLANETARY_RESOURCE
[LOG 19:07:45.399] Config(RESOURCE_OVERLAY_CONFIGURATION_SOLID) Squad/Resources/Overlay/RESOURCE_OVERLAY_CONFIGURATION_SOLID
[LOG 19:07:45.399] Config(RESOURCE_OVERLAY_CONFIGURATION_LINES) Squad/Resources/Overlay/RESOURCE_OVERLAY_CONFIGURATION_LINES
[LOG 19:07:45.399] Config(RESOURCE_OVERLAY_CONFIGURATION_DOTS) Squad/Resources/Overlay/RESOURCE_OVERLAY_CONFIGURATION_DOTS
[LOG 19:07:45.399] Config(RESOURCE_CONFIGURATION) Squad/Resources/ResourceDefaults/RESOURCE_CONFIGURATION
[LOG 19:07:45.399] Config(RESOURCE_DEFINITION) Squad/Resources/ResourcesGeneric/LiquidFuel
[LOG 19:07:45.399] Config(RESOURCE_DEFINITION) Squad/Resources/ResourcesGeneric/Oxidizer
[LOG 19:07:45.399] Config(RESOURCE_DEFINITION) Squad/Resources/ResourcesGeneric/SolidFuel
[LOG 19:07:45.399] Config(RESOURCE_DEFINITION) Squad/Resources/ResourcesGeneric/MonoPropellant
[LOG 19:07:45.399] Config(RESOURCE_DEFINITION) Squad/Resources/ResourcesGeneric/XenonGas
[LOG 19:07:45.400] Config(RESOURCE_DEFINITION) Squad/Resources/ResourcesGeneric/ElectricCharge
[LOG 19:07:45.400] Config(RESOURCE_DEFINITION) Squad/Resources/ResourcesGeneric/IntakeAir
[LOG 19:07:45.400] Config(RESOURCE_DEFINITION) Squad/Resources/ResourcesGeneric/EVA Propellant
[LOG 19:07:45.400] Config(RESOURCE_DEFINITION) Squad/Resources/ResourcesGeneric/Ore
[LOG 19:07:45.400] Config(RESOURCE_DEFINITION) Squad/Resources/ResourcesGeneric/Ablator
[LOG 19:07:45.400] Config(EXPERIMENT_DEFINITION) Squad/Resources/ScienceDefs/EXPERIMENT_DEFINITION
[LOG 19:07:45.400] Config(EXPERIMENT_DEFINITION) Squad/Resources/ScienceDefs/EXPERIMENT_DEFINITION
[LOG 19:07:45.400] Config(EXPERIMENT_DEFINITION) Squad/Resources/ScienceDefs/EXPERIMENT_DEFINITION
[LOG 19:07:45.400] Config(EXPERIMENT_DEFINITION) Squad/Resources/ScienceDefs/EXPERIMENT_DEFINITION
[LOG 19:07:45.400] Config(EXPERIMENT_DEFINITION) Squad/Resources/ScienceDefs/EXPERIMENT_DEFINITION
[LOG 19:07:45.400] Config(EXPERIMENT_DEFINITION) Squad/Resources/ScienceDefs/EXPERIMENT_DEFINITION
[LOG 19:07:45.400] Config(EXPERIMENT_DEFINITION) Squad/Resources/ScienceDefs/EXPERIMENT_DEFINITION
[LOG 19:07:45.400] Config(EXPERIMENT_DEFINITION) Squad/Resources/ScienceDefs/EXPERIMENT_DEFINITION
[LOG 19:07:45.400] Config(EXPERIMENT_DEFINITION) Squad/Resources/ScienceDefs/EXPERIMENT_DEFINITION
[LOG 19:07:45.400] Config(EXPERIMENT_DEFINITION) Squad/Resources/ScienceDefs/EXPERIMENT_DEFINITION
[LOG 19:07:45.400] Config(EXPERIMENT_DEFINITION) Squad/Resources/ScienceDefs/EXPERIMENT_DEFINITION
[LOG 19:07:45.400] Config(EXPERIMENT_DEFINITION) Squad/Resources/ScienceDefs/EXPERIMENT_DEFINITION
[LOG 19:07:45.400] Config(EXPERIMENT_DEFINITION) Squad/Resources/ScienceDefs/EXPERIMENT_DEFINITION
[LOG 19:07:45.400] Config(EXPERIMENT_DEFINITION) Squad/Resources/ScienceDefs/EXPERIMENT_DEFINITION
[LOG 19:07:45.400] Config(EXPERIMENT_DEFINITION) Squad/Resources/ScienceDefs/EXPERIMENT_DEFINITION
[LOG 19:07:45.400] Config(EXPERIMENT_DEFINITION) Squad/Resources/ScienceDefs/EXPERIMENT_DEFINITION
[LOG 19:07:45.400] Config(EXPERIMENT_DEFINITION) Squad/Resources/ScienceDefs/EXPERIMENT_DEFINITION
[LOG 19:07:45.400] Config(EXPERIMENT_DEFINITION) Squad/Resources/ScienceDefs/EXPERIMENT_DEFINITION
[LOG 19:07:45.400] Config(STORY_DEF) Squad/Resources/StoryDefs/STORY_DEF
[LOG 19:07:45.400] Config(TechTree) Squad/Resources/TechTree/TechTree
[LOG 19:07:45.400] Config(INTERNAL) Squad/Spaces/crewCabinInternals/internal/crewCabinInternals
[LOG 19:07:45.400] Config(INTERNAL) Squad/Spaces/cupolaInternal/internal/cupolaInternal
[LOG 19:07:45.401] Config(INTERNAL) Squad/Spaces/GenericSpace1/internal/GenericSpace1
[LOG 19:07:45.401] Config(INTERNAL) Squad/Spaces/GenericSpace3/internal/GenericSpace3
[LOG 19:07:45.401] Config(INTERNAL) Squad/Spaces/landerCabinInternals/internal/landerCabinInternals
[LOG 19:07:45.401] Config(INTERNAL) Squad/Spaces/landerCabinSmallInternal/internal/landerCabinSmallInternal
[LOG 19:07:45.401] Config(INTERNAL) Squad/Spaces/LargeCrewedLabInternals/internal/Mobile_Processing_Lab_Int
[LOG 19:07:45.401] Config(INTERNAL) Squad/Spaces/Mk1-3/internal/Mk1-3
[LOG 19:07:45.401] Config(INTERNAL) Squad/Spaces/mk1CabinInternal/internal/mk1CabinInternal
[LOG 19:07:45.401] Config(INTERNAL) Squad/Spaces/mk1CockpitInternal/internal/mk1CockpitInternal
[LOG 19:07:45.401] Config(INTERNAL) Squad/Spaces/mk1InlineInternal/internal/mk1InlineInternal
[LOG 19:07:45.401] Config(INTERNAL) Squad/Spaces/mk1PodCockpit/internal/mk1PodCockpit
[LOG 19:07:45.401] Config(INTERNAL) Squad/Spaces/mk1pod_IVA/mk1pod_Internal/mk1pod_IVA
[LOG 19:07:45.401] Config(INTERNAL) Squad/Spaces/mk2CockpitStandardInternal/internal/mk2CockpitStandardInternals
[LOG 19:07:45.401] Config(INTERNAL) Squad/Spaces/Mk2CrewCabinInternal/internal_MK2_CrewCab/MK2_CrewCab_Int
[LOG 19:07:45.401] Config(INTERNAL) Squad/Spaces/mk2InlineInternal/internal/mk2InlineInternal
[LOG 19:07:45.401] Config(INTERNAL) Squad/Spaces/mk2LanderCanInternal/internal/mk2LanderCanInternal
[LOG 19:07:45.401] Config(INTERNAL) Squad/Spaces/MK3CockpitInternal/internal_MK3/MK3_Cockpit_Int
[LOG 19:07:45.401] Config(INTERNAL) Squad/Spaces/MK3_CrewCab_Int/internal_MK3_CrewCab/MK3_CrewCab_Int
[LOG 19:07:45.401] Config(INTERNAL) Squad/Spaces/Placeholder/internal/Placeholder
[LOG 19:07:45.401] Config(INTERNAL) Squad/Spaces/PodCockpit/internal/PodCockpit
[LOG 19:07:45.401] Config(STRATEGY_DEPARTMENT) Squad/Strategies/Departments/Finances
[LOG 19:07:45.401] Config(STRATEGY_DEPARTMENT) Squad/Strategies/Departments/Science
[LOG 19:07:45.401] Config(STRATEGY_DEPARTMENT) Squad/Strategies/Departments/Public Relations
[LOG 19:07:45.401] Config(STRATEGY_DEPARTMENT) Squad/Strategies/Departments/Operations
[LOG 19:07:45.401] Config(STRATEGY) Squad/Strategies/Strategies/AppreciationCampaignCfg
[LOG 19:07:45.401] Config(STRATEGY) Squad/Strategies/Strategies/FundraisingCampaignCfg
[LOG 19:07:45.401] Config(STRATEGY) Squad/Strategies/Strategies/OpenSourceTechProgramCfg
[LOG 19:07:45.402] Config(STRATEGY) Squad/Strategies/Strategies/UnpaidResearchProgramCfg
[LOG 19:07:45.402] Config(STRATEGY) Squad/Strategies/Strategies/OutsourcedResearchCfg
[LOG 19:07:45.402] Config(STRATEGY) Squad/Strategies/Strategies/PatentsLicensingCfg
[LOG 19:07:45.402] Config(STRATEGY) Squad/Strategies/Strategies/AgressiveNegotiations
[LOG 19:07:45.402] Config(STRATEGY) Squad/Strategies/Strategies/RecoveryTransponders
[LOG 19:07:45.402] Config(STRATEGY) Squad/Strategies/Strategies/BailoutGrant
[LOG 19:07:45.402] Config(STRATEGY) Squad/Strategies/Strategies/researchIPsellout
[LOG 19:07:45.402] Config(STRATEGY) Squad/Strategies/Strategies/LeadershipInitiative
[LOG 19:07:45.402] Config(TUTORIAL) Squad/Tutorials/FlightSuborbital/FlightSuborbital
[LOG 19:07:45.402] Config(TUTORIAL) Squad/Tutorials/FromMun/FromMun
[LOG 19:07:45.402] Config(TUTORIAL) Squad/Tutorials/GoForOrbit/GoForOrbit
[LOG 19:07:45.402] Config(MISSIONPACK) SquadExpansion/MakingHistory/Missions/MissionPacks/squad_MakingHistory
[LOG 19:07:45.402] Config(MISSIONPACK) SquadExpansion/MakingHistory/Missions/MissionPacks/squad_MakingHistory_Other
[LOG 19:07:45.402] Config(MISSIONPACK) SquadExpansion/MakingHistory/Missions/MissionPacks/squad_MakingHistory_Tutorial
[LOG 19:07:45.402] Config(MEBASICNODE) SquadExpansion/MakingHistory/Nodes/AccuracyLogic/TestAccuracyLogic
[LOG 19:07:45.402] Config(MEBASICNODE) SquadExpansion/MakingHistory/Nodes/ActionChancePartResourceLevels/ActionPartResourceAmount
[LOG 19:07:45.402] Config(MEBASICNODE) SquadExpansion/MakingHistory/Nodes/ActionExplode/ActionVesselExplode
[LOG 19:07:45.402] Config(MEBASICNODE) SquadExpansion/MakingHistory/Nodes/ActionMissionScore/MissionScore
[LOG 19:07:45.402] Config(MEBASICNODE) SquadExpansion/MakingHistory/Nodes/ActionModifierFunds/ModifyFunds
[LOG 19:07:45.402] Config(MEBASICNODE) SquadExpansion/MakingHistory/Nodes/ActionModifierScore/MissionScore
[LOG 19:07:45.402] Config(MEBASICNODE) SquadExpansion/MakingHistory/Nodes/ActionPartExplode/ActionPartExplode
[LOG 19:07:45.402] Config(MEBASICNODE) SquadExpansion/MakingHistory/Nodes/ActionPartResourceDrain/ActionPartResourceDrain
[LOG 19:07:45.402] Config(MEBASICNODE) SquadExpansion/MakingHistory/Nodes/ActionVesselActionGroup/ActionVesselActionGroup
[LOG 19:07:45.402] Config(MEBASICNODE) SquadExpansion/MakingHistory/Nodes/ActionVesselStage/ActionVesselStage
[LOG 19:07:45.402] Config(MEBASICNODE) SquadExpansion/MakingHistory/Nodes/CreateAsteroid/CreateAsteroid
[LOG 19:07:45.402] Config(MEBASICNODE) SquadExpansion/MakingHistory/Nodes/CreateComet/CreateComet
[LOG 19:07:45.402] Config(MEBASICNODE) SquadExpansion/MakingHistory/Nodes/CreateFlag/CreateFlag
[LOG 19:07:45.402] Config(MEBASICNODE) SquadExpansion/MakingHistory/Nodes/CreateLaunchSite/CreateLaunchSite
[LOG 19:07:45.403] Config(MEBASICNODE) SquadExpansion/MakingHistory/Nodes/CreateVessel/CreateVessel
[LOG 19:07:45.403] Config(MEBASICNODE) SquadExpansion/MakingHistory/Nodes/CrewAssignment/TestCrewAssignment
[LOG 19:07:45.403] Config(MEBASICNODE) SquadExpansion/MakingHistory/Nodes/Destroyed/Crashed
[LOG 19:07:45.403] Config(MEBASICNODE) SquadExpansion/MakingHistory/Nodes/DialogMessage/DialogMessage
[LOG 19:07:45.403] Config(MEBASICNODE) SquadExpansion/MakingHistory/Nodes/Distance/Distance
[LOG 19:07:45.403] Config(MEBASICNODE) SquadExpansion/MakingHistory/Nodes/EmptyFalse/EmptyFalse
[LOG 19:07:45.403] Config(MEBASICNODE) SquadExpansion/MakingHistory/Nodes/EmptyTrue/EmptyTrue
[LOG 19:07:45.403] Config(MEBASICNODE) SquadExpansion/MakingHistory/Nodes/EscapeSOI/SOILeft
[LOG 19:07:45.403] Config(MEBASICNODE) SquadExpansion/MakingHistory/Nodes/EVA/EVA
[LOG 19:07:45.403] Config(MEBASICNODE) SquadExpansion/MakingHistory/Nodes/Flying/Flying
[LOG 19:07:45.403] Config(MEBASICNODE) SquadExpansion/MakingHistory/Nodes/FundsRecovery/FundsRecovery
[LOG 19:07:45.403] Config(MEBASICNODE) SquadExpansion/MakingHistory/Nodes/KerbalBoarded/TestKerbalBoarded
[LOG 19:07:45.403] Config(MEBASICNODE) SquadExpansion/MakingHistory/Nodes/KerbalKilled/EVA
[LOG 19:07:45.403] Config(MEBASICNODE) SquadExpansion/MakingHistory/Nodes/KerbalRecovery/KerbalRecovery
[LOG 19:07:45.403] Config(MEBASICNODE) SquadExpansion/MakingHistory/Nodes/KerbalRescue/KerbalRescue
[LOG 19:07:45.403] Config(MEBASICNODE) SquadExpansion/MakingHistory/Nodes/Landed/Landed
[LOG 19:07:45.403] Config(MEBASICNODE) SquadExpansion/MakingHistory/Nodes/Message/Message
[LOG 19:07:45.403] Config(MEBASICNODE) SquadExpansion/MakingHistory/Nodes/MissionFunds/MissionFunds
[LOG 19:07:45.403] Config(MEBASICNODE) SquadExpansion/MakingHistory/Nodes/MissionScore/MissionScore
[LOG 19:07:45.403] Config(MEBASICNODE) SquadExpansion/MakingHistory/Nodes/Orbit/Orbit
[LOG 19:07:45.403] Config(MEBASICNODE) SquadExpansion/MakingHistory/Nodes/OrbitParams/OrbitParams
[LOG 19:07:45.404] Config(MEBASICNODE) SquadExpansion/MakingHistory/Nodes/PartDocking/TestPartDocking
[LOG 19:07:45.404] Config(MEBASICNODE) SquadExpansion/MakingHistory/Nodes/PartFailure/PartFailure
[LOG 19:07:45.404] Config(MEBASICNODE) SquadExpansion/MakingHistory/Nodes/PartGrapple/TestGrapple
[LOG 19:07:45.404] Config(MEBASICNODE) SquadExpansion/MakingHistory/Nodes/PartRepair/PartRepair
[LOG 19:07:45.404] Config(MEBASICNODE) SquadExpansion/MakingHistory/Nodes/PlaceKerbal/CreateKerbal
[LOG 19:07:45.404] Config(MEBASICNODE) SquadExpansion/MakingHistory/Nodes/PlantFlag/PlantFlag
[LOG 19:07:45.404] Config(MEBASICNODE) SquadExpansion/MakingHistory/Nodes/ReachSOI/ReachSOI
[LOG 19:07:45.404] Config(MEBASICNODE) SquadExpansion/MakingHistory/Nodes/Resource/ResourceAmount
[LOG 19:07:45.404] Config(MEBASICNODE) SquadExpansion/MakingHistory/Nodes/ResourceRecovery/TestResourcesRecovery
[LOG 19:07:45.404] Config(MEBASICNODE) SquadExpansion/MakingHistory/Nodes/ScienceExperiment/ScienceExperiment
[LOG 19:07:45.404] Config(MEBASICNODE) SquadExpansion/MakingHistory/Nodes/SetCamera/SetCamera
[LOG 19:07:45.404] Config(MEBASICNODE) SquadExpansion/MakingHistory/Nodes/SplashDown/SplashDown
[LOG 19:07:45.404] Config(MEBASICNODE) SquadExpansion/MakingHistory/Nodes/StageActivated/TestVesselStageActivated
[LOG 19:07:45.404] Config(MEBASICNODE) SquadExpansion/MakingHistory/Nodes/TakeKerbal/TestTakeKerbal
[LOG 19:07:45.404] Config(MEBASICNODE) SquadExpansion/MakingHistory/Nodes/TestFlyThrough/TestFlyThrough
[LOG 19:07:45.404] Config(MEBASICNODE) SquadExpansion/MakingHistory/Nodes/TestGoTo/TestGoTo
[LOG 19:07:45.404] Config(MEBASICNODE) SquadExpansion/MakingHistory/Nodes/TimeMET/TimeMET
[LOG 19:07:45.404] Config(MEBASICNODE) SquadExpansion/MakingHistory/Nodes/TimeOfMission/TimeOfMission
[LOG 19:07:45.404] Config(MEBASICNODE) SquadExpansion/MakingHistory/Nodes/TimeSinceNode/TestTimeSinceNode
[LOG 19:07:45.404] Config(MEBASICNODE) SquadExpansion/MakingHistory/Nodes/VesselActiveCount/TestVesselActiveCount
[LOG 19:07:45.404] Config(MEBASICNODE) SquadExpansion/MakingHistory/Nodes/VesselAltitudeGoal/VesselAltitudeGoal
[LOG 19:07:45.404] Config(MEBASICNODE) SquadExpansion/MakingHistory/Nodes/VesselCrewCount/VeselCrewCount
[LOG 19:07:45.404] Config(MEBASICNODE) SquadExpansion/MakingHistory/Nodes/VesselMassLogic/VesselMass
[LOG 19:07:45.404] Config(MEBASICNODE) SquadExpansion/MakingHistory/Nodes/VesselPartCount/PartCount
[LOG 19:07:45.404] Config(MEBASICNODE) SquadExpansion/MakingHistory/Nodes/VesselRecovery/TestVesselRecovery
[LOG 19:07:45.404] Config(MEBASICNODE) SquadExpansion/MakingHistory/Nodes/VesselStage/TestVesselStage
[LOG 19:07:45.404] Config(MEBASICNODE) SquadExpansion/MakingHistory/Nodes/VesselVelocity/VesselVelocity
[LOG 19:07:45.405] Config(PART) SquadExpansion/MakingHistory/Parts/Aero/protectiveRocketNoseMk16/rocketNoseCone_size4/rocketNoseConeSize4
[LOG 19:07:45.405] Config(PART) SquadExpansion/MakingHistory/Parts/Aero/protectiveRocketNoseMk5A/Size_1_5_Cone/Size_1_5_Cone
[LOG 19:07:45.405] Config(PART) SquadExpansion/MakingHistory/Parts/Coupling/Decoupler_1p5/Decoupler_1p5
[LOG 19:07:45.405] Config(PART) SquadExpansion/MakingHistory/Parts/Coupling/Decoupler_4/Decoupler_4
[LOG 19:07:45.405] Config(PART) SquadExpansion/MakingHistory/Parts/Coupling/EnginePlate_1p5/EnginePlate1p5
[LOG 19:07:45.405] Config(PART) SquadExpansion/MakingHistory/Parts/Coupling/EnginePlate_2/EnginePlate2
[LOG 19:07:45.405] Config(PART) SquadExpansion/MakingHistory/Parts/Coupling/EnginePlate_3/EnginePlate3
[LOG 19:07:45.405] Config(PART) SquadExpansion/MakingHistory/Parts/Coupling/EnginePlate_4/EnginePlate4
[LOG 19:07:45.405] Config(PART) SquadExpansion/MakingHistory/Parts/Coupling/EnginePlate_5/EnginePlate5
[LOG 19:07:45.405] Config(PART) SquadExpansion/MakingHistory/Parts/Coupling/InflatableAirlock/InflatableAirlock
[LOG 19:07:45.405] Config(PART) SquadExpansion/MakingHistory/Parts/Coupling/Separator_1p5/Separator_1p5
[LOG 19:07:45.405] Config(PART) SquadExpansion/MakingHistory/Parts/Coupling/Separator_4/Separator_4
[LOG 19:07:45.405] Config(PART) SquadExpansion/MakingHistory/Parts/Coupling/Size1p5_Strut_Decoupler/Size1p5_Strut_Decoupler
[LOG 19:07:45.405] Config(PART) SquadExpansion/MakingHistory/Parts/Engine/LiquidEngineKE-1/LiquidEngineKE-1
[LOG 19:07:45.405] Config(PART) SquadExpansion/MakingHistory/Parts/Engine/LiquidEngineLV-T91/LiquidEngineLV-T91
[LOG 19:07:45.405] Config(PART) SquadExpansion/MakingHistory/Parts/Engine/LiquidEngineLV-TX87/LiquidEngineLV-TX87
[LOG 19:07:45.405] Config(PART) SquadExpansion/MakingHistory/Parts/Engine/LiquidEngineRE-I2/LiquidEngineRE-I2
[LOG 19:07:45.405] Config(PART) SquadExpansion/MakingHistory/Parts/Engine/LiquidEngineRE-J10/LiquidEngineRE-J10
[LOG 19:07:45.405] Config(PART) SquadExpansion/MakingHistory/Parts/Engine/LiquidEngineRK-7/LiquidEngineRK-7
[LOG 19:07:45.405] Config(PART) SquadExpansion/MakingHistory/Parts/Engine/LiquidEngineRV-1/LiquidEngineRV-1
[LOG 19:07:45.405] Config(PART) SquadExpansion/MakingHistory/Parts/Engine/solidBoosterTHK/solidBoosterTHK/Pollux
[LOG 19:07:45.406] Config(PART) SquadExpansion/MakingHistory/Parts/FuelTank/MonoPropMini/monopropMiniSphere
[LOG 19:07:45.406] Config(PART) SquadExpansion/MakingHistory/Parts/FuelTank/Size1p5_Monoprop/Size1p5_Monoprop
[LOG 19:07:45.406] Config(PART) SquadExpansion/MakingHistory/Parts/FuelTank/Size1p5_Size0_Adapter_01/Size1p5_Size0_Adapter_01
[LOG 19:07:45.406] Config(PART) SquadExpansion/MakingHistory/Parts/FuelTank/Size1p5_Size1_Adapter_01/Size1p5_Size1_Adapter_01
[LOG 19:07:45.406] Config(PART) SquadExpansion/MakingHistory/Parts/FuelTank/Size1p5_Size1_Adapter_02/Size1p5_Size1_Adapter_02
[LOG 19:07:45.406] Config(PART) SquadExpansion/MakingHistory/Parts/FuelTank/Size1p5_Size2_Adapter_01/Size1p5_Size2_Adapter_01
[LOG 19:07:45.406] Config(PART) SquadExpansion/MakingHistory/Parts/FuelTank/Size1p5_Tank_01/Size1p5_Tank_01
[LOG 19:07:45.406] Config(PART) SquadExpansion/MakingHistory/Parts/FuelTank/Size1p5_Tank_02/Size1p5_Tank_02
[LOG 19:07:45.406] Config(PART) SquadExpansion/MakingHistory/Parts/FuelTank/Size1p5_Tank_03/Size1p5_Tank_03
[LOG 19:07:45.406] Config(PART) SquadExpansion/MakingHistory/Parts/FuelTank/Size1p5_Tank_04/Size1p5_Tank_04
[LOG 19:07:45.406] Config(PART) SquadExpansion/MakingHistory/Parts/FuelTank/Size1p5_Tank_05/Size1p5_Tank_05
[LOG 19:07:45.406] Config(PART) SquadExpansion/MakingHistory/Parts/FuelTank/Size3_Size4_Adapter_01/Size3_Size4_Adapter_01
[LOG 19:07:45.406] Config(PART) SquadExpansion/MakingHistory/Parts/FuelTank/Size4_EngineAdapter_01/Size4_EngineAdapter_01
[LOG 19:07:45.406] Config(PART) SquadExpansion/MakingHistory/Parts/FuelTank/Size4_Tank_01/Size4_Tank_01
[LOG 19:07:45.406] Config(PART) SquadExpansion/MakingHistory/Parts/FuelTank/Size4_Tank_02/Size4_Tank_02
[LOG 19:07:45.406] Config(PART) SquadExpansion/MakingHistory/Parts/FuelTank/Size4_Tank_03/Size4_Tank_03
[LOG 19:07:45.406] Config(PART) SquadExpansion/MakingHistory/Parts/FuelTank/Size4_Tank_04/Size4_Tank_04
[LOG 19:07:45.406] Config(PART) SquadExpansion/MakingHistory/Parts/Ground/RoverWheel/roverWheelM1-F
[LOG 19:07:45.406] Config(PART) SquadExpansion/MakingHistory/Parts/Payload/fairingSize1p5/fairingSize1p5
[LOG 19:07:45.406] Config(PART) SquadExpansion/MakingHistory/Parts/Payload/fairingSize4/fairingSize4
[LOG 19:07:45.406] Config(PART) SquadExpansion/MakingHistory/Parts/Payload/Size1to0ServiceModule/Size1to0ServiceModule
[LOG 19:07:45.406] Config(PART) SquadExpansion/MakingHistory/Parts/Payload/SM18/ServiceModule18
[LOG 19:07:45.406] Config(PART) SquadExpansion/MakingHistory/Parts/Payload/SM25/ServiceModule25
[LOG 19:07:45.406] Config(PART) SquadExpansion/MakingHistory/Parts/Pods/KV1Pod/kv1Pod
[LOG 19:07:45.406] Config(PART) SquadExpansion/MakingHistory/Parts/Pods/KV2Pod/kv2Pod
[LOG 19:07:45.406] Config(PART) SquadExpansion/MakingHistory/Parts/Pods/KV3Pod/kv3Pod
[LOG 19:07:45.406] Config(PART) SquadExpansion/MakingHistory/Parts/Pods/Mk2Pod/Mk2Pod
[LOG 19:07:45.407] Config(PART) SquadExpansion/MakingHistory/Parts/Pods/Size1_5_Lander/MEMLander
[LOG 19:07:45.407] Config(PART) SquadExpansion/MakingHistory/Parts/Prebuilt/kerbalEVAfemaleVintage/kerbalEVAfemaleVintage
[LOG 19:07:45.407] Config(PART) SquadExpansion/MakingHistory/Parts/Prebuilt/kerbalEVAVintage/kerbalEVAVintage
[LOG 19:07:45.407] Config(PART) SquadExpansion/MakingHistory/Parts/Structural/EquiTriangle0/EquiTriangle0
[LOG 19:07:45.407] Config(PART) SquadExpansion/MakingHistory/Parts/Structural/EquiTriangle1/EquiTriangle1
[LOG 19:07:45.407] Config(PART) SquadExpansion/MakingHistory/Parts/Structural/EquiTriangle1p5/EquiTriangle1p5
[LOG 19:07:45.407] Config(PART) SquadExpansion/MakingHistory/Parts/Structural/EquiTriangle2/EquiTriangle2
[LOG 19:07:45.407] Config(PART) SquadExpansion/MakingHistory/Parts/Structural/Panel0/Panel0
[LOG 19:07:45.407] Config(PART) SquadExpansion/MakingHistory/Parts/Structural/Panel1/Panel1
[LOG 19:07:45.407] Config(PART) SquadExpansion/MakingHistory/Parts/Structural/Panel1p5/Panel1p5
[LOG 19:07:45.407] Config(PART) SquadExpansion/MakingHistory/Parts/Structural/Panel2/Panel2
[LOG 19:07:45.407] Config(PART) SquadExpansion/MakingHistory/Parts/Structural/Triangle0/Triangle0
[LOG 19:07:45.407] Config(PART) SquadExpansion/MakingHistory/Parts/Structural/Triangle1/Triangle1
[LOG 19:07:45.407] Config(PART) SquadExpansion/MakingHistory/Parts/Structural/Triangle1p5/Triangle1p5
[LOG 19:07:45.407] Config(PART) SquadExpansion/MakingHistory/Parts/Structural/Triangle2/Triangle2
[LOG 19:07:45.407] Config(PART) SquadExpansion/MakingHistory/Parts/Structural/Tube1/Tube1
[LOG 19:07:45.407] Config(PART) SquadExpansion/MakingHistory/Parts/Structural/Tube1p5/Tube1p5
[LOG 19:07:45.407] Config(PART) SquadExpansion/MakingHistory/Parts/Structural/Tube2/Tube2
[LOG 19:07:45.407] Config(PART) SquadExpansion/MakingHistory/Parts/Structural/Tube3/Tube3
[LOG 19:07:45.407] Config(PART) SquadExpansion/MakingHistory/Parts/Structural/Tube4/Tube4
[LOG 19:07:45.408] Config(PART) SquadExpansion/MakingHistory/Parts/Thermal/HeatShield1p5/HeatShield1p5
[LOG 19:07:45.408] Config(PART) SquadExpansion/MakingHistory/Parts/Utility/flags/flagSize1p5/flagSize1p5/flagPartSize1p5
[LOG 19:07:45.408] Config(PART) SquadExpansion/MakingHistory/Parts/Utility/flags/flagSize4/flagSize4/flagPartSize4
[LOG 19:07:45.408] Config(INTERNAL) SquadExpansion/MakingHistory/Spaces/KVPods/Airlock_Internal/Airlock_IVA
[LOG 19:07:45.408] Config(INTERNAL) SquadExpansion/MakingHistory/Spaces/KVPods/KV1_Internal/KV1_IVA
[LOG 19:07:45.408] Config(INTERNAL) SquadExpansion/MakingHistory/Spaces/KVPods/KV2_Internal/KV2_IVA
[LOG 19:07:45.408] Config(INTERNAL) SquadExpansion/MakingHistory/Spaces/KVPods/KV3_Internal/KV3_IVA
[LOG 19:07:45.408] Config(INTERNAL) SquadExpansion/MakingHistory/Spaces/MEM/MEM_IVA/MEM_IVA
[LOG 19:07:45.408] Config(INTERNAL) SquadExpansion/MakingHistory/Spaces/Mk2Pod/Mk2Pod_Internal/MK2POD_IVA
[LOG 19:07:45.408] Config(Contracts) SquadExpansion/Serenity/Contracts/contracts/Contracts
[LOG 19:07:45.408] Config(EXPERIENCE_TRAIT) SquadExpansion/Serenity/Experience/Traits/Engineer
[LOG 19:07:45.408] Config(EXPERIENCE_TRAIT) SquadExpansion/Serenity/Experience/Traits/Scientist
[LOG 19:07:45.408] Config(Localization) SquadExpansion/Serenity/Localization/dictionary/Localization
[LOG 19:07:45.408] Config(PART) SquadExpansion/Serenity/Parts/Aero/FanShroud_01/FanShroud_01
[LOG 19:07:45.408] Config(PART) SquadExpansion/Serenity/Parts/Aero/FanShroud_02/FanShroud_02
[LOG 19:07:45.408] Config(PART) SquadExpansion/Serenity/Parts/Aero/FanShroud_03/FanShroud_03
[LOG 19:07:45.408] Config(PART) SquadExpansion/Serenity/Parts/Aero/noseconeTiny/noseconeTiny
[LOG 19:07:45.408] Config(PART) SquadExpansion/Serenity/Parts/Aero/noseconeVS/noseconeVS
[LOG 19:07:45.408] Config(PART) SquadExpansion/Serenity/Parts/DeployedScience/centralStation/DeployedCentralStation
[LOG 19:07:45.408] Config(PART) SquadExpansion/Serenity/Parts/DeployedScience/gooObservation/DeployedGoExOb
[LOG 19:07:45.408] Config(PART) SquadExpansion/Serenity/Parts/DeployedScience/ionCollector/DeployedIONExp
[LOG 19:07:45.408] Config(PART) SquadExpansion/Serenity/Parts/DeployedScience/rtg/DeployedRTG
[LOG 19:07:45.408] Config(PART) SquadExpansion/Serenity/Parts/DeployedScience/satDish/DeployedSatDish
[LOG 19:07:45.408] Config(PART) SquadExpansion/Serenity/Parts/DeployedScience/seismicSensor/DeployedSeismicSensor
[LOG 19:07:45.408] Config(PART) SquadExpansion/Serenity/Parts/DeployedScience/solarPanel/DeployedSolarPanel
[LOG 19:07:45.408] Config(PART) SquadExpansion/Serenity/Parts/DeployedScience/weatherStation/DeployedWeatherStn
[LOG 19:07:45.409] Config(PART) SquadExpansion/Serenity/Parts/Prebuilt/kerbalEVA/kerbalEVA
[LOG 19:07:45.409] Config(PART) SquadExpansion/Serenity/Parts/Prebuilt/kerbalEVAfemale/kerbalEVAfemale
[LOG 19:07:45.409] Config(PART) SquadExpansion/Serenity/Parts/Prebuilt/kerbalEVAfemaleFuture/kerbalEVAfemaleFuture
[LOG 19:07:45.409] Config(PART) SquadExpansion/Serenity/Parts/Prebuilt/kerbalEVAfemaleVintage/kerbalEVAfemaleVintage
[LOG 19:07:45.409] Config(PART) SquadExpansion/Serenity/Parts/Prebuilt/kerbalEVAFuture/kerbalEVAFuture
[LOG 19:07:45.409] Config(PART) SquadExpansion/Serenity/Parts/Prebuilt/kerbalEVASlimSuit/kerbalEVASlimSuit
[LOG 19:07:45.409] Config(PART) SquadExpansion/Serenity/Parts/Prebuilt/kerbalEVASlimSuitFemale/kerbalEVASlimSuitFemale
[LOG 19:07:45.409] Config(PART) SquadExpansion/Serenity/Parts/Prebuilt/kerbalEVAVintage/kerbalEVAVintage
[LOG 19:07:45.409] Config(PART) SquadExpansion/Serenity/Parts/Propellers/largeFanBlade/largeFanBlade
[LOG 19:07:45.409] Config(PART) SquadExpansion/Serenity/Parts/Propellers/largeHeliBlade/largeHeliBlade
[LOG 19:07:45.409] Config(PART) SquadExpansion/Serenity/Parts/Propellers/largePropeller/largePropeller
[LOG 19:07:45.409] Config(PART) SquadExpansion/Serenity/Parts/Propellers/mediumFanBlade/mediumFanBlade
[LOG 19:07:45.409] Config(PART) SquadExpansion/Serenity/Parts/Propellers/mediumHeliBlade/mediumHeliBlade
[LOG 19:07:45.409] Config(PART) SquadExpansion/Serenity/Parts/Propellers/mediumPropeller/mediumPropeller
[LOG 19:07:45.409] Config(PART) SquadExpansion/Serenity/Parts/Propellers/smallFanBlade/smallFanBlade
[LOG 19:07:45.409] Config(PART) SquadExpansion/Serenity/Parts/Propellers/smallHeliBlade/smallHeliBlade
[LOG 19:07:45.409] Config(PART) SquadExpansion/Serenity/Parts/Propellers/smallPropeller/smallPropeller
[LOG 19:07:45.409] Config(PART) SquadExpansion/Serenity/Parts/Robotics/hinge_01/hinge_01
[LOG 19:07:45.409] Config(PART) SquadExpansion/Serenity/Parts/Robotics/hinge_01_s/hinge_01_s
[LOG 19:07:45.409] Config(PART) SquadExpansion/Serenity/Parts/Robotics/hinge_03/hinge_03
[LOG 19:07:45.409] Config(PART) SquadExpansion/Serenity/Parts/Robotics/hinge_03_s/hinge_03_s
[LOG 19:07:45.409] Config(PART) SquadExpansion/Serenity/Parts/Robotics/hinge_04/hinge_04
[LOG 19:07:45.409] Config(PART) SquadExpansion/Serenity/Parts/Robotics/piston_01/piston_01
[LOG 19:07:45.409] Config(PART) SquadExpansion/Serenity/Parts/Robotics/piston_02/piston_02
[LOG 19:07:45.409] Config(PART) SquadExpansion/Serenity/Parts/Robotics/piston_03/piston_03
[LOG 19:07:45.409] Config(PART) SquadExpansion/Serenity/Parts/Robotics/piston_04/piston_04
[LOG 19:07:45.409] Config(PART) SquadExpansion/Serenity/Parts/Robotics/RotorEngine_02/RotorEngine_02
[LOG 19:07:45.410] Config(PART) SquadExpansion/Serenity/Parts/Robotics/RotorEngine_03/RotorEngine_03
[LOG 19:07:45.410] Config(PART) SquadExpansion/Serenity/Parts/Robotics/rotor_01/rotor_01
[LOG 19:07:45.410] Config(PART) SquadExpansion/Serenity/Parts/Robotics/rotor_01s/rotor_01s
[LOG 19:07:45.410] Config(PART) SquadExpansion/Serenity/Parts/Robotics/rotor_02/rotor_02
[LOG 19:07:45.410] Config(PART) SquadExpansion/Serenity/Parts/Robotics/rotor_02s/rotor_02s
[LOG 19:07:45.410] Config(PART) SquadExpansion/Serenity/Parts/Robotics/rotor_03/rotor_03
[LOG 19:07:45.410] Config(PART) SquadExpansion/Serenity/Parts/Robotics/rotor_03s/rotor_03s
[LOG 19:07:45.410] Config(PART) SquadExpansion/Serenity/Parts/Robotics/rotoServo_00/rotoServo_00
[LOG 19:07:45.410] Config(PART) SquadExpansion/Serenity/Parts/Robotics/rotoServo_02/rotoServo_02
[LOG 19:07:45.410] Config(PART) SquadExpansion/Serenity/Parts/Robotics/rotoServo_03/rotoServo_03
[LOG 19:07:45.410] Config(PART) SquadExpansion/Serenity/Parts/Robotics/rotoServo_04/rotoServo_04
[LOG 19:07:45.410] Config(PART) SquadExpansion/Serenity/Parts/Robotics/Controllers/KAL1000/controller1000
[LOG 19:07:45.410] Config(PART) SquadExpansion/Serenity/Parts/Science/RobotArmScanner/RobotArmScanner_S1/RobotArmScanner_S1
[LOG 19:07:45.410] Config(PART) SquadExpansion/Serenity/Parts/Science/RobotArmScanner/RobotArmScanner_S2/RobotArmScanner_S2
[LOG 19:07:45.410] Config(PART) SquadExpansion/Serenity/Parts/Science/RobotArmScanner/RobotArmScanner_S3/RobotArmScanner_S3
[LOG 19:07:45.410] Config(PART) SquadExpansion/Serenity/Parts/Structural/gripPads/lGripPad/lGripPad
[LOG 19:07:45.410] Config(PART) SquadExpansion/Serenity/Parts/Structural/gripPads/lGripStrip/lGripStrip
[LOG 19:07:45.410] Config(PART) SquadExpansion/Serenity/Parts/Structural/gripPads/mGripPad/mGripPad
[LOG 19:07:45.410] Config(PART) SquadExpansion/Serenity/Parts/Structural/gripPads/sGripPad/sGripPad
[LOG 19:07:45.410] Config(PART) SquadExpansion/Serenity/Parts/Structural/gripPads/sGripStrip/sGripStrip
[LOG 19:07:45.410] Config(DEPLOYEDSCIENCE) SquadExpansion/Serenity/Resources/DeployedScience/DEPLOYEDSCIENCE
[LOG 19:07:45.410] Config(PHYSICMATERIAL_DEFINITION) SquadExpansion/Serenity/Resources/PhysicsMaterials/MediumGrip
[LOG 19:07:45.410] Config(PHYSICMATERIAL_DEFINITION) SquadExpansion/Serenity/Resources/PhysicsMaterials/HighGrip
[LOG 19:07:45.410] Config(PHYSICMATERIAL_DEFINITION) SquadExpansion/Serenity/Resources/PhysicsMaterials/ExtremeGrip
[LOG 19:07:45.410] Config(PHYSICMATERIAL_DEFINITION) SquadExpansion/Serenity/Resources/PhysicsMaterials/LowGrip
[LOG 19:07:45.410] Config(PHYSICMATERIAL_DEFINITION) SquadExpansion/Serenity/Resources/PhysicsMaterials/Default
[LOG 19:07:45.411] Config(ROC_DEFINITION) SquadExpansion/Serenity/Resources/rocsdef/ROC_DEFINITION
[LOG 19:07:45.411] Config(ROC_DEFINITION) SquadExpansion/Serenity/Resources/rocsdef/ROC_DEFINITION
[LOG 19:07:45.411] Config(ROC_DEFINITION) SquadExpansion/Serenity/Resources/rocsdef/ROC_DEFINITION
[LOG 19:07:45.411] Config(ROC_DEFINITION) SquadExpansion/Serenity/Resources/rocsdef/ROC_DEFINITION
[LOG 19:07:45.411] Config(ROC_DEFINITION) SquadExpansion/Serenity/Resources/rocsdef/ROC_DEFINITION
[LOG 19:07:45.411] Config(ROC_DEFINITION) SquadExpansion/Serenity/Resources/rocsdef/ROC_DEFINITION
[LOG 19:07:45.411] Config(ROC_DEFINITION) SquadExpansion/Serenity/Resources/rocsdef/ROC_DEFINITION
[LOG 19:07:45.411] Config(ROC_DEFINITION) SquadExpansion/Serenity/Resources/rocsdef/ROC_DEFINITION
[LOG 19:07:45.411] Config(ROC_DEFINITION) SquadExpansion/Serenity/Resources/rocsdef/ROC_DEFINITION
[LOG 19:07:45.411] Config(ROC_DEFINITION) SquadExpansion/Serenity/Resources/rocsdef/ROC_DEFINITION
[LOG 19:07:45.411] Config(ROC_DEFINITION) SquadExpansion/Serenity/Resources/rocsdef/ROC_DEFINITION
[LOG 19:07:45.411] Config(ROC_DEFINITION) SquadExpansion/Serenity/Resources/rocsdef/ROC_DEFINITION
[LOG 19:07:45.411] Config(ROC_DEFINITION) SquadExpansion/Serenity/Resources/rocsdef/ROC_DEFINITION
[LOG 19:07:45.411] Config(ROC_DEFINITION) SquadExpansion/Serenity/Resources/rocsdef/ROC_DEFINITION
[LOG 19:07:45.411] Config(ROC_DEFINITION) SquadExpansion/Serenity/Resources/rocsdef/ROC_DEFINITION
[LOG 19:07:45.411] Config(ROC_DEFINITION) SquadExpansion/Serenity/Resources/rocsdef/ROC_DEFINITION
[LOG 19:07:45.411] Config(ROC_DEFINITION) SquadExpansion/Serenity/Resources/rocsdef/ROC_DEFINITION
[LOG 19:07:45.411] Config(ROC_DEFINITION) SquadExpansion/Serenity/Resources/rocsdef/ROC_DEFINITION
[LOG 19:07:45.411] Config(ROC_DEFINITION) SquadExpansion/Serenity/Resources/rocsdef/ROC_DEFINITION
[LOG 19:07:45.411] Config(ROC_DEFINITION) SquadExpansion/Serenity/Resources/rocsdef/ROC_DEFINITION
[LOG 19:07:45.411] Config(ROC_DEFINITION) SquadExpansion/Serenity/Resources/rocsdef/ROC_DEFINITION
[LOG 19:07:45.411] Config(ROC_DEFINITION) SquadExpansion/Serenity/Resources/rocsdef/ROC_DEFINITION
[LOG 19:07:45.411] Config(ROC_DEFINITION) SquadExpansion/Serenity/Resources/rocsdef/ROC_DEFINITION
[LOG 19:07:45.411] Config(ROC_DEFINITION) SquadExpansion/Serenity/Resources/rocsdef/ROC_DEFINITION
[LOG 19:07:45.411] Config(ROC_DEFINITION) SquadExpansion/Serenity/Resources/rocsdef/ROC_DEFINITION
[LOG 19:07:45.411] Config(ROC_DEFINITION) SquadExpansion/Serenity/Resources/rocsdef/ROC_DEFINITION
[LOG 19:07:45.411] Config(ROC_DEFINITION) SquadExpansion/Serenity/Resources/rocsdef/ROC_DEFINITION
[LOG 19:07:45.411] Config(ROC_DEFINITION) SquadExpansion/Serenity/Resources/rocsdef/ROC_DEFINITION
[LOG 19:07:45.411] Config(ROC_DEFINITION) SquadExpansion/Serenity/Resources/rocsdef/ROC_DEFINITION
[LOG 19:07:45.412] Config(ROC_DEFINITION) SquadExpansion/Serenity/Resources/rocsdef/ROC_DEFINITION
[LOG 19:07:45.412] Config(ROC_DEFINITION) SquadExpansion/Serenity/Resources/rocsdef/ROC_DEFINITION
[LOG 19:07:45.412] Config(ROC_DEFINITION) SquadExpansion/Serenity/Resources/rocsdef/ROC_DEFINITION
[LOG 19:07:45.412] Config(ROC_DEFINITION) SquadExpansion/Serenity/Resources/rocsdef/ROC_DEFINITION
[LOG 19:07:45.412] Config(ROC_DEFINITION) SquadExpansion/Serenity/Resources/rocsdef/ROC_DEFINITION
[LOG 19:07:45.412] Config(EXPERIMENT_DEFINITION) SquadExpansion/Serenity/Resources/ScienceDefs/EXPERIMENT_DEFINITION
[LOG 19:07:45.412] Config(EXPERIMENT_DEFINITION) SquadExpansion/Serenity/Resources/ScienceDefs/EXPERIMENT_DEFINITION
[LOG 19:07:45.412] Config(EXPERIMENT_DEFINITION) SquadExpansion/Serenity/Resources/ScienceDefs/EXPERIMENT_DEFINITION
[LOG 19:07:45.412] Config(EXPERIMENT_DEFINITION) SquadExpansion/Serenity/Resources/ScienceDefs/EXPERIMENT_DEFINITION
[LOG 19:07:45.412] Config(EXPERIMENT_DEFINITION) SquadExpansion/Serenity/Resources/ScienceDefs/EXPERIMENT_DEFINITION
[LOG 19:07:45.412] Config(EXPERIMENT_DEFINITION) SquadExpansion/Serenity/Resources/ScienceDefs/EXPERIMENT_DEFINITION
[LOG 19:07:45.412] Config(EXPERIMENT_DEFINITION) SquadExpansion/Serenity/Resources/ScienceDefs/EXPERIMENT_DEFINITION
[LOG 19:07:45.412] Config(EXPERIMENT_DEFINITION) SquadExpansion/Serenity/Resources/ScienceDefs/EXPERIMENT_DEFINITION
[LOG 19:07:45.412] Config(EXPERIMENT_DEFINITION) SquadExpansion/Serenity/Resources/ScienceDefs/EXPERIMENT_DEFINITION
[LOG 19:07:45.412] Config(EXPERIMENT_DEFINITION) SquadExpansion/Serenity/Resources/ScienceDefs/EXPERIMENT_DEFINITION
[LOG 19:07:45.412] Config(EXPERIMENT_DEFINITION) SquadExpansion/Serenity/Resources/ScienceDefs/EXPERIMENT_DEFINITION
[LOG 19:07:45.412] Config(EXPERIMENT_DEFINITION) SquadExpansion/Serenity/Resources/ScienceDefs/EXPERIMENT_DEFINITION
[LOG 19:07:45.412] Config(EXPERIMENT_DEFINITION) SquadExpansion/Serenity/Resources/ScienceDefs/EXPERIMENT_DEFINITION
[LOG 19:07:45.412] Config(EXPERIMENT_DEFINITION) SquadExpansion/Serenity/Resources/ScienceDefs/EXPERIMENT_DEFINITION
[LOG 19:07:45.413] Config(EXPERIMENT_DEFINITION) SquadExpansion/Serenity/Resources/ScienceDefs/EXPERIMENT_DEFINITION
[LOG 19:07:45.413] Config(EXPERIMENT_DEFINITION) SquadExpansion/Serenity/Resources/ScienceDefs/EXPERIMENT_DEFINITION
[LOG 19:07:45.413] Config(EXPERIMENT_DEFINITION) SquadExpansion/Serenity/Resources/ScienceDefs/EXPERIMENT_DEFINITION
[LOG 19:07:45.413] Config(EXPERIMENT_DEFINITION) SquadExpansion/Serenity/Resources/ScienceDefs/EXPERIMENT_DEFINITION
[LOG 19:07:45.413] Config(EXPERIMENT_DEFINITION) SquadExpansion/Serenity/Resources/ScienceDefs/EXPERIMENT_DEFINITION
[LOG 19:07:45.413] Config(EXPERIMENT_DEFINITION) SquadExpansion/Serenity/Resources/ScienceDefs/EXPERIMENT_DEFINITION
[LOG 19:07:45.413] Config(EXPERIMENT_DEFINITION) SquadExpansion/Serenity/Resources/ScienceDefs/EXPERIMENT_DEFINITION
[LOG 19:07:45.413] Config(EXPERIMENT_DEFINITION) SquadExpansion/Serenity/Resources/ScienceDefs/EXPERIMENT_DEFINITION
[LOG 19:07:45.413] Config(EXPERIMENT_DEFINITION) SquadExpansion/Serenity/Resources/ScienceDefs/EXPERIMENT_DEFINITION
[LOG 19:07:45.413] Config(EXPERIMENT_DEFINITION) SquadExpansion/Serenity/Resources/ScienceDefs/EXPERIMENT_DEFINITION
[LOG 19:07:45.413] Config(EXPERIMENT_DEFINITION) SquadExpansion/Serenity/Resources/ScienceDefs/EXPERIMENT_DEFINITION
[LOG 19:07:45.413] Config(EXPERIMENT_DEFINITION) SquadExpansion/Serenity/Resources/ScienceDefs/EXPERIMENT_DEFINITION
[LOG 19:07:45.413] Config(EXPERIMENT_DEFINITION) SquadExpansion/Serenity/Resources/ScienceDefs/EXPERIMENT_DEFINITION
[LOG 19:07:45.413] Config(EXPERIMENT_DEFINITION) SquadExpansion/Serenity/Resources/ScienceDefs/EXPERIMENT_DEFINITION
[LOG 19:07:45.414] Config(EXPERIMENT_DEFINITION) SquadExpansion/Serenity/Resources/ScienceDefs/EXPERIMENT_DEFINITION
[LOG 19:07:45.414] Config(EXPERIMENT_DEFINITION) SquadExpansion/Serenity/Resources/ScienceDefs/EXPERIMENT_DEFINITION
[LOG 19:07:45.414] Config(EXPERIMENT_DEFINITION) SquadExpansion/Serenity/Resources/ScienceDefs/EXPERIMENT_DEFINITION
[LOG 19:07:45.414] Config(EXPERIMENT_DEFINITION) SquadExpansion/Serenity/Resources/ScienceDefs/EXPERIMENT_DEFINITION
[LOG 19:07:45.414] Config(EXPERIMENT_DEFINITION) SquadExpansion/Serenity/Resources/ScienceDefs/EXPERIMENT_DEFINITION
[LOG 19:07:45.414] Config(EXPERIMENT_DEFINITION) SquadExpansion/Serenity/Resources/ScienceDefs/EXPERIMENT_DEFINITION
[LOG 19:07:45.414] Config(EXPERIMENT_DEFINITION) SquadExpansion/Serenity/Resources/ScienceDefs/EXPERIMENT_DEFINITION
[LOG 19:07:45.414] Config(EXPERIMENT_DEFINITION) SquadExpansion/Serenity/Resources/ScienceDefs/EXPERIMENT_DEFINITION
[LOG 19:07:45.414] Config(EXPERIMENT_DEFINITION) SquadExpansion/Serenity/Resources/ScienceDefs/EXPERIMENT_DEFINITION
[LOG 19:07:45.414] Config(EXPERIMENT_DEFINITION) SquadExpansion/Serenity/Resources/ScienceDefs/EXPERIMENT_DEFINITION
[LOG 19:07:45.414] Config(STORY_DEF) SquadExpansion/Serenity/Resources/StoryDefs/STORY_DEF
[LOG 19:07:45.414] Compiling Configs Completed.
[LOG 19:07:45.417] Resource LiquidFuel added to database
[LOG 19:07:45.417] Resource Oxidizer added to database
[LOG 19:07:45.417] Resource SolidFuel added to database
[LOG 19:07:45.417] Resource MonoPropellant added to database
[LOG 19:07:45.417] Resource XenonGas added to database
[LOG 19:07:45.417] Resource ElectricCharge added to database
[LOG 19:07:45.417] Resource IntakeAir added to database
[LOG 19:07:45.418] Resource EVA Propellant added to database
[LOG 19:07:45.418] Resource Ore added to database
[LOG 19:07:45.418] Resource Ablator added to database
[LOG 19:07:45.419] Resource MediumGrip added to database
[LOG 19:07:45.419] Resource HighGrip added to database
[LOG 19:07:45.419] Resource ExtremeGrip added to database
[LOG 19:07:45.419] Resource LowGrip added to database
[LOG 19:07:45.419] Resource Default added to database
[LOG 19:07:45.419] CodeAssetLoader: Compiling all code assets
[LOG 19:07:45.424] ExperienceSystemConfig: Added Effect 'DeployedSciencePowerSkill' to Trait 'Ingénieur'
[LOG 19:07:45.424] ExperienceSystemConfig: Added Effect 'DeployedScienceExpSkill' to Trait 'Scientifique'
[LOG 19:07:45.429] ConfigNode[]
[LOG 19:07:45.429] GameDatabase: Assets loaded in 6.986s
[LOG 19:07:45.430] [ModuleManager] Waited 0.000s for patching to finish
[LOG 19:07:45.430] [ModuleManager] Applying patched game database
[LOG 19:07:45.432] [ModuleManager] Dumping ModuleManager log to main log
[LOG 19:07:45.434] [ModuleManager] 
#### BEGIN MODULEMANAGER LOG ####


[LOG 19:07:39.607] Log started at 2026-09-17 19:07:39.607
[LOG 19:07:41.693] Checking Cache
[LOG 19:07:42.028] SHA generated in 0.333s
[LOG 19:07:42.028]       SHA = 1F-41-7E-51-6D-FB-84-62-D4-7D-14-6D-FC-FA-28-B2-94-27-81-8B-91-5E-B8-D0-67-E8-8A-1A-F1-87-BE-51
[LOG 19:07:42.059] Cache SHA = C8-65-D2-EA-47-D7-47-00-32-7F-17-D9-78-88-FF-C8-F4-A6-2A-AF-B6-BE-14-08-E1-91-76-F8-14-A9-93-5F
[LOG 19:07:42.059] useCache = False
[LOG 19:07:42.060] Pre patch init
[LOG 19:07:42.297] compiling list of loaded mods...
Mod DLLs found:
  Name                                    Assembly Version         Assembly File Version    KSPAssembly Version      SHA256

  Assembly-CSharp                         0.0.0.0                  0.0.0.0                  1.12                     d9e42483f25ee80a9c11d6c1c0a0d29b4ec78c1e08d76c971b71580c9cce51e4
  ModuleManager                           4.2.3.0                  4.2.3.0                  2.5                      95847827ab293b9e82a19b7efb97ffea3e98cc03b181862536ac8eb572e30d7d
  0Harmony                                2.2.1.0                  2.2.1.0                                           19ce60ac3280f72ec1751d36a40cb7e2fece2934df8345969dc7feb83bd633e4
  HarmonyInstallChecker                   2.2.1.0                  2.2.1.0                  1.0                      f11e659e91a52c21c5bda78e52b82a7bdc246bcab6a999733af3c69a11a9dc0e
  0_MultipleModuleInPartAPI               1.0.0.0                  1.0.0.0                  1.0                      df4a22fb0535de7fa154ca234b50dd7c2fc6be879e4a877d9bad1f87bafafcbf
  KSPCommunityFixes                       1.41.0.0                 1.41.1.0                 1.41                     e08ebbec7ab34f4f7ff56d6e900051bb0d259a4bc092881d7db3ca2f9f2e9a11
  PQSBenchMod                             0.1.0.0                  0.1.0.0                                           98d95fcb4f1501297f10479c27a32de944966030cd1bd04fdc31b0cb856642e9
  TerrainPrecisionFixMod                  0.1.0.0                  0.1.0.0                                           98971aa16886042ade0eff9bb685b344d818b81e0d0ed4fc8779643f22ded01a
Non-DLL mods added (:FOR[xxx]):
Mods by directory (sub directories of GameData):
  000_Harmony
  Squad
  SquadExpansion
Mods added by assemblies:

[LOG 19:07:42.298] Loading Physics.cfg
[LOG 19:07:42.300] Extracting patches
[LOG 19:07:42.318] Deleting root node in file KSPCommunityFixes/MMPatches/ModSupport/FixDockingNodes node: @PART[*]:HAS[@MODULE[ModuleDockingNodeFixed]]:NEEDS[FixDockingNodes]:FINAL as it can't satisfy its NEEDS
[LOG 19:07:42.320] Deleting root node in file KSPCommunityFixes/MMPatches/ModSupport/KSPRecall node: @KSP_COMMUNITY_FIXES:NEEDS[AttachedOnEditor] as it can't satisfy its NEEDS
[LOG 19:07:42.320] Deleting root node in file KSPCommunityFixes/MMPatches/ModSupport/UniversalStorage node: @KSP_COMMUNITY_FIXES:NEEDS[UniversalStorage2] as it can't satisfy its NEEDS
[LOG 19:07:42.446] Applying patches
[LOG 19:07:42.449] :INSERT (initial) pass
[LOG 19:07:42.552] :FIRST pass
[LOG 19:07:42.560] Applying update KSPCommunityFixes/MMPatches/StockTweaks/LadderToggleableLight/@PART[telescopicLadderBay]:FIRST to Squad/Parts/Utility/ladderTelescopicBay/ladderTelescopicBay.cfg/PART[telescopicLadderBay]
[LOG 19:07:42.580] Applying update KSPCommunityFixes/MMPatches/StockTweaks/LadderToggleableLight/@PART[telescopicLadderBay]:HAS[#LadderToggleableLight[?rue]]:FIRST to Squad/Parts/Utility/ladderTelescopicBay/ladderTelescopicBay.cfg/PART[telescopicLadderBay]
[LOG 19:07:42.581] Applying update KSPCommunityFixes/MMPatches/StockTweaks/LadderToggleableLight/@PART[telescopicLadderBay]:HAS[#LadderToggleableLight]:FIRST to Squad/Parts/Utility/ladderTelescopicBay/ladderTelescopicBay.cfg/PART[telescopicLadderBay]
[LOG 19:07:42.589] Applying update KSPCommunityFixes/MMPatches/StockTweaks/LandingGearLights/@PART[GearSmall]:FIRST to Squad/Parts/Wheel/LandingGear/GearMedium.cfg/PART[GearSmall]
[LOG 19:07:42.592] Applying update KSPCommunityFixes/MMPatches/StockTweaks/LandingGearLights/@PART[SmallGearBay]:FIRST to Squad/Parts/Wheel/LandingGear/GearSmall.cfg/PART[SmallGearBay]
[LOG 19:07:42.593] :LEGACY (default) pass
[LOG 19:07:42.596] :BEFORE[0_MULTIPLEMODULEINPARTAPI] pass
[LOG 19:07:42.596] :FOR[0_MULTIPLEMODULEINPARTAPI] pass
[LOG 19:07:42.596] :AFTER[0_MULTIPLEMODULEINPARTAPI] pass
[LOG 19:07:42.596] :BEFORE[000_HARMONY] pass
[LOG 19:07:42.596] :FOR[000_HARMONY] pass
[LOG 19:07:42.596] :AFTER[000_HARMONY] pass
[LOG 19:07:42.596] :BEFORE[0HARMONY] pass
[LOG 19:07:42.596] :FOR[0HARMONY] pass
[LOG 19:07:42.596] :AFTER[0HARMONY] pass
[LOG 19:07:42.596] :BEFORE[ASSEMBLY-CSHARP] pass
[LOG 19:07:42.596] :FOR[ASSEMBLY-CSHARP] pass
[LOG 19:07:42.596] :AFTER[ASSEMBLY-CSHARP] pass
[LOG 19:07:42.596] :BEFORE[HARMONYINSTALLCHECKER] pass
[LOG 19:07:42.596] :FOR[HARMONYINSTALLCHECKER] pass
[LOG 19:07:42.596] :AFTER[HARMONYINSTALLCHECKER] pass
[LOG 19:07:42.596] :BEFORE[KSPCOMMUNITYFIXES] pass
[LOG 19:07:42.596] :FOR[KSPCOMMUNITYFIXES] pass
[LOG 19:07:42.597] Applying update KSPCommunityFixes/MMPatches/StockTweaks/ManufacturerFixes/@PART[sasModule]:FOR[KSPCommunityFixes] to Squad/Parts/Command/inlineReactionWheel/inlineReactionWheel.cfg/PART[sasModule]
[LOG 19:07:42.598] Applying update KSPCommunityFixes/MMPatches/StockTweaks/ManufacturerFixes/@PART[xenonTankRadial]:FOR[KSPCommunityFixes] to Squad/Parts/FuelTank/xenonTankRadial/xenonTankRadial.cfg/PART[xenonTankRadial]
[LOG 19:07:42.598] Applying update KSPCommunityFixes/MMPatches/StockTweaks/ManufacturerFixes/@PART[winglet|fireworksLauncherSmall|fireworksLauncherBig]:FOR[KSPCommunityFixes] to Squad/Parts/Aero/wingletAV-T1/wingletAV-T1.cfg/PART[winglet]
[LOG 19:07:42.600] Applying update KSPCommunityFixes/MMPatches/StockTweaks/ManufacturerFixes/@PART[winglet|fireworksLauncherSmall|fireworksLauncherBig]:FOR[KSPCommunityFixes] to Squad/Parts/Utility/Fireworks/fireworksLauncherBig.cfg/PART[fireworksLauncherBig]
[LOG 19:07:42.600] Applying update KSPCommunityFixes/MMPatches/StockTweaks/ManufacturerFixes/@PART[winglet|fireworksLauncherSmall|fireworksLauncherBig]:FOR[KSPCommunityFixes] to Squad/Parts/Utility/Fireworks/fireworksLauncherSmall.cfg/PART[fireworksLauncherSmall]
[LOG 19:07:42.601] Applying update KSPCommunityFixes/MMPatches/StockTweaks/ManufacturerFixes/@PART[solidBooster_sm_v2|solidBooster_v2]:FOR[KSPCommunityFixes] to Squad/Parts/Engine/Size1_SRBs/solidBoosterRT-10_v2.cfg/PART[solidBooster_v2]
[LOG 19:07:42.601] Applying update KSPCommunityFixes/MMPatches/StockTweaks/ManufacturerFixes/@PART[solidBooster_sm_v2|solidBooster_v2]:FOR[KSPCommunityFixes] to Squad/Parts/Engine/Size1_SRBs/solidBoosterRT-5_v2.cfg/PART[solidBooster_sm_v2]
[LOG 19:07:42.603] Applying update KSPCommunityFixes/MMPatches/StockTweaks/ManufacturerFixes/@PART[ServiceBay_125_v2|ServiceBay_250_v2]:FOR[KSPCommunityFixes] to Squad/Parts/Utility/ServiceBay_v2/ServiceBay_125_v2.cfg/PART[ServiceBay_125_v2]
[LOG 19:07:42.603] Applying update KSPCommunityFixes/MMPatches/StockTweaks/ManufacturerFixes/@PART[ServiceBay_125_v2|ServiceBay_250_v2]:FOR[KSPCommunityFixes] to Squad/Parts/Utility/ServiceBay_v2/ServiceBay_250_v2.cfg/PART[ServiceBay_250_v2]
[LOG 19:07:42.604] Applying update KSPCommunityFixes/MMPatches/StockTweaks/ManufacturerFixes/@PART[externalTankCapsule]:FOR[KSPCommunityFixes] to Squad/Parts/FuelTank/FoilTanks/RadialTank_Capsule.cfg/PART[externalTankCapsule]
[LOG 19:07:42.606] Applying update KSPCommunityFixes/MMPatches/StockTweaks/ManufacturerFixes/@PART[RCSFuelTank|rcsTankMini|RCSTank1-2]:FOR[KSPCommunityFixes] to Squad/Parts/FuelTank/RCSFuelTankR1/RCSFuelTankR1.cfg/PART[RCSTank1-2]
[LOG 19:07:42.606] Applying update KSPCommunityFixes/MMPatches/StockTweaks/ManufacturerFixes/@PART[RCSFuelTank|rcsTankMini|RCSTank1-2]:FOR[KSPCommunityFixes] to Squad/Parts/FuelTank/RCSFuelTankR10/RCSFuelTankR10.cfg/PART[rcsTankMini]
[LOG 19:07:42.606] Applying update KSPCommunityFixes/MMPatches/StockTweaks/ManufacturerFixes/@PART[RCSFuelTank|rcsTankMini|RCSTank1-2]:FOR[KSPCommunityFixes] to Squad/Parts/FuelTank/RCSFuelTankR25/RCSFuelTankR25.cfg/PART[RCSFuelTank]
[LOG 19:07:42.607] Applying update KSPCommunityFixes/MMPatches/StockTweaks/ManufacturerFixes/@PART[landerCabinSmall]:FOR[KSPCommunityFixes] to Squad/Parts/Command/mk1LanderCan/mk1LanderCan.cfg/PART[landerCabinSmall]
[LOG 19:07:42.608] Applying update KSPCommunityFixes/MMPatches/StockTweaks/ManufacturerFixes/@PART[dockingPortLateral]:FOR[KSPCommunityFixes] to Squad/Parts/Utility/dockingPortInline/dockingPortInline.cfg/PART[dockingPortLateral]
[LOG 19:07:42.617] Applying update KSPCommunityFixes/MMPatches/StockTweaks/ManufacturerFixes/@PART[EnginePlate4]:FOR[KSPCommunityFixes]:NEEDS[SquadExpansion/MakingHistory] to SquadExpansion/MakingHistory/Parts/Coupling/EnginePlate_4.cfg/PART[EnginePlate4]
[LOG 19:07:42.619] Applying update KSPCommunityFixes/MMPatches/StockTweaks/ManufacturerFixes/@PART[Mk2Pod]:FOR[KSPCommunityFixes]:NEEDS[SquadExpansion/MakingHistory] to SquadExpansion/MakingHistory/Parts/Pods/Mk2Pod.cfg/PART[Mk2Pod]
[LOG 19:07:42.623] Applying update KSPCommunityFixes/MMPatches/StockTweaks/ManufacturerFixes/@PART[evaChute|parachuteSingle|parachuteRadial|radialDrogue|parachuteLarge|parachuteDrogue]:FOR[KSPCommunityFixes] to Squad/Parts/Cargo/Parachute/Parachute.cfg/PART[evaChute]
[LOG 19:07:42.627] Applying update KSPCommunityFixes/MMPatches/StockTweaks/ManufacturerFixes/@PART[evaChute|parachuteSingle|parachuteRadial|radialDrogue|parachuteLarge|parachuteDrogue]:FOR[KSPCommunityFixes] to Squad/Parts/Utility/parachuteMk1/parachuteMk1.cfg/PART[parachuteSingle]
[LOG 19:07:42.627] Applying update KSPCommunityFixes/MMPatches/StockTweaks/ManufacturerFixes/@PART[evaChute|parachuteSingle|parachuteRadial|radialDrogue|parachuteLarge|parachuteDrogue]:FOR[KSPCommunityFixes] to Squad/Parts/Utility/parachuteMk12-R/parachuteMk12-R.cfg/PART[radialDrogue]
[LOG 19:07:42.628] Applying update KSPCommunityFixes/MMPatches/StockTweaks/ManufacturerFixes/@PART[evaChute|parachuteSingle|parachuteRadial|radialDrogue|parachuteLarge|parachuteDrogue]:FOR[KSPCommunityFixes] to Squad/Parts/Utility/parachuteMk16-XL/parachuteMk16-XL.cfg/PART[parachuteLarge]
[LOG 19:07:42.628] Applying update KSPCommunityFixes/MMPatches/StockTweaks/ManufacturerFixes/@PART[evaChute|parachuteSingle|parachuteRadial|radialDrogue|parachuteLarge|parachuteDrogue]:FOR[KSPCommunityFixes] to Squad/Parts/Utility/parachuteMk2-R/parachuteMk2-R.cfg/PART[parachuteRadial]
[LOG 19:07:42.628] Applying update KSPCommunityFixes/MMPatches/StockTweaks/ManufacturerFixes/@PART[evaChute|parachuteSingle|parachuteRadial|radialDrogue|parachuteLarge|parachuteDrogue]:FOR[KSPCommunityFixes] to Squad/Parts/Utility/parachuteMk25/parachuteMk25.cfg/PART[parachuteDrogue]
[LOG 19:07:42.634] Applying update KSPCommunityFixes/MMPatches/StockTweaks/ManufacturerFixes/@PART[stackPoint1|dockingPort1|dockingPort2|dockingPort3|dockingPortLarge]:FOR[KSPCommunityFixes] to Squad/Parts/Utility/dockingPort/dockingPort.cfg/PART[dockingPort2]
[LOG 19:07:42.634] Applying update KSPCommunityFixes/MMPatches/StockTweaks/ManufacturerFixes/@PART[stackPoint1|dockingPort1|dockingPort2|dockingPort3|dockingPortLarge]:FOR[KSPCommunityFixes] to Squad/Parts/Utility/dockingPortJr/dockingPortJr.cfg/PART[dockingPort3]
[LOG 19:07:42.634] Applying update KSPCommunityFixes/MMPatches/StockTweaks/ManufacturerFixes/@PART[stackPoint1|dockingPort1|dockingPort2|dockingPort3|dockingPortLarge]:FOR[KSPCommunityFixes] to Squad/Parts/Utility/dockingPortShielded/dockingPortShielded.cfg/PART[dockingPort1]
[LOG 19:07:42.634] Applying update KSPCommunityFixes/MMPatches/StockTweaks/ManufacturerFixes/@PART[stackPoint1|dockingPort1|dockingPort2|dockingPort3|dockingPortLarge]:FOR[KSPCommunityFixes] to Squad/Parts/Utility/dockingPortSr/dockingPortSr.cfg/PART[dockingPortLarge]
[LOG 19:07:42.635] Applying update KSPCommunityFixes/MMPatches/StockTweaks/ManufacturerFixes/@PART[stackPoint1|dockingPort1|dockingPort2|dockingPort3|dockingPortLarge]:FOR[KSPCommunityFixes] to Squad/Parts/Utility/radialAttachmentPoint/radialAttachmentPoint.cfg/PART[stackPoint1]
[LOG 19:07:42.637] :AFTER[KSPCOMMUNITYFIXES] pass
[LOG 19:07:42.637] :BEFORE[MODULEMANAGER] pass
[LOG 19:07:42.637] :FOR[MODULEMANAGER] pass
[LOG 19:07:42.637] :AFTER[MODULEMANAGER] pass
[LOG 19:07:42.637] :BEFORE[PQSBENCHMOD] pass
[LOG 19:07:42.637] :FOR[PQSBENCHMOD] pass
[LOG 19:07:42.637] :AFTER[PQSBENCHMOD] pass
[LOG 19:07:42.637] :BEFORE[SQUAD] pass
[LOG 19:07:42.637] :FOR[SQUAD] pass
[LOG 19:07:42.637] :AFTER[SQUAD] pass
[LOG 19:07:42.637] :BEFORE[SQUADEXPANSION] pass
[LOG 19:07:42.637] :FOR[SQUADEXPANSION] pass
[LOG 19:07:42.637] :AFTER[SQUADEXPANSION] pass
[LOG 19:07:42.637] :BEFORE[TERRAINPRECISIONFIXMOD] pass
[LOG 19:07:42.637] :FOR[TERRAINPRECISIONFIXMOD] pass
[LOG 19:07:42.637] :AFTER[TERRAINPRECISIONFIXMOD] pass
[LOG 19:07:42.639] :LAST[999_KSP-RECALL] pass
[LOG 19:07:42.689] :FINAL pass
[LOG 19:07:42.689] Done patching
[LOG 19:07:42.689] Saving Cache
[LOG 19:07:42.816] Saving cache
[LOG 19:07:43.459] ModuleManager: 33 patches applied

[LOG 19:07:43.459] Ran in 1.767s
[LOG 19:07:43.509] Done!



#### END MODULEMANAGER LOG ####
[LOG 19:07:45.435] [ModuleManager] Running tests...
[LOG 19:07:45.436] [ModuleManager] tests complete.
[LOG 19:07:45.436] [ModuleManager] Reloading resources definitions
[LOG 19:07:45.437] Resource LiquidFuel added to database
[LOG 19:07:45.437] Resource Oxidizer added to database
[LOG 19:07:45.437] Resource SolidFuel added to database
[LOG 19:07:45.437] Resource MonoPropellant added to database
[LOG 19:07:45.437] Resource XenonGas added to database
[LOG 19:07:45.437] Resource ElectricCharge added to database
[LOG 19:07:45.437] Resource IntakeAir added to database
[LOG 19:07:45.437] Resource EVA Propellant added to database
[LOG 19:07:45.437] Resource Ore added to database
[LOG 19:07:45.437] Resource Ablator added to database
[LOG 19:07:45.437] [ModuleManager] Reloading Trait configs
[LOG 19:07:45.438] ExperienceSystemConfig: Added Effect 'DeployedSciencePowerSkill' to Trait 'Ingénieur'
[LOG 19:07:45.438] ExperienceSystemConfig: Added Effect 'DeployedScienceExpSkill' to Trait 'Scientifique'
[LOG 19:07:45.438] [ModuleManager] Reloading Part Upgrades
[LOG 19:07:45.438] [ModuleManager] Setting modded physics as the active one
[LOG 19:07:45.443] PhysicsGlobals: Loading database
[LOG 19:07:45.444] [ModuleManager] Running post patch callbacks
[LOG 19:07:45.463] [KSPCommunityFixes] Patch AutoStrutDrift applied.
[LOG 19:07:45.468] [KSPCommunityFixes] Patch EditorAnimatedPartsShipModified applied.
[LOG 19:07:45.475] [KSPCommunityFixes] Patch DragCubeLoadException applied.
[LOG 19:07:45.480] [KSPCommunityFixes] Patch DoubleCurvePreserveTangents applied.
[LOG 19:07:45.529] [KSPCommunityFixes] Patch DockingPortRotationDriftAndFixes applied.
[LOG 19:07:45.576] [KSPCommunityFixes] Patch DockingPortConserveMomentum applied.
[LOG 19:07:45.581] [KSPCommunityFixes] Patch DebugConsoleDontStealInput applied.
[LOG 19:07:45.586] [KSPCommunityFixes] Patch CorrectDragForFlags applied.
[LOG 19:07:45.587] [KSPCommunityFixes] Patch CometMiningNotRemovingMass applied.
[LOG 19:07:45.593] [KSPCommunityFixes] Patch ChutePhantomSymmetry applied.
[LOG 19:07:45.596] [KSPCommunityFixes] Patch CometSpawnerUniqueFlightId applied.
[LOG 19:07:45.597] [KSPCommunityFixes] Patch AsteroidSpawnerUniqueFlightId applied.
[LOG 19:07:45.598] [KSPCommunityFixes] Patch AsteroidInfiniteMining applied.
[LOG 19:07:45.612] [KSPCommunityFixes] Patch PersistentIConfigNode applied.
[LOG 19:07:45.612] [KSPCommunityFixes] Patch OnSymmetryFieldChanged not applied (not enabled in Settings.cfg)
[LOG 19:07:45.613] [KSPCommunityFixes] Patch ModUpgradePipeline not applied (not enabled in Settings.cfg)
[LOG 19:07:45.613] [KSPCommunityFixes] Patch KSPFieldEnumDesc not applied (not enabled in Settings.cfg)
[LOG 19:07:45.614] [KSPCommunityFixes] Patch EventProfilerMarkers not applied (not enabled in Settings.cfg)
[LOG 19:07:45.614] [KSPCommunityFixes] Patch DockingPortLockedEvents not applied (not enabled in Settings.cfg)
[LOG 19:07:45.617] [KSPCommunityFixes] Patch DepartmentHeadImage applied.
[LOG 19:07:45.629] [KSPCommunityFixes] Patch BaseFieldListUseFieldHost applied.
[LOG 19:07:45.659] [KSPCommunityFixes] Patch ResourceConverterPerf applied.
[LOG 19:07:45.667] [KSPCommunityFixes] Patch ProgressTrackingSpeedBoost applied.
[LOG 19:07:45.670] [KSPCommunityFixes] Patch PQSUpdateNoMemoryAlloc applied.
[LOG 19:07:45.670] [KSPCommunityFixes] Patch PQSOnlyStartOnce not applied (not enabled in Settings.cfg)
[LOG 19:07:45.681] [KSPCommunityFixes] Patch PQSCoroutineLeak applied.
[LOG 19:07:45.716] [KSPCommunityFixes] Patch PartSystemsFastUpdate applied.
[LOG 19:07:45.747] [KSPCommunityFixes] Patch PartParsingPerf applied.
[LOG 19:07:45.753] [KSPCommunityFixes] Patch EnginePlateAirstreamShieldedTopPart applied.
[LOG 19:07:45.765] [KSPCommunityFixes] Patch EVAConstructionMass applied.
[LOG 19:07:45.777] [KSPCommunityFixes] Patch EVAConstructionUninitializedInventory applied.
[LOG 19:07:45.786] [KSPCommunityFixes] Patch EVAKerbalRecovery applied.
[LOG 19:07:45.798] [KSPCommunityFixes] Patch TimeWarpOrbitShift applied.
[LOG 19:07:45.800] [KSPCommunityFixes] Patch TimeWarpBodyCollision applied.
[LOG 19:07:45.819] [KSPCommunityFixes] Patch ThumbnailSpotlight applied.
[LOG 19:07:45.825] [KSPCommunityFixes] Patch SymmetryReferenceOnDelete applied.
[LOG 19:07:45.825] [KSPCommunityFixes] Patch StrategyDuration not applied (not enabled in Settings.cfg)
[LOG 19:07:45.827] [KSPCommunityFixes] Patch StockAlarmDescPreserveLineBreak applied.
[LOG 19:07:45.856] [KSPCommunityFixes] Patch StickySplashedFixer applied.
[LOG 19:07:45.864] [KSPCommunityFixes] Patch ScatterDistribution applied.
[LOG 19:07:45.893] [KSPCommunityFixes] Patch RoboticsDrift applied.
[LOG 19:07:45.896] [KSPCommunityFixes] Patch RestoreMaxPhysicsDT applied.
[LOG 19:07:45.914] [KSPCommunityFixes] Patch RespawnDeadKerbals applied.
[LOG 19:07:45.919] [KSPCommunityFixes] Patch RescaledRoboticParts applied.
[LOG 19:07:45.922] [KSPCommunityFixes] Patch ReRootPreserveSurfaceAttach applied.
[LOG 19:07:45.945] [KSPCommunityFixes] Patch OptimizedModuleRaycasts applied.
[LOG 19:07:45.952] GetSubclassesOfParentClass: Found 1 types with ModuleInventoryPart parent in 8 assemblies.
[LOG 19:07:45.957] [KSPCommunityFixes] Patch RefundingOnRecovery applied.
[LOG 19:07:45.957] [KSPCommunityFixes] Patch PatchedConicEncounterFlickering applied.
[LOG 19:07:45.970] [KSPCommunityFixes] Patch PartListTooltipIconSpin applied.
[LOG 19:07:45.974] [KSPCommunityFixes] Patch PackedPartsRotation applied.
[LOG 19:07:45.988] [KSPCommunityFixes] Patch ModulePartVariantsNodePersistence applied.
[LOG 19:07:45.991] [KSPCommunityFixes] Patch ModuleAnimateGenericCrewModSpawnIVA applied.
[LOG 19:07:45.992] [KSPCommunityFixes] Patch ModuleActiveRadiatorNoParentException applied.
[LOG 19:07:45.996] [KSPCommunityFixes] Patch MapTargetBodyWithEncounter applied.
[LOG 19:07:45.999] [KSPCommunityFixes] Patch LostSoundAfterSceneSwitch applied.
[LOG 19:07:46.007] [KSPCommunityFixes] Patch LadderToggleableLight applied.
[LOG 19:07:46.022] [KSPCommunityFixes] Patch InventoryPartMass applied.
[LOG 19:07:46.029] [KSPCommunityFixes] Patch HarvesterECConsumption applied.
[LOG 19:07:46.031] [KSPCommunityFixes] Patch FixGetUnivseralTime applied.
[LOG 19:07:46.045] [KSPCommunityFixes] Patch ExtendedDeployableParts applied.
[LOG 19:07:46.047] [KSPCommunityFixes] Patch PropellantFlowDescription applied.
[LOG 19:07:46.084] [KSPCommunityFixes] Patch OptimisedVectorLines applied.
[LOG 19:07:46.093] [KSPCommunityFixes] Patch ModuleDockingNodeFindOtherNodesFaster applied.
[LOG 19:07:46.097] [KSPCommunityFixes] Patch ModuleColorChangerOptimization applied.
[LOG 19:07:46.104] [KSPCommunityFixes] Patch AutoSavedCraftNameAtLaunch applied.
[LOG 19:07:46.129] [KSPCommunityFixes] Patch PAWCollapsedInventories applied.
[LOG 19:07:46.133] [KSPCommunityFixes] Patch UIFloatEditNumericInput applied.
[LOG 19:07:46.161] [KSPCommunityFixes] Patch PAWStockGroups applied.
[LOG 19:07:46.172] [KSPCommunityFixes] Patch AltimeterHorizontalPosition applied.
[LOG 19:07:46.181] [KSPCommunityFixes] Patch SceneLoadSpeedBoost applied.
[LOG 19:07:46.225] [KSPCommunityFixes] Patch OnDemandPartBuoyancy applied.
[LOG 19:07:46.226] [KSPCommunityFixes] Patch ForceSyncSceneSwitch applied.
[LOG 19:07:46.226] [KSPCommunityFixes] Patch FewerSaves not applied (not enabled in Settings.cfg)
[LOG 19:07:46.228] [KSPCommunityFixes] Patch WheelInertiaLimit applied.
[LOG 19:07:46.228] [KSPCommunityFixes] Patch StockAlarmCustomFormatterDate isn't applicable to this KSP version.
[LOG 19:07:46.236] [KSPCommunityFixes] Patch ROCValidationOOR applied.
[LOG 19:07:46.240] [KSPCommunityFixes] Patch ZeroCostTechNodes applied.
[LOG 19:07:46.241] [KSPCommunityFixes] Patch ReactionWheelsPotentialTorque applied.
[LOG 19:07:46.247] [KSPCommunityFixes] Patch PAWGroupMemory applied.
[LOG 19:07:46.292] [KSPCommunityFixes] Patch PartStartStability applied.
[LOG 19:07:46.299] [KSPCommunityFixes] Patch PartBoundsIgnoreDisabledTransforms applied.
[LOG 19:07:46.365] [KSPCommunityFixes] Patch ModuleIndexingMismatch applied.
[LOG 19:07:46.371] [KSPCommunityFixes] Patch MapSOCorrectWrapping applied.
[LOG 19:07:46.371] [KSPCommunityFixes] Patch KerbalTooltipMaxSustainedG applied.
[LOG 19:07:46.375] [KSPCommunityFixes] Patch KerbalInventoryPersistence applied.
[LOG 19:07:46.375] [KSPCommunityFixes] Patch FlightSceneLoadKraken not applied (not enabled in Settings.cfg)
[LOG 19:07:46.378] [KSPCommunityFixes] Patch FIUpdateRadiation applied.
[LOG 19:07:46.380] [KSPCommunityFixes] Patch FastAndFixedEnumExtensions applied.
[LOG 19:07:46.424] [KSPCommunityFixes] Patch DeltaVHideWhenDisabled applied.
[LOG 19:07:46.429] [KSPCommunityFixes] Patch BlockMapViewPartClick applied.
[LOG 19:07:46.433] [KSPCommunityFixes] Patch PAWItemsOrder applied.
[LOG 19:07:46.494] [KSPCommunityFixes] Patch BetterEditorUndoRedo applied.
[LOG 19:07:46.507] [KSPCommunityFixes] Patch AutostrutActions applied.
[LOG 19:07:46.507] [KSPCommunityFixes] Patch DisableNewGameIntro not applied (not enabled in Settings.cfg)
[LOG 19:07:46.543] [KSPCommunityFixes] Patch MinorPerfTweaks applied.
[LOG 19:07:46.647] [KSPCommunityFixes] Patch MemoryLeaks applied.
[LOG 19:07:46.655] [KSPCommunityFixes] Patch LowerMinPhysicsDTPerFrame applied.
[LOG 19:07:46.660] [KSPCommunityFixes] Patch LocalizerPerf applied.
[LOG 19:07:46.662] [KSPCommunityFixes] Patch IMGUIOptimization applied.
[LOG 19:07:46.681] [KSPCommunityFixes] Patch FloatingOriginPerf applied.
[LOG 19:07:46.746] [KSPCommunityFixes] Patch FlightIntegratorPerf applied.
[LOG 19:07:46.751] [KSPCommunityFixes] Patch FasterPartFindTransform applied.
[LOG 19:07:46.765] [KSPCommunityFixes] Patch FasterEditorPartList applied.
[LOG 19:07:46.767] [KSPCommunityFixes] Patch ExpansionBundlePreload applied.
[LOG 19:07:46.781] [KSPCommunityFixes] Patch DragCubeGeneration applied.
[LOG 19:07:46.785] [KSPCommunityFixes] Patch DisableMapUpdateInFlight applied.
[LOG 19:07:46.786] [KSPCommunityFixes] Patch DisableHiddenPortraits applied.
[LOG 19:07:46.788] [KSPCommunityFixes] Patch DisableManeuverTool applied.
[LOG 19:07:46.811] [KSPCommunityFixes] Patch CraftBrowserOptimisations applied.
[LOG 19:07:46.814] [KSPCommunityFixes] Patch CommNetThrottling applied.
[LOG 19:07:46.819] [KSPCommunityFixes] Patch FairingMouseOverPersistence applied.
[LOG 19:07:46.838] [KSPCommunityFixes] Patch OptionalMakingHistoryDLCFeatures applied.
[LOG 19:07:46.841] [KSPCommunityFixes] Patch ResourceLockActions applied.
[LOG 19:07:46.849] [KSPCommunityFixes] Patch ShowContractFinishDates applied.
[LOG 19:07:46.859] [KSPCommunityFixes] Patch TargetParentBody applied.
[LOG 19:07:46.883] [KSPCommunityFixes] Patch ToolbarShowHide applied.
[LOG 19:07:46.886] [KSPCommunityFixes] Patch ContractProgressEnumCache applied.
[LOG 19:07:46.903] [KSPCommunityFixes] Patch ActiveRadiatorPerf applied.
[LOG 19:07:46.917] [KSPCommunityFixes] Patch CargoBayPerf applied.
[LOG 19:07:46.927] [KSPCommunityFixes] Patch CollisionEnhancerFastUpdate applied.
[LOG 19:07:46.932] [KSPCommunityFixes] Patch CollisionManagerFastUpdate applied.
[LOG 19:07:46.938] [KSPCommunityFixes] Patch AsteroidAndCometDrillCache applied.
[LOG 19:07:46.952] [KSPCommunityFixes] Patch TweakableWheelsAutostrut applied.
[LOG 19:07:46.985] [KSPCommunityFixes] Patch PatchSettings applied.
[LOG 19:07:47.035] [KSPCommunityFixes] Patch UpgradeBugs applied.
[LOG 19:07:47.035] [KSPCommunityFixes] Patch PartTooltipUpgradesApplyToSubstituteParts not applied (not enabled in Settings.cfg)
[LOG 19:07:47.113] [ModuleManager] Calling ConfigNodePerf.ModuleManagerPostLoad()
[LOG 19:07:47.114] [ModuleManager] Post patch ran in 1.684s
[LOG 19:07:47.138] PartLoader: Creating part database
[LOG 19:07:47.139] PartLoader: Compiling Part 'Squad/Parts/Aero/aerodynamicNoseCone/aerodynamicNoseCone/noseCone'
[LOG 19:07:47.162] EffectList: Created 15 effect types
[LOG 19:07:47.263] PartLoader: Part 'Squad/Parts/Aero/aerodynamicNoseCone/aerodynamicNoseCone/noseCone' has no database record. Creating.
[LOG 19:07:47.263] [DragCubeSystem]: Drag cubes not found or cannot be read for part Part. Generating New drag cubes.
[LOG 19:07:47.264] [KSPCF/DragCubeGeneration] Creating drag cubes for part 'noseCone'
[LOG 19:07:47.305] PartLoader: Compiling Part 'Squad/Parts/Aero/airbrake/Airbrake/airbrake1'
[LOG 19:07:47.332] PartLoader: Part 'Squad/Parts/Aero/airbrake/Airbrake/airbrake1' has no database record. Creating.
[LOG 19:07:47.333] [DragCubeSystem]: Drag cubes not found or cannot be read for part Part. Generating New drag cubes.
[LOG 19:07:47.333] [KSPCF/DragCubeGeneration] Creating drag cubes for part 'airbrake1'
[LOG 19:07:47.376] PartLoader: Compiling Part 'Squad/Parts/Aero/airIntakeRadialXM-G50/airIntakeRadialXM-G50/airScoop'
[LOG 19:07:47.396] PartLoader: Part 'Squad/Parts/Aero/airIntakeRadialXM-G50/airIntakeRadialXM-G50/airScoop' has no database record. Creating.
[LOG 19:07:47.397] [DragCubeSystem]: Drag cubes not found or cannot be read for part Part. Generating New drag cubes.
[LOG 19:07:47.397] [KSPCF/DragCubeGeneration] Creating drag cubes for part 'airScoop'
[LOG 19:07:47.409] PartLoader: Compiling Part 'Squad/Parts/Aero/airlinerWings/ControlSurface/airlinerCtrlSrf'
[LOG 19:07:47.426] PartLoader: Part 'Squad/Parts/Aero/airlinerWings/ControlSurface/airlinerCtrlSrf' has no database record. Creating.
[LOG 19:07:47.427] [DragCubeSystem]: Drag cubes not found or cannot be read for part Part. Generating New drag cubes.
[LOG 19:07:47.427] [KSPCF/DragCubeGeneration] Creating drag cubes for part 'airlinerCtrlSrf'
[LOG 19:07:47.463] PartLoader: Compiling Part 'Squad/Parts/Aero/airlinerWings/MainWing/airlinerMainWing'
[LOG 19:07:47.472] PartLoader: Part 'Squad/Parts/Aero/airlinerWings/MainWing/airlinerMainWing' has no database record. Creating.
[LOG 19:07:47.472] [DragCubeSystem]: Drag cubes not found or cannot be read for part Part. Generating New drag cubes.
[LOG 19:07:47.472] [KSPCF/DragCubeGeneration] Creating drag cubes for part 'airlinerMainWing'
[LOG 19:07:47.478] PartLoader: Compiling Part 'Squad/Parts/Aero/airlinerWings/TailFin/airlinerTailFin'
[LOG 19:07:47.494] PartLoader: Part 'Squad/Parts/Aero/airlinerWings/TailFin/airlinerTailFin' has no database record. Creating.
[LOG 19:07:47.494] [DragCubeSystem]: Drag cubes not found or cannot be read for part Part. Generating New drag cubes.
[LOG 19:07:47.494] [KSPCF/DragCubeGeneration] Creating drag cubes for part 'airlinerTailFin'
[LOG 19:07:47.523] PartLoader: Compiling Part 'Squad/Parts/Aero/airplaneFins/advancedCanard/AdvancedCanard'
[LOG 19:07:47.529] PartLoader: Part 'Squad/Parts/Aero/airplaneFins/advancedCanard/AdvancedCanard' has no database record. Creating.
[LOG 19:07:47.529] [DragCubeSystem]: Drag cubes not found or cannot be read for part Part. Generating New drag cubes.
[LOG 19:07:47.529] [KSPCF/DragCubeGeneration] Creating drag cubes for part 'AdvancedCanard'
[LOG 19:07:47.569] PartLoader: Compiling Part 'Squad/Parts/Aero/airplaneFins/standardCanard/CanardController'
[LOG 19:07:47.576] PartLoader: Part 'Squad/Parts/Aero/airplaneFins/standardCanard/CanardController' has no database record. Creating.
[LOG 19:07:47.576] [DragCubeSystem]: Drag cubes not found or cannot be read for part Part. Generating New drag cubes.
[LOG 19:07:47.576] [KSPCF/DragCubeGeneration] Creating drag cubes for part 'CanardController'
[LOG 19:07:47.595] PartLoader: Compiling Part 'Squad/Parts/Aero/airplaneFins/sweptWing/sweptWing'
[LOG 19:07:47.601] PartLoader: Part 'Squad/Parts/Aero/airplaneFins/sweptWing/sweptWing' has no database record. Creating.
[LOG 19:07:47.601] [DragCubeSystem]: Drag cubes not found or cannot be read for part Part. Generating New drag cubes.
[LOG 19:07:47.601] [KSPCF/DragCubeGeneration] Creating drag cubes for part 'sweptWing'
[LOG 19:07:47.606] PartLoader: Compiling Part 'Squad/Parts/Aero/airplaneFins/tailfin/tailfin'
[LOG 19:07:47.612] PartLoader: Part 'Squad/Parts/Aero/airplaneFins/tailfin/tailfin' has no database record. Creating.
[LOG 19:07:47.612] [DragCubeSystem]: Drag cubes not found or cannot be read for part Part. Generating New drag cubes.
[LOG 19:07:47.612] [KSPCF/DragCubeGeneration] Creating drag cubes for part 'tailfin'
[LOG 19:07:47.630] PartLoader: Compiling Part 'Squad/Parts/Aero/basicFin/basicFin/basicFin'
[LOG 19:07:47.635] PartLoader: Part 'Squad/Parts/Aero/basicFin/basicFin/basicFin' has no database record. Creating.
[LOG 19:07:47.635] [DragCubeSystem]: Drag cubes not found or cannot be read for part Part. Generating New drag cubes.
[LOG 19:07:47.635] [KSPCF/DragCubeGeneration] Creating drag cubes for part 'basicFin'
[LOG 19:07:47.640] PartLoader: Compiling Part 'Squad/Parts/Aero/circularIntake/circularIntake/CircularIntake'
[LOG 19:07:47.649] PartLoader: Part 'Squad/Parts/Aero/circularIntake/circularIntake/CircularIntake' has no database record. Creating.
[LOG 19:07:47.650] PartLoader: Compiling Part 'Squad/Parts/Aero/circularIntake/intakeShockCone/shockConeIntake'
[LOG 19:07:47.653] PartLoader: Part 'Squad/Parts/Aero/circularIntake/intakeShockCone/shockConeIntake' has no database record. Creating.
[LOG 19:07:47.654] PartLoader: Compiling Part 'Squad/Parts/Aero/cones/avionicsNoseCone/avionicsNoseCone'
[LOG 19:07:47.669] PartLoader: Part 'Squad/Parts/Aero/cones/avionicsNoseCone/avionicsNoseCone' has no database record. Creating.
[LOG 19:07:47.669] [DragCubeSystem]: Drag cubes not found or cannot be read for part Part. Generating New drag cubes.
[LOG 19:07:47.670] [KSPCF/DragCubeGeneration] Creating drag cubes for part 'avionicsNoseCone'
[LOG 19:07:47.678] PartLoader: Compiling Part 'Squad/Parts/Aero/cones/ConeA/pointyNoseConeA'
[LOG 19:07:47.683] PartLoader: Part 'Squad/Parts/Aero/cones/ConeA/pointyNoseConeA' has no database record. Creating.
[LOG 19:07:47.683] [DragCubeSystem]: Drag cubes not found or cannot be read for part Part. Generating New drag cubes.
[LOG 19:07:47.684] [KSPCF/DragCubeGeneration] Creating drag cubes for part 'pointyNoseConeA'
[LOG 19:07:47.689] PartLoader: Compiling Part 'Squad/Parts/Aero/cones/ConeB/pointyNoseConeB'
[LOG 19:07:47.695] PartLoader: Part 'Squad/Parts/Aero/cones/ConeB/pointyNoseConeB' has no database record. Creating.
[LOG 19:07:47.695] [DragCubeSystem]: Drag cubes not found or cannot be read for part Part. Generating New drag cubes.
[LOG 19:07:47.695] [KSPCF/DragCubeGeneration] Creating drag cubes for part 'pointyNoseConeB'
[LOG 19:07:47.701] PartLoader: Compiling Part 'Squad/Parts/Aero/cones/noseConeAdapter/noseConeAdapter'
[LOG 19:07:47.705] PartLoader: Part 'Squad/Parts/Aero/cones/noseConeAdapter/noseConeAdapter' has no database record. Creating.
[LOG 19:07:47.706] [DragCubeSystem]: Drag cubes not found or cannot be read for part Part. Generating New drag cubes.
[LOG 19:07:47.706] [KSPCF/DragCubeGeneration] Creating drag cubes for part 'noseConeAdapter'
[LOG 19:07:47.711] PartLoader: Compiling Part 'Squad/Parts/Aero/cones/protectiveRocketNoseMk7_v2/rocketNoseCone_v2'
[LOG 19:07:47.716] PartLoader: Part 'Squad/Parts/Aero/cones/protectiveRocketNoseMk7_v2/rocketNoseCone_v2' has no database record. Creating.
[LOG 19:07:47.716] [DragCubeSystem]: Drag cubes not found or cannot be read for part Part. Generating New drag cubes.
[LOG 19:07:47.716] [KSPCF/DragCubeGeneration] Creating drag cubes for part 'rocketNoseCone.v2'
[LOG 19:07:47.722] PartLoader: Compiling Part 'Squad/Parts/Aero/cones/protectiveRocketNoseMk7_v3/rocketNoseCone_v3'
[LOG 19:07:47.727] PartLoader: Part 'Squad/Parts/Aero/cones/protectiveRocketNoseMk7_v3/rocketNoseCone_v3' has no database record. Creating.
[LOG 19:07:47.727] [DragCubeSystem]: Drag cubes not found or cannot be read for part Part. Generating New drag cubes.
[LOG 19:07:47.727] [KSPCF/DragCubeGeneration] Creating drag cubes for part 'rocketNoseCone.v3'
[LOG 19:07:47.732] PartLoader: Compiling Part 'Squad/Parts/Aero/cones/rocketNoseCone_size3/rocketNoseConeSize3'
[LOG 19:07:47.737] PartLoader: Part 'Squad/Parts/Aero/cones/rocketNoseCone_size3/rocketNoseConeSize3' has no database record. Creating.
[LOG 19:07:47.737] [DragCubeSystem]: Drag cubes not found or cannot be read for part Part. Generating New drag cubes.
[LOG 19:07:47.737] [KSPCF/DragCubeGeneration] Creating drag cubes for part 'rocketNoseConeSize3'
[LOG 19:07:47.743] PartLoader: Compiling Part 'Squad/Parts/Aero/cones/smallNoseCone/standardNoseCone'
[LOG 19:07:47.747] PartLoader: Part 'Squad/Parts/Aero/cones/smallNoseCone/standardNoseCone' has no database record. Creating.
[LOG 19:07:47.747] [DragCubeSystem]: Drag cubes not found or cannot be read for part Part. Generating New drag cubes.
[LOG 19:07:47.747] [KSPCF/DragCubeGeneration] Creating drag cubes for part 'standardNoseCone'
[LOG 19:07:47.752] PartLoader: Compiling Part 'Squad/Parts/Aero/cones/tailConnectorA/airplaneTail'
[LOG 19:07:47.756] PartLoader: Part 'Squad/Parts/Aero/cones/tailConnectorA/airplaneTail' has no database record. Creating.
[LOG 19:07:47.757] [DragCubeSystem]: Drag cubes not found or cannot be read for part Part. Generating New drag cubes.
[LOG 19:07:47.757] [KSPCF/DragCubeGeneration] Creating drag cubes for part 'airplaneTail'
[LOG 19:07:47.761] PartLoader: Compiling Part 'Squad/Parts/Aero/cones/tailConnectorB/airplaneTailB'
[LOG 19:07:47.765] PartLoader: Part 'Squad/Parts/Aero/cones/tailConnectorB/airplaneTailB' has no database record. Creating.
[LOG 19:07:47.766] [DragCubeSystem]: Drag cubes not found or cannot be read for part Part. Generating New drag cubes.
[LOG 19:07:47.766] [KSPCF/DragCubeGeneration] Creating drag cubes for part 'airplaneTailB'
[LOG 19:07:47.770] PartLoader: Compiling Part 'Squad/Parts/Aero/fairings/fairingSize1/fairingSize1'
[LOG 19:07:47.812] PartLoader: Part 'Squad/Parts/Aero/fairings/fairingSize1/fairingSize1' has no database record. Creating.
[LOG 19:07:47.812] [DragCubeSystem]: Drag cubes not found or cannot be read for part Part. Generating New drag cubes.
[LOG 19:07:47.812] [KSPCF/DragCubeGeneration] Creating drag cubes for part 'fairingSize1'
[LOG 19:07:47.818] PartLoader: Compiling Part 'Squad/Parts/Aero/fairings/fairingSize2/fairingSize2'
[LOG 19:07:47.833] PartLoader: Part 'Squad/Parts/Aero/fairings/fairingSize2/fairingSize2' has no database record. Creating.
[LOG 19:07:47.833] [DragCubeSystem]: Drag cubes not found or cannot be read for part Part. Generating New drag cubes.
[LOG 19:07:47.833] [KSPCF/DragCubeGeneration] Creating drag cubes for part 'fairingSize2'
[LOG 19:07:47.838] PartLoader: Compiling Part 'Squad/Parts/Aero/fairings/fairingSize3/fairingSize3'
[LOG 19:07:47.849] PartLoader: Part 'Squad/Parts/Aero/fairings/fairingSize3/fairingSize3' has no database record. Creating.
[LOG 19:07:47.849] [DragCubeSystem]: Drag cubes not found or cannot be read for part Part. Generating New drag cubes.
[LOG 19:07:47.849] [KSPCF/DragCubeGeneration] Creating drag cubes for part 'fairingSize3'
[LOG 19:07:47.854] PartLoader: Compiling Part 'Squad/Parts/Aero/HeatShield/HeatShield0/HeatShield0'
[LOG 19:07:47.875] PartLoader: Part 'Squad/Parts/Aero/HeatShield/HeatShield0/HeatShield0' has no database record. Creating.
[LOG 19:07:47.875] [DragCubeSystem]: Drag cubes not found or cannot be read for part Part. Generating New drag cubes.
[LOG 19:07:47.875] [KSPCF/DragCubeGeneration] Creating drag cubes for part 'HeatShield0'
[LOG 19:07:47.883] PartLoader: Compiling Part 'Squad/Parts/Aero/HeatShield/HeatShield1/HeatShield1'
[LOG 19:07:47.897] PartLoader: Part 'Squad/Parts/Aero/HeatShield/HeatShield1/HeatShield1' has no database record. Creating.
[LOG 19:07:47.897] [DragCubeSystem]: Drag cubes not found or cannot be read for part Part. Generating New drag cubes.
[LOG 19:07:47.898] [KSPCF/DragCubeGeneration] Creating drag cubes for part 'HeatShield1'
[LOG 19:07:47.912] PartLoader: Compiling Part 'Squad/Parts/Aero/HeatShield/HeatShield2/HeatShield2'
[LOG 19:07:47.921] PartLoader: Part 'Squad/Parts/Aero/HeatShield/HeatShield2/HeatShield2' has no database record. Creating.
[LOG 19:07:47.921] [DragCubeSystem]: Drag cubes not found or cannot be read for part Part. Generating New drag cubes.
[LOG 19:07:47.921] [KSPCF/DragCubeGeneration] Creating drag cubes for part 'HeatShield2'
[LOG 19:07:47.934] PartLoader: Compiling Part 'Squad/Parts/Aero/HeatShield/HeatShield3/HeatShield3'
[LOG 19:07:47.945] PartLoader: Part 'Squad/Parts/Aero/HeatShield/HeatShield3/HeatShield3' has no database record. Creating.
[LOG 19:07:47.945] [DragCubeSystem]: Drag cubes not found or cannot be read for part Part. Generating New drag cubes.
[LOG 19:07:47.945] [KSPCF/DragCubeGeneration] Creating drag cubes for part 'HeatShield3'
[LOG 19:07:47.959] PartLoader: Compiling Part 'Squad/Parts/Aero/InflatableHeatShield/HeatShield/InflatableHeatShield'
[LOG 19:07:47.971] PartLoader: Part 'Squad/Parts/Aero/InflatableHeatShield/HeatShield/InflatableHeatShield' has no database record. Creating.
[LOG 19:07:47.971] [DragCubeSystem]: Drag cubes not found or cannot be read for part Part. Generating New drag cubes.
[LOG 19:07:47.971] [KSPCF/DragCubeGeneration] Creating drag cubes for part 'InflatableHeatShield'
[LOG 19:07:47.986] PartLoader: Compiling Part 'Squad/Parts/Aero/intakeRadialLong/intakeRadialLong/IntakeRadialLong'
[LOG 19:07:47.990] PartLoader: Part 'Squad/Parts/Aero/intakeRadialLong/intakeRadialLong/IntakeRadialLong' has no database record. Creating.
[LOG 19:07:47.990] [DragCubeSystem]: Drag cubes not found or cannot be read for part Part. Generating New drag cubes.
[LOG 19:07:47.990] [KSPCF/DragCubeGeneration] Creating drag cubes for part 'IntakeRadialLong'
[LOG 19:07:47.995] PartLoader: Compiling Part 'Squad/Parts/Aero/miniIntake/SmallIntake/miniIntake'
[LOG 19:07:47.999] PartLoader: Part 'Squad/Parts/Aero/miniIntake/SmallIntake/miniIntake' has no database record. Creating.
[LOG 19:07:48.000] PartLoader: Compiling Part 'Squad/Parts/Aero/ramAirIntake/ramAirIntake/ramAirIntake'
[LOG 19:07:48.005] PartLoader: Part 'Squad/Parts/Aero/ramAirIntake/ramAirIntake/ramAirIntake' has no database record. Creating.
[LOG 19:07:48.005] PartLoader: Compiling Part 'Squad/Parts/Aero/shuttleWings/delta/wingShuttleDelta'
[LOG 19:07:48.009] PartLoader: Part 'Squad/Parts/Aero/shuttleWings/delta/wingShuttleDelta' has no database record. Creating.
[LOG 19:07:48.009] [DragCubeSystem]: Drag cubes not found or cannot be read for part Part. Generating New drag cubes.
[LOG 19:07:48.009] [KSPCF/DragCubeGeneration] Creating drag cubes for part 'wingShuttleDelta'
[LOG 19:07:48.013] PartLoader: Compiling Part 'Squad/Parts/Aero/shuttleWings/elevon1/wingShuttleElevon1'
[LOG 19:07:48.019] PartLoader: Part 'Squad/Parts/Aero/shuttleWings/elevon1/wingShuttleElevon1' has no database record. Creating.
[LOG 19:07:48.019] [DragCubeSystem]: Drag cubes not found or cannot be read for part Part. Generating New drag cubes.
[LOG 19:07:48.019] [KSPCF/DragCubeGeneration] Creating drag cubes for part 'wingShuttleElevon1'
[LOG 19:07:48.035] PartLoader: Compiling Part 'Squad/Parts/Aero/shuttleWings/elevon2/wingShuttleElevon2'
[LOG 19:07:48.043] PartLoader: Part 'Squad/Parts/Aero/shuttleWings/elevon2/wingShuttleElevon2' has no database record. Creating.
[LOG 19:07:48.043] [DragCubeSystem]: Drag cubes not found or cannot be read for part Part. Generating New drag cubes.
[LOG 19:07:48.043] [KSPCF/DragCubeGeneration] Creating drag cubes for part 'wingShuttleElevon2'
[LOG 19:07:48.059] PartLoader: Compiling Part 'Squad/Parts/Aero/shuttleWings/rudder/wingShuttleRudder'
[LOG 19:07:48.065] PartLoader: Part 'Squad/Parts/Aero/shuttleWings/rudder/wingShuttleRudder' has no database record. Creating.
[LOG 19:07:48.065] [DragCubeSystem]: Drag cubes not found or cannot be read for part Part. Generating New drag cubes.
[LOG 19:07:48.065] [KSPCF/DragCubeGeneration] Creating drag cubes for part 'wingShuttleRudder'
[LOG 19:07:48.081] PartLoader: Compiling Part 'Squad/Parts/Aero/shuttleWings/strake/wingShuttleStrake'
[LOG 19:07:48.085] PartLoader: Part 'Squad/Parts/Aero/shuttleWings/strake/wingShuttleStrake' has no database record. Creating.
[LOG 19:07:48.086] [DragCubeSystem]: Drag cubes not found or cannot be read for part Part. Generating New drag cubes.
[LOG 19:07:48.086] [KSPCF/DragCubeGeneration] Creating drag cubes for part 'wingShuttleStrake'
[LOG 19:07:48.090] PartLoader: Compiling Part 'Squad/Parts/Aero/wingletAV-R8/wingletAV-R8/R8winglet'
[LOG 19:07:48.096] PartLoader: Part 'Squad/Parts/Aero/wingletAV-R8/wingletAV-R8/R8winglet' has no database record. Creating.
[LOG 19:07:48.096] [DragCubeSystem]: Drag cubes not found or cannot be read for part Part. Generating New drag cubes.
[LOG 19:07:48.097] [KSPCF/DragCubeGeneration] Creating drag cubes for part 'R8winglet'
[LOG 19:07:48.113] PartLoader: Compiling Part 'Squad/Parts/Aero/wingletAV-T1/wingletAV-T1/winglet'
[LOG 19:07:48.117] PartLoader: Part 'Squad/Parts/Aero/wingletAV-T1/wingletAV-T1/winglet' has no database record. Creating.
[LOG 19:07:48.117] [DragCubeSystem]: Drag cubes not found or cannot be read for part Part. Generating New drag cubes.
[LOG 19:07:48.118] [KSPCF/DragCubeGeneration] Creating drag cubes for part 'winglet'
[LOG 19:07:48.122] PartLoader: Compiling Part 'Squad/Parts/Aero/wingletDeltaDeluxe/wingletDeltaDeluxe/winglet3'
[LOG 19:07:48.127] PartLoader: Part 'Squad/Parts/Aero/wingletDeltaDeluxe/wingletDeltaDeluxe/winglet3' has no database record. Creating.
[LOG 19:07:48.127] [DragCubeSystem]: Drag cubes not found or cannot be read for part Part. Generating New drag cubes.
[LOG 19:07:48.128] [KSPCF/DragCubeGeneration] Creating drag cubes for part 'winglet3'
[LOG 19:07:48.143] PartLoader: Compiling Part 'Squad/Parts/Aero/wings/connector1/wingConnector'
[LOG 19:07:48.148] PartLoader: Part 'Squad/Parts/Aero/wings/connector1/wingConnector' has no database record. Creating.
[LOG 19:07:48.148] [DragCubeSystem]: Drag cubes not found or cannot be read for part Part. Generating New drag cubes.
[LOG 19:07:48.148] [KSPCF/DragCubeGeneration] Creating drag cubes for part 'wingConnector'
[LOG 19:07:48.152] PartLoader: Compiling Part 'Squad/Parts/Aero/wings/connector2/wingConnector2'
[LOG 19:07:48.155] PartLoader: Part 'Squad/Parts/Aero/wings/connector2/wingConnector2' has no database record. Creating.
[LOG 19:07:48.155] [DragCubeSystem]: Drag cubes not found or cannot be read for part Part. Generating New drag cubes.
[LOG 19:07:48.155] [KSPCF/DragCubeGeneration] Creating drag cubes for part 'wingConnector2'
[LOG 19:07:48.159] PartLoader: Compiling Part 'Squad/Parts/Aero/wings/connector3/wingConnector3'
[LOG 19:07:48.165] PartLoader: Part 'Squad/Parts/Aero/wings/connector3/wingConnector3' has no database record. Creating.
[LOG 19:07:48.165] [DragCubeSystem]: Drag cubes not found or cannot be read for part Part. Generating New drag cubes.
[LOG 19:07:48.165] [KSPCF/DragCubeGeneration] Creating drag cubes for part 'wingConnector3'
[LOG 19:07:48.169] PartLoader: Compiling Part 'Squad/Parts/Aero/wings/connector4/wingConnector4'
[LOG 19:07:48.175] PartLoader: Part 'Squad/Parts/Aero/wings/connector4/wingConnector4' has no database record. Creating.
[LOG 19:07:48.175] [DragCubeSystem]: Drag cubes not found or cannot be read for part Part. Generating New drag cubes.
[LOG 19:07:48.175] [KSPCF/DragCubeGeneration] Creating drag cubes for part 'wingConnector4'
[LOG 19:07:48.179] PartLoader: Compiling Part 'Squad/Parts/Aero/wings/connector5/wingConnector5'
[LOG 19:07:48.185] PartLoader: Part 'Squad/Parts/Aero/wings/connector5/wingConnector5' has no database record. Creating.
[LOG 19:07:48.185] [DragCubeSystem]: Drag cubes not found or cannot be read for part Part. Generating New drag cubes.
[LOG 19:07:48.185] [KSPCF/DragCubeGeneration] Creating drag cubes for part 'wingConnector5'
[LOG 19:07:48.189] PartLoader: Compiling Part 'Squad/Parts/Aero/wings/delta/deltaWing'
[LOG 19:07:48.193] PartLoader: Part 'Squad/Parts/Aero/wings/delta/deltaWing' has no database record. Creating.
[LOG 19:07:48.193] [DragCubeSystem]: Drag cubes not found or cannot be read for part Part. Generating New drag cubes.
[LOG 19:07:48.193] [KSPCF/DragCubeGeneration] Creating drag cubes for part 'deltaWing'
[LOG 19:07:48.197] PartLoader: Compiling Part 'Squad/Parts/Aero/wings/delta_small/delta_small'
[LOG 19:07:48.201] PartLoader: Part 'Squad/Parts/Aero/wings/delta_small/delta_small' has no database record. Creating.
[LOG 19:07:48.201] [DragCubeSystem]: Drag cubes not found or cannot be read for part Part. Generating New drag cubes.
[LOG 19:07:48.201] [KSPCF/DragCubeGeneration] Creating drag cubes for part 'delta.small'
[LOG 19:07:48.205] PartLoader: Compiling Part 'Squad/Parts/Aero/wings/elevon1/StandardCtrlSrf'
[LOG 19:07:48.210] PartLoader: Part 'Squad/Parts/Aero/wings/elevon1/StandardCtrlSrf' has no database record. Creating.
[LOG 19:07:48.210] [DragCubeSystem]: Drag cubes not found or cannot be read for part Part. Generating New drag cubes.
[LOG 19:07:48.210] [KSPCF/DragCubeGeneration] Creating drag cubes for part 'StandardCtrlSrf'
[LOG 19:07:48.226] PartLoader: Compiling Part 'Squad/Parts/Aero/wings/elevon2/elevon2'
[LOG 19:07:48.233] PartLoader: Part 'Squad/Parts/Aero/wings/elevon2/elevon2' has no database record. Creating.
[LOG 19:07:48.233] [DragCubeSystem]: Drag cubes not found or cannot be read for part Part. Generating New drag cubes.
[LOG 19:07:48.233] [KSPCF/DragCubeGeneration] Creating drag cubes for part 'elevon2'
[LOG 19:07:48.249] PartLoader: Compiling Part 'Squad/Parts/Aero/wings/elevon3/elevon3'
[LOG 19:07:48.253] PartLoader: Part 'Squad/Parts/Aero/wings/elevon3/elevon3' has no database record. Creating.
[LOG 19:07:48.253] [DragCubeSystem]: Drag cubes not found or cannot be read for part Part. Generating New drag cubes.
[LOG 19:07:48.253] [KSPCF/DragCubeGeneration] Creating drag cubes for part 'elevon3'
[LOG 19:07:48.268] PartLoader: Compiling Part 'Squad/Parts/Aero/wings/elevon4/smallCtrlSrf'
[LOG 19:07:48.274] PartLoader: Part 'Squad/Parts/Aero/wings/elevon4/smallCtrlSrf' has no database record. Creating.
[LOG 19:07:48.275] [DragCubeSystem]: Drag cubes not found or cannot be read for part Part. Generating New drag cubes.
[LOG 19:07:48.275] [KSPCF/DragCubeGeneration] Creating drag cubes for part 'smallCtrlSrf'
[LOG 19:07:48.291] PartLoader: Compiling Part 'Squad/Parts/Aero/wings/elevon5/elevon5'
[LOG 19:07:48.296] PartLoader: Part 'Squad/Parts/Aero/wings/elevon5/elevon5' has no database record. Creating.
[LOG 19:07:48.296] [DragCubeSystem]: Drag cubes not found or cannot be read for part Part. Generating New drag cubes.
[LOG 19:07:48.296] [KSPCF/DragCubeGeneration] Creating drag cubes for part 'elevon5'
[LOG 19:07:48.312] PartLoader: Compiling Part 'Squad/Parts/Aero/wings/strake/wingStrake'
[LOG 19:07:48.317] PartLoader: Part 'Squad/Parts/Aero/wings/strake/wingStrake' has no database record. Creating.
[LOG 19:07:48.317] [DragCubeSystem]: Drag cubes not found or cannot be read for part Part. Generating New drag cubes.
[LOG 19:07:48.317] [KSPCF/DragCubeGeneration] Creating drag cubes for part 'wingStrake'
[LOG 19:07:48.321] PartLoader: Compiling Part 'Squad/Parts/Aero/wings/structural1/structuralWing'
[LOG 19:07:48.326] PartLoader: Part 'Squad/Parts/Aero/wings/structural1/structuralWing' has no database record. Creating.
[LOG 19:07:48.326] [DragCubeSystem]: Drag cubes not found or cannot be read for part Part. Generating New drag cubes.
[LOG 19:07:48.326] [KSPCF/DragCubeGeneration] Creating drag cubes for part 'structuralWing'
[LOG 19:07:48.330] PartLoader: Compiling Part 'Squad/Parts/Aero/wings/structural2/structuralWing2'
[LOG 19:07:48.334] PartLoader: Part 'Squad/Parts/Aero/wings/structural2/structuralWing2' has no database record. Creating.
[LOG 19:07:48.335] [DragCubeSystem]: Drag cubes not found or cannot be read for part Part. Generating New drag cubes.
[LOG 19:07:48.335] [KSPCF/DragCubeGeneration] Creating drag cubes for part 'structuralWing2'
[LOG 19:07:48.338] PartLoader: Compiling Part 'Squad/Parts/Aero/wings/structural3/structuralWing3'
[LOG 19:07:48.342] PartLoader: Part 'Squad/Parts/Aero/wings/structural3/structuralWing3' has no database record. Creating.
[LOG 19:07:48.343] [DragCubeSystem]: Drag cubes not found or cannot be read for part Part. Generating New drag cubes.
[LOG 19:07:48.343] [KSPCF/DragCubeGeneration] Creating drag cubes for part 'structuralWing3'
[LOG 19:07:48.346] PartLoader: Compiling Part 'Squad/Parts/Aero/wings/structural4/structuralWing4'
[LOG 19:07:48.350] PartLoader: Part 'Squad/Parts/Aero/wings/structural4/structuralWing4' has no database record. Creating.
[LOG 19:07:48.351] [DragCubeSystem]: Drag cubes not found or cannot be read for part Part. Generating New drag cubes.
[LOG 19:07:48.351] [KSPCF/DragCubeGeneration] Creating drag cubes for part 'structuralWing4'
[LOG 19:07:48.354] PartLoader: Compiling Part 'Squad/Parts/Aero/wings/swept1/sweptWing1'
[LOG 19:07:48.358] PartLoader: Part 'Squad/Parts/Aero/wings/swept1/sweptWing1' has no database record. Creating.
[LOG 19:07:48.358] [DragCubeSystem]: Drag cubes not found or cannot be read for part Part. Generating New drag cubes.
[LOG 19:07:48.358] [KSPCF/DragCubeGeneration] Creating drag cubes for part 'sweptWing1'
[LOG 19:07:48.362] PartLoader: Compiling Part 'Squad/Parts/Aero/wings/swept2/sweptWing2'
[LOG 19:07:48.368] PartLoader: Part 'Squad/Parts/Aero/wings/swept2/sweptWing2' has no database record. Creating.
[LOG 19:07:48.368] [DragCubeSystem]: Drag cubes not found or cannot be read for part Part. Generating New drag cubes.
[LOG 19:07:48.368] [KSPCF/DragCubeGeneration] Creating drag cubes for part 'sweptWing2'
[LOG 19:07:48.372] PartLoader: Compiling Part 'Squad/Parts/Cargo/CargoContainers/cargoContainer/cargoContainer'
[WRN 19:07:48.375] [Part]: Cannot have ModuleCargoPart and ModuleInventoryPart on same Part [cargoContainer'. Removed ModuleCargoPart
[LOG 19:07:48.387] PartLoader: Part 'Squad/Parts/Cargo/CargoContainers/cargoContainer/cargoContainer' has no database record. Creating.
[LOG 19:07:48.387] [DragCubeSystem]: Drag cubes not found or cannot be read for part Part. Generating New drag cubes.
[LOG 19:07:48.387] [KSPCF/DragCubeGeneration] Creating drag cubes for part 'cargoContainer'
[LOG 19:07:48.393] PartLoader: Compiling Part 'Squad/Parts/Cargo/CargoContainers/smallCargoContainer/smallCargoContainer'
[WRN 19:07:48.396] [Part]: Cannot have ModuleCargoPart and ModuleInventoryPart on same Part [smallCargoContainer'. Removed ModuleCargoPart
[LOG 19:07:48.399] PartLoader: Part 'Squad/Parts/Cargo/CargoContainers/smallCargoContainer/smallCargoContainer' has no database record. Creating.
[LOG 19:07:48.399] [DragCubeSystem]: Drag cubes not found or cannot be read for part Part. Generating New drag cubes.
[LOG 19:07:48.399] [KSPCF/DragCubeGeneration] Creating drag cubes for part 'smallCargoContainer'
[LOG 19:07:48.404] PartLoader: Compiling Part 'Squad/Parts/Cargo/Cylinder/Cylinder/evaCylinder'
[LOG 19:07:48.409] PartLoader: Part 'Squad/Parts/Cargo/Cylinder/Cylinder/evaCylinder' has no database record. Creating.
[LOG 19:07:48.409] [DragCubeSystem]: Drag cubes not found or cannot be read for part Part. Generating New drag cubes.
[LOG 19:07:48.409] [KSPCF/DragCubeGeneration] Creating drag cubes for part 'evaCylinder'
[LOG 19:07:48.414] PartLoader: Compiling Part 'Squad/Parts/Cargo/GroundAnchor/groundAnchor/groundAnchor'
[LOG 19:07:48.433] PartLoader: Part 'Squad/Parts/Cargo/GroundAnchor/groundAnchor/groundAnchor' has no database record. Creating.
[LOG 19:07:48.433] [DragCubeSystem]: Drag cubes not found or cannot be read for part Part. Generating New drag cubes.
[LOG 19:07:48.433] [KSPCF/DragCubeGeneration] Creating drag cubes for part 'groundAnchor'
[LOG 19:07:48.446] PartLoader: Compiling Part 'Squad/Parts/Cargo/Jetpack/Jetpack/evaJetpack'
[LOG 19:07:48.450] PartLoader: Part 'Squad/Parts/Cargo/Jetpack/Jetpack/evaJetpack' has no database record. Creating.
[LOG 19:07:48.450] [DragCubeSystem]: Drag cubes not found or cannot be read for part Part. Generating New drag cubes.
[LOG 19:07:48.450] [KSPCF/DragCubeGeneration] Creating drag cubes for part 'evaJetpack'
[LOG 19:07:48.455] PartLoader: Compiling Part 'Squad/Parts/Cargo/Parachute/Parachute/evaChute'
[LOG 19:07:48.459] PartLoader: Part 'Squad/Parts/Cargo/Parachute/Parachute/evaChute' has no database record. Creating.
[LOG 19:07:48.459] [DragCubeSystem]: Drag cubes not found or cannot be read for part Part. Generating New drag cubes.
[LOG 19:07:48.459] [KSPCF/DragCubeGeneration] Creating drag cubes for part 'evaChute'
[LOG 19:07:48.463] PartLoader: Compiling Part 'Squad/Parts/Cargo/RepairKit/RepairKit/evaRepairKit'
[LOG 19:07:48.467] PartLoader: Part 'Squad/Parts/Cargo/RepairKit/RepairKit/evaRepairKit' has no database record. Creating.
[LOG 19:07:48.468] [DragCubeSystem]: Drag cubes not found or cannot be read for part Part. Generating New drag cubes.
[LOG 19:07:48.468] [KSPCF/DragCubeGeneration] Creating drag cubes for part 'evaRepairKit'
[LOG 19:07:48.473] PartLoader: Compiling Part 'Squad/Parts/Cargo/ScienceKit/evaScienceKit/evaScienceKit'
[LOG 19:07:48.479] PartLoader: Part 'Squad/Parts/Cargo/ScienceKit/evaScienceKit/evaScienceKit' has no database record. Creating.
[LOG 19:07:48.479] [DragCubeSystem]: Drag cubes not found or cannot be read for part Part. Generating New drag cubes.
[LOG 19:07:48.479] [KSPCF/DragCubeGeneration] Creating drag cubes for part 'evaScienceKit'
[LOG 19:07:48.483] PartLoader: Compiling Part 'Squad/Parts/Cargo/StorageUnits/CargoStorageUnit/CargoStorageUnit'
[WRN 19:07:48.485] [Part]: Cannot have ModuleCargoPart and ModuleInventoryPart on same Part [CargoStorageUnit'. Removed ModuleCargoPart
[LOG 19:07:48.490] PartLoader: Part 'Squad/Parts/Cargo/StorageUnits/CargoStorageUnit/CargoStorageUnit' has no database record. Creating.
[LOG 19:07:48.490] [DragCubeSystem]: Drag cubes not found or cannot be read for part Part. Generating New drag cubes.
[LOG 19:07:48.490] [KSPCF/DragCubeGeneration] Creating drag cubes for part 'CargoStorageUnit'
[LOG 19:07:48.495] PartLoader: Compiling Part 'Squad/Parts/Cargo/StorageUnits/ConformalStorageUnit/ConformalStorageUnit'
[WRN 19:07:48.498] [Part]: Cannot have ModuleCargoPart and ModuleInventoryPart on same Part [ConformalStorageUnit'. Removed ModuleCargoPart
[LOG 19:07:48.500] PartLoader: Part 'Squad/Parts/Cargo/StorageUnits/ConformalStorageUnit/ConformalStorageUnit' has no database record. Creating.
[LOG 19:07:48.500] [DragCubeSystem]: Drag cubes not found or cannot be read for part Part. Generating New drag cubes.
[LOG 19:07:48.500] [KSPCF/DragCubeGeneration] Creating drag cubes for part 'ConformalStorageUnit'
[LOG 19:07:48.505] PartLoader: Compiling Part 'Squad/Parts/Command/advancedSasModuleLarge/advSasModuleLarge/asasmodule1-2'
[LOG 19:07:48.511] PartLoader: Part 'Squad/Parts/Command/advancedSasModuleLarge/advSasModuleLarge/asasmodule1-2' has no database record. Creating.
[LOG 19:07:48.512] PartLoader: Compiling Part 'Squad/Parts/Command/cupola/cupola/cupola'
[LOG 19:07:48.543] PartLoader: Part 'Squad/Parts/Command/cupola/cupola/cupola' has no database record. Creating.
[LOG 19:07:48.543] [DragCubeSystem]: Drag cubes not found or cannot be read for part Part. Generating New drag cubes.
[LOG 19:07:48.543] [KSPCF/DragCubeGeneration] Creating drag cubes for part 'cupola'
[LOG 19:07:48.551] PartLoader: Compiling Part 'Squad/Parts/Command/externalCommandSeat/externalCommandSeat/seatExternalCmd'
[LOG 19:07:48.557] PartLoader: Part 'Squad/Parts/Command/externalCommandSeat/externalCommandSeat/seatExternalCmd' has no database record. Creating.
[LOG 19:07:48.558] [DragCubeSystem]: Drag cubes not found or cannot be read for part Part. Generating New drag cubes.
[LOG 19:07:48.558] [KSPCF/DragCubeGeneration] Creating drag cubes for part 'seatExternalCmd'
[LOG 19:07:48.563] PartLoader: Compiling Part 'Squad/Parts/Command/hitchhikerStorageContainer/hitchikerStorageContainer/crewCabin'
[LOG 19:07:48.571] PartLoader: Part 'Squad/Parts/Command/hitchhikerStorageContainer/hitchikerStorageContainer/crewCabin' has no database record. Creating.
[LOG 19:07:48.571] [DragCubeSystem]: Drag cubes not found or cannot be read for part Part. Generating New drag cubes.
[LOG 19:07:48.571] [KSPCF/DragCubeGeneration] Creating drag cubes for part 'crewCabin'
[LOG 19:07:48.577] PartLoader: Compiling Part 'Squad/Parts/Command/inlineAdvancedStabilizer/inlineAdvancedStabilizer/advSasModule'
[LOG 19:07:48.582] PartLoader: Part 'Squad/Parts/Command/inlineAdvancedStabilizer/inlineAdvancedStabilizer/advSasModule' has no database record. Creating.
[LOG 19:07:48.582] [DragCubeSystem]: Drag cubes not found or cannot be read for part Part. Generating New drag cubes.
[LOG 19:07:48.582] [KSPCF/DragCubeGeneration] Creating drag cubes for part 'advSasModule'
[LOG 19:07:48.586] PartLoader: Compiling Part 'Squad/Parts/Command/inlineReactionWheel/inlineReactionWheel/sasModule'
[LOG 19:07:48.591] PartLoader: Part 'Squad/Parts/Command/inlineReactionWheel/inlineReactionWheel/sasModule' has no database record. Creating.
[LOG 19:07:48.591] [DragCubeSystem]: Drag cubes not found or cannot be read for part Part. Generating New drag cubes.
[LOG 19:07:48.591] [KSPCF/DragCubeGeneration] Creating drag cubes for part 'sasModule'
[LOG 19:07:48.596] PartLoader: Compiling Part 'Squad/Parts/Command/Mk1-3Pod/mk1-3/mk1-3pod'
[LOG 19:07:48.628] PartLoader: Part 'Squad/Parts/Command/Mk1-3Pod/mk1-3/mk1-3pod' has no database record. Creating.
[LOG 19:07:48.628] [DragCubeSystem]: Drag cubes not found or cannot be read for part Part. Generating New drag cubes.
[LOG 19:07:48.628] [KSPCF/DragCubeGeneration] Creating drag cubes for part 'mk1-3pod'
[LOG 19:07:48.636] PartLoader: Compiling Part 'Squad/Parts/Command/mk1Cockpits/mk1Cockpit/Mark1Cockpit'
[WRN 19:07:48.640] [Part]: Cannot have ModuleCargoPart and ModuleInventoryPart on same Part [Mark1Cockpit'. Removed ModuleCargoPart
[LOG 19:07:48.643] PartLoader: Part 'Squad/Parts/Command/mk1Cockpits/mk1Cockpit/Mark1Cockpit' has no database record. Creating.
[LOG 19:07:48.643] [DragCubeSystem]: Drag cubes not found or cannot be read for part Part. Generating New drag cubes.
[LOG 19:07:48.643] [KSPCF/DragCubeGeneration] Creating drag cubes for part 'Mark1Cockpit'
[LOG 19:07:48.648] PartLoader: Compiling Part 'Squad/Parts/Command/mk1Cockpits/mk1CrewCabin/MK1CrewCabin'
[WRN 19:07:48.651] [Part]: Cannot have ModuleCargoPart and ModuleInventoryPart on same Part [MK1CrewCabin'. Removed ModuleCargoPart
[LOG 19:07:48.653] PartLoader: Part 'Squad/Parts/Command/mk1Cockpits/mk1CrewCabin/MK1CrewCabin' has no database record. Creating.
[LOG 19:07:48.653] [DragCubeSystem]: Drag cubes not found or cannot be read for part Part. Generating New drag cubes.
[LOG 19:07:48.653] [KSPCF/DragCubeGeneration] Creating drag cubes for part 'MK1CrewCabin'
[LOG 19:07:48.659] PartLoader: Compiling Part 'Squad/Parts/Command/mk1Cockpits/mk1InlineCockpit/Mark2Cockpit'
[WRN 19:07:48.665] [Part]: Cannot have ModuleCargoPart and ModuleInventoryPart on same Part [Mark2Cockpit'. Removed ModuleCargoPart
[LOG 19:07:48.671] PartLoader: Part 'Squad/Parts/Command/mk1Cockpits/mk1InlineCockpit/Mark2Cockpit' has no database record. Creating.
[LOG 19:07:48.671] [DragCubeSystem]: Drag cubes not found or cannot be read for part Part. Generating New drag cubes.
[LOG 19:07:48.671] [KSPCF/DragCubeGeneration] Creating drag cubes for part 'Mark2Cockpit'
[LOG 19:07:48.676] PartLoader: Compiling Part 'Squad/Parts/Command/mk1LanderCan/mk1LanderCan/landerCabinSmall'
[WRN 19:07:48.681] [Part]: Cannot have ModuleCargoPart and ModuleInventoryPart on same Part [landerCabinSmall'. Removed ModuleCargoPart
[LOG 19:07:48.684] PartLoader: Part 'Squad/Parts/Command/mk1LanderCan/mk1LanderCan/landerCabinSmall' has no database record. Creating.
[LOG 19:07:48.684] [DragCubeSystem]: Drag cubes not found or cannot be read for part Part. Generating New drag cubes.
[LOG 19:07:48.685] [KSPCF/DragCubeGeneration] Creating drag cubes for part 'landerCabinSmall'
[LOG 19:07:48.690] PartLoader: Compiling Part 'Squad/Parts/Command/mk1pod_v2/mk1Pod_v2/mk1pod_v2'
[WRN 19:07:48.694] [Part]: Cannot have ModuleCargoPart and ModuleInventoryPart on same Part [mk1pod.v2'. Removed ModuleCargoPart
[LOG 19:07:48.698] PartLoader: Part 'Squad/Parts/Command/mk1pod_v2/mk1Pod_v2/mk1pod_v2' has no database record. Creating.
[LOG 19:07:48.698] [DragCubeSystem]: Drag cubes not found or cannot be read for part Part. Generating New drag cubes.
[LOG 19:07:48.698] [KSPCF/DragCubeGeneration] Creating drag cubes for part 'mk1pod.v2'
[LOG 19:07:48.704] PartLoader: Compiling Part 'Squad/Parts/Command/mk2CockpitInline/mk2CockpitInline/mk2Cockpit_Inline'
[WRN 19:07:48.712] [Part]: Cannot have ModuleCargoPart and ModuleInventoryPart on same Part [mk2Cockpit.Inline'. Removed ModuleCargoPart
[LOG 19:07:48.716] PartLoader: Part 'Squad/Parts/Command/mk2CockpitInline/mk2CockpitInline/mk2Cockpit_Inline' has no database record. Creating.
[LOG 19:07:48.717] [DragCubeSystem]: Drag cubes not found or cannot be read for part Part. Generating New drag cubes.
[LOG 19:07:48.717] [KSPCF/DragCubeGeneration] Creating drag cubes for part 'mk2Cockpit.Inline'
[LOG 19:07:48.723] PartLoader: Compiling Part 'Squad/Parts/Command/mk2CockpitStandard/mk2CockpitStandard/mk2Cockpit_Standard'
[WRN 19:07:48.727] [Part]: Cannot have ModuleCargoPart and ModuleInventoryPart on same Part [mk2Cockpit.Standard'. Removed ModuleCargoPart
[LOG 19:07:48.730] PartLoader: Part 'Squad/Parts/Command/mk2CockpitStandard/mk2CockpitStandard/mk2Cockpit_Standard' has no database record. Creating.
[LOG 19:07:48.730] [DragCubeSystem]: Drag cubes not found or cannot be read for part Part. Generating New drag cubes.
[LOG 19:07:48.730] [KSPCF/DragCubeGeneration] Creating drag cubes for part 'mk2Cockpit.Standard'
[LOG 19:07:48.735] PartLoader: Compiling Part 'Squad/Parts/Command/mk2DroneCore/mk2Dronecore/mk2DroneCore'
[LOG 19:07:48.741] PartLoader: Part 'Squad/Parts/Command/mk2DroneCore/mk2Dronecore/mk2DroneCore' has no database record. Creating.
[LOG 19:07:48.742] PartLoader: Compiling Part 'Squad/Parts/Command/mk2LanderCan/mk2LanderCan/mk2LanderCabin'
[WRN 19:07:48.745] [Part]: Cannot have ModuleCargoPart and ModuleInventoryPart on same Part [mk2LanderCabin'. Removed ModuleCargoPart
[LOG 19:07:48.753] PartLoader: Part 'Squad/Parts/Command/mk2LanderCan/mk2LanderCan/mk2LanderCabin' has no database record. Creating.
[LOG 19:07:48.753] [DragCubeSystem]: Drag cubes not found or cannot be read for part Part. Generating New drag cubes.
[LOG 19:07:48.753] [KSPCF/DragCubeGeneration] Creating drag cubes for part 'mk2LanderCabin'
[LOG 19:07:48.760] PartLoader: Compiling Part 'Squad/Parts/Command/mk2LanderCan_v2/mk2LanderCan_v2/mk2LanderCabin_v2'
[WRN 19:07:48.766] [Part]: Cannot have ModuleCargoPart and ModuleInventoryPart on same Part [mk2LanderCabin.v2'. Removed ModuleCargoPart
[LOG 19:07:48.772] PartLoader: Part 'Squad/Parts/Command/mk2LanderCan_v2/mk2LanderCan_v2/mk2LanderCabin_v2' has no database record. Creating.
[LOG 19:07:48.772] [DragCubeSystem]: Drag cubes not found or cannot be read for part Part. Generating New drag cubes.
[LOG 19:07:48.772] [KSPCF/DragCubeGeneration] Creating drag cubes for part 'mk2LanderCabin.v2'
[LOG 19:07:48.778] PartLoader: Compiling Part 'Squad/Parts/Command/mk3CockpitShuttle/mk3CockpitShuttle/mk3Cockpit_Shuttle'
[LOG 19:07:48.799] PartLoader: Part 'Squad/Parts/Command/mk3CockpitShuttle/mk3CockpitShuttle/mk3Cockpit_Shuttle' has no database record. Creating.
[LOG 19:07:48.799] [DragCubeSystem]: Drag cubes not found or cannot be read for part Part. Generating New drag cubes.
[LOG 19:07:48.800] [KSPCF/DragCubeGeneration] Creating drag cubes for part 'mk3Cockpit.Shuttle'
[LOG 19:07:48.806] PartLoader: Compiling Part 'Squad/Parts/Command/MpoProbe/MpoProbe/MpoProbe'
[LOG 19:07:48.814] PartLoader: Part 'Squad/Parts/Command/MpoProbe/MpoProbe/MpoProbe' has no database record. Creating.
[LOG 19:07:48.814] [DragCubeSystem]: Drag cubes not found or cannot be read for part Part. Generating New drag cubes.
[LOG 19:07:48.814] [KSPCF/DragCubeGeneration] Creating drag cubes for part 'MpoProbe'
[LOG 19:07:48.822] PartLoader: Compiling Part 'Squad/Parts/Command/MtmStage/MTM_Stage/MtmStage'
[LOG 19:07:48.830] PartLoader: Part 'Squad/Parts/Command/MtmStage/MTM_Stage/MtmStage' has no database record. Creating.
[LOG 19:07:48.830] [DragCubeSystem]: Drag cubes not found or cannot be read for part Part. Generating New drag cubes.
[LOG 19:07:48.830] [KSPCF/DragCubeGeneration] Creating drag cubes for part 'MtmStage'
[LOG 19:07:48.836] PartLoader: Compiling Part 'Squad/Parts/Command/probeCoreCube/probeCoreCube/probeCoreCube'
[LOG 19:07:48.844] PartLoader: Part 'Squad/Parts/Command/probeCoreCube/probeCoreCube/probeCoreCube' has no database record. Creating.
[LOG 19:07:48.845] PartLoader: Compiling Part 'Squad/Parts/Command/probeCoreHex/probeCoreHex/probeCoreHex'
[LOG 19:07:48.853] PartLoader: Part 'Squad/Parts/Command/probeCoreHex/probeCoreHex/probeCoreHex' has no database record. Creating.
[LOG 19:07:48.853] [DragCubeSystem]: Drag cubes not found or cannot be read for part Part. Generating New drag cubes.
[LOG 19:07:48.853] [KSPCF/DragCubeGeneration] Creating drag cubes for part 'probeCoreHex'
[LOG 19:07:48.860] PartLoader: Compiling Part 'Squad/Parts/Command/probeCoreHex_v2/probeCoreHex_v2/probeCoreHex_v2'
[LOG 19:07:48.868] PartLoader: Part 'Squad/Parts/Command/probeCoreHex_v2/probeCoreHex_v2/probeCoreHex_v2' has no database record. Creating.
[LOG 19:07:48.869] [DragCubeSystem]: Drag cubes not found or cannot be read for part Part. Generating New drag cubes.
[LOG 19:07:48.869] [KSPCF/DragCubeGeneration] Creating drag cubes for part 'probeCoreHex.v2'
[LOG 19:07:48.874] PartLoader: Compiling Part 'Squad/Parts/Command/probeCoreOcto2_v2/probeCoreOcto2_v2/probeCoreOcto2_v2'
[LOG 19:07:48.880] PartLoader: Part 'Squad/Parts/Command/probeCoreOcto2_v2/probeCoreOcto2_v2/probeCoreOcto2_v2' has no database record. Creating.
[LOG 19:07:48.880] [DragCubeSystem]: Drag cubes not found or cannot be read for part Part. Generating New drag cubes.
[LOG 19:07:48.880] [KSPCF/DragCubeGeneration] Creating drag cubes for part 'probeCoreOcto2.v2'
[LOG 19:07:48.886] PartLoader: Compiling Part 'Squad/Parts/Command/probeCoreOcto_v2/probeCoreOcto_v2/probeCoreOcto_v2'
[LOG 19:07:48.895] PartLoader: Part 'Squad/Parts/Command/probeCoreOcto_v2/probeCoreOcto_v2/probeCoreOcto_v2' has no database record. Creating.
[LOG 19:07:48.895] [DragCubeSystem]: Drag cubes not found or cannot be read for part Part. Generating New drag cubes.
[LOG 19:07:48.895] [KSPCF/DragCubeGeneration] Creating drag cubes for part 'probeCoreOcto.v2'
[LOG 19:07:48.901] PartLoader: Compiling Part 'Squad/Parts/Command/probeRoverBody/probeRoverBody/roverBody'
[LOG 19:07:48.908] PartLoader: Part 'Squad/Parts/Command/probeRoverBody/probeRoverBody/roverBody' has no database record. Creating.
[LOG 19:07:48.909] [DragCubeSystem]: Drag cubes not found or cannot be read for part Part. Generating New drag cubes.
[LOG 19:07:48.909] [KSPCF/DragCubeGeneration] Creating drag cubes for part 'roverBody'
[LOG 19:07:48.915] PartLoader: Compiling Part 'Squad/Parts/Command/probeRoverBody_v2/probeRoverBody_v2/roverBody_v2'
[LOG 19:07:48.922] PartLoader: Part 'Squad/Parts/Command/probeRoverBody_v2/probeRoverBody_v2/roverBody_v2' has no database record. Creating.
[LOG 19:07:48.922] [DragCubeSystem]: Drag cubes not found or cannot be read for part Part. Generating New drag cubes.
[LOG 19:07:48.922] [KSPCF/DragCubeGeneration] Creating drag cubes for part 'roverBody.v2'
[LOG 19:07:48.941] PartLoader: Compiling Part 'Squad/Parts/Command/probeStackLarge/probeStackLarge/probeStackLarge'
[LOG 19:07:48.947] PartLoader: Part 'Squad/Parts/Command/probeStackLarge/probeStackLarge/probeStackLarge' has no database record. Creating.
[LOG 19:07:48.947] [DragCubeSystem]: Drag cubes not found or cannot be read for part Part. Generating New drag cubes.
[LOG 19:07:48.947] [KSPCF/DragCubeGeneration] Creating drag cubes for part 'probeStackLarge'
[LOG 19:07:48.951] PartLoader: Compiling Part 'Squad/Parts/Command/probeStackSmall/probeStackSmall/probeStackSmall'
[LOG 19:07:48.957] PartLoader: Part 'Squad/Parts/Command/probeStackSmall/probeStackSmall/probeStackSmall' has no database record. Creating.
[LOG 19:07:48.957] [DragCubeSystem]: Drag cubes not found or cannot be read for part Part. Generating New drag cubes.
[LOG 19:07:48.957] [KSPCF/DragCubeGeneration] Creating drag cubes for part 'probeStackSmall'
[LOG 19:07:48.964] PartLoader: Compiling Part 'Squad/Parts/Command/probeStackSphere_v2/probeStackSphere_v2/probeCoreSphere_v2'
[LOG 19:07:48.970] PartLoader: Part 'Squad/Parts/Command/probeStackSphere_v2/probeStackSphere_v2/probeCoreSphere_v2' has no database record. Creating.
[LOG 19:07:48.972] PartLoader: Compiling Part 'Squad/Parts/CompoundParts/FuelLine/fuelLine/fuelLine'
[LOG 19:07:48.996] PartLoader: Part 'Squad/Parts/CompoundParts/FuelLine/fuelLine/fuelLine' has no database record. Creating.
[LOG 19:07:48.996] [DragCubeSystem]: Drag cubes not found or cannot be read for part CompoundPart. Generating New drag cubes.
[LOG 19:07:48.996] [KSPCF/DragCubeGeneration] Creating drag cubes for part 'fuelLine'
[LOG 19:07:49.000] PartLoader: Compiling Part 'Squad/Parts/CompoundParts/strutConnector/strutConnector/strutConnector'
[LOG 19:07:49.007] PartLoader: Part 'Squad/Parts/CompoundParts/strutConnector/strutConnector/strutConnector' has no database record. Creating.
[LOG 19:07:49.007] [DragCubeSystem]: Drag cubes not found or cannot be read for part CompoundPart. Generating New drag cubes.
[LOG 19:07:49.007] [KSPCF/DragCubeGeneration] Creating drag cubes for part 'strutConnector'
[LOG 19:07:49.012] PartLoader: Compiling Part 'Squad/Parts/Coupling/Decoupler_0/Decoupler_0'
[LOG 19:07:49.021] PartLoader: Part 'Squad/Parts/Coupling/Decoupler_0/Decoupler_0' has no database record. Creating.
[LOG 19:07:49.021] PartLoader: Compiling Part 'Squad/Parts/Coupling/Decoupler_1/Decoupler_1'
[LOG 19:07:49.026] PartLoader: Part 'Squad/Parts/Coupling/Decoupler_1/Decoupler_1' has no database record. Creating.
[LOG 19:07:49.027] PartLoader: Compiling Part 'Squad/Parts/Coupling/Decoupler_2/Decoupler_2'
[LOG 19:07:49.032] PartLoader: Part 'Squad/Parts/Coupling/Decoupler_2/Decoupler_2' has no database record. Creating.
[LOG 19:07:49.032] PartLoader: Compiling Part 'Squad/Parts/Coupling/Decoupler_3/Decoupler_3'
[LOG 19:07:49.036] PartLoader: Part 'Squad/Parts/Coupling/Decoupler_3/Decoupler_3' has no database record. Creating.
[LOG 19:07:49.036] PartLoader: Compiling Part 'Squad/Parts/Coupling/Separator_0/Separator_0'
[LOG 19:07:49.041] PartLoader: Part 'Squad/Parts/Coupling/Separator_0/Separator_0' has no database record. Creating.
[LOG 19:07:49.041] PartLoader: Compiling Part 'Squad/Parts/Coupling/Separator_1/Separator_1'
[LOG 19:07:49.045] PartLoader: Part 'Squad/Parts/Coupling/Separator_1/Separator_1' has no database record. Creating.
[LOG 19:07:49.046] PartLoader: Compiling Part 'Squad/Parts/Coupling/Separator_2/Separator_2'
[LOG 19:07:49.050] PartLoader: Part 'Squad/Parts/Coupling/Separator_2/Separator_2' has no database record. Creating.
[LOG 19:07:49.050] PartLoader: Compiling Part 'Squad/Parts/Coupling/Separator_3/Separator_3'
[LOG 19:07:49.054] PartLoader: Part 'Squad/Parts/Coupling/Separator_3/Separator_3' has no database record. Creating.
[LOG 19:07:49.055] PartLoader: Compiling Part 'Squad/Parts/Electrical/10CSolarPanels/OX-10C/solarPanelOX10C'
[LOG 19:07:49.065] PartLoader: Part 'Squad/Parts/Electrical/10CSolarPanels/OX-10C/solarPanelOX10C' has no database record. Creating.
[LOG 19:07:49.065] [DragCubeSystem]: Drag cubes not found or cannot be read for part Part. Generating New drag cubes.
[LOG 19:07:49.065] [KSPCF/DragCubeGeneration] Creating drag cubes for part 'solarPanelOX10C'
[LOG 19:07:49.085] PartLoader: Compiling Part 'Squad/Parts/Electrical/10CSolarPanels/SP-10C/solarPanelSP10C'
[LOG 19:07:49.090] PartLoader: Part 'Squad/Parts/Electrical/10CSolarPanels/SP-10C/solarPanelSP10C' has no database record. Creating.
[LOG 19:07:49.090] [DragCubeSystem]: Drag cubes not found or cannot be read for part Part. Generating New drag cubes.
[LOG 19:07:49.090] [KSPCF/DragCubeGeneration] Creating drag cubes for part 'solarPanelSP10C'
[LOG 19:07:49.106] PartLoader: Compiling Part 'Squad/Parts/Electrical/10LSolarPanels/OX-10L/solarPanelOX10L'
[LOG 19:07:49.112] PartLoader: Part 'Squad/Parts/Electrical/10LSolarPanels/OX-10L/solarPanelOX10L' has no database record. Creating.
[LOG 19:07:49.112] [DragCubeSystem]: Drag cubes not found or cannot be read for part Part. Generating New drag cubes.
[LOG 19:07:49.112] [KSPCF/DragCubeGeneration] Creating drag cubes for part 'solarPanelOX10L'
[LOG 19:07:49.128] PartLoader: Compiling Part 'Squad/Parts/Electrical/10LSolarPanels/SP-10L/solarPanelSP10L'
[LOG 19:07:49.135] PartLoader: Part 'Squad/Parts/Electrical/10LSolarPanels/SP-10L/solarPanelSP10L' has no database record. Creating.
[LOG 19:07:49.135] [DragCubeSystem]: Drag cubes not found or cannot be read for part Part. Generating New drag cubes.
[LOG 19:07:49.135] [KSPCF/DragCubeGeneration] Creating drag cubes for part 'solarPanelSP10L'
[LOG 19:07:49.150] PartLoader: Compiling Part 'Squad/Parts/Electrical/1x6ShroudSolarPanels/1x6ShroudSolarPanels/solarPanels2'
[LOG 19:07:49.154] PartLoader: Part 'Squad/Parts/Electrical/1x6ShroudSolarPanels/1x6ShroudSolarPanels/solarPanels2' has no database record. Creating.
[LOG 19:07:49.154] [DragCubeSystem]: Drag cubes not found or cannot be read for part Part. Generating New drag cubes.
[LOG 19:07:49.154] [KSPCF/DragCubeGeneration] Creating drag cubes for part 'solarPanels2'
[LOG 19:07:49.169] PartLoader: Compiling Part 'Squad/Parts/Electrical/1x6SolarPanels/1x6SolarPanels/solarPanels4'
[LOG 19:07:49.176] PartLoader: Part 'Squad/Parts/Electrical/1x6SolarPanels/1x6SolarPanels/solarPanels4' has no database record. Creating.
[LOG 19:07:49.176] [DragCubeSystem]: Drag cubes not found or cannot be read for part Part. Generating New drag cubes.
[LOG 19:07:49.176] [KSPCF/DragCubeGeneration] Creating drag cubes for part 'solarPanels4'
[LOG 19:07:49.192] PartLoader: Compiling Part 'Squad/Parts/Electrical/3x2ShroudSolarPanels/3x2ShroudSolarPanels/solarPanels1'
[LOG 19:07:49.199] PartLoader: Part 'Squad/Parts/Electrical/3x2ShroudSolarPanels/3x2ShroudSolarPanels/solarPanels1' has no database record. Creating.
[LOG 19:07:49.199] [DragCubeSystem]: Drag cubes not found or cannot be read for part Part. Generating New drag cubes.
[LOG 19:07:49.199] [KSPCF/DragCubeGeneration] Creating drag cubes for part 'solarPanels1'
[LOG 19:07:49.215] PartLoader: Compiling Part 'Squad/Parts/Electrical/3x2SolarPanels/3x2SolarPanels/solarPanels3'
[LOG 19:07:49.221] PartLoader: Part 'Squad/Parts/Electrical/3x2SolarPanels/3x2SolarPanels/solarPanels3' has no database record. Creating.
[LOG 19:07:49.221] [DragCubeSystem]: Drag cubes not found or cannot be read for part Part. Generating New drag cubes.
[LOG 19:07:49.221] [KSPCF/DragCubeGeneration] Creating drag cubes for part 'solarPanels3'
[LOG 19:07:49.236] PartLoader: Compiling Part 'Squad/Parts/Electrical/gigantorXlSolarArray/gigantorXlSolarArray/largeSolarPanel'
[LOG 19:07:49.241] PartLoader: Part 'Squad/Parts/Electrical/gigantorXlSolarArray/gigantorXlSolarArray/largeSolarPanel' has no database record. Creating.
[LOG 19:07:49.241] [DragCubeSystem]: Drag cubes not found or cannot be read for part Part. Generating New drag cubes.
[LOG 19:07:49.241] [KSPCF/DragCubeGeneration] Creating drag cubes for part 'largeSolarPanel'
[LOG 19:07:49.255] PartLoader: Compiling Part 'Squad/Parts/Electrical/radialFlatSolarPanel/radialFlatSolarPanel/solarPanels5'
[LOG 19:07:49.262] PartLoader: Part 'Squad/Parts/Electrical/radialFlatSolarPanel/radialFlatSolarPanel/solarPanels5' has no database record. Creating.
[LOG 19:07:49.262] [DragCubeSystem]: Drag cubes not found or cannot be read for part Part. Generating New drag cubes.
[LOG 19:07:49.262] [KSPCF/DragCubeGeneration] Creating drag cubes for part 'solarPanels5'
[LOG 19:07:49.270] PartLoader: Compiling Part 'Squad/Parts/Electrical/RTG/RTG/rtg'
[LOG 19:07:49.287] PartLoader: Part 'Squad/Parts/Electrical/RTG/RTG/rtg' has no database record. Creating.
[LOG 19:07:49.287] [DragCubeSystem]: Drag cubes not found or cannot be read for part Part. Generating New drag cubes.
[LOG 19:07:49.287] [KSPCF/DragCubeGeneration] Creating drag cubes for part 'rtg'
[LOG 19:07:49.292] PartLoader: Compiling Part 'Squad/Parts/Electrical/z-100Battery/z-100Battery/batteryPack'
[LOG 19:07:49.296] PartLoader: Part 'Squad/Parts/Electrical/z-100Battery/z-100Battery/batteryPack' has no database record. Creating.
[LOG 19:07:49.296] [DragCubeSystem]: Drag cubes not found or cannot be read for part Part. Generating New drag cubes.
[LOG 19:07:49.296] [KSPCF/DragCubeGeneration] Creating drag cubes for part 'batteryPack'
[LOG 19:07:49.301] PartLoader: Compiling Part 'Squad/Parts/Electrical/z-1kBattery/z-1kBattery/batteryBank'
[LOG 19:07:49.306] PartLoader: Part 'Squad/Parts/Electrical/z-1kBattery/z-1kBattery/batteryBank' has no database record. Creating.
[LOG 19:07:49.306] [DragCubeSystem]: Drag cubes not found or cannot be read for part Part. Generating New drag cubes.
[LOG 19:07:49.306] [KSPCF/DragCubeGeneration] Creating drag cubes for part 'batteryBank'
[LOG 19:07:49.309] PartLoader: Compiling Part 'Squad/Parts/Electrical/z-200Battery/z-200Battery/batteryBankMini'
[LOG 19:07:49.312] PartLoader: Part 'Squad/Parts/Electrical/z-200Battery/z-200Battery/batteryBankMini' has no database record. Creating.
[LOG 19:07:49.312] [DragCubeSystem]: Drag cubes not found or cannot be read for part Part. Generating New drag cubes.
[LOG 19:07:49.312] [KSPCF/DragCubeGeneration] Creating drag cubes for part 'batteryBankMini'
[LOG 19:07:49.317] PartLoader: Compiling Part 'Squad/Parts/Electrical/z-400Battery/z-400Battery/ksp_r_largeBatteryPack'
[LOG 19:07:49.320] PartLoader: Part 'Squad/Parts/Electrical/z-400Battery/z-400Battery/ksp_r_largeBatteryPack' has no database record. Creating.
[LOG 19:07:49.320] [DragCubeSystem]: Drag cubes not found or cannot be read for part Part. Generating New drag cubes.
[LOG 19:07:49.320] [KSPCF/DragCubeGeneration] Creating drag cubes for part 'ksp.r.largeBatteryPack'
[LOG 19:07:49.324] PartLoader: Compiling Part 'Squad/Parts/Electrical/z-4kBattery/z-4kBattery/batteryBankLarge'
[LOG 19:07:49.329] PartLoader: Part 'Squad/Parts/Electrical/z-4kBattery/z-4kBattery/batteryBankLarge' has no database record. Creating.
[LOG 19:07:49.329] [DragCubeSystem]: Drag cubes not found or cannot be read for part Part. Generating New drag cubes.
[LOG 19:07:49.329] [KSPCF/DragCubeGeneration] Creating drag cubes for part 'batteryBankLarge'
[LOG 19:07:49.333] PartLoader: Compiling Part 'Squad/Parts/Engine/ionEngine/ionEngine/ionEngine'
[LOG 19:07:49.352] PartLoader: Part 'Squad/Parts/Engine/ionEngine/ionEngine/ionEngine' has no database record. Creating.
[LOG 19:07:49.352] [DragCubeSystem]: Drag cubes not found or cannot be read for part Part. Generating New drag cubes.
[LOG 19:07:49.352] [KSPCF/DragCubeGeneration] Creating drag cubes for part 'ionEngine'
[LOG 19:07:49.359] PartLoader: Compiling Part 'Squad/Parts/Engine/jetEngines/jetEngineAfterburning/turboJet'
[LOG 19:07:49.389] PartLoader: Part 'Squad/Parts/Engine/jetEngines/jetEngineAfterburning/turboJet' has no database record. Creating.
[LOG 19:07:49.389] [DragCubeSystem]: Drag cubes not found or cannot be read for part Part. Generating New drag cubes.
[LOG 19:07:49.389] [KSPCF/DragCubeGeneration] Creating drag cubes for part 'turboJet'
[LOG 19:07:49.398] PartLoader: Compiling Part 'Squad/Parts/Engine/jetEngines/jetEngineBasic/JetEngine'
[LOG 19:07:49.406] PartLoader: Part 'Squad/Parts/Engine/jetEngines/jetEngineBasic/JetEngine' has no database record. Creating.
[LOG 19:07:49.406] [DragCubeSystem]: Drag cubes not found or cannot be read for part Part. Generating New drag cubes.
[LOG 19:07:49.406] [KSPCF/DragCubeGeneration] Creating drag cubes for part 'JetEngine'
[LOG 19:07:49.419] PartLoader: Compiling Part 'Squad/Parts/Engine/jetEngines/jetEngineBig/turboFanSize2'
[LOG 19:07:49.428] PartLoader: Part 'Squad/Parts/Engine/jetEngines/jetEngineBig/turboFanSize2' has no database record. Creating.
[LOG 19:07:49.428] [DragCubeSystem]: Drag cubes not found or cannot be read for part Part. Generating New drag cubes.
[LOG 19:07:49.428] [KSPCF/DragCubeGeneration] Creating drag cubes for part 'turboFanSize2'
[LOG 19:07:49.443] PartLoader: Compiling Part 'Squad/Parts/Engine/jetEngines/jetEngineTurbo/turboFanEngine'
[LOG 19:07:49.456] PartLoader: Part 'Squad/Parts/Engine/jetEngines/jetEngineTurbo/turboFanEngine' has no database record. Creating.
[LOG 19:07:49.456] [DragCubeSystem]: Drag cubes not found or cannot be read for part Part. Generating New drag cubes.
[LOG 19:07:49.457] [KSPCF/DragCubeGeneration] Creating drag cubes for part 'turboFanEngine'
[LOG 19:07:49.462] PartLoader: Compiling Part 'Squad/Parts/Engine/liquidEngine24-77/liquidEngine24-77/smallRadialEngine'
[LOG 19:07:49.468] PartLoader: Part 'Squad/Parts/Engine/liquidEngine24-77/liquidEngine24-77/smallRadialEngine' has no database record. Creating.
[LOG 19:07:49.468] [DragCubeSystem]: Drag cubes not found or cannot be read for part Part. Generating New drag cubes.
[LOG 19:07:49.468] [KSPCF/DragCubeGeneration] Creating drag cubes for part 'smallRadialEngine'
[LOG 19:07:49.476] PartLoader: Compiling Part 'Squad/Parts/Engine/liquidEngine24-77_v2/liquidEngine24-77_v2/smallRadialEngine_v2'
[LOG 19:07:49.488] PartLoader: Part 'Squad/Parts/Engine/liquidEngine24-77_v2/liquidEngine24-77_v2/smallRadialEngine_v2' has no database record. Creating.
[LOG 19:07:49.489] [DragCubeSystem]: Drag cubes not found or cannot be read for part Part. Generating New drag cubes.
[LOG 19:07:49.489] [KSPCF/DragCubeGeneration] Creating drag cubes for part 'smallRadialEngine.v2'
[LOG 19:07:49.495] PartLoader: Compiling Part 'Squad/Parts/Engine/liquidEngine48-7S_v2/liquidEngine48-7S_v2/liquidEngineMini_v2'
[LOG 19:07:49.502] PartLoader: Part 'Squad/Parts/Engine/liquidEngine48-7S_v2/liquidEngine48-7S_v2/liquidEngineMini_v2' has no database record. Creating.
[LOG 19:07:49.502] [DragCubeSystem]: Drag cubes not found or cannot be read for part Part. Generating New drag cubes.
[LOG 19:07:49.502] [KSPCF/DragCubeGeneration] Creating drag cubes for part 'liquidEngineMini.v2'
[LOG 19:07:49.532] PartLoader: Compiling Part 'Squad/Parts/Engine/liquidEngineAerospike/liquidEngineAerospike/toroidalAerospike'
[LOG 19:07:49.546] PartLoader: Part 'Squad/Parts/Engine/liquidEngineAerospike/liquidEngineAerospike/toroidalAerospike' has no database record. Creating.
[LOG 19:07:49.547] [DragCubeSystem]: Drag cubes not found or cannot be read for part Part. Generating New drag cubes.
[LOG 19:07:49.547] [KSPCF/DragCubeGeneration] Creating drag cubes for part 'toroidalAerospike'
[LOG 19:07:49.560] PartLoader: Compiling Part 'Squad/Parts/Engine/liquidEngineLV-1_v2/liquidEngineLV-1R _v2/radialEngineMini_v2'
[LOG 19:07:49.568] PartLoader: Part 'Squad/Parts/Engine/liquidEngineLV-1_v2/liquidEngineLV-1R _v2/radialEngineMini_v2' has no database record. Creating.
[LOG 19:07:49.568] [DragCubeSystem]: Drag cubes not found or cannot be read for part Part. Generating New drag cubes.
[LOG 19:07:49.568] [KSPCF/DragCubeGeneration] Creating drag cubes for part 'radialEngineMini.v2'
[LOG 19:07:49.583] PartLoader: Compiling Part 'Squad/Parts/Engine/liquidEngineLV-1_v2/liquidEngineLV-1_v2/microEngine_v2'
[LOG 19:07:49.590] PartLoader: Part 'Squad/Parts/Engine/liquidEngineLV-1_v2/liquidEngineLV-1_v2/microEngine_v2' has no database record. Creating.
[LOG 19:07:49.590] [DragCubeSystem]: Drag cubes not found or cannot be read for part Part. Generating New drag cubes.
[LOG 19:07:49.590] [KSPCF/DragCubeGeneration] Creating drag cubes for part 'microEngine.v2'
[LOG 19:07:49.604] PartLoader: Compiling Part 'Squad/Parts/Engine/liquidEngineLV-909_v2/liquidEngineLV-909_v2/liquidEngine3_v2'
[LOG 19:07:49.613] PartLoader: Part 'Squad/Parts/Engine/liquidEngineLV-909_v2/liquidEngineLV-909_v2/liquidEngine3_v2' has no database record. Creating.
[LOG 19:07:49.613] [DragCubeSystem]: Drag cubes not found or cannot be read for part Part. Generating New drag cubes.
[LOG 19:07:49.613] [KSPCF/DragCubeGeneration] Creating drag cubes for part 'liquidEngine3.v2'
[LOG 19:07:49.639] PartLoader: Compiling Part 'Squad/Parts/Engine/liquidEngineLV-N/liquidEngineLV-N/nuclearEngine'
[LOG 19:07:49.647] PartLoader: Part 'Squad/Parts/Engine/liquidEngineLV-N/liquidEngineLV-N/nuclearEngine' has no database record. Creating.
[LOG 19:07:49.647] [DragCubeSystem]: Drag cubes not found or cannot be read for part Part. Generating New drag cubes.
[LOG 19:07:49.648] [KSPCF/DragCubeGeneration] Part 'nuclearEngine' has defined a procedural drag cube setup
[LOG 19:07:49.649] PartLoader: Compiling Part 'Squad/Parts/Engine/liquidEngineLV-T30/liquidEngineLV-T30/liquidEngine'
[LOG 19:07:49.656] PartLoader: Part 'Squad/Parts/Engine/liquidEngineLV-T30/liquidEngineLV-T30/liquidEngine' has no database record. Creating.
[LOG 19:07:49.656] [DragCubeSystem]: Drag cubes not found or cannot be read for part Part. Generating New drag cubes.
[LOG 19:07:49.656] [KSPCF/DragCubeGeneration] Creating drag cubes for part 'liquidEngine'
[LOG 19:07:49.669] PartLoader: Compiling Part 'Squad/Parts/Engine/liquidEngineLV-T30_v2/liquidEngineLV-T30_v2/liquidEngine_v2'
[LOG 19:07:49.678] PartLoader: Part 'Squad/Parts/Engine/liquidEngineLV-T30_v2/liquidEngineLV-T30_v2/liquidEngine_v2' has no database record. Creating.
[LOG 19:07:49.679] PartLoader: Compiling Part 'Squad/Parts/Engine/liquidEngineLV-T45/liquidEngineLV-T45/liquidEngine2'
[LOG 19:07:49.686] PartLoader: Part 'Squad/Parts/Engine/liquidEngineLV-T45/liquidEngineLV-T45/liquidEngine2' has no database record. Creating.
[LOG 19:07:49.686] [DragCubeSystem]: Drag cubes not found or cannot be read for part Part. Generating New drag cubes.
[LOG 19:07:49.686] [KSPCF/DragCubeGeneration] Creating drag cubes for part 'liquidEngine2'
[LOG 19:07:49.700] PartLoader: Compiling Part 'Squad/Parts/Engine/liquidEngineLV-T45_v2/liquidEngineLV-T45_v2/liquidEngine2_v2'
[LOG 19:07:49.710] PartLoader: Part 'Squad/Parts/Engine/liquidEngineLV-T45_v2/liquidEngineLV-T45_v2/liquidEngine2_v2' has no database record. Creating.
[LOG 19:07:49.712] PartLoader: Compiling Part 'Squad/Parts/Engine/liquidEngineMainsail_v2/liquidEngineMainsail_v2/liquidEngineMainsail_v2'
[LOG 19:07:49.722] PartLoader: Part 'Squad/Parts/Engine/liquidEngineMainsail_v2/liquidEngineMainsail_v2/liquidEngineMainsail_v2' has no database record. Creating.
[LOG 19:07:49.722] [DragCubeSystem]: Drag cubes not found or cannot be read for part Part. Generating New drag cubes.
[LOG 19:07:49.722] [KSPCF/DragCubeGeneration] Creating drag cubes for part 'liquidEngineMainsail.v2'
[LOG 19:07:49.752] PartLoader: Compiling Part 'Squad/Parts/Engine/liquidEngineMk55/liquidEngineMk55/radialLiquidEngine1-2'
[LOG 19:07:49.759] PartLoader: Part 'Squad/Parts/Engine/liquidEngineMk55/liquidEngineMk55/radialLiquidEngine1-2' has no database record. Creating.
[LOG 19:07:49.759] [DragCubeSystem]: Drag cubes not found or cannot be read for part Part. Generating New drag cubes.
[LOG 19:07:49.759] [KSPCF/DragCubeGeneration] Creating drag cubes for part 'radialLiquidEngine1-2'
[LOG 19:07:49.764] PartLoader: Compiling Part 'Squad/Parts/Engine/liquidEnginePoodle_v2/liquidEnginePoodle_v2/liquidEngine2-2_v2'
[LOG 19:07:49.775] PartLoader: Part 'Squad/Parts/Engine/liquidEnginePoodle_v2/liquidEnginePoodle_v2/liquidEngine2-2_v2' has no database record. Creating.
[LOG 19:07:49.776] PartLoader: Compiling Part 'Squad/Parts/Engine/liquidEngineSkipper_v2/skipperLiquidEngine_v2/engineLargeSkipper_v2'
[LOG 19:07:49.789] PartLoader: Part 'Squad/Parts/Engine/liquidEngineSkipper_v2/skipperLiquidEngine_v2/engineLargeSkipper_v2' has no database record. Creating.
[LOG 19:07:49.789] [DragCubeSystem]: Drag cubes not found or cannot be read for part Part. Generating New drag cubes.
[LOG 19:07:49.789] [KSPCF/DragCubeGeneration] Creating drag cubes for part 'engineLargeSkipper.v2'
[LOG 19:07:49.841] PartLoader: Compiling Part 'Squad/Parts/Engine/liquidEngineSSME/SSME/SSME'
[LOG 19:07:49.850] PartLoader: Part 'Squad/Parts/Engine/liquidEngineSSME/SSME/SSME' has no database record. Creating.
[LOG 19:07:49.851] [DragCubeSystem]: Drag cubes not found or cannot be read for part Part. Generating New drag cubes.
[LOG 19:07:49.851] [KSPCF/DragCubeGeneration] Creating drag cubes for part 'SSME'
[LOG 19:07:49.866] PartLoader: Compiling Part 'Squad/Parts/Engine/MassiveSRB/part/MassiveBooster'
[LOG 19:07:49.874] PartLoader: Part 'Squad/Parts/Engine/MassiveSRB/part/MassiveBooster' has no database record. Creating.
[LOG 19:07:49.874] [DragCubeSystem]: Drag cubes not found or cannot be read for part Part. Generating New drag cubes.
[LOG 19:07:49.874] [KSPCF/DragCubeGeneration] Creating drag cubes for part 'MassiveBooster'
[LOG 19:07:49.879] PartLoader: Compiling Part 'Squad/Parts/Engine/miniJet/SmallJetEngine/miniJetEngine'
[LOG 19:07:49.886] PartLoader: Part 'Squad/Parts/Engine/miniJet/SmallJetEngine/miniJetEngine' has no database record. Creating.
[LOG 19:07:49.886] [DragCubeSystem]: Drag cubes not found or cannot be read for part Part. Generating New drag cubes.
[LOG 19:07:49.886] [KSPCF/DragCubeGeneration] Creating drag cubes for part 'miniJetEngine'
[LOG 19:07:49.891] PartLoader: Compiling Part 'Squad/Parts/Engine/OMSEngine/omsEngine/omsEngine'
[LOG 19:07:49.898] PartLoader: Part 'Squad/Parts/Engine/OMSEngine/omsEngine/omsEngine' has no database record. Creating.
[LOG 19:07:49.898] [DragCubeSystem]: Drag cubes not found or cannot be read for part Part. Generating New drag cubes.
[LOG 19:07:49.898] [KSPCF/DragCubeGeneration] Creating drag cubes for part 'omsEngine'
[LOG 19:07:49.904] PartLoader: Compiling Part 'Squad/Parts/Engine/rapierEngine/rapierEngine/RAPIER'
[LOG 19:07:49.914] PartLoader: Part 'Squad/Parts/Engine/rapierEngine/rapierEngine/RAPIER' has no database record. Creating.
[LOG 19:07:49.914] [DragCubeSystem]: Drag cubes not found or cannot be read for part Part. Generating New drag cubes.
[LOG 19:07:49.914] [KSPCF/DragCubeGeneration] Creating drag cubes for part 'RAPIER'
[LOG 19:07:49.920] PartLoader: Compiling Part 'Squad/Parts/Engine/Size1_SRBs/solidBoosterRT-10_v2/solidBooster_v2'
[LOG 19:07:49.927] PartLoader: Part 'Squad/Parts/Engine/Size1_SRBs/solidBoosterRT-10_v2/solidBooster_v2' has no database record. Creating.
[LOG 19:07:49.927] [DragCubeSystem]: Drag cubes not found or cannot be read for part Part. Generating New drag cubes.
[LOG 19:07:49.927] [KSPCF/DragCubeGeneration] Creating drag cubes for part 'solidBooster.v2'
[LOG 19:07:49.941] PartLoader: Compiling Part 'Squad/Parts/Engine/Size1_SRBs/solidBoosterRT-5_v2/solidBooster_sm_v2'
[LOG 19:07:49.949] PartLoader: Part 'Squad/Parts/Engine/Size1_SRBs/solidBoosterRT-5_v2/solidBooster_sm_v2' has no database record. Creating.
[LOG 19:07:49.949] [DragCubeSystem]: Drag cubes not found or cannot be read for part Part. Generating New drag cubes.
[LOG 19:07:49.949] [KSPCF/DragCubeGeneration] Creating drag cubes for part 'solidBooster.sm.v2'
[LOG 19:07:49.963] PartLoader: Compiling Part 'Squad/Parts/Engine/Size2LFB/part/Size2LFB'
[LOG 19:07:49.971] PartLoader: Part 'Squad/Parts/Engine/Size2LFB/part/Size2LFB' has no database record. Creating.
[LOG 19:07:49.971] [DragCubeSystem]: Drag cubes not found or cannot be read for part Part. Generating New drag cubes.
[LOG 19:07:49.971] [KSPCF/DragCubeGeneration] Creating drag cubes for part 'Size2LFB'
[LOG 19:07:49.977] PartLoader: Compiling Part 'Squad/Parts/Engine/Size2LFB_v2/part/Size2LFB_v2'
[LOG 19:07:49.984] PartLoader: Part 'Squad/Parts/Engine/Size2LFB_v2/part/Size2LFB_v2' has no database record. Creating.
[LOG 19:07:49.984] [DragCubeSystem]: Drag cubes not found or cannot be read for part Part. Generating New drag cubes.
[LOG 19:07:49.984] [KSPCF/DragCubeGeneration] Creating drag cubes for part 'Size2LFB.v2'
[LOG 19:07:49.990] PartLoader: Compiling Part 'Squad/Parts/Engine/Size3AdvancedEngine/part/Size3AdvancedEngine'
[LOG 19:07:49.999] PartLoader: Part 'Squad/Parts/Engine/Size3AdvancedEngine/part/Size3AdvancedEngine' has no database record. Creating.
[LOG 19:07:49.999] [DragCubeSystem]: Drag cubes not found or cannot be read for part Part. Generating New drag cubes.
[LOG 19:07:49.999] [KSPCF/DragCubeGeneration] Creating drag cubes for part 'Size3AdvancedEngine'
[LOG 19:07:50.014] PartLoader: Compiling Part 'Squad/Parts/Engine/Size3EngineCluster/part/Size3EngineCluster'
[LOG 19:07:50.022] PartLoader: Part 'Squad/Parts/Engine/Size3EngineCluster/part/Size3EngineCluster' has no database record. Creating.
[LOG 19:07:50.022] [DragCubeSystem]: Drag cubes not found or cannot be read for part Part. Generating New drag cubes.
[LOG 19:07:50.022] [KSPCF/DragCubeGeneration] Creating drag cubes for part 'Size3EngineCluster'
[LOG 19:07:50.028] PartLoader: Compiling Part 'Squad/Parts/Engine/solidBoosterBACC/solidBoosterBACC/solidBooster1-1'
[LOG 19:07:50.033] PartLoader: Part 'Squad/Parts/Engine/solidBoosterBACC/solidBoosterBACC/solidBooster1-1' has no database record. Creating.
[LOG 19:07:50.033] [DragCubeSystem]: Drag cubes not found or cannot be read for part Part. Generating New drag cubes.
[LOG 19:07:50.033] [KSPCF/DragCubeGeneration] Creating drag cubes for part 'solidBooster1-1'
[LOG 19:07:50.039] PartLoader: Compiling Part 'Squad/Parts/Engine/solidBoosterS2-17/solidBoosterS2-17/Thoroughbred'
[LOG 19:07:50.047] PartLoader: Part 'Squad/Parts/Engine/solidBoosterS2-17/solidBoosterS2-17/Thoroughbred' has no database record. Creating.
[LOG 19:07:50.047] [DragCubeSystem]: Drag cubes not found or cannot be read for part Part. Generating New drag cubes.
[LOG 19:07:50.047] [KSPCF/DragCubeGeneration] Creating drag cubes for part 'Thoroughbred'
[LOG 19:07:50.052] PartLoader: Compiling Part 'Squad/Parts/Engine/solidBoosterS2-33/solidBoosterS2-33/Clydesdale'
[LOG 19:07:50.059] PartLoader: Part 'Squad/Parts/Engine/solidBoosterS2-33/solidBoosterS2-33/Clydesdale' has no database record. Creating.
[LOG 19:07:50.059] [DragCubeSystem]: Drag cubes not found or cannot be read for part Part. Generating New drag cubes.
[LOG 19:07:50.059] [KSPCF/DragCubeGeneration] Creating drag cubes for part 'Clydesdale'
[LOG 19:07:50.064] PartLoader: Compiling Part 'Squad/Parts/Engine/solidBoosterSep/solidBoosterSep/sepMotor1'
[LOG 19:07:50.068] [ModuleCargoPart]: Setting stackableQuantity to 1 as sepMotor1 contains resources
[LOG 19:07:50.070] PartLoader: Part 'Squad/Parts/Engine/solidBoosterSep/solidBoosterSep/sepMotor1' has no database record. Creating.
[LOG 19:07:50.070] [DragCubeSystem]: Drag cubes not found or cannot be read for part Part. Generating New drag cubes.
[LOG 19:07:50.070] [KSPCF/DragCubeGeneration] Creating drag cubes for part 'sepMotor1'
[LOG 19:07:50.075] PartLoader: Compiling Part 'Squad/Parts/Engine/SolidBoostersF/SolidBoosterF3S0/Shrimp'
[LOG 19:07:50.082] PartLoader: Part 'Squad/Parts/Engine/SolidBoostersF/SolidBoosterF3S0/Shrimp' has no database record. Creating.
[LOG 19:07:50.083] [DragCubeSystem]: Drag cubes not found or cannot be read for part Part. Generating New drag cubes.
[LOG 19:07:50.083] [KSPCF/DragCubeGeneration] Creating drag cubes for part 'Shrimp'
[LOG 19:07:50.087] PartLoader: Compiling Part 'Squad/Parts/Engine/SolidBoostersF/SolidBoosterFM1/Mite'
[LOG 19:07:50.093] PartLoader: Part 'Squad/Parts/Engine/SolidBoostersF/SolidBoosterFM1/Mite' has no database record. Creating.
[LOG 19:07:50.093] [DragCubeSystem]: Drag cubes not found or cannot be read for part Part. Generating New drag cubes.
[LOG 19:07:50.093] [KSPCF/DragCubeGeneration] Creating drag cubes for part 'Mite'
[LOG 19:07:50.098] PartLoader: Compiling Part 'Squad/Parts/FuelTank/adapterTanks/Mk3-Mk2/adapterMk3-Mk2'
[LOG 19:07:50.101] PartLoader: Part 'Squad/Parts/FuelTank/adapterTanks/Mk3-Mk2/adapterMk3-Mk2' has no database record. Creating.
[LOG 19:07:50.101] [DragCubeSystem]: Drag cubes not found or cannot be read for part Part. Generating New drag cubes.
[LOG 19:07:50.101] [KSPCF/DragCubeGeneration] Creating drag cubes for part 'adapterMk3-Mk2'
[LOG 19:07:50.106] PartLoader: Compiling Part 'Squad/Parts/FuelTank/adapterTanks/Mk3-ShuttleAdapter/adapterEngines'
[LOG 19:07:50.109] PartLoader: Part 'Squad/Parts/FuelTank/adapterTanks/Mk3-ShuttleAdapter/adapterEngines' has no database record. Creating.
[LOG 19:07:50.109] [DragCubeSystem]: Drag cubes not found or cannot be read for part Part. Generating New drag cubes.
[LOG 19:07:50.109] [KSPCF/DragCubeGeneration] Creating drag cubes for part 'adapterEngines'
[LOG 19:07:50.112] PartLoader: Compiling Part 'Squad/Parts/FuelTank/adapterTanks/Mk3-Size2/adapterMk3-Size2'
[LOG 19:07:50.116] PartLoader: Part 'Squad/Parts/FuelTank/adapterTanks/Mk3-Size2/adapterMk3-Size2' has no database record. Creating.
[LOG 19:07:50.116] [DragCubeSystem]: Drag cubes not found or cannot be read for part Part. Generating New drag cubes.
[LOG 19:07:50.116] [KSPCF/DragCubeGeneration] Creating drag cubes for part 'adapterMk3-Size2'
[LOG 19:07:50.120] PartLoader: Compiling Part 'Squad/Parts/FuelTank/adapterTanks/Mk3-Size2Slant/adapterMk3-Size2Slant'
[LOG 19:07:50.123] PartLoader: Part 'Squad/Parts/FuelTank/adapterTanks/Mk3-Size2Slant/adapterMk3-Size2Slant' has no database record. Creating.
[LOG 19:07:50.123] [DragCubeSystem]: Drag cubes not found or cannot be read for part Part. Generating New drag cubes.
[LOG 19:07:50.123] [KSPCF/DragCubeGeneration] Creating drag cubes for part 'adapterMk3-Size2Slant'
[LOG 19:07:50.128] PartLoader: Compiling Part 'Squad/Parts/FuelTank/adapterTanks/Size2-Mk2/adapterSize2-Mk2'
[LOG 19:07:50.130] PartLoader: Part 'Squad/Parts/FuelTank/adapterTanks/Size2-Mk2/adapterSize2-Mk2' has no database record. Creating.
[LOG 19:07:50.130] [DragCubeSystem]: Drag cubes not found or cannot be read for part Part. Generating New drag cubes.
[LOG 19:07:50.130] [KSPCF/DragCubeGeneration] Creating drag cubes for part 'adapterSize2-Mk2'
[LOG 19:07:50.135] PartLoader: Compiling Part 'Squad/Parts/FuelTank/adapterTanks/Size2-Size1/adapterSize2-Size1'
[LOG 19:07:50.137] PartLoader: Part 'Squad/Parts/FuelTank/adapterTanks/Size2-Size1/adapterSize2-Size1' has no database record. Creating.
[LOG 19:07:50.137] [DragCubeSystem]: Drag cubes not found or cannot be read for part Part. Generating New drag cubes.
[LOG 19:07:50.138] [KSPCF/DragCubeGeneration] Creating drag cubes for part 'adapterSize2-Size1'
[LOG 19:07:50.142] PartLoader: Compiling Part 'Squad/Parts/FuelTank/adapterTanks/Size2-Size1Slant/adapterSize2-Size1Slant'
[LOG 19:07:50.145] PartLoader: Part 'Squad/Parts/FuelTank/adapterTanks/Size2-Size1Slant/adapterSize2-Size1Slant' has no database record. Creating.
[LOG 19:07:50.145] [DragCubeSystem]: Drag cubes not found or cannot be read for part Part. Generating New drag cubes.
[LOG 19:07:50.145] [KSPCF/DragCubeGeneration] Creating drag cubes for part 'adapterSize2-Size1Slant'
[LOG 19:07:50.151] PartLoader: Compiling Part 'Squad/Parts/FuelTank/adapterTanks/Size3-Mk3/adapterSize3-Mk3'
[LOG 19:07:50.154] PartLoader: Part 'Squad/Parts/FuelTank/adapterTanks/Size3-Mk3/adapterSize3-Mk3' has no database record. Creating.
[LOG 19:07:50.154] [DragCubeSystem]: Drag cubes not found or cannot be read for part Part. Generating New drag cubes.
[LOG 19:07:50.154] [KSPCF/DragCubeGeneration] Creating drag cubes for part 'adapterSize3-Mk3'
[LOG 19:07:50.159] PartLoader: Compiling Part 'Squad/Parts/FuelTank/drainTankFTE-1/ReleaseValve/ReleaseValve'
[LOG 19:07:50.169] PartLoader: Part 'Squad/Parts/FuelTank/drainTankFTE-1/ReleaseValve/ReleaseValve' has no database record. Creating.
[LOG 19:07:50.169] [DragCubeSystem]: Drag cubes not found or cannot be read for part Part. Generating New drag cubes.
[LOG 19:07:50.170] [KSPCF/DragCubeGeneration] Creating drag cubes for part 'ReleaseValve'
[LOG 19:07:50.174] PartLoader: Compiling Part 'Squad/Parts/FuelTank/FoilTanks/RadialTank_Capsule/externalTankCapsule'
[LOG 19:07:50.177] PartLoader: Part 'Squad/Parts/FuelTank/FoilTanks/RadialTank_Capsule/externalTankCapsule' has no database record. Creating.
[LOG 19:07:50.178] [DragCubeSystem]: Drag cubes not found or cannot be read for part Part. Generating New drag cubes.
[LOG 19:07:50.178] [KSPCF/DragCubeGeneration] Creating drag cubes for part 'externalTankCapsule'
[LOG 19:07:50.182] PartLoader: Compiling Part 'Squad/Parts/FuelTank/FoilTanks/RadialTank_Round/externalTankRound'
[LOG 19:07:50.187] PartLoader: Part 'Squad/Parts/FuelTank/FoilTanks/RadialTank_Round/externalTankRound' has no database record. Creating.
[LOG 19:07:50.187] [DragCubeSystem]: Drag cubes not found or cannot be read for part Part. Generating New drag cubes.
[LOG 19:07:50.187] [KSPCF/DragCubeGeneration] Creating drag cubes for part 'externalTankRound'
[LOG 19:07:50.193] PartLoader: Compiling Part 'Squad/Parts/FuelTank/FoilTanks/ToroidTank/externalTankToroid'
[LOG 19:07:50.197] PartLoader: Part 'Squad/Parts/FuelTank/FoilTanks/ToroidTank/externalTankToroid' has no database record. Creating.
[LOG 19:07:50.197] [DragCubeSystem]: Drag cubes not found or cannot be read for part Part. Generating New drag cubes.
[LOG 19:07:50.197] [KSPCF/DragCubeGeneration] Creating drag cubes for part 'externalTankToroid'
[LOG 19:07:50.202] PartLoader: Compiling Part 'Squad/Parts/FuelTank/fuelTankOscarB/fuelTankOscarB/miniFuelTank'
[LOG 19:07:50.205] PartLoader: Part 'Squad/Parts/FuelTank/fuelTankOscarB/fuelTankOscarB/miniFuelTank' has no database record. Creating.
[LOG 19:07:50.205] [DragCubeSystem]: Drag cubes not found or cannot be read for part Part. Generating New drag cubes.
[LOG 19:07:50.205] [KSPCF/DragCubeGeneration] Creating drag cubes for part 'miniFuelTank'
[LOG 19:07:50.210] PartLoader: Compiling Part 'Squad/Parts/FuelTank/miniFuselage/miniFuselage/miniFuselage'
[LOG 19:07:50.213] PartLoader: Part 'Squad/Parts/FuelTank/miniFuselage/miniFuselage/miniFuselage' has no database record. Creating.
[LOG 19:07:50.213] [DragCubeSystem]: Drag cubes not found or cannot be read for part Part. Generating New drag cubes.
[LOG 19:07:50.213] [KSPCF/DragCubeGeneration] Creating drag cubes for part 'miniFuselage'
[LOG 19:07:50.218] PartLoader: Compiling Part 'Squad/Parts/FuelTank/mk2Adapters/bicoupler/mk2_1m_Bicoupler'
[LOG 19:07:50.222] PartLoader: Part 'Squad/Parts/FuelTank/mk2Adapters/bicoupler/mk2_1m_Bicoupler' has no database record. Creating.
[LOG 19:07:50.222] [DragCubeSystem]: Drag cubes not found or cannot be read for part Part. Generating New drag cubes.
[LOG 19:07:50.222] [KSPCF/DragCubeGeneration] Creating drag cubes for part 'mk2.1m.Bicoupler'
[LOG 19:07:50.227] PartLoader: Compiling Part 'Squad/Parts/FuelTank/mk2Adapters/long/mk2_1m_AdapterLong'
[LOG 19:07:50.231] PartLoader: Part 'Squad/Parts/FuelTank/mk2Adapters/long/mk2_1m_AdapterLong' has no database record. Creating.
[LOG 19:07:50.231] [DragCubeSystem]: Drag cubes not found or cannot be read for part Part. Generating New drag cubes.
[LOG 19:07:50.231] [KSPCF/DragCubeGeneration] Creating drag cubes for part 'mk2.1m.AdapterLong'
[LOG 19:07:50.235] PartLoader: Compiling Part 'Squad/Parts/FuelTank/mk2Adapters/standard/mk2SpacePlaneAdapter'
[LOG 19:07:50.238] PartLoader: Part 'Squad/Parts/FuelTank/mk2Adapters/standard/mk2SpacePlaneAdapter' has no database record. Creating.
[LOG 19:07:50.238] [DragCubeSystem]: Drag cubes not found or cannot be read for part Part. Generating New drag cubes.
[LOG 19:07:50.238] [KSPCF/DragCubeGeneration] Creating drag cubes for part 'mk2SpacePlaneAdapter'
[LOG 19:07:50.243] PartLoader: Compiling Part 'Squad/Parts/FuelTank/mk2FuselageLong/LFO_long/mk2FuselageLongLFO'
[LOG 19:07:50.246] PartLoader: Part 'Squad/Parts/FuelTank/mk2FuselageLong/LFO_long/mk2FuselageLongLFO' has no database record. Creating.
[LOG 19:07:50.246] [DragCubeSystem]: Drag cubes not found or cannot be read for part Part. Generating New drag cubes.
[LOG 19:07:50.246] [KSPCF/DragCubeGeneration] Creating drag cubes for part 'mk2FuselageLongLFO'
[LOG 19:07:50.250] PartLoader: Compiling Part 'Squad/Parts/FuelTank/mk2FuselageLong/L_long/mk2Fuselage'
[LOG 19:07:50.252] PartLoader: Part 'Squad/Parts/FuelTank/mk2FuselageLong/L_long/mk2Fuselage' has no database record. Creating.
[LOG 19:07:50.252] [DragCubeSystem]: Drag cubes not found or cannot be read for part Part. Generating New drag cubes.
[LOG 19:07:50.253] [KSPCF/DragCubeGeneration] Creating drag cubes for part 'mk2Fuselage'
[LOG 19:07:50.258] PartLoader: Compiling Part 'Squad/Parts/FuelTank/mk2FuselageShort/LFO_short/mk2FuselageShortLFO'
[LOG 19:07:50.261] PartLoader: Part 'Squad/Parts/FuelTank/mk2FuselageShort/LFO_short/mk2FuselageShortLFO' has no database record. Creating.
[LOG 19:07:50.261] [DragCubeSystem]: Drag cubes not found or cannot be read for part Part. Generating New drag cubes.
[LOG 19:07:50.261] [KSPCF/DragCubeGeneration] Creating drag cubes for part 'mk2FuselageShortLFO'
[LOG 19:07:50.266] PartLoader: Compiling Part 'Squad/Parts/FuelTank/mk2FuselageShort/L_short/mk2FuselageShortLiquid'
[LOG 19:07:50.269] PartLoader: Part 'Squad/Parts/FuelTank/mk2FuselageShort/L_short/mk2FuselageShortLiquid' has no database record. Creating.
[LOG 19:07:50.269] [DragCubeSystem]: Drag cubes not found or cannot be read for part Part. Generating New drag cubes.
[LOG 19:07:50.269] [KSPCF/DragCubeGeneration] Creating drag cubes for part 'mk2FuselageShortLiquid'
[LOG 19:07:50.273] PartLoader: Compiling Part 'Squad/Parts/FuelTank/mk2FuselageShort/Mono_short/mk2FuselageShortMono'
[LOG 19:07:50.277] PartLoader: Part 'Squad/Parts/FuelTank/mk2FuselageShort/Mono_short/mk2FuselageShortMono' has no database record. Creating.
[LOG 19:07:50.277] [DragCubeSystem]: Drag cubes not found or cannot be read for part Part. Generating New drag cubes.
[LOG 19:07:50.277] [KSPCF/DragCubeGeneration] Creating drag cubes for part 'mk2FuselageShortMono'
[LOG 19:07:50.281] PartLoader: Compiling Part 'Squad/Parts/FuelTank/mk3Fuselage/CREW/mk3CrewCabin'
[LOG 19:07:50.286] PartLoader: Part 'Squad/Parts/FuelTank/mk3Fuselage/CREW/mk3CrewCabin' has no database record. Creating.
[LOG 19:07:50.286] [DragCubeSystem]: Drag cubes not found or cannot be read for part Part. Generating New drag cubes.
[LOG 19:07:50.286] [KSPCF/DragCubeGeneration] Creating drag cubes for part 'mk3CrewCabin'
[LOG 19:07:50.292] PartLoader: Compiling Part 'Squad/Parts/FuelTank/mk3Fuselage/LFO_100/mk3FuselageLFO_100'
[LOG 19:07:50.295] PartLoader: Part 'Squad/Parts/FuelTank/mk3Fuselage/LFO_100/mk3FuselageLFO_100' has no database record. Creating.
[LOG 19:07:50.295] [DragCubeSystem]: Drag cubes not found or cannot be read for part Part. Generating New drag cubes.
[LOG 19:07:50.296] [KSPCF/DragCubeGeneration] Creating drag cubes for part 'mk3FuselageLFO.100'
[LOG 19:07:50.300] PartLoader: Compiling Part 'Squad/Parts/FuelTank/mk3Fuselage/LFO_25/mk3FuselageLFO_25'
[LOG 19:07:50.303] PartLoader: Part 'Squad/Parts/FuelTank/mk3Fuselage/LFO_25/mk3FuselageLFO_25' has no database record. Creating.
[LOG 19:07:50.303] [DragCubeSystem]: Drag cubes not found or cannot be read for part Part. Generating New drag cubes.
[LOG 19:07:50.303] [KSPCF/DragCubeGeneration] Creating drag cubes for part 'mk3FuselageLFO.25'
[LOG 19:07:50.308] PartLoader: Compiling Part 'Squad/Parts/FuelTank/mk3Fuselage/LFO_50/mk3FuselageLFO_50'
[LOG 19:07:50.311] PartLoader: Part 'Squad/Parts/FuelTank/mk3Fuselage/LFO_50/mk3FuselageLFO_50' has no database record. Creating.
[LOG 19:07:50.311] [DragCubeSystem]: Drag cubes not found or cannot be read for part Part. Generating New drag cubes.
[LOG 19:07:50.311] [KSPCF/DragCubeGeneration] Creating drag cubes for part 'mk3FuselageLFO.50'
[LOG 19:07:50.315] PartLoader: Compiling Part 'Squad/Parts/FuelTank/mk3Fuselage/LF_100/mk3FuselageLF_100'
[LOG 19:07:50.317] PartLoader: Part 'Squad/Parts/FuelTank/mk3Fuselage/LF_100/mk3FuselageLF_100' has no database record. Creating.
[LOG 19:07:50.317] [DragCubeSystem]: Drag cubes not found or cannot be read for part Part. Generating New drag cubes.
[LOG 19:07:50.317] [KSPCF/DragCubeGeneration] Creating drag cubes for part 'mk3FuselageLF.100'
[LOG 19:07:50.322] PartLoader: Compiling Part 'Squad/Parts/FuelTank/mk3Fuselage/LF_25/mk3FuselageLF_25'
[LOG 19:07:50.326] PartLoader: Part 'Squad/Parts/FuelTank/mk3Fuselage/LF_25/mk3FuselageLF_25' has no database record. Creating.
[LOG 19:07:50.326] [DragCubeSystem]: Drag cubes not found or cannot be read for part Part. Generating New drag cubes.
[LOG 19:07:50.326] [KSPCF/DragCubeGeneration] Creating drag cubes for part 'mk3FuselageLF.25'
[LOG 19:07:50.330] PartLoader: Compiling Part 'Squad/Parts/FuelTank/mk3Fuselage/LF_50/mk3FuselageLF_50'
[LOG 19:07:50.333] PartLoader: Part 'Squad/Parts/FuelTank/mk3Fuselage/LF_50/mk3FuselageLF_50' has no database record. Creating.
[LOG 19:07:50.333] [DragCubeSystem]: Drag cubes not found or cannot be read for part Part. Generating New drag cubes.
[LOG 19:07:50.334] [KSPCF/DragCubeGeneration] Creating drag cubes for part 'mk3FuselageLF.50'
[LOG 19:07:50.338] PartLoader: Compiling Part 'Squad/Parts/FuelTank/mk3Fuselage/MONO/mk3FuselageMONO'
[LOG 19:07:50.341] PartLoader: Part 'Squad/Parts/FuelTank/mk3Fuselage/MONO/mk3FuselageMONO' has no database record. Creating.
[LOG 19:07:50.341] [DragCubeSystem]: Drag cubes not found or cannot be read for part Part. Generating New drag cubes.
[LOG 19:07:50.341] [KSPCF/DragCubeGeneration] Creating drag cubes for part 'mk3FuselageMONO'
[LOG 19:07:50.345] PartLoader: Compiling Part 'Squad/Parts/FuelTank/RCSFuelTankR1/RCSFuelTankR1/RCSTank1-2'
[LOG 19:07:50.348] PartLoader: Part 'Squad/Parts/FuelTank/RCSFuelTankR1/RCSFuelTankR1/RCSTank1-2' has no database record. Creating.
[LOG 19:07:50.348] [DragCubeSystem]: Drag cubes not found or cannot be read for part Part. Generating New drag cubes.
[LOG 19:07:50.348] [KSPCF/DragCubeGeneration] Creating drag cubes for part 'RCSTank1-2'
[LOG 19:07:50.353] PartLoader: Compiling Part 'Squad/Parts/FuelTank/RCSFuelTankR10/RCSFuelTankR10/rcsTankMini'
[LOG 19:07:50.356] PartLoader: Part 'Squad/Parts/FuelTank/RCSFuelTankR10/RCSFuelTankR10/rcsTankMini' has no database record. Creating.
[LOG 19:07:50.356] [DragCubeSystem]: Drag cubes not found or cannot be read for part Part. Generating New drag cubes.
[LOG 19:07:50.356] [KSPCF/DragCubeGeneration] Creating drag cubes for part 'rcsTankMini'
[LOG 19:07:50.362] PartLoader: Compiling Part 'Squad/Parts/FuelTank/RCSFuelTankR25/RCSFuelTankR25/RCSFuelTank'
[LOG 19:07:50.366] PartLoader: Part 'Squad/Parts/FuelTank/RCSFuelTankR25/RCSFuelTankR25/RCSFuelTank' has no database record. Creating.
[LOG 19:07:50.367] [DragCubeSystem]: Drag cubes not found or cannot be read for part Part. Generating New drag cubes.
[LOG 19:07:50.367] [KSPCF/DragCubeGeneration] Creating drag cubes for part 'RCSFuelTank'
[LOG 19:07:50.371] PartLoader: Compiling Part 'Squad/Parts/FuelTank/RCSTankRadial/radialRCSTank/radialRCSTank'
[LOG 19:07:50.374] PartLoader: Part 'Squad/Parts/FuelTank/RCSTankRadial/radialRCSTank/radialRCSTank' has no database record. Creating.
[LOG 19:07:50.375] [DragCubeSystem]: Drag cubes not found or cannot be read for part Part. Generating New drag cubes.
[LOG 19:07:50.375] [KSPCF/DragCubeGeneration] Creating drag cubes for part 'radialRCSTank'
[LOG 19:07:50.379] PartLoader: Compiling Part 'Squad/Parts/FuelTank/RCStankRadialLong/RCSTankRadialLong/rcsTankRadialLong'
[LOG 19:07:50.382] PartLoader: Part 'Squad/Parts/FuelTank/RCStankRadialLong/RCSTankRadialLong/rcsTankRadialLong' has no database record. Creating.
[LOG 19:07:50.382] [DragCubeSystem]: Drag cubes not found or cannot be read for part Part. Generating New drag cubes.
[LOG 19:07:50.382] [KSPCF/DragCubeGeneration] Creating drag cubes for part 'rcsTankRadialLong'
[LOG 19:07:50.386] PartLoader: Compiling Part 'Squad/Parts/FuelTank/RockomaxTanks/Rockomax16/Rockomax16_BW'
[LOG 19:07:50.389] PartLoader: Part 'Squad/Parts/FuelTank/RockomaxTanks/Rockomax16/Rockomax16_BW' has no database record. Creating.
[LOG 19:07:50.389] [DragCubeSystem]: Drag cubes not found or cannot be read for part Part. Generating New drag cubes.
[LOG 19:07:50.389] [KSPCF/DragCubeGeneration] Creating drag cubes for part 'Rockomax16.BW'
[LOG 19:07:50.393] PartLoader: Compiling Part 'Squad/Parts/FuelTank/RockomaxTanks/Rockomax32/Rockomax32_BW'
[LOG 19:07:50.397] PartLoader: Part 'Squad/Parts/FuelTank/RockomaxTanks/Rockomax32/Rockomax32_BW' has no database record. Creating.
[LOG 19:07:50.397] [DragCubeSystem]: Drag cubes not found or cannot be read for part Part. Generating New drag cubes.
[LOG 19:07:50.397] [KSPCF/DragCubeGeneration] Creating drag cubes for part 'Rockomax32.BW'
[LOG 19:07:50.411] PartLoader: Compiling Part 'Squad/Parts/FuelTank/RockomaxTanks/Rockomax64/Rockomax64_BW'
[LOG 19:07:50.415] PartLoader: Part 'Squad/Parts/FuelTank/RockomaxTanks/Rockomax64/Rockomax64_BW' has no database record. Creating.
[LOG 19:07:50.415] [DragCubeSystem]: Drag cubes not found or cannot be read for part Part. Generating New drag cubes.
[LOG 19:07:50.415] [KSPCF/DragCubeGeneration] Creating drag cubes for part 'Rockomax64.BW'
[LOG 19:07:50.425] PartLoader: Compiling Part 'Squad/Parts/FuelTank/RockomaxTanks/Rockomax8/Rockomax8BW'
[LOG 19:07:50.428] PartLoader: Part 'Squad/Parts/FuelTank/RockomaxTanks/Rockomax8/Rockomax8BW' has no database record. Creating.
[LOG 19:07:50.429] [DragCubeSystem]: Drag cubes not found or cannot be read for part Part. Generating New drag cubes.
[LOG 19:07:50.429] [KSPCF/DragCubeGeneration] Creating drag cubes for part 'Rockomax8BW'
[LOG 19:07:50.439] PartLoader: Compiling Part 'Squad/Parts/FuelTank/Size1_Tanks/fuelTankT100/fuelTankSmallFlat'
[LOG 19:07:50.443] PartLoader: Part 'Squad/Parts/FuelTank/Size1_Tanks/fuelTankT100/fuelTankSmallFlat' has no database record. Creating.
[LOG 19:07:50.443] [DragCubeSystem]: Drag cubes not found or cannot be read for part Part. Generating New drag cubes.
[LOG 19:07:50.443] [KSPCF/DragCubeGeneration] Creating drag cubes for part 'fuelTankSmallFlat'
[LOG 19:07:50.448] PartLoader: Compiling Part 'Squad/Parts/FuelTank/Size1_Tanks/fuelTankT200/fuelTankSmall'
[LOG 19:07:50.452] PartLoader: Part 'Squad/Parts/FuelTank/Size1_Tanks/fuelTankT200/fuelTankSmall' has no database record. Creating.
[LOG 19:07:50.452] [DragCubeSystem]: Drag cubes not found or cannot be read for part Part. Generating New drag cubes.
[LOG 19:07:50.452] [KSPCF/DragCubeGeneration] Creating drag cubes for part 'fuelTankSmall'
[LOG 19:07:50.457] PartLoader: Compiling Part 'Squad/Parts/FuelTank/Size1_Tanks/fuelTankT400/fuelTank'
[LOG 19:07:50.461] PartLoader: Part 'Squad/Parts/FuelTank/Size1_Tanks/fuelTankT400/fuelTank' has no database record. Creating.
[LOG 19:07:50.461] [DragCubeSystem]: Drag cubes not found or cannot be read for part Part. Generating New drag cubes.
[LOG 19:07:50.461] [KSPCF/DragCubeGeneration] Creating drag cubes for part 'fuelTank'
[LOG 19:07:50.466] PartLoader: Compiling Part 'Squad/Parts/FuelTank/Size1_Tanks/fuelTankT800/fuelTank_long'
[LOG 19:07:50.470] PartLoader: Part 'Squad/Parts/FuelTank/Size1_Tanks/fuelTankT800/fuelTank_long' has no database record. Creating.
[LOG 19:07:50.470] [DragCubeSystem]: Drag cubes not found or cannot be read for part Part. Generating New drag cubes.
[LOG 19:07:50.470] [KSPCF/DragCubeGeneration] Creating drag cubes for part 'fuelTank.long'
[LOG 19:07:50.475] PartLoader: Compiling Part 'Squad/Parts/FuelTank/Size3Tanks/large/Size3LargeTank'
[LOG 19:07:50.479] PartLoader: Part 'Squad/Parts/FuelTank/Size3Tanks/large/Size3LargeTank' has no database record. Creating.
[LOG 19:07:50.479] [DragCubeSystem]: Drag cubes not found or cannot be read for part Part. Generating New drag cubes.
[LOG 19:07:50.479] [KSPCF/DragCubeGeneration] Creating drag cubes for part 'Size3LargeTank'
[LOG 19:07:50.483] PartLoader: Compiling Part 'Squad/Parts/FuelTank/Size3Tanks/medium/Size3MediumTank'
[LOG 19:07:50.486] PartLoader: Part 'Squad/Parts/FuelTank/Size3Tanks/medium/Size3MediumTank' has no database record. Creating.
[LOG 19:07:50.487] [DragCubeSystem]: Drag cubes not found or cannot be read for part Part. Generating New drag cubes.
[LOG 19:07:50.487] [KSPCF/DragCubeGeneration] Creating drag cubes for part 'Size3MediumTank'
[LOG 19:07:50.491] PartLoader: Compiling Part 'Squad/Parts/FuelTank/Size3Tanks/small/Size3SmallTank'
[LOG 19:07:50.495] PartLoader: Part 'Squad/Parts/FuelTank/Size3Tanks/small/Size3SmallTank' has no database record. Creating.
[LOG 19:07:50.495] [DragCubeSystem]: Drag cubes not found or cannot be read for part Part. Generating New drag cubes.
[LOG 19:07:50.495] [KSPCF/DragCubeGeneration] Creating drag cubes for part 'Size3SmallTank'
[LOG 19:07:50.499] PartLoader: Compiling Part 'Squad/Parts/FuelTank/xenonTank/xenonTank/xenonTank'
[LOG 19:07:50.502] PartLoader: Part 'Squad/Parts/FuelTank/xenonTank/xenonTank/xenonTank' has no database record. Creating.
[LOG 19:07:50.502] [DragCubeSystem]: Drag cubes not found or cannot be read for part Part. Generating New drag cubes.
[LOG 19:07:50.502] [KSPCF/DragCubeGeneration] Creating drag cubes for part 'xenonTank'
[LOG 19:07:50.507] PartLoader: Compiling Part 'Squad/Parts/FuelTank/xenonTankLarge/xenonTankLarge/xenonTankLarge'
[LOG 19:07:50.510] PartLoader: Part 'Squad/Parts/FuelTank/xenonTankLarge/xenonTankLarge/xenonTankLarge' has no database record. Creating.
[LOG 19:07:50.510] [DragCubeSystem]: Drag cubes not found or cannot be read for part Part. Generating New drag cubes.
[LOG 19:07:50.510] [KSPCF/DragCubeGeneration] Creating drag cubes for part 'xenonTankLarge'
[LOG 19:07:50.515] PartLoader: Compiling Part 'Squad/Parts/FuelTank/xenonTankRadial/xenonTankRadial/xenonTankRadial'
[LOG 19:07:50.518] PartLoader: Part 'Squad/Parts/FuelTank/xenonTankRadial/xenonTankRadial/xenonTankRadial' has no database record. Creating.
[LOG 19:07:50.518] [DragCubeSystem]: Drag cubes not found or cannot be read for part Part. Generating New drag cubes.
[LOG 19:07:50.518] [KSPCF/DragCubeGeneration] Creating drag cubes for part 'xenonTankRadial'
[LOG 19:07:50.523] PartLoader: Compiling Part 'Squad/Parts/Misc/AsteroidDay/CamSat/InfraredTelescope'
[LOG 19:07:50.529] PartLoader: Part 'Squad/Parts/Misc/AsteroidDay/CamSat/InfraredTelescope' has no database record. Creating.
[LOG 19:07:50.529] [DragCubeSystem]: Drag cubes not found or cannot be read for part Part. Generating New drag cubes.
[LOG 19:07:50.529] [KSPCF/DragCubeGeneration] Creating drag cubes for part 'InfraredTelescope'
[LOG 19:07:50.534] PartLoader: Compiling Part 'Squad/Parts/Misc/AsteroidDay/HECS2/HECS2_ProbeCore'
[LOG 19:07:50.539] PartLoader: Part 'Squad/Parts/Misc/AsteroidDay/HECS2/HECS2_ProbeCore' has no database record. Creating.
[LOG 19:07:50.539] [DragCubeSystem]: Drag cubes not found or cannot be read for part Part. Generating New drag cubes.
[LOG 19:07:50.540] [KSPCF/DragCubeGeneration] Creating drag cubes for part 'HECS2.ProbeCore'
[LOG 19:07:50.545] PartLoader: Compiling Part 'Squad/Parts/Misc/AsteroidDay/HighGainAntenna/HighGainAntenna'
[LOG 19:07:50.554] PartLoader: Part 'Squad/Parts/Misc/AsteroidDay/HighGainAntenna/HighGainAntenna' has no database record. Creating.
[LOG 19:07:50.554] [DragCubeSystem]: Drag cubes not found or cannot be read for part Part. Generating New drag cubes.
[LOG 19:07:50.554] [KSPCF/DragCubeGeneration] Creating drag cubes for part 'HighGainAntenna'
[LOG 19:07:50.567] PartLoader: Compiling Part 'Squad/Parts/Misc/AsteroidDay/LgRadialSolar/LgRadialSolarPanel'
[LOG 19:07:50.571] PartLoader: Part 'Squad/Parts/Misc/AsteroidDay/LgRadialSolar/LgRadialSolarPanel' has no database record. Creating.
[LOG 19:07:50.571] [DragCubeSystem]: Drag cubes not found or cannot be read for part Part. Generating New drag cubes.
[LOG 19:07:50.571] [KSPCF/DragCubeGeneration] Creating drag cubes for part 'LgRadialSolarPanel'
[LOG 19:07:50.578] PartLoader: Compiling Part 'Squad/Parts/Misc/PotatoComet/part/PotatoComet'
[LOG 19:07:50.589] PartLoader: Part 'Squad/Parts/Misc/PotatoComet/part/PotatoComet' has no database record. Creating.
[LOG 19:07:50.589] PartLoader: Compiling Part 'Squad/Parts/Misc/PotatoRoid/part/PotatoRoid'
[LOG 19:07:50.599] PartLoader: Part 'Squad/Parts/Misc/PotatoRoid/part/PotatoRoid' has no database record. Creating.
[LOG 19:07:50.599] PartLoader: Compiling Part 'Squad/Parts/Prebuilt/flag/flag'
[LOG 19:07:50.602] PartLoader: Compiling Part 'Squad/Parts/Prebuilt/kerbalEVA/kerbalEVA'
[LOG 19:07:50.619] PartLoader: Compiling Part 'Squad/Parts/Prebuilt/kerbalEVAfemale/kerbalEVAfemale'
[LOG 19:07:50.625] PartLoader: Compiling Part 'Squad/Parts/Prebuilt/kerbalEVASlimSuit/kerbalEVASlimSuit'
[LOG 19:07:50.631] PartLoader: Compiling Part 'Squad/Parts/Prebuilt/kerbalEVASlimSuitFemale/kerbalEVASlimSuitFemale'
[LOG 19:07:50.636] PartLoader: Compiling Part 'Squad/Parts/Resources/FuelCell/FuelCell/FuelCell'
[LOG 19:07:50.644] PartLoader: Part 'Squad/Parts/Resources/FuelCell/FuelCell/FuelCell' has no database record. Creating.
[LOG 19:07:50.644] [DragCubeSystem]: Drag cubes not found or cannot be read for part Part. Generating New drag cubes.
[LOG 19:07:50.644] [KSPCF/DragCubeGeneration] Creating drag cubes for part 'FuelCell'
[LOG 19:07:50.650] PartLoader: Compiling Part 'Squad/Parts/Resources/FuelCell/FuelCellArray/FuelCellArray'
[LOG 19:07:50.654] PartLoader: Part 'Squad/Parts/Resources/FuelCell/FuelCellArray/FuelCellArray' has no database record. Creating.
[LOG 19:07:50.654] [DragCubeSystem]: Drag cubes not found or cannot be read for part Part. Generating New drag cubes.
[LOG 19:07:50.654] [KSPCF/DragCubeGeneration] Creating drag cubes for part 'FuelCellArray'
[LOG 19:07:50.658] PartLoader: Compiling Part 'Squad/Parts/Resources/ISRU/ISRU/ISRU'
[LOG 19:07:50.666] PartLoader: Part 'Squad/Parts/Resources/ISRU/ISRU/ISRU' has no database record. Creating.
[LOG 19:07:50.666] [DragCubeSystem]: Drag cubes not found or cannot be read for part Part. Generating New drag cubes.
[LOG 19:07:50.666] [KSPCF/DragCubeGeneration] Creating drag cubes for part 'ISRU'
[LOG 19:07:50.679] PartLoader: Compiling Part 'Squad/Parts/Resources/LargeTank/LargeTank/LargeTank'
[LOG 19:07:50.684] PartLoader: Part 'Squad/Parts/Resources/LargeTank/LargeTank/LargeTank' has no database record. Creating.
[LOG 19:07:50.684] [DragCubeSystem]: Drag cubes not found or cannot be read for part Part. Generating New drag cubes.
[LOG 19:07:50.684] [KSPCF/DragCubeGeneration] Creating drag cubes for part 'LargeTank'
[LOG 19:07:50.688] PartLoader: Compiling Part 'Squad/Parts/Resources/MiniDrill/MiniDrill/MiniDrill'
[LOG 19:07:50.712] PartLoader: Part 'Squad/Parts/Resources/MiniDrill/MiniDrill/MiniDrill' has no database record. Creating.
[LOG 19:07:50.712] [DragCubeSystem]: Drag cubes not found or cannot be read for part Part. Generating New drag cubes.
[LOG 19:07:50.712] [KSPCF/DragCubeGeneration] Creating drag cubes for part 'MiniDrill'
[LOG 19:07:50.735] PartLoader: Compiling Part 'Squad/Parts/Resources/MiniISRU/MiniISRU/MiniISRU'
[LOG 19:07:50.741] PartLoader: Part 'Squad/Parts/Resources/MiniISRU/MiniISRU/MiniISRU' has no database record. Creating.
[LOG 19:07:50.741] [DragCubeSystem]: Drag cubes not found or cannot be read for part Part. Generating New drag cubes.
[LOG 19:07:50.741] [KSPCF/DragCubeGeneration] Creating drag cubes for part 'MiniISRU'
[LOG 19:07:50.746] PartLoader: Compiling Part 'Squad/Parts/Resources/OrbitalScanner/OrbitalScanner/OrbitalScanner'
[LOG 19:07:50.756] PartLoader: Part 'Squad/Parts/Resources/OrbitalScanner/OrbitalScanner/OrbitalScanner' has no database record. Creating.
[LOG 19:07:50.756] [DragCubeSystem]: Drag cubes not found or cannot be read for part Part. Generating New drag cubes.
[LOG 19:07:50.756] [KSPCF/DragCubeGeneration] Creating drag cubes for part 'OrbitalScanner'
[LOG 19:07:50.767] PartLoader: Compiling Part 'Squad/Parts/Resources/RadialDrill/RadialDrill/RadialDrill'
[LOG 19:07:50.773] PartLoader: Part 'Squad/Parts/Resources/RadialDrill/RadialDrill/RadialDrill' has no database record. Creating.
[LOG 19:07:50.773] [DragCubeSystem]: Drag cubes not found or cannot be read for part Part. Generating New drag cubes.
[LOG 19:07:50.773] [KSPCF/DragCubeGeneration] Creating drag cubes for part 'RadialDrill'
[LOG 19:07:50.796] PartLoader: Compiling Part 'Squad/Parts/Resources/RadialTank/RadialTank/RadialOreTank'
[LOG 19:07:50.799] PartLoader: Part 'Squad/Parts/Resources/RadialTank/RadialTank/RadialOreTank' has no database record. Creating.
[LOG 19:07:50.799] [DragCubeSystem]: Drag cubes not found or cannot be read for part Part. Generating New drag cubes.
[LOG 19:07:50.799] [KSPCF/DragCubeGeneration] Creating drag cubes for part 'RadialOreTank'
[LOG 19:07:50.803] PartLoader: Compiling Part 'Squad/Parts/Resources/SmallTank/SmallTank/SmallTank'
[LOG 19:07:50.806] PartLoader: Part 'Squad/Parts/Resources/SmallTank/SmallTank/SmallTank' has no database record. Creating.
[LOG 19:07:50.806] [DragCubeSystem]: Drag cubes not found or cannot be read for part Part. Generating New drag cubes.
[LOG 19:07:50.806] [KSPCF/DragCubeGeneration] Creating drag cubes for part 'SmallTank'
[LOG 19:07:50.810] PartLoader: Compiling Part 'Squad/Parts/Resources/SurfaceScanner/SurfaceScanner/SurfaceScanner'
[LOG 19:07:50.823] PartLoader: Part 'Squad/Parts/Resources/SurfaceScanner/SurfaceScanner/SurfaceScanner' has no database record. Creating.
[LOG 19:07:50.823] [DragCubeSystem]: Drag cubes not found or cannot be read for part Part. Generating New drag cubes.
[LOG 19:07:50.823] [KSPCF/DragCubeGeneration] Creating drag cubes for part 'SurfaceScanner'
[LOG 19:07:50.828] PartLoader: Compiling Part 'Squad/Parts/Resources/SurveyScanner/SurveyScanner/SurveyScanner'
[LOG 19:07:50.843] PartLoader: Part 'Squad/Parts/Resources/SurveyScanner/SurveyScanner/SurveyScanner' has no database record. Creating.
[LOG 19:07:50.844] [DragCubeSystem]: Drag cubes not found or cannot be read for part Part. Generating New drag cubes.
[LOG 19:07:50.844] [KSPCF/DragCubeGeneration] Creating drag cubes for part 'SurveyScanner'
[LOG 19:07:50.854] PartLoader: Compiling Part 'Squad/Parts/Science/AtmosphereSensor/sensorAtmosphere/sensorAtmosphere'
[LOG 19:07:50.857] PartLoader: Part 'Squad/Parts/Science/AtmosphereSensor/sensorAtmosphere/sensorAtmosphere' has no database record. Creating.
[LOG 19:07:50.857] [DragCubeSystem]: Drag cubes not found or cannot be read for part Part. Generating New drag cubes.
[LOG 19:07:50.857] [KSPCF/DragCubeGeneration] Creating drag cubes for part 'sensorAtmosphere'
[LOG 19:07:50.861] PartLoader: Compiling Part 'Squad/Parts/Science/GooExperiment/gooExperiment/GooExperiment'
[LOG 19:07:50.866] PartLoader: Part 'Squad/Parts/Science/GooExperiment/gooExperiment/GooExperiment' has no database record. Creating.
[LOG 19:07:50.866] [DragCubeSystem]: Drag cubes not found or cannot be read for part Part. Generating New drag cubes.
[LOG 19:07:50.866] [KSPCF/DragCubeGeneration] Creating drag cubes for part 'GooExperiment'
[LOG 19:07:50.876] PartLoader: Compiling Part 'Squad/Parts/Science/LargeCrewedLab/largeCrewedLab/Large_Crewed_Lab'
[LOG 19:07:50.896] PartLoader: Part 'Squad/Parts/Science/LargeCrewedLab/largeCrewedLab/Large_Crewed_Lab' has no database record. Creating.
[LOG 19:07:50.896] [DragCubeSystem]: Drag cubes not found or cannot be read for part Part. Generating New drag cubes.
[LOG 19:07:50.896] [KSPCF/DragCubeGeneration] Creating drag cubes for part 'Large.Crewed.Lab'
[LOG 19:07:50.901] PartLoader: Compiling Part 'Squad/Parts/Science/Magnetometer/Magnetometer/Magnetometer'
[LOG 19:07:50.911] PartLoader: Part 'Squad/Parts/Science/Magnetometer/Magnetometer/Magnetometer' has no database record. Creating.
[LOG 19:07:50.911] [DragCubeSystem]: Drag cubes not found or cannot be read for part Part. Generating New drag cubes.
[LOG 19:07:50.911] [KSPCF/DragCubeGeneration] Creating drag cubes for part 'Magnetometer'
[LOG 19:07:50.932] PartLoader: Compiling Part 'Squad/Parts/Science/MaterialBay/materialBay/science_module'
[LOG 19:07:50.938] PartLoader: Part 'Squad/Parts/Science/MaterialBay/materialBay/science_module' has no database record. Creating.
[LOG 19:07:50.938] [DragCubeSystem]: Drag cubes not found or cannot be read for part Part. Generating New drag cubes.
[LOG 19:07:50.938] [KSPCF/DragCubeGeneration] Creating drag cubes for part 'science.module'
[LOG 19:07:50.957] PartLoader: Compiling Part 'Squad/Parts/Science/ScienceBox/ScienceBox/ScienceBox'
[LOG 19:07:50.962] PartLoader: Part 'Squad/Parts/Science/ScienceBox/ScienceBox/ScienceBox' has no database record. Creating.
[LOG 19:07:50.962] [DragCubeSystem]: Drag cubes not found or cannot be read for part Part. Generating New drag cubes.
[LOG 19:07:50.962] [KSPCF/DragCubeGeneration] Creating drag cubes for part 'ScienceBox'
[LOG 19:07:50.967] PartLoader: Compiling Part 'Squad/Parts/Science/sensorAccelerometer/sensorAccelerometer/sensorAccelerometer'
[LOG 19:07:50.976] PartLoader: Part 'Squad/Parts/Science/sensorAccelerometer/sensorAccelerometer/sensorAccelerometer' has no database record. Creating.
[LOG 19:07:50.976] [DragCubeSystem]: Drag cubes not found or cannot be read for part Part. Generating New drag cubes.
[LOG 19:07:50.976] [KSPCF/DragCubeGeneration] Creating drag cubes for part 'sensorAccelerometer'
[LOG 19:07:50.982] PartLoader: Compiling Part 'Squad/Parts/Science/sensorBarometer/sensorBarometer/sensorBarometer'
[LOG 19:07:50.997] PartLoader: Part 'Squad/Parts/Science/sensorBarometer/sensorBarometer/sensorBarometer' has no database record. Creating.
[LOG 19:07:50.997] [DragCubeSystem]: Drag cubes not found or cannot be read for part Part. Generating New drag cubes.
[LOG 19:07:50.997] [KSPCF/DragCubeGeneration] Creating drag cubes for part 'sensorBarometer'
[LOG 19:07:51.002] PartLoader: Compiling Part 'Squad/Parts/Science/sensorGravimeter/sensorGravimeter/sensorGravimeter'
[LOG 19:07:51.005] PartLoader: Part 'Squad/Parts/Science/sensorGravimeter/sensorGravimeter/sensorGravimeter' has no database record. Creating.
[LOG 19:07:51.005] [DragCubeSystem]: Drag cubes not found or cannot be read for part Part. Generating New drag cubes.
[LOG 19:07:51.005] [KSPCF/DragCubeGeneration] Creating drag cubes for part 'sensorGravimeter'
[LOG 19:07:51.010] PartLoader: Compiling Part 'Squad/Parts/Science/sensorThermometer/sensorThermometer/sensorThermometer'
[LOG 19:07:51.014] PartLoader: Part 'Squad/Parts/Science/sensorThermometer/sensorThermometer/sensorThermometer' has no database record. Creating.
[LOG 19:07:51.014] [DragCubeSystem]: Drag cubes not found or cannot be read for part Part. Generating New drag cubes.
[LOG 19:07:51.015] [KSPCF/DragCubeGeneration] Creating drag cubes for part 'sensorThermometer'
[LOG 19:07:51.019] PartLoader: Compiling Part 'Squad/Parts/Structural/FLAdapters/adapterSmallMiniShort/adapterSmallMiniShort'
[LOG 19:07:51.022] PartLoader: Part 'Squad/Parts/Structural/FLAdapters/adapterSmallMiniShort/adapterSmallMiniShort' has no database record. Creating.
[LOG 19:07:51.022] [DragCubeSystem]: Drag cubes not found or cannot be read for part Part. Generating New drag cubes.
[LOG 19:07:51.022] [KSPCF/DragCubeGeneration] Creating drag cubes for part 'adapterSmallMiniShort'
[LOG 19:07:51.026] PartLoader: Compiling Part 'Squad/Parts/Structural/FLAdapters/adapterSmallMiniTall/adapterSmallMiniTall'
[LOG 19:07:51.030] PartLoader: Part 'Squad/Parts/Structural/FLAdapters/adapterSmallMiniTall/adapterSmallMiniTall' has no database record. Creating.
[LOG 19:07:51.030] [DragCubeSystem]: Drag cubes not found or cannot be read for part Part. Generating New drag cubes.
[LOG 19:07:51.031] [KSPCF/DragCubeGeneration] Creating drag cubes for part 'adapterSmallMiniTall'
[LOG 19:07:51.035] PartLoader: Compiling Part 'Squad/Parts/Structural/mk1Parts/engineBodyRadial/radialEngineBody'
[LOG 19:07:51.039] PartLoader: Part 'Squad/Parts/Structural/mk1Parts/engineBodyRadial/radialEngineBody' has no database record. Creating.
[LOG 19:07:51.039] [DragCubeSystem]: Drag cubes not found or cannot be read for part Part. Generating New drag cubes.
[LOG 19:07:51.039] [KSPCF/DragCubeGeneration] Creating drag cubes for part 'radialEngineBody'
[LOG 19:07:51.044] PartLoader: Compiling Part 'Squad/Parts/Structural/mk1Parts/engineNacelle/nacelleBody'
[LOG 19:07:51.047] PartLoader: Part 'Squad/Parts/Structural/mk1Parts/engineNacelle/nacelleBody' has no database record. Creating.
[LOG 19:07:51.047] [DragCubeSystem]: Drag cubes not found or cannot be read for part Part. Generating New drag cubes.
[LOG 19:07:51.047] [KSPCF/DragCubeGeneration] Creating drag cubes for part 'nacelleBody'
[LOG 19:07:51.052] PartLoader: Compiling Part 'Squad/Parts/Structural/mk1Parts/mk1Fuselage/MK1Fuselage'
[LOG 19:07:51.055] PartLoader: Part 'Squad/Parts/Structural/mk1Parts/mk1Fuselage/MK1Fuselage' has no database record. Creating.
[LOG 19:07:51.055] [DragCubeSystem]: Drag cubes not found or cannot be read for part Part. Generating New drag cubes.
[LOG 19:07:51.055] [KSPCF/DragCubeGeneration] Creating drag cubes for part 'MK1Fuselage'
[LOG 19:07:51.059] PartLoader: Compiling Part 'Squad/Parts/Structural/mk1Parts/mk1FuselageIntake/MK1IntakeFuselage'
[LOG 19:07:51.064] PartLoader: Part 'Squad/Parts/Structural/mk1Parts/mk1FuselageIntake/MK1IntakeFuselage' has no database record. Creating.
[LOG 19:07:51.064] [DragCubeSystem]: Drag cubes not found or cannot be read for part Part. Generating New drag cubes.
[LOG 19:07:51.064] [KSPCF/DragCubeGeneration] Creating drag cubes for part 'MK1IntakeFuselage'
[LOG 19:07:51.069] PartLoader: Compiling Part 'Squad/Parts/Structural/mk1Parts/mk1Structural/Mk1FuselageStructural'
[LOG 19:07:51.072] PartLoader: Part 'Squad/Parts/Structural/mk1Parts/mk1Structural/Mk1FuselageStructural' has no database record. Creating.
[LOG 19:07:51.072] PartLoader: Compiling Part 'Squad/Parts/Structural/Size3To2Adapter_v2/Size2to3_v2/Size3To2Adapter_v2'
[LOG 19:07:51.074] PartLoader: Part 'Squad/Parts/Structural/Size3To2Adapter_v2/Size2to3_v2/Size3To2Adapter_v2' has no database record. Creating.
[LOG 19:07:51.075] PartLoader: Compiling Part 'Squad/Parts/Structural/stackAdapters/adapterLargeSmallBi/adapterLargeSmallBi'
[LOG 19:07:51.077] PartLoader: Part 'Squad/Parts/Structural/stackAdapters/adapterLargeSmallBi/adapterLargeSmallBi' has no database record. Creating.
[LOG 19:07:51.077] [DragCubeSystem]: Drag cubes not found or cannot be read for part Part. Generating New drag cubes.
[LOG 19:07:51.077] [KSPCF/DragCubeGeneration] Creating drag cubes for part 'adapterLargeSmallBi'
[LOG 19:07:51.082] PartLoader: Compiling Part 'Squad/Parts/Structural/stackAdapters/adapterLargeSmallQuad/adapterLargeSmallQuad'
[LOG 19:07:51.085] PartLoader: Part 'Squad/Parts/Structural/stackAdapters/adapterLargeSmallQuad/adapterLargeSmallQuad' has no database record. Creating.
[LOG 19:07:51.085] [DragCubeSystem]: Drag cubes not found or cannot be read for part Part. Generating New drag cubes.
[LOG 19:07:51.085] [KSPCF/DragCubeGeneration] Creating drag cubes for part 'adapterLargeSmallQuad'
[LOG 19:07:51.090] PartLoader: Compiling Part 'Squad/Parts/Structural/stackAdapters/adapterLargeSmallTri/adapterLargeSmallTri'
[LOG 19:07:51.093] PartLoader: Part 'Squad/Parts/Structural/stackAdapters/adapterLargeSmallTri/adapterLargeSmallTri' has no database record. Creating.
[LOG 19:07:51.093] [DragCubeSystem]: Drag cubes not found or cannot be read for part Part. Generating New drag cubes.
[LOG 19:07:51.093] [KSPCF/DragCubeGeneration] Creating drag cubes for part 'adapterLargeSmallTri'
[LOG 19:07:51.098] PartLoader: Compiling Part 'Squad/Parts/Structural/stationHub/stationHub/stationHub'
[LOG 19:07:51.101] PartLoader: Part 'Squad/Parts/Structural/stationHub/stationHub/stationHub' has no database record. Creating.
[LOG 19:07:51.101] [DragCubeSystem]: Drag cubes not found or cannot be read for part Part. Generating New drag cubes.
[LOG 19:07:51.101] [KSPCF/DragCubeGeneration] Creating drag cubes for part 'stationHub'
[LOG 19:07:51.106] PartLoader: Compiling Part 'Squad/Parts/Structural/structuralIBeam200/structuralIBeam200/structuralIBeam2'
[LOG 19:07:51.109] PartLoader: Part 'Squad/Parts/Structural/structuralIBeam200/structuralIBeam200/structuralIBeam2' has no database record. Creating.
[LOG 19:07:51.109] [DragCubeSystem]: Drag cubes not found or cannot be read for part Part. Generating New drag cubes.
[LOG 19:07:51.109] [KSPCF/DragCubeGeneration] Creating drag cubes for part 'structuralIBeam2'
[LOG 19:07:51.113] PartLoader: Compiling Part 'Squad/Parts/Structural/structuralIBeam200Pocket/structuralIBeam200Pocket/structuralIBeam3'
[LOG 19:07:51.115] PartLoader: Part 'Squad/Parts/Structural/structuralIBeam200Pocket/structuralIBeam200Pocket/structuralIBeam3' has no database record. Creating.
[LOG 19:07:51.115] [DragCubeSystem]: Drag cubes not found or cannot be read for part Part. Generating New drag cubes.
[LOG 19:07:51.115] [KSPCF/DragCubeGeneration] Creating drag cubes for part 'structuralIBeam3'
[LOG 19:07:51.119] PartLoader: Compiling Part 'Squad/Parts/Structural/structuralIBeam650/structuralIBeam650/structuralIBeam1'
[LOG 19:07:51.123] PartLoader: Part 'Squad/Parts/Structural/structuralIBeam650/structuralIBeam650/structuralIBeam1' has no database record. Creating.
[LOG 19:07:51.123] [DragCubeSystem]: Drag cubes not found or cannot be read for part Part. Generating New drag cubes.
[LOG 19:07:51.123] [KSPCF/DragCubeGeneration] Creating drag cubes for part 'structuralIBeam1'
[LOG 19:07:51.127] PartLoader: Compiling Part 'Squad/Parts/Structural/structuralMicronode/structuralMicronode/structuralMiniNode'
[LOG 19:07:51.129] PartLoader: Part 'Squad/Parts/Structural/structuralMicronode/structuralMicronode/structuralMiniNode' has no database record. Creating.
[LOG 19:07:51.129] [DragCubeSystem]: Drag cubes not found or cannot be read for part Part. Generating New drag cubes.
[LOG 19:07:51.129] [KSPCF/DragCubeGeneration] Creating drag cubes for part 'structuralMiniNode'
[LOG 19:07:51.135] PartLoader: Compiling Part 'Squad/Parts/Structural/structuralPanel1x1/structuralPanel1x1/structuralPanel1'
[LOG 19:07:51.139] PartLoader: Part 'Squad/Parts/Structural/structuralPanel1x1/structuralPanel1x1/structuralPanel1' has no database record. Creating.
[LOG 19:07:51.139] [DragCubeSystem]: Drag cubes not found or cannot be read for part Part. Generating New drag cubes.
[LOG 19:07:51.139] [KSPCF/DragCubeGeneration] Creating drag cubes for part 'structuralPanel1'
[LOG 19:07:51.143] PartLoader: Compiling Part 'Squad/Parts/Structural/structuralPanel2x2/structuralPanel2x2/structuralPanel2'
[LOG 19:07:51.146] PartLoader: Part 'Squad/Parts/Structural/structuralPanel2x2/structuralPanel2x2/structuralPanel2' has no database record. Creating.
[LOG 19:07:51.146] [DragCubeSystem]: Drag cubes not found or cannot be read for part Part. Generating New drag cubes.
[LOG 19:07:51.146] [KSPCF/DragCubeGeneration] Creating drag cubes for part 'structuralPanel2'
[LOG 19:07:51.150] PartLoader: Compiling Part 'Squad/Parts/Structural/structuralPylons/smallHardpoint/smallHardpoint'
[LOG 19:07:51.155] PartLoader: Part 'Squad/Parts/Structural/structuralPylons/smallHardpoint/smallHardpoint' has no database record. Creating.
[LOG 19:07:51.155] [DragCubeSystem]: Drag cubes not found or cannot be read for part Part. Generating New drag cubes.
[LOG 19:07:51.155] [KSPCF/DragCubeGeneration] Creating drag cubes for part 'smallHardpoint'
[LOG 19:07:51.159] PartLoader: Compiling Part 'Squad/Parts/Structural/structuralPylons/structuralPylon/structuralPylon'
[LOG 19:07:51.163] PartLoader: Part 'Squad/Parts/Structural/structuralPylons/structuralPylon/structuralPylon' has no database record. Creating.
[LOG 19:07:51.163] [DragCubeSystem]: Drag cubes not found or cannot be read for part Part. Generating New drag cubes.
[LOG 19:07:51.163] [KSPCF/DragCubeGeneration] Creating drag cubes for part 'structuralPylon'
[LOG 19:07:51.168] PartLoader: Compiling Part 'Squad/Parts/Structural/strutCubicOcto/strutCubicOcto/strutCube'
[LOG 19:07:51.172] PartLoader: Part 'Squad/Parts/Structural/strutCubicOcto/strutCubicOcto/strutCube' has no database record. Creating.
[LOG 19:07:51.172] [DragCubeSystem]: Drag cubes not found or cannot be read for part Part. Generating New drag cubes.
[LOG 19:07:51.172] [KSPCF/DragCubeGeneration] Creating drag cubes for part 'strutCube'
[LOG 19:07:51.176] PartLoader: Compiling Part 'Squad/Parts/Structural/strutOcto/strutOcto/strutOcto'
[LOG 19:07:51.178] PartLoader: Part 'Squad/Parts/Structural/strutOcto/strutOcto/strutOcto' has no database record. Creating.
[LOG 19:07:51.178] [DragCubeSystem]: Drag cubes not found or cannot be read for part Part. Generating New drag cubes.
[LOG 19:07:51.178] [KSPCF/DragCubeGeneration] Creating drag cubes for part 'strutOcto'
[LOG 19:07:51.182] PartLoader: Compiling Part 'Squad/Parts/Structural/trussGirderAdapter/trussGirderAdapter/trussAdapter'
[LOG 19:07:51.185] PartLoader: Part 'Squad/Parts/Structural/trussGirderAdapter/trussGirderAdapter/trussAdapter' has no database record. Creating.
[LOG 19:07:51.185] [DragCubeSystem]: Drag cubes not found or cannot be read for part Part. Generating New drag cubes.
[LOG 19:07:51.185] [KSPCF/DragCubeGeneration] Creating drag cubes for part 'trussAdapter'
[LOG 19:07:51.189] PartLoader: Compiling Part 'Squad/Parts/Structural/trussGirderL/trussGirderL/trussPiece1x'
[LOG 19:07:51.192] PartLoader: Part 'Squad/Parts/Structural/trussGirderL/trussGirderL/trussPiece1x' has no database record. Creating.
[LOG 19:07:51.192] [DragCubeSystem]: Drag cubes not found or cannot be read for part Part. Generating New drag cubes.
[LOG 19:07:51.192] [KSPCF/DragCubeGeneration] Creating drag cubes for part 'trussPiece1x'
[LOG 19:07:51.196] PartLoader: Compiling Part 'Squad/Parts/Structural/trussGirderXL/trussGirderXL/trussPiece3x'
[LOG 19:07:51.199] PartLoader: Part 'Squad/Parts/Structural/trussGirderXL/trussGirderXL/trussPiece3x' has no database record. Creating.
[LOG 19:07:51.199] [DragCubeSystem]: Drag cubes not found or cannot be read for part Part. Generating New drag cubes.
[LOG 19:07:51.199] [KSPCF/DragCubeGeneration] Creating drag cubes for part 'trussPiece3x'
[LOG 19:07:51.204] PartLoader: Compiling Part 'Squad/Parts/Thermal/FoldingRadiators/foldingRadLarge/foldingRadLarge'
[LOG 19:07:51.221] PartLoader: Part 'Squad/Parts/Thermal/FoldingRadiators/foldingRadLarge/foldingRadLarge' has no database record. Creating.
[LOG 19:07:51.223] PartLoader: Compiling Part 'Squad/Parts/Thermal/FoldingRadiators/foldingRadMed/foldingRadMed'
[LOG 19:07:51.228] PartLoader: Part 'Squad/Parts/Thermal/FoldingRadiators/foldingRadMed/foldingRadMed' has no database record. Creating.
[LOG 19:07:51.229] PartLoader: Compiling Part 'Squad/Parts/Thermal/FoldingRadiators/foldingRadSmall/foldingRadSmall'
[LOG 19:07:51.233] PartLoader: Part 'Squad/Parts/Thermal/FoldingRadiators/foldingRadSmall/foldingRadSmall' has no database record. Creating.
[LOG 19:07:51.234] PartLoader: Compiling Part 'Squad/Parts/Thermal/RadiatorPanels/radPanelEdge/radPanelEdge'
[LOG 19:07:51.238] PartLoader: Part 'Squad/Parts/Thermal/RadiatorPanels/radPanelEdge/radPanelEdge' has no database record. Creating.
[LOG 19:07:51.238] [DragCubeSystem]: Drag cubes not found or cannot be read for part Part. Generating New drag cubes.
[LOG 19:07:51.238] [KSPCF/DragCubeGeneration] Creating drag cubes for part 'radPanelEdge'
[LOG 19:07:51.242] PartLoader: Compiling Part 'Squad/Parts/Thermal/RadiatorPanels/radPanelLg/radPanelLg'
[LOG 19:07:51.245] PartLoader: Part 'Squad/Parts/Thermal/RadiatorPanels/radPanelLg/radPanelLg' has no database record. Creating.
[LOG 19:07:51.245] [DragCubeSystem]: Drag cubes not found or cannot be read for part Part. Generating New drag cubes.
[LOG 19:07:51.245] [KSPCF/DragCubeGeneration] Creating drag cubes for part 'radPanelLg'
[LOG 19:07:51.250] PartLoader: Compiling Part 'Squad/Parts/Thermal/RadiatorPanels/radPanelSm/radPanelSm'
[LOG 19:07:51.253] PartLoader: Part 'Squad/Parts/Thermal/RadiatorPanels/radPanelSm/radPanelSm' has no database record. Creating.
[LOG 19:07:51.253] [DragCubeSystem]: Drag cubes not found or cannot be read for part Part. Generating New drag cubes.
[LOG 19:07:51.253] [KSPCF/DragCubeGeneration] Creating drag cubes for part 'radPanelSm'
[LOG 19:07:51.258] PartLoader: Compiling Part 'Squad/Parts/Utility/commDish88-88/commDish88-88/commDish'
[LOG 19:07:51.263] PartLoader: Part 'Squad/Parts/Utility/commDish88-88/commDish88-88/commDish' has no database record. Creating.
[LOG 19:07:51.263] [DragCubeSystem]: Drag cubes not found or cannot be read for part Part. Generating New drag cubes.
[LOG 19:07:51.263] [KSPCF/DragCubeGeneration] Creating drag cubes for part 'commDish'
[LOG 19:07:51.280] PartLoader: Compiling Part 'Squad/Parts/Utility/commsAntennaDTS-M1/commsAntennaDTS-M1/mediumDishAntenna'
[LOG 19:07:51.285] PartLoader: Part 'Squad/Parts/Utility/commsAntennaDTS-M1/commsAntennaDTS-M1/mediumDishAntenna' has no database record. Creating.
[LOG 19:07:51.285] [DragCubeSystem]: Drag cubes not found or cannot be read for part Part. Generating New drag cubes.
[LOG 19:07:51.286] [KSPCF/DragCubeGeneration] Creating drag cubes for part 'mediumDishAntenna'
[LOG 19:07:51.298] PartLoader: Compiling Part 'Squad/Parts/Utility/commsDish16/commsAntenna16/longAntenna'
[LOG 19:07:51.302] PartLoader: Part 'Squad/Parts/Utility/commsDish16/commsAntenna16/longAntenna' has no database record. Creating.
[LOG 19:07:51.302] [DragCubeSystem]: Drag cubes not found or cannot be read for part Part. Generating New drag cubes.
[LOG 19:07:51.303] [KSPCF/DragCubeGeneration] Creating drag cubes for part 'longAntenna'
[LOG 19:07:51.314] PartLoader: Compiling Part 'Squad/Parts/Utility/decouplerRadialHDM/decouplerRadialHDM/radialDecoupler1-2'
[LOG 19:07:51.322] PartLoader: Part 'Squad/Parts/Utility/decouplerRadialHDM/decouplerRadialHDM/radialDecoupler1-2' has no database record. Creating.
[LOG 19:07:51.322] [DragCubeSystem]: Drag cubes not found or cannot be read for part Part. Generating New drag cubes.
[LOG 19:07:51.322] [KSPCF/DragCubeGeneration] Creating drag cubes for part 'radialDecoupler1-2'
[LOG 19:07:51.327] PartLoader: Compiling Part 'Squad/Parts/Utility/decouplerRadialTT-38K/decouplerRadialTT-38K/radialDecoupler'
[LOG 19:07:51.331] PartLoader: Part 'Squad/Parts/Utility/decouplerRadialTT-38K/decouplerRadialTT-38K/radialDecoupler' has no database record. Creating.
[LOG 19:07:51.332] [DragCubeSystem]: Drag cubes not found or cannot be read for part Part. Generating New drag cubes.
[LOG 19:07:51.332] [KSPCF/DragCubeGeneration] Creating drag cubes for part 'radialDecoupler'
[LOG 19:07:51.336] PartLoader: Compiling Part 'Squad/Parts/Utility/decouplerRadialTT-70/decouplerRadialTT-70/radialDecoupler2'
[LOG 19:07:51.342] PartLoader: Part 'Squad/Parts/Utility/decouplerRadialTT-70/decouplerRadialTT-70/radialDecoupler2' has no database record. Creating.
[LOG 19:07:51.342] [DragCubeSystem]: Drag cubes not found or cannot be read for part Part. Generating New drag cubes.
[LOG 19:07:51.342] [KSPCF/DragCubeGeneration] Creating drag cubes for part 'radialDecoupler2'
[LOG 19:07:51.347] PartLoader: Compiling Part 'Squad/Parts/Utility/DirectAntennas/C16S/SurfAntenna'
[LOG 19:07:51.351] PartLoader: Part 'Squad/Parts/Utility/DirectAntennas/C16S/SurfAntenna' has no database record. Creating.
[LOG 19:07:51.351] [DragCubeSystem]: Drag cubes not found or cannot be read for part Part. Generating New drag cubes.
[LOG 19:07:51.351] [KSPCF/DragCubeGeneration] Creating drag cubes for part 'SurfAntenna'
[LOG 19:07:51.357] PartLoader: Compiling Part 'Squad/Parts/Utility/DirectAntennas/HG-5/HighGainAntenna5'
[LOG 19:07:51.361] PartLoader: Part 'Squad/Parts/Utility/DirectAntennas/HG-5/HighGainAntenna5' has no database record. Creating.
[LOG 19:07:51.361] [DragCubeSystem]: Drag cubes not found or cannot be read for part Part. Generating New drag cubes.
[LOG 19:07:51.361] [KSPCF/DragCubeGeneration] Creating drag cubes for part 'HighGainAntenna5'
[LOG 19:07:51.373] PartLoader: Compiling Part 'Squad/Parts/Utility/DirectAntennas/HG-5_v2/HighGainAntenna5_v2'
[LOG 19:07:51.377] PartLoader: Part 'Squad/Parts/Utility/DirectAntennas/HG-5_v2/HighGainAntenna5_v2' has no database record. Creating.
[LOG 19:07:51.377] [DragCubeSystem]: Drag cubes not found or cannot be read for part Part. Generating New drag cubes.
[LOG 19:07:51.377] [KSPCF/DragCubeGeneration] Creating drag cubes for part 'HighGainAntenna5.v2'
[LOG 19:07:51.389] PartLoader: Compiling Part 'Squad/Parts/Utility/dockingPort/dockingPort/dockingPort2'
[LOG 19:07:51.400] PartLoader: Part 'Squad/Parts/Utility/dockingPort/dockingPort/dockingPort2' has no database record. Creating.
[LOG 19:07:51.400] [DragCubeSystem]: Drag cubes not found or cannot be read for part Part. Generating New drag cubes.
[LOG 19:07:51.400] [KSPCF/DragCubeGeneration] Creating drag cubes for part 'dockingPort2'
[LOG 19:07:51.406] PartLoader: Compiling Part 'Squad/Parts/Utility/dockingPortInline/dockingPortInline/dockingPortLateral'
[LOG 19:07:51.413] PartLoader: Part 'Squad/Parts/Utility/dockingPortInline/dockingPortInline/dockingPortLateral' has no database record. Creating.
[LOG 19:07:51.413] [DragCubeSystem]: Drag cubes not found or cannot be read for part Part. Generating New drag cubes.
[LOG 19:07:51.413] [KSPCF/DragCubeGeneration] Creating drag cubes for part 'dockingPortLateral'
[LOG 19:07:51.428] PartLoader: Compiling Part 'Squad/Parts/Utility/dockingPortJr/dockingPortJr/dockingPort3'
[LOG 19:07:51.432] PartLoader: Part 'Squad/Parts/Utility/dockingPortJr/dockingPortJr/dockingPort3' has no database record. Creating.
[LOG 19:07:51.432] [DragCubeSystem]: Drag cubes not found or cannot be read for part Part. Generating New drag cubes.
[LOG 19:07:51.433] [KSPCF/DragCubeGeneration] Creating drag cubes for part 'dockingPort3'
[LOG 19:07:51.438] PartLoader: Compiling Part 'Squad/Parts/Utility/dockingPortShielded/dockingPortShielded/dockingPort1'
[LOG 19:07:51.448] PartLoader: Part 'Squad/Parts/Utility/dockingPortShielded/dockingPortShielded/dockingPort1' has no database record. Creating.
[LOG 19:07:51.448] [DragCubeSystem]: Drag cubes not found or cannot be read for part Part. Generating New drag cubes.
[LOG 19:07:51.448] [KSPCF/DragCubeGeneration] Creating drag cubes for part 'dockingPort1'
[LOG 19:07:51.464] PartLoader: Compiling Part 'Squad/Parts/Utility/dockingPortSr/dockingPortSr/dockingPortLarge'
[LOG 19:07:51.471] PartLoader: Part 'Squad/Parts/Utility/dockingPortSr/dockingPortSr/dockingPortLarge' has no database record. Creating.
[LOG 19:07:51.471] [DragCubeSystem]: Drag cubes not found or cannot be read for part Part. Generating New drag cubes.
[LOG 19:07:51.472] [KSPCF/DragCubeGeneration] Creating drag cubes for part 'dockingPortLarge'
[LOG 19:07:51.477] PartLoader: Compiling Part 'Squad/Parts/Utility/Fireworks/fireworksLauncherBig/fireworksLauncherBig'
[LOG 19:07:51.495] PartLoader: Part 'Squad/Parts/Utility/Fireworks/fireworksLauncherBig/fireworksLauncherBig' has no database record. Creating.
[LOG 19:07:51.495] [DragCubeSystem]: Drag cubes not found or cannot be read for part Part. Generating New drag cubes.
[LOG 19:07:51.495] [KSPCF/DragCubeGeneration] Creating drag cubes for part 'fireworksLauncherBig'
[LOG 19:07:51.500] PartLoader: Compiling Part 'Squad/Parts/Utility/Fireworks/fireworksLauncherSmall/fireworksLauncherSmall'
[LOG 19:07:51.508] PartLoader: Part 'Squad/Parts/Utility/Fireworks/fireworksLauncherSmall/fireworksLauncherSmall' has no database record. Creating.
[LOG 19:07:51.508] [DragCubeSystem]: Drag cubes not found or cannot be read for part Part. Generating New drag cubes.
[LOG 19:07:51.508] [KSPCF/DragCubeGeneration] Creating drag cubes for part 'fireworksLauncherSmall'
[LOG 19:07:51.511] PartLoader: Compiling Part 'Squad/Parts/Utility/flags/flagFlat/flagFlat/flagPartFlat'
[LOG 19:07:51.519] PartLoader: Part 'Squad/Parts/Utility/flags/flagFlat/flagFlat/flagPartFlat' has no database record. Creating.
[LOG 19:07:51.520] [DragCubeSystem]: Drag cubes not found or cannot be read for part Part. Generating New drag cubes.
[LOG 19:07:51.520] [KSPCF/DragCubeGeneration] Creating drag cubes for part 'flagPartFlat'
[LOG 19:07:51.523] PartLoader: Compiling Part 'Squad/Parts/Utility/flags/flagSize0/flagSize0/flagPartSize0'
[LOG 19:07:51.529] PartLoader: Part 'Squad/Parts/Utility/flags/flagSize0/flagSize0/flagPartSize0' has no database record. Creating.
[LOG 19:07:51.529] [DragCubeSystem]: Drag cubes not found or cannot be read for part Part. Generating New drag cubes.
[LOG 19:07:51.529] [KSPCF/DragCubeGeneration] Creating drag cubes for part 'flagPartSize0'
[LOG 19:07:51.533] PartLoader: Compiling Part 'Squad/Parts/Utility/flags/flagSize1/flagSize1/flagPartSize1'
[LOG 19:07:51.538] PartLoader: Part 'Squad/Parts/Utility/flags/flagSize1/flagSize1/flagPartSize1' has no database record. Creating.
[LOG 19:07:51.538] [DragCubeSystem]: Drag cubes not found or cannot be read for part Part. Generating New drag cubes.
[LOG 19:07:51.538] [KSPCF/DragCubeGeneration] Creating drag cubes for part 'flagPartSize1'
[LOG 19:07:51.542] PartLoader: Compiling Part 'Squad/Parts/Utility/flags/flagSize2/flagSize2/flagPartSize2'
[LOG 19:07:51.548] PartLoader: Part 'Squad/Parts/Utility/flags/flagSize2/flagSize2/flagPartSize2' has no database record. Creating.
[LOG 19:07:51.548] [DragCubeSystem]: Drag cubes not found or cannot be read for part Part. Generating New drag cubes.
[LOG 19:07:51.548] [KSPCF/DragCubeGeneration] Creating drag cubes for part 'flagPartSize2'
[LOG 19:07:51.552] PartLoader: Compiling Part 'Squad/Parts/Utility/flags/flagSize3/flagSize3/flagPartSize3'
[LOG 19:07:51.557] PartLoader: Part 'Squad/Parts/Utility/flags/flagSize3/flagSize3/flagPartSize3' has no database record. Creating.
[LOG 19:07:51.557] [DragCubeSystem]: Drag cubes not found or cannot be read for part Part. Generating New drag cubes.
[LOG 19:07:51.557] [KSPCF/DragCubeGeneration] Creating drag cubes for part 'flagPartSize3'
[LOG 19:07:51.561] PartLoader: Compiling Part 'Squad/Parts/Utility/GrapplingDevice/part/GrapplingDevice'
[LOG 19:07:51.576] PartLoader: Part 'Squad/Parts/Utility/GrapplingDevice/part/GrapplingDevice' has no database record. Creating.
[LOG 19:07:51.576] [DragCubeSystem]: Drag cubes not found or cannot be read for part Part. Generating New drag cubes.
[LOG 19:07:51.576] [KSPCF/DragCubeGeneration] Creating drag cubes for part 'GrapplingDevice'
[LOG 19:07:51.592] PartLoader: Compiling Part 'Squad/Parts/Utility/ladderRadial/ladderRadial/ladder1'
[LOG 19:07:51.596] PartLoader: Part 'Squad/Parts/Utility/ladderRadial/ladderRadial/ladder1' has no database record. Creating.
[LOG 19:07:51.596] [DragCubeSystem]: Drag cubes not found or cannot be read for part Part. Generating New drag cubes.
[LOG 19:07:51.596] [KSPCF/DragCubeGeneration] Creating drag cubes for part 'ladder1'
[LOG 19:07:51.600] PartLoader: Compiling Part 'Squad/Parts/Utility/ladderTelescopic/ladderTelescopic/telescopicLadder'
[LOG 19:07:51.606] PartLoader: Part 'Squad/Parts/Utility/ladderTelescopic/ladderTelescopic/telescopicLadder' has no database record. Creating.
[LOG 19:07:51.606] [DragCubeSystem]: Drag cubes not found or cannot be read for part Part. Generating New drag cubes.
[LOG 19:07:51.606] [KSPCF/DragCubeGeneration] Creating drag cubes for part 'telescopicLadder'
[LOG 19:07:51.617] PartLoader: Compiling Part 'Squad/Parts/Utility/ladderTelescopicBay/ladderTelescopicBay/telescopicLadderBay'
[LOG 19:07:51.631] PartLoader: Part 'Squad/Parts/Utility/ladderTelescopicBay/ladderTelescopicBay/telescopicLadderBay' has no database record. Creating.
[LOG 19:07:51.631] [DragCubeSystem]: Drag cubes not found or cannot be read for part Part. Generating New drag cubes.
[LOG 19:07:51.631] [KSPCF/DragCubeGeneration] Creating drag cubes for part 'telescopicLadderBay'
[LOG 19:07:51.644] PartLoader: Compiling Part 'Squad/Parts/Utility/landingLegLT-1/landingLegLT-1/landingLeg1'
[LOG 19:07:51.672] PartLoader: Part 'Squad/Parts/Utility/landingLegLT-1/landingLegLT-1/landingLeg1' has no database record. Creating.
[LOG 19:07:51.672] [DragCubeSystem]: Drag cubes not found or cannot be read for part Part. Generating New drag cubes.
[LOG 19:07:51.672] [KSPCF/DragCubeGeneration] Creating drag cubes for part 'landingLeg1'
[LOG 19:07:51.684] PartLoader: Compiling Part 'Squad/Parts/Utility/landingLegLT-2/landingLegLT-2/landingLeg1-2'
[LOG 19:07:51.693] PartLoader: Part 'Squad/Parts/Utility/landingLegLT-2/landingLegLT-2/landingLeg1-2' has no database record. Creating.
[LOG 19:07:51.693] [DragCubeSystem]: Drag cubes not found or cannot be read for part Part. Generating New drag cubes.
[LOG 19:07:51.693] [KSPCF/DragCubeGeneration] Creating drag cubes for part 'landingLeg1-2'
[LOG 19:07:51.705] PartLoader: Compiling Part 'Squad/Parts/Utility/landingLegLT-5/landingLegLT-5/miniLandingLeg'
[LOG 19:07:51.713] PartLoader: Part 'Squad/Parts/Utility/landingLegLT-5/landingLegLT-5/miniLandingLeg' has no database record. Creating.
[LOG 19:07:51.714] [DragCubeSystem]: Drag cubes not found or cannot be read for part Part. Generating New drag cubes.
[LOG 19:07:51.714] [KSPCF/DragCubeGeneration] Creating drag cubes for part 'miniLandingLeg'
[LOG 19:07:51.726] PartLoader: Compiling Part 'Squad/Parts/Utility/launchClamp1/launchClamp1/launchClamp1'
[LOG 19:07:51.734] PartLoader: Part 'Squad/Parts/Utility/launchClamp1/launchClamp1/launchClamp1' has no database record. Creating.
[LOG 19:07:51.734] [DragCubeSystem]: Drag cubes not found or cannot be read for part Part. Generating New drag cubes.
[LOG 19:07:51.734] [KSPCF/DragCubeGeneration] Creating drag cubes for part 'launchClamp1'
[LOG 19:07:51.738] PartLoader: Compiling Part 'Squad/Parts/Utility/launchEscapeSystem/part/LaunchEscapeSystem'
[LOG 19:07:51.745] PartLoader: Part 'Squad/Parts/Utility/launchEscapeSystem/part/LaunchEscapeSystem' has no database record. Creating.
[LOG 19:07:51.745] [DragCubeSystem]: Drag cubes not found or cannot be read for part Part. Generating New drag cubes.
[LOG 19:07:51.745] [KSPCF/DragCubeGeneration] Creating drag cubes for part 'LaunchEscapeSystem'
[LOG 19:07:51.750] PartLoader: Compiling Part 'Squad/Parts/Utility/Lights/domeLight1/domeLight1'
[LOG 19:07:51.756] PartLoader: Part 'Squad/Parts/Utility/Lights/domeLight1/domeLight1' has no database record. Creating.
[LOG 19:07:51.756] [DragCubeSystem]: Drag cubes not found or cannot be read for part Part. Generating New drag cubes.
[LOG 19:07:51.757] [KSPCF/DragCubeGeneration] Creating drag cubes for part 'domeLight1'
[LOG 19:07:51.760] PartLoader: Compiling Part 'Squad/Parts/Utility/Lights/groundLight1/groundLight1'
[LOG 19:07:51.765] PartLoader: Part 'Squad/Parts/Utility/Lights/groundLight1/groundLight1' has no database record. Creating.
[LOG 19:07:51.765] [DragCubeSystem]: Drag cubes not found or cannot be read for part Part. Generating New drag cubes.
[LOG 19:07:51.765] [KSPCF/DragCubeGeneration] Creating drag cubes for part 'groundLight1'
[LOG 19:07:51.769] PartLoader: Compiling Part 'Squad/Parts/Utility/Lights/groundLight2/groundLight2'
[LOG 19:07:51.774] PartLoader: Part 'Squad/Parts/Utility/Lights/groundLight2/groundLight2' has no database record. Creating.
[LOG 19:07:51.774] [DragCubeSystem]: Drag cubes not found or cannot be read for part Part. Generating New drag cubes.
[LOG 19:07:51.774] [KSPCF/DragCubeGeneration] Creating drag cubes for part 'groundLight2'
[LOG 19:07:51.778] PartLoader: Compiling Part 'Squad/Parts/Utility/Lights/navLight1/navLight1'
[LOG 19:07:51.783] PartLoader: Part 'Squad/Parts/Utility/Lights/navLight1/navLight1' has no database record. Creating.
[LOG 19:07:51.783] [DragCubeSystem]: Drag cubes not found or cannot be read for part Part. Generating New drag cubes.
[LOG 19:07:51.783] [KSPCF/DragCubeGeneration] Creating drag cubes for part 'navLight1'
[LOG 19:07:51.787] PartLoader: Compiling Part 'Squad/Parts/Utility/Lights/spotLight1/spotLight3'
[LOG 19:07:51.793] PartLoader: Part 'Squad/Parts/Utility/Lights/spotLight1/spotLight3' has no database record. Creating.
[LOG 19:07:51.793] [DragCubeSystem]: Drag cubes not found or cannot be read for part Part. Generating New drag cubes.
[LOG 19:07:51.793] [KSPCF/DragCubeGeneration] Creating drag cubes for part 'spotLight3'
[LOG 19:07:51.798] PartLoader: Compiling Part 'Squad/Parts/Utility/Lights/stripLight1/stripLight1'
[LOG 19:07:51.804] PartLoader: Part 'Squad/Parts/Utility/Lights/stripLight1/stripLight1' has no database record. Creating.
[LOG 19:07:51.804] [DragCubeSystem]: Drag cubes not found or cannot be read for part Part. Generating New drag cubes.
[LOG 19:07:51.804] [KSPCF/DragCubeGeneration] Creating drag cubes for part 'stripLight1'
[LOG 19:07:51.808] PartLoader: Compiling Part 'Squad/Parts/Utility/linearVernorRCS/linearRCS/linearRcs'
[LOG 19:07:51.816] PartLoader: Part 'Squad/Parts/Utility/linearVernorRCS/linearRCS/linearRcs' has no database record. Creating.
[LOG 19:07:51.816] [DragCubeSystem]: Drag cubes not found or cannot be read for part Part. Generating New drag cubes.
[LOG 19:07:51.816] [KSPCF/DragCubeGeneration] Creating drag cubes for part 'linearRcs'
[LOG 19:07:51.820] PartLoader: Compiling Part 'Squad/Parts/Utility/linearVernorRCS/vernorEngine/vernierEngine'
[LOG 19:07:51.824] PartLoader: Part 'Squad/Parts/Utility/linearVernorRCS/vernorEngine/vernierEngine' has no database record. Creating.
[LOG 19:07:51.824] [DragCubeSystem]: Drag cubes not found or cannot be read for part Part. Generating New drag cubes.
[LOG 19:07:51.825] [KSPCF/DragCubeGeneration] Creating drag cubes for part 'vernierEngine'
[LOG 19:07:51.830] PartLoader: Compiling Part 'Squad/Parts/Utility/mk2CargoBay/BayL/mk2CargoBayL'
[LOG 19:07:51.836] PartLoader: Part 'Squad/Parts/Utility/mk2CargoBay/BayL/mk2CargoBayL' has no database record. Creating.
[LOG 19:07:51.837] PartLoader: Compiling Part 'Squad/Parts/Utility/mk2CargoBay/BayS/mk2CargoBayS'
[LOG 19:07:51.842] PartLoader: Part 'Squad/Parts/Utility/mk2CargoBay/BayS/mk2CargoBayS' has no database record. Creating.
[LOG 19:07:51.843] PartLoader: Compiling Part 'Squad/Parts/Utility/mk2CrewCabin/mk2CrewCabin/mk2CrewCabin'
[WRN 19:07:51.845] [Part]: Cannot have ModuleCargoPart and ModuleInventoryPart on same Part [mk2CrewCabin'. Removed ModuleCargoPart
[LOG 19:07:51.847] PartLoader: Part 'Squad/Parts/Utility/mk2CrewCabin/mk2CrewCabin/mk2CrewCabin' has no database record. Creating.
[LOG 19:07:51.847] [DragCubeSystem]: Drag cubes not found or cannot be read for part Part. Generating New drag cubes.
[LOG 19:07:51.847] [KSPCF/DragCubeGeneration] Creating drag cubes for part 'mk2CrewCabin'
[LOG 19:07:51.852] PartLoader: Compiling Part 'Squad/Parts/Utility/mk2DockingPort/mk2DockingPort/mk2DockingPort'
[LOG 19:07:51.858] PartLoader: Part 'Squad/Parts/Utility/mk2DockingPort/mk2DockingPort/mk2DockingPort' has no database record. Creating.
[LOG 19:07:51.859] PartLoader: Compiling Part 'Squad/Parts/Utility/mk3CargoBay/long/mk3CargoBayL'
[LOG 19:07:51.862] PartLoader: Part 'Squad/Parts/Utility/mk3CargoBay/long/mk3CargoBayL' has no database record. Creating.
[LOG 19:07:51.862] PartLoader: Compiling Part 'Squad/Parts/Utility/mk3CargoBay/medium/mk3CargoBayM'
[LOG 19:07:51.866] PartLoader: Part 'Squad/Parts/Utility/mk3CargoBay/medium/mk3CargoBayM' has no database record. Creating.
[LOG 19:07:51.866] PartLoader: Compiling Part 'Squad/Parts/Utility/mk3CargoBay/ramp/mk3CargoRamp'
[LOG 19:07:51.870] PartLoader: Part 'Squad/Parts/Utility/mk3CargoBay/ramp/mk3CargoRamp' has no database record. Creating.
[LOG 19:07:51.870] PartLoader: Compiling Part 'Squad/Parts/Utility/mk3CargoBay/short/mk3CargoBayS'
[LOG 19:07:51.874] PartLoader: Part 'Squad/Parts/Utility/mk3CargoBay/short/mk3CargoBayS' has no database record. Creating.
[LOG 19:07:51.874] PartLoader: Compiling Part 'Squad/Parts/Utility/parachuteMk1/parachuteMk1/parachuteSingle'
[LOG 19:07:51.884] PartLoader: Part 'Squad/Parts/Utility/parachuteMk1/parachuteMk1/parachuteSingle' has no database record. Creating.
[LOG 19:07:51.884] [DragCubeSystem]: Drag cubes not found or cannot be read for part Part. Generating New drag cubes.
[LOG 19:07:51.884] [KSPCF/DragCubeGeneration] Creating drag cubes for part 'parachuteSingle'
[LOG 19:07:51.900] PartLoader: Compiling Part 'Squad/Parts/Utility/parachuteMk12-R/parachuteMk12-R/radialDrogue'
[LOG 19:07:51.904] PartLoader: Part 'Squad/Parts/Utility/parachuteMk12-R/parachuteMk12-R/radialDrogue' has no database record. Creating.
[LOG 19:07:51.904] [DragCubeSystem]: Drag cubes not found or cannot be read for part Part. Generating New drag cubes.
[LOG 19:07:51.905] [KSPCF/DragCubeGeneration] Creating drag cubes for part 'radialDrogue'
[LOG 19:07:51.919] PartLoader: Compiling Part 'Squad/Parts/Utility/parachuteMk16-XL/parachuteMk16-XL/parachuteLarge'
[LOG 19:07:51.923] PartLoader: Part 'Squad/Parts/Utility/parachuteMk16-XL/parachuteMk16-XL/parachuteLarge' has no database record. Creating.
[LOG 19:07:51.923] [DragCubeSystem]: Drag cubes not found or cannot be read for part Part. Generating New drag cubes.
[LOG 19:07:51.923] [KSPCF/DragCubeGeneration] Creating drag cubes for part 'parachuteLarge'
[LOG 19:07:51.937] PartLoader: Compiling Part 'Squad/Parts/Utility/parachuteMk2-R/parachuteMk2-R/parachuteRadial'
[LOG 19:07:51.941] PartLoader: Part 'Squad/Parts/Utility/parachuteMk2-R/parachuteMk2-R/parachuteRadial' has no database record. Creating.
[LOG 19:07:51.941] [DragCubeSystem]: Drag cubes not found or cannot be read for part Part. Generating New drag cubes.
[LOG 19:07:51.941] [KSPCF/DragCubeGeneration] Creating drag cubes for part 'parachuteRadial'
[LOG 19:07:51.955] PartLoader: Compiling Part 'Squad/Parts/Utility/parachuteMk25/parachuteMk25/parachuteDrogue'
[LOG 19:07:51.959] PartLoader: Part 'Squad/Parts/Utility/parachuteMk25/parachuteMk25/parachuteDrogue' has no database record. Creating.
[LOG 19:07:51.959] [DragCubeSystem]: Drag cubes not found or cannot be read for part Part. Generating New drag cubes.
[LOG 19:07:51.959] [KSPCF/DragCubeGeneration] Creating drag cubes for part 'parachuteDrogue'
[LOG 19:07:51.974] PartLoader: Compiling Part 'Squad/Parts/Utility/radialAttachmentPoint/radialAttachmentPoint/stackPoint1'
[LOG 19:07:51.979] PartLoader: Part 'Squad/Parts/Utility/radialAttachmentPoint/radialAttachmentPoint/stackPoint1' has no database record. Creating.
[LOG 19:07:51.979] [DragCubeSystem]: Drag cubes not found or cannot be read for part Part. Generating New drag cubes.
[LOG 19:07:51.979] [KSPCF/DragCubeGeneration] Creating drag cubes for part 'stackPoint1'
[LOG 19:07:51.983] PartLoader: Compiling Part 'Squad/Parts/Utility/rcsBlockRV-105_v2/rcsBlockRV-105/RCSBlock_v2'
[LOG 19:07:51.991] PartLoader: Part 'Squad/Parts/Utility/rcsBlockRV-105_v2/rcsBlockRV-105/RCSBlock_v2' has no database record. Creating.
[LOG 19:07:51.991] [DragCubeSystem]: Drag cubes not found or cannot be read for part Part. Generating New drag cubes.
[LOG 19:07:51.991] [KSPCF/DragCubeGeneration] Creating drag cubes for part 'RCSBlock.v2'
[LOG 19:07:52.015] PartLoader: Compiling Part 'Squad/Parts/Utility/rcsBlockRV-105_v2/RCSblock_01_small/RCSblock_01_small'
[LOG 19:07:52.023] PartLoader: Part 'Squad/Parts/Utility/rcsBlockRV-105_v2/RCSblock_01_small/RCSblock_01_small' has no database record. Creating.
[LOG 19:07:52.023] [DragCubeSystem]: Drag cubes not found or cannot be read for part Part. Generating New drag cubes.
[LOG 19:07:52.024] [KSPCF/DragCubeGeneration] Creating drag cubes for part 'RCSblock.01.small'
[LOG 19:07:52.048] PartLoader: Compiling Part 'Squad/Parts/Utility/rcsSmallLinear/RCSLinearSmall/RCSLinearSmall'
[LOG 19:07:52.055] PartLoader: Part 'Squad/Parts/Utility/rcsSmallLinear/RCSLinearSmall/RCSLinearSmall' has no database record. Creating.
[LOG 19:07:52.055] [DragCubeSystem]: Drag cubes not found or cannot be read for part Part. Generating New drag cubes.
[LOG 19:07:52.055] [KSPCF/DragCubeGeneration] Creating drag cubes for part 'RCSLinearSmall'
[LOG 19:07:52.066] PartLoader: Compiling Part 'Squad/Parts/Utility/RelayAntennas/RA-100/RelayAntenna100'
[LOG 19:07:52.070] PartLoader: Part 'Squad/Parts/Utility/RelayAntennas/RA-100/RelayAntenna100' has no database record. Creating.
[LOG 19:07:52.070] [DragCubeSystem]: Drag cubes not found or cannot be read for part Part. Generating New drag cubes.
[LOG 19:07:52.070] [KSPCF/DragCubeGeneration] Creating drag cubes for part 'RelayAntenna100'
[LOG 19:07:52.075] PartLoader: Compiling Part 'Squad/Parts/Utility/RelayAntennas/RA-5/RelayAntenna5'
[LOG 19:07:52.079] PartLoader: Part 'Squad/Parts/Utility/RelayAntennas/RA-5/RelayAntenna5' has no database record. Creating.
[LOG 19:07:52.079] [DragCubeSystem]: Drag cubes not found or cannot be read for part Part. Generating New drag cubes.
[LOG 19:07:52.079] [KSPCF/DragCubeGeneration] Creating drag cubes for part 'RelayAntenna5'
[LOG 19:07:52.083] PartLoader: Compiling Part 'Squad/Parts/Utility/RelayAntennas/RA-50/RelayAntenna50'
[LOG 19:07:52.087] PartLoader: Part 'Squad/Parts/Utility/RelayAntennas/RA-50/RelayAntenna50' has no database record. Creating.
[LOG 19:07:52.087] [DragCubeSystem]: Drag cubes not found or cannot be read for part Part. Generating New drag cubes.
[LOG 19:07:52.087] [KSPCF/DragCubeGeneration] Creating drag cubes for part 'RelayAntenna50'
[LOG 19:07:52.091] PartLoader: Compiling Part 'Squad/Parts/Utility/rockomaxAdapters/largeAdapter/largeAdapter'
[LOG 19:07:52.094] PartLoader: Part 'Squad/Parts/Utility/rockomaxAdapters/largeAdapter/largeAdapter' has no database record. Creating.
[LOG 19:07:52.094] [DragCubeSystem]: Drag cubes not found or cannot be read for part Part. Generating New drag cubes.
[LOG 19:07:52.094] [KSPCF/DragCubeGeneration] Creating drag cubes for part 'largeAdapter'
[LOG 19:07:52.098] PartLoader: Compiling Part 'Squad/Parts/Utility/rockomaxAdapters/largeAdapterShort/largeAdapter2'
[LOG 19:07:52.102] PartLoader: Part 'Squad/Parts/Utility/rockomaxAdapters/largeAdapterShort/largeAdapter2' has no database record. Creating.
[LOG 19:07:52.102] [DragCubeSystem]: Drag cubes not found or cannot be read for part Part. Generating New drag cubes.
[LOG 19:07:52.102] [KSPCF/DragCubeGeneration] Creating drag cubes for part 'largeAdapter2'
[LOG 19:07:52.106] PartLoader: Compiling Part 'Squad/Parts/Utility/ServiceBay_v2/ServiceBay_125_v2/ServiceBay_125_v2'
[LOG 19:07:52.113] PartLoader: Part 'Squad/Parts/Utility/ServiceBay_v2/ServiceBay_125_v2/ServiceBay_125_v2' has no database record. Creating.
[LOG 19:07:52.113] [DragCubeSystem]: Drag cubes not found or cannot be read for part Part. Generating New drag cubes.
[LOG 19:07:52.113] [KSPCF/DragCubeGeneration] Creating drag cubes for part 'ServiceBay.125.v2'
[LOG 19:07:52.124] PartLoader: Compiling Part 'Squad/Parts/Utility/ServiceBay_v2/ServiceBay_250_v2/ServiceBay_250_v2'
[LOG 19:07:52.129] PartLoader: Part 'Squad/Parts/Utility/ServiceBay_v2/ServiceBay_250_v2/ServiceBay_250_v2' has no database record. Creating.
[LOG 19:07:52.129] [DragCubeSystem]: Drag cubes not found or cannot be read for part Part. Generating New drag cubes.
[LOG 19:07:52.129] [KSPCF/DragCubeGeneration] Creating drag cubes for part 'ServiceBay.250.v2'
[LOG 19:07:52.140] PartLoader: Compiling Part 'Squad/Parts/Utility/smallClaw/smallClaw/smallClaw'
[LOG 19:07:52.148] PartLoader: Part 'Squad/Parts/Utility/smallClaw/smallClaw/smallClaw' has no database record. Creating.
[LOG 19:07:52.149] [DragCubeSystem]: Drag cubes not found or cannot be read for part Part. Generating New drag cubes.
[LOG 19:07:52.149] [KSPCF/DragCubeGeneration] Creating drag cubes for part 'smallClaw'
[LOG 19:07:52.163] PartLoader: Compiling Part 'Squad/Parts/Utility/spotLightMk1/spotLightMk1/spotLight1'
[LOG 19:07:52.167] PartLoader: Part 'Squad/Parts/Utility/spotLightMk1/spotLightMk1/spotLight1' has no database record. Creating.
[LOG 19:07:52.167] [DragCubeSystem]: Drag cubes not found or cannot be read for part Part. Generating New drag cubes.
[LOG 19:07:52.167] [KSPCF/DragCubeGeneration] Creating drag cubes for part 'spotLight1'
[LOG 19:07:52.170] PartLoader: Compiling Part 'Squad/Parts/Utility/spotLightMk1_v2/spotLightMk1_v2/spotLight1_v2'
[LOG 19:07:52.175] PartLoader: Part 'Squad/Parts/Utility/spotLightMk1_v2/spotLightMk1_v2/spotLight1_v2' has no database record. Creating.
[LOG 19:07:52.175] [DragCubeSystem]: Drag cubes not found or cannot be read for part Part. Generating New drag cubes.
[LOG 19:07:52.175] [KSPCF/DragCubeGeneration] Creating drag cubes for part 'spotLight1.v2'
[LOG 19:07:52.178] PartLoader: Compiling Part 'Squad/Parts/Utility/spotLightMk2/spotLightMk2/spotLight2'
[LOG 19:07:52.182] PartLoader: Part 'Squad/Parts/Utility/spotLightMk2/spotLightMk2/spotLight2' has no database record. Creating.
[LOG 19:07:52.182] [DragCubeSystem]: Drag cubes not found or cannot be read for part Part. Generating New drag cubes.
[LOG 19:07:52.182] [KSPCF/DragCubeGeneration] Creating drag cubes for part 'spotLight2'
[LOG 19:07:52.186] PartLoader: Compiling Part 'Squad/Parts/Utility/spotLightMk2_v2/spotLightMk2_v2/spotLight2_v2'
[LOG 19:07:52.190] PartLoader: Part 'Squad/Parts/Utility/spotLightMk2_v2/spotLightMk2_v2/spotLight2_v2' has no database record. Creating.
[LOG 19:07:52.190] [DragCubeSystem]: Drag cubes not found or cannot be read for part Part. Generating New drag cubes.
[LOG 19:07:52.190] [KSPCF/DragCubeGeneration] Creating drag cubes for part 'spotLight2.v2'
[LOG 19:07:52.195] PartLoader: Compiling Part 'Squad/Parts/Utility/stackCouplers/stackBiCoupler_v2/stackBiCoupler_v2'
[LOG 19:07:52.200] PartLoader: Part 'Squad/Parts/Utility/stackCouplers/stackBiCoupler_v2/stackBiCoupler_v2' has no database record. Creating.
[LOG 19:07:52.201] [DragCubeSystem]: Drag cubes not found or cannot be read for part Part. Generating New drag cubes.
[LOG 19:07:52.201] [KSPCF/DragCubeGeneration] Creating drag cubes for part 'stackBiCoupler.v2'
[LOG 19:07:52.204] PartLoader: Compiling Part 'Squad/Parts/Utility/stackCouplers/stackQuadCoupler/stackQuadCoupler'
[LOG 19:07:52.208] PartLoader: Part 'Squad/Parts/Utility/stackCouplers/stackQuadCoupler/stackQuadCoupler' has no database record. Creating.
[LOG 19:07:52.209] [DragCubeSystem]: Drag cubes not found or cannot be read for part Part. Generating New drag cubes.
[LOG 19:07:52.209] [KSPCF/DragCubeGeneration] Creating drag cubes for part 'stackQuadCoupler'
[LOG 19:07:52.212] PartLoader: Compiling Part 'Squad/Parts/Utility/stackCouplers/stackTriCoupler_v2/stackTriCoupler_v2'
[LOG 19:07:52.216] PartLoader: Part 'Squad/Parts/Utility/stackCouplers/stackTriCoupler_v2/stackTriCoupler_v2' has no database record. Creating.
[LOG 19:07:52.216] [DragCubeSystem]: Drag cubes not found or cannot be read for part Part. Generating New drag cubes.
[LOG 19:07:52.216] [KSPCF/DragCubeGeneration] Creating drag cubes for part 'stackTriCoupler.v2'
[LOG 19:07:52.220] PartLoader: Compiling Part 'Squad/Parts/Wheel/LandingGear/GearExtraLarge/GearLarge'
[LOG 19:07:52.241] PartLoader: Part 'Squad/Parts/Wheel/LandingGear/GearExtraLarge/GearLarge' has no database record. Creating.
[LOG 19:07:52.241] [DragCubeSystem]: Drag cubes not found or cannot be read for part Part. Generating New drag cubes.
[LOG 19:07:52.241] [KSPCF/DragCubeGeneration] Creating drag cubes for part 'GearLarge'
[LOG 19:07:52.261] PartLoader: Compiling Part 'Squad/Parts/Wheel/LandingGear/GearFixed/GearFixed'
[LOG 19:07:52.268] PartLoader: Part 'Squad/Parts/Wheel/LandingGear/GearFixed/GearFixed' has no database record. Creating.
[LOG 19:07:52.268] [DragCubeSystem]: Drag cubes not found or cannot be read for part Part. Generating New drag cubes.
[LOG 19:07:52.269] [KSPCF/DragCubeGeneration] Creating drag cubes for part 'GearFixed'
[LOG 19:07:52.273] PartLoader: Compiling Part 'Squad/Parts/Wheel/LandingGear/GearFree/GearFree'
[LOG 19:07:52.284] PartLoader: Part 'Squad/Parts/Wheel/LandingGear/GearFree/GearFree' has no database record. Creating.
[LOG 19:07:52.284] [DragCubeSystem]: Drag cubes not found or cannot be read for part Part. Generating New drag cubes.
[LOG 19:07:52.284] [KSPCF/DragCubeGeneration] Creating drag cubes for part 'GearFree'
[LOG 19:07:52.293] PartLoader: Compiling Part 'Squad/Parts/Wheel/LandingGear/GearLarge/GearMedium'
[LOG 19:07:52.307] PartLoader: Part 'Squad/Parts/Wheel/LandingGear/GearLarge/GearMedium' has no database record. Creating.
[LOG 19:07:52.307] [DragCubeSystem]: Drag cubes not found or cannot be read for part Part. Generating New drag cubes.
[LOG 19:07:52.307] [KSPCF/DragCubeGeneration] Creating drag cubes for part 'GearMedium'
[LOG 19:07:52.330] PartLoader: Compiling Part 'Squad/Parts/Wheel/LandingGear/GearMedium/GearSmall'
[LOG 19:07:52.341] PartLoader: Part 'Squad/Parts/Wheel/LandingGear/GearMedium/GearSmall' has no database record. Creating.
[LOG 19:07:52.341] [DragCubeSystem]: Drag cubes not found or cannot be read for part Part. Generating New drag cubes.
[LOG 19:07:52.341] [KSPCF/DragCubeGeneration] Creating drag cubes for part 'GearSmall'
[LOG 19:07:52.355] PartLoader: Compiling Part 'Squad/Parts/Wheel/LandingGear/GearSmall/SmallGearBay'
[LOG 19:07:52.367] PartLoader: Part 'Squad/Parts/Wheel/LandingGear/GearSmall/SmallGearBay' has no database record. Creating.
[LOG 19:07:52.368] [DragCubeSystem]: Drag cubes not found or cannot be read for part Part. Generating New drag cubes.
[LOG 19:07:52.368] [KSPCF/DragCubeGeneration] Creating drag cubes for part 'SmallGearBay'
[LOG 19:07:52.381] PartLoader: Compiling Part 'Squad/Parts/Wheel/roverWheelM1/roverWheelM1/roverWheel1'
[LOG 19:07:52.391] PartLoader: Part 'Squad/Parts/Wheel/roverWheelM1/roverWheelM1/roverWheel1' has no database record. Creating.
[LOG 19:07:52.391] [DragCubeSystem]: Drag cubes not found or cannot be read for part Part. Generating New drag cubes.
[LOG 19:07:52.391] [KSPCF/DragCubeGeneration] Creating drag cubes for part 'roverWheel1'
[LOG 19:07:52.398] PartLoader: Compiling Part 'Squad/Parts/Wheel/roverWheelS2/roverWheelS2/roverWheel2'
[LOG 19:07:52.405] PartLoader: Part 'Squad/Parts/Wheel/roverWheelS2/roverWheelS2/roverWheel2' has no database record. Creating.
[LOG 19:07:52.405] [DragCubeSystem]: Drag cubes not found or cannot be read for part Part. Generating New drag cubes.
[LOG 19:07:52.405] [KSPCF/DragCubeGeneration] Creating drag cubes for part 'roverWheel2'
[LOG 19:07:52.410] PartLoader: Compiling Part 'Squad/Parts/Wheel/roverWheelTR-2L/roverWheelTR-2L/wheelMed'
[LOG 19:07:52.418] PartLoader: Part 'Squad/Parts/Wheel/roverWheelTR-2L/roverWheelTR-2L/wheelMed' has no database record. Creating.
[LOG 19:07:52.418] [DragCubeSystem]: Drag cubes not found or cannot be read for part Part. Generating New drag cubes.
[LOG 19:07:52.419] [KSPCF/DragCubeGeneration] Creating drag cubes for part 'wheelMed'
[LOG 19:07:52.424] PartLoader: Compiling Part 'Squad/Parts/Wheel/roverWheelXL3/roverWheelXL3/roverWheel3'
[LOG 19:07:52.433] PartLoader: Part 'Squad/Parts/Wheel/roverWheelXL3/roverWheelXL3/roverWheel3' has no database record. Creating.
[LOG 19:07:52.433] [DragCubeSystem]: Drag cubes not found or cannot be read for part Part. Generating New drag cubes.
[LOG 19:07:52.433] [KSPCF/DragCubeGeneration] Creating drag cubes for part 'roverWheel3'
[LOG 19:07:52.438] PartLoader: Compiling Part 'SquadExpansion/MakingHistory/Parts/Aero/protectiveRocketNoseMk16/rocketNoseCone_size4/rocketNoseConeSize4'
[LOG 19:07:52.441] PartLoader: Part 'SquadExpansion/MakingHistory/Parts/Aero/protectiveRocketNoseMk16/rocketNoseCone_size4/rocketNoseConeSize4' has no database record. Creating.
[LOG 19:07:52.441] [DragCubeSystem]: Drag cubes not found or cannot be read for part Part. Generating New drag cubes.
[LOG 19:07:52.441] [KSPCF/DragCubeGeneration] Creating drag cubes for part 'rocketNoseConeSize4'
[LOG 19:07:52.445] PartLoader: Compiling Part 'SquadExpansion/MakingHistory/Parts/Aero/protectiveRocketNoseMk5A/Size_1_5_Cone/Size_1_5_Cone'
[LOG 19:07:52.448] PartLoader: Part 'SquadExpansion/MakingHistory/Parts/Aero/protectiveRocketNoseMk5A/Size_1_5_Cone/Size_1_5_Cone' has no database record. Creating.
[LOG 19:07:52.448] [DragCubeSystem]: Drag cubes not found or cannot be read for part Part. Generating New drag cubes.
[LOG 19:07:52.448] [KSPCF/DragCubeGeneration] Creating drag cubes for part 'Size.1.5.Cone'
[LOG 19:07:52.453] PartLoader: Compiling Part 'SquadExpansion/MakingHistory/Parts/Coupling/Decoupler_1p5/Decoupler_1p5'
[LOG 19:07:52.460] PartLoader: Part 'SquadExpansion/MakingHistory/Parts/Coupling/Decoupler_1p5/Decoupler_1p5' has no database record. Creating.
[LOG 19:07:52.460] PartLoader: Compiling Part 'SquadExpansion/MakingHistory/Parts/Coupling/Decoupler_4/Decoupler_4'
[LOG 19:07:52.465] PartLoader: Part 'SquadExpansion/MakingHistory/Parts/Coupling/Decoupler_4/Decoupler_4' has no database record. Creating.
[LOG 19:07:52.465] PartLoader: Compiling Part 'SquadExpansion/MakingHistory/Parts/Coupling/EnginePlate_1p5/EnginePlate1p5'
[LOG 19:07:52.476] PartLoader: Part 'SquadExpansion/MakingHistory/Parts/Coupling/EnginePlate_1p5/EnginePlate1p5' has no database record. Creating.
[LOG 19:07:52.476] [DragCubeSystem]: Drag cubes not found or cannot be read for part Part. Generating New drag cubes.
[LOG 19:07:52.476] [KSPCF/DragCubeGeneration] Part 'EnginePlate1p5' has defined a procedural drag cube setup
[LOG 19:07:52.476] PartLoader: Compiling Part 'SquadExpansion/MakingHistory/Parts/Coupling/EnginePlate_2/EnginePlate2'
[LOG 19:07:52.482] PartLoader: Part 'SquadExpansion/MakingHistory/Parts/Coupling/EnginePlate_2/EnginePlate2' has no database record. Creating.
[LOG 19:07:52.482] [DragCubeSystem]: Drag cubes not found or cannot be read for part Part. Generating New drag cubes.
[LOG 19:07:52.482] [KSPCF/DragCubeGeneration] Part 'EnginePlate2' has defined a procedural drag cube setup
[LOG 19:07:52.483] PartLoader: Compiling Part 'SquadExpansion/MakingHistory/Parts/Coupling/EnginePlate_3/EnginePlate3'
[LOG 19:07:52.489] PartLoader: Part 'SquadExpansion/MakingHistory/Parts/Coupling/EnginePlate_3/EnginePlate3' has no database record. Creating.
[LOG 19:07:52.489] [DragCubeSystem]: Drag cubes not found or cannot be read for part Part. Generating New drag cubes.
[LOG 19:07:52.490] [KSPCF/DragCubeGeneration] Part 'EnginePlate3' has defined a procedural drag cube setup
[LOG 19:07:52.490] PartLoader: Compiling Part 'SquadExpansion/MakingHistory/Parts/Coupling/EnginePlate_4/EnginePlate4'
[LOG 19:07:52.500] PartLoader: Part 'SquadExpansion/MakingHistory/Parts/Coupling/EnginePlate_4/EnginePlate4' has no database record. Creating.
[LOG 19:07:52.500] [DragCubeSystem]: Drag cubes not found or cannot be read for part Part. Generating New drag cubes.
[LOG 19:07:52.500] [KSPCF/DragCubeGeneration] Part 'EnginePlate4' has defined a procedural drag cube setup
[LOG 19:07:52.501] PartLoader: Compiling Part 'SquadExpansion/MakingHistory/Parts/Coupling/EnginePlate_5/EnginePlate5'
[LOG 19:07:52.509] PartLoader: Part 'SquadExpansion/MakingHistory/Parts/Coupling/EnginePlate_5/EnginePlate5' has no database record. Creating.
[LOG 19:07:52.509] [DragCubeSystem]: Drag cubes not found or cannot be read for part Part. Generating New drag cubes.
[LOG 19:07:52.509] [KSPCF/DragCubeGeneration] Part 'EnginePlate5' has defined a procedural drag cube setup
[LOG 19:07:52.509] PartLoader: Compiling Part 'SquadExpansion/MakingHistory/Parts/Coupling/InflatableAirlock/InflatableAirlock'
[LOG 19:07:52.517] PartLoader: Part 'SquadExpansion/MakingHistory/Parts/Coupling/InflatableAirlock/InflatableAirlock' has no database record. Creating.
[LOG 19:07:52.517] [DragCubeSystem]: Drag cubes not found or cannot be read for part Part. Generating New drag cubes.
[LOG 19:07:52.517] [KSPCF/DragCubeGeneration] Creating drag cubes for part 'InflatableAirlock'
[LOG 19:07:52.530] PartLoader: Compiling Part 'SquadExpansion/MakingHistory/Parts/Coupling/Separator_1p5/Separator_1p5'
[LOG 19:07:52.535] PartLoader: Part 'SquadExpansion/MakingHistory/Parts/Coupling/Separator_1p5/Separator_1p5' has no database record. Creating.
[LOG 19:07:52.536] PartLoader: Compiling Part 'SquadExpansion/MakingHistory/Parts/Coupling/Separator_4/Separator_4'
[LOG 19:07:52.540] PartLoader: Part 'SquadExpansion/MakingHistory/Parts/Coupling/Separator_4/Separator_4' has no database record. Creating.
[LOG 19:07:52.540] PartLoader: Compiling Part 'SquadExpansion/MakingHistory/Parts/Coupling/Size1p5_Strut_Decoupler/Size1p5_Strut_Decoupler'
[LOG 19:07:52.544] PartLoader: Part 'SquadExpansion/MakingHistory/Parts/Coupling/Size1p5_Strut_Decoupler/Size1p5_Strut_Decoupler' has no database record. Creating.
[LOG 19:07:52.545] PartLoader: Compiling Part 'SquadExpansion/MakingHistory/Parts/Engine/LiquidEngineKE-1/LiquidEngineKE-1'
[LOG 19:07:52.553] PartLoader: Part 'SquadExpansion/MakingHistory/Parts/Engine/LiquidEngineKE-1/LiquidEngineKE-1' has no database record. Creating.
[LOG 19:07:52.553] [DragCubeSystem]: Drag cubes not found or cannot be read for part Part. Generating New drag cubes.
[LOG 19:07:52.553] [KSPCF/DragCubeGeneration] Creating drag cubes for part 'LiquidEngineKE-1'
[LOG 19:07:52.581] PartLoader: Compiling Part 'SquadExpansion/MakingHistory/Parts/Engine/LiquidEngineLV-T91/LiquidEngineLV-T91'
[LOG 19:07:52.590] PartLoader: Part 'SquadExpansion/MakingHistory/Parts/Engine/LiquidEngineLV-T91/LiquidEngineLV-T91' has no database record. Creating.
[LOG 19:07:52.590] [DragCubeSystem]: Drag cubes not found or cannot be read for part Part. Generating New drag cubes.
[LOG 19:07:52.590] [KSPCF/DragCubeGeneration] Creating drag cubes for part 'LiquidEngineLV-T91'
[LOG 19:07:52.613] PartLoader: Compiling Part 'SquadExpansion/MakingHistory/Parts/Engine/LiquidEngineLV-TX87/LiquidEngineLV-TX87'
[LOG 19:07:52.623] PartLoader: Part 'SquadExpansion/MakingHistory/Parts/Engine/LiquidEngineLV-TX87/LiquidEngineLV-TX87' has no database record. Creating.
[LOG 19:07:52.623] [DragCubeSystem]: Drag cubes not found or cannot be read for part Part. Generating New drag cubes.
[LOG 19:07:52.623] [KSPCF/DragCubeGeneration] Creating drag cubes for part 'LiquidEngineLV-TX87'
[LOG 19:07:52.647] PartLoader: Compiling Part 'SquadExpansion/MakingHistory/Parts/Engine/LiquidEngineRE-I2/LiquidEngineRE-I2'
[LOG 19:07:52.658] PartLoader: Part 'SquadExpansion/MakingHistory/Parts/Engine/LiquidEngineRE-I2/LiquidEngineRE-I2' has no database record. Creating.
[LOG 19:07:52.658] [DragCubeSystem]: Drag cubes not found or cannot be read for part Part. Generating New drag cubes.
[LOG 19:07:52.658] [KSPCF/DragCubeGeneration] Creating drag cubes for part 'LiquidEngineRE-I2'
[LOG 19:07:52.685] PartLoader: Compiling Part 'SquadExpansion/MakingHistory/Parts/Engine/LiquidEngineRE-J10/LiquidEngineRE-J10'
[LOG 19:07:52.694] PartLoader: Part 'SquadExpansion/MakingHistory/Parts/Engine/LiquidEngineRE-J10/LiquidEngineRE-J10' has no database record. Creating.
[LOG 19:07:52.694] [DragCubeSystem]: Drag cubes not found or cannot be read for part Part. Generating New drag cubes.
[LOG 19:07:52.694] [KSPCF/DragCubeGeneration] Creating drag cubes for part 'LiquidEngineRE-J10'
[LOG 19:07:52.717] PartLoader: Compiling Part 'SquadExpansion/MakingHistory/Parts/Engine/LiquidEngineRK-7/LiquidEngineRK-7'
[LOG 19:07:52.726] PartLoader: Part 'SquadExpansion/MakingHistory/Parts/Engine/LiquidEngineRK-7/LiquidEngineRK-7' has no database record. Creating.
[LOG 19:07:52.726] [DragCubeSystem]: Drag cubes not found or cannot be read for part Part. Generating New drag cubes.
[LOG 19:07:52.726] [KSPCF/DragCubeGeneration] Creating drag cubes for part 'LiquidEngineRK-7'
[LOG 19:07:52.753] PartLoader: Compiling Part 'SquadExpansion/MakingHistory/Parts/Engine/LiquidEngineRV-1/LiquidEngineRV-1'
[LOG 19:07:52.761] PartLoader: Part 'SquadExpansion/MakingHistory/Parts/Engine/LiquidEngineRV-1/LiquidEngineRV-1' has no database record. Creating.
[LOG 19:07:52.761] [DragCubeSystem]: Drag cubes not found or cannot be read for part Part. Generating New drag cubes.
[LOG 19:07:52.761] [KSPCF/DragCubeGeneration] Creating drag cubes for part 'LiquidEngineRV-1'
[LOG 19:07:52.766] PartLoader: Compiling Part 'SquadExpansion/MakingHistory/Parts/Engine/solidBoosterTHK/solidBoosterTHK/Pollux'
[LOG 19:07:52.773] PartLoader: Part 'SquadExpansion/MakingHistory/Parts/Engine/solidBoosterTHK/solidBoosterTHK/Pollux' has no database record. Creating.
[LOG 19:07:52.773] [DragCubeSystem]: Drag cubes not found or cannot be read for part Part. Generating New drag cubes.
[LOG 19:07:52.773] [KSPCF/DragCubeGeneration] Creating drag cubes for part 'Pollux'
[LOG 19:07:52.779] PartLoader: Compiling Part 'SquadExpansion/MakingHistory/Parts/FuelTank/MonoPropMini/monopropMiniSphere'
[LOG 19:07:52.785] PartLoader: Part 'SquadExpansion/MakingHistory/Parts/FuelTank/MonoPropMini/monopropMiniSphere' has no database record. Creating.
[LOG 19:07:52.785] [DragCubeSystem]: Drag cubes not found or cannot be read for part Part. Generating New drag cubes.
[LOG 19:07:52.785] [KSPCF/DragCubeGeneration] Creating drag cubes for part 'monopropMiniSphere'
[LOG 19:07:52.790] PartLoader: Compiling Part 'SquadExpansion/MakingHistory/Parts/FuelTank/Size1p5_Monoprop/Size1p5_Monoprop'
[LOG 19:07:52.793] PartLoader: Part 'SquadExpansion/MakingHistory/Parts/FuelTank/Size1p5_Monoprop/Size1p5_Monoprop' has no database record. Creating.
[LOG 19:07:52.793] [DragCubeSystem]: Drag cubes not found or cannot be read for part Part. Generating New drag cubes.
[LOG 19:07:52.793] [KSPCF/DragCubeGeneration] Creating drag cubes for part 'Size1p5.Monoprop'
[LOG 19:07:52.798] PartLoader: Compiling Part 'SquadExpansion/MakingHistory/Parts/FuelTank/Size1p5_Size0_Adapter_01/Size1p5_Size0_Adapter_01'
[LOG 19:07:52.802] PartLoader: Part 'SquadExpansion/MakingHistory/Parts/FuelTank/Size1p5_Size0_Adapter_01/Size1p5_Size0_Adapter_01' has no database record. Creating.
[LOG 19:07:52.802] [DragCubeSystem]: Drag cubes not found or cannot be read for part Part. Generating New drag cubes.
[LOG 19:07:52.802] [KSPCF/DragCubeGeneration] Creating drag cubes for part 'Size1p5.Size0.Adapter.01'
[LOG 19:07:52.807] PartLoader: Compiling Part 'SquadExpansion/MakingHistory/Parts/FuelTank/Size1p5_Size1_Adapter_01/Size1p5_Size1_Adapter_01'
[LOG 19:07:52.810] PartLoader: Part 'SquadExpansion/MakingHistory/Parts/FuelTank/Size1p5_Size1_Adapter_01/Size1p5_Size1_Adapter_01' has no database record. Creating.
[LOG 19:07:52.810] [DragCubeSystem]: Drag cubes not found or cannot be read for part Part. Generating New drag cubes.
[LOG 19:07:52.810] [KSPCF/DragCubeGeneration] Creating drag cubes for part 'Size1p5.Size1.Adapter.01'
[LOG 19:07:52.815] PartLoader: Compiling Part 'SquadExpansion/MakingHistory/Parts/FuelTank/Size1p5_Size1_Adapter_02/Size1p5_Size1_Adapter_02'
[LOG 19:07:52.819] PartLoader: Part 'SquadExpansion/MakingHistory/Parts/FuelTank/Size1p5_Size1_Adapter_02/Size1p5_Size1_Adapter_02' has no database record. Creating.
[LOG 19:07:52.819] [DragCubeSystem]: Drag cubes not found or cannot be read for part Part. Generating New drag cubes.
[LOG 19:07:52.819] [KSPCF/DragCubeGeneration] Creating drag cubes for part 'Size1p5.Size1.Adapter.02'
[LOG 19:07:52.824] PartLoader: Compiling Part 'SquadExpansion/MakingHistory/Parts/FuelTank/Size1p5_Size2_Adapter_01/Size1p5_Size2_Adapter_01'
[LOG 19:07:52.828] PartLoader: Part 'SquadExpansion/MakingHistory/Parts/FuelTank/Size1p5_Size2_Adapter_01/Size1p5_Size2_Adapter_01' has no database record. Creating.
[LOG 19:07:52.828] [DragCubeSystem]: Drag cubes not found or cannot be read for part Part. Generating New drag cubes.
[LOG 19:07:52.828] [KSPCF/DragCubeGeneration] Creating drag cubes for part 'Size1p5.Size2.Adapter.01'
[LOG 19:07:52.833] PartLoader: Compiling Part 'SquadExpansion/MakingHistory/Parts/FuelTank/Size1p5_Tank_01/Size1p5_Tank_01'
[LOG 19:07:52.836] PartLoader: Part 'SquadExpansion/MakingHistory/Parts/FuelTank/Size1p5_Tank_01/Size1p5_Tank_01' has no database record. Creating.
[LOG 19:07:52.836] [DragCubeSystem]: Drag cubes not found or cannot be read for part Part. Generating New drag cubes.
[LOG 19:07:52.836] [KSPCF/DragCubeGeneration] Creating drag cubes for part 'Size1p5.Tank.01'
[LOG 19:07:52.841] PartLoader: Compiling Part 'SquadExpansion/MakingHistory/Parts/FuelTank/Size1p5_Tank_02/Size1p5_Tank_02'
[LOG 19:07:52.845] PartLoader: Part 'SquadExpansion/MakingHistory/Parts/FuelTank/Size1p5_Tank_02/Size1p5_Tank_02' has no database record. Creating.
[LOG 19:07:52.845] [DragCubeSystem]: Drag cubes not found or cannot be read for part Part. Generating New drag cubes.
[LOG 19:07:52.845] [KSPCF/DragCubeGeneration] Creating drag cubes for part 'Size1p5.Tank.02'
[LOG 19:07:52.850] PartLoader: Compiling Part 'SquadExpansion/MakingHistory/Parts/FuelTank/Size1p5_Tank_03/Size1p5_Tank_03'
[LOG 19:07:52.855] PartLoader: Part 'SquadExpansion/MakingHistory/Parts/FuelTank/Size1p5_Tank_03/Size1p5_Tank_03' has no database record. Creating.
[LOG 19:07:52.855] [DragCubeSystem]: Drag cubes not found or cannot be read for part Part. Generating New drag cubes.
[LOG 19:07:52.855] [KSPCF/DragCubeGeneration] Creating drag cubes for part 'Size1p5.Tank.03'
[LOG 19:07:52.860] PartLoader: Compiling Part 'SquadExpansion/MakingHistory/Parts/FuelTank/Size1p5_Tank_04/Size1p5_Tank_04'
[LOG 19:07:52.864] PartLoader: Part 'SquadExpansion/MakingHistory/Parts/FuelTank/Size1p5_Tank_04/Size1p5_Tank_04' has no database record. Creating.
[LOG 19:07:52.864] [DragCubeSystem]: Drag cubes not found or cannot be read for part Part. Generating New drag cubes.
[LOG 19:07:52.864] [KSPCF/DragCubeGeneration] Creating drag cubes for part 'Size1p5.Tank.04'
[LOG 19:07:52.869] PartLoader: Compiling Part 'SquadExpansion/MakingHistory/Parts/FuelTank/Size1p5_Tank_05/Size1p5_Tank_05'
[LOG 19:07:52.874] PartLoader: Part 'SquadExpansion/MakingHistory/Parts/FuelTank/Size1p5_Tank_05/Size1p5_Tank_05' has no database record. Creating.
[LOG 19:07:52.874] [DragCubeSystem]: Drag cubes not found or cannot be read for part Part. Generating New drag cubes.
[LOG 19:07:52.874] [KSPCF/DragCubeGeneration] Creating drag cubes for part 'Size1p5.Tank.05'
[LOG 19:07:52.880] PartLoader: Compiling Part 'SquadExpansion/MakingHistory/Parts/FuelTank/Size3_Size4_Adapter_01/Size3_Size4_Adapter_01'
[LOG 19:07:52.883] PartLoader: Part 'SquadExpansion/MakingHistory/Parts/FuelTank/Size3_Size4_Adapter_01/Size3_Size4_Adapter_01' has no database record. Creating.
[LOG 19:07:52.883] [DragCubeSystem]: Drag cubes not found or cannot be read for part Part. Generating New drag cubes.
[LOG 19:07:52.883] [KSPCF/DragCubeGeneration] Creating drag cubes for part 'Size3.Size4.Adapter.01'
[LOG 19:07:52.889] PartLoader: Compiling Part 'SquadExpansion/MakingHistory/Parts/FuelTank/Size4_EngineAdapter_01/Size4_EngineAdapter_01'
[LOG 19:07:52.892] PartLoader: Part 'SquadExpansion/MakingHistory/Parts/FuelTank/Size4_EngineAdapter_01/Size4_EngineAdapter_01' has no database record. Creating.
[LOG 19:07:52.892] [DragCubeSystem]: Drag cubes not found or cannot be read for part Part. Generating New drag cubes.
[LOG 19:07:52.892] [KSPCF/DragCubeGeneration] Creating drag cubes for part 'Size4.EngineAdapter.01'
[LOG 19:07:52.898] PartLoader: Compiling Part 'SquadExpansion/MakingHistory/Parts/FuelTank/Size4_Tank_01/Size4_Tank_01'
[LOG 19:07:52.901] PartLoader: Part 'SquadExpansion/MakingHistory/Parts/FuelTank/Size4_Tank_01/Size4_Tank_01' has no database record. Creating.
[LOG 19:07:52.901] [DragCubeSystem]: Drag cubes not found or cannot be read for part Part. Generating New drag cubes.
[LOG 19:07:52.902] [KSPCF/DragCubeGeneration] Creating drag cubes for part 'Size4.Tank.01'
[LOG 19:07:52.906] PartLoader: Compiling Part 'SquadExpansion/MakingHistory/Parts/FuelTank/Size4_Tank_02/Size4_Tank_02'
[LOG 19:07:52.909] PartLoader: Part 'SquadExpansion/MakingHistory/Parts/FuelTank/Size4_Tank_02/Size4_Tank_02' has no database record. Creating.
[LOG 19:07:52.909] [DragCubeSystem]: Drag cubes not found or cannot be read for part Part. Generating New drag cubes.
[LOG 19:07:52.910] [KSPCF/DragCubeGeneration] Creating drag cubes for part 'Size4.Tank.02'
[LOG 19:07:52.915] PartLoader: Compiling Part 'SquadExpansion/MakingHistory/Parts/FuelTank/Size4_Tank_03/Size4_Tank_03'
[LOG 19:07:52.916] PartLoader: Part 'SquadExpansion/MakingHistory/Parts/FuelTank/Size4_Tank_03/Size4_Tank_03' has no database record. Creating.
[LOG 19:07:52.917] [DragCubeSystem]: Drag cubes not found or cannot be read for part Part. Generating New drag cubes.
[LOG 19:07:52.917] [KSPCF/DragCubeGeneration] Creating drag cubes for part 'Size4.Tank.03'
[LOG 19:07:52.923] PartLoader: Compiling Part 'SquadExpansion/MakingHistory/Parts/FuelTank/Size4_Tank_04/Size4_Tank_04'
[LOG 19:07:52.926] PartLoader: Part 'SquadExpansion/MakingHistory/Parts/FuelTank/Size4_Tank_04/Size4_Tank_04' has no database record. Creating.
[LOG 19:07:52.926] [DragCubeSystem]: Drag cubes not found or cannot be read for part Part. Generating New drag cubes.
[LOG 19:07:52.926] [KSPCF/DragCubeGeneration] Creating drag cubes for part 'Size4.Tank.04'
[LOG 19:07:52.931] PartLoader: Compiling Part 'SquadExpansion/MakingHistory/Parts/Ground/RoverWheel/roverWheelM1-F'
[LOG 19:07:52.939] PartLoader: Part 'SquadExpansion/MakingHistory/Parts/Ground/RoverWheel/roverWheelM1-F' has no database record. Creating.
[LOG 19:07:52.939] [DragCubeSystem]: Drag cubes not found or cannot be read for part Part. Generating New drag cubes.
[LOG 19:07:52.939] [KSPCF/DragCubeGeneration] Creating drag cubes for part 'roverWheelM1-F'
[LOG 19:07:52.953] PartLoader: Compiling Part 'SquadExpansion/MakingHistory/Parts/Payload/fairingSize1p5/fairingSize1p5'
[LOG 19:07:52.964] PartLoader: Part 'SquadExpansion/MakingHistory/Parts/Payload/fairingSize1p5/fairingSize1p5' has no database record. Creating.
[LOG 19:07:52.964] [DragCubeSystem]: Drag cubes not found or cannot be read for part Part. Generating New drag cubes.
[LOG 19:07:52.964] [KSPCF/DragCubeGeneration] Creating drag cubes for part 'fairingSize1p5'
[LOG 19:07:52.969] PartLoader: Compiling Part 'SquadExpansion/MakingHistory/Parts/Payload/fairingSize4/fairingSize4'
[LOG 19:07:52.980] PartLoader: Part 'SquadExpansion/MakingHistory/Parts/Payload/fairingSize4/fairingSize4' has no database record. Creating.
[LOG 19:07:52.980] [DragCubeSystem]: Drag cubes not found or cannot be read for part Part. Generating New drag cubes.
[LOG 19:07:52.980] [KSPCF/DragCubeGeneration] Creating drag cubes for part 'fairingSize4'
[LOG 19:07:52.986] PartLoader: Compiling Part 'SquadExpansion/MakingHistory/Parts/Payload/Size1to0ServiceModule/Size1to0ServiceModule'
[LOG 19:07:52.994] PartLoader: Part 'SquadExpansion/MakingHistory/Parts/Payload/Size1to0ServiceModule/Size1to0ServiceModule' has no database record. Creating.
[LOG 19:07:52.994] [DragCubeSystem]: Drag cubes not found or cannot be read for part Part. Generating New drag cubes.
[LOG 19:07:52.994] [KSPCF/DragCubeGeneration] Part 'Size1to0ServiceModule' has defined a procedural drag cube setup
[LOG 19:07:52.995] PartLoader: Compiling Part 'SquadExpansion/MakingHistory/Parts/Payload/SM18/ServiceModule18'
[LOG 19:07:53.000] PartLoader: Part 'SquadExpansion/MakingHistory/Parts/Payload/SM18/ServiceModule18' has no database record. Creating.
[LOG 19:07:53.001] [DragCubeSystem]: Drag cubes not found or cannot be read for part Part. Generating New drag cubes.
[LOG 19:07:53.001] [KSPCF/DragCubeGeneration] Part 'ServiceModule18' has defined a procedural drag cube setup
[LOG 19:07:53.001] PartLoader: Compiling Part 'SquadExpansion/MakingHistory/Parts/Payload/SM25/ServiceModule25'
[LOG 19:07:53.006] PartLoader: Part 'SquadExpansion/MakingHistory/Parts/Payload/SM25/ServiceModule25' has no database record. Creating.
[LOG 19:07:53.006] [DragCubeSystem]: Drag cubes not found or cannot be read for part Part. Generating New drag cubes.
[LOG 19:07:53.006] [KSPCF/DragCubeGeneration] Part 'ServiceModule25' has defined a procedural drag cube setup
[LOG 19:07:53.006] PartLoader: Compiling Part 'SquadExpansion/MakingHistory/Parts/Pods/KV1Pod/kv1Pod'
[WRN 19:07:53.010] [Part]: Cannot have ModuleCargoPart and ModuleInventoryPart on same Part [kv1Pod'. Removed ModuleCargoPart
[LOG 19:07:53.014] PartLoader: Part 'SquadExpansion/MakingHistory/Parts/Pods/KV1Pod/kv1Pod' has no database record. Creating.
[LOG 19:07:53.016] PartLoader: Compiling Part 'SquadExpansion/MakingHistory/Parts/Pods/KV2Pod/kv2Pod'
[WRN 19:07:53.020] [Part]: Cannot have ModuleCargoPart and ModuleInventoryPart on same Part [kv2Pod'. Removed ModuleCargoPart
[LOG 19:07:53.023] PartLoader: Part 'SquadExpansion/MakingHistory/Parts/Pods/KV2Pod/kv2Pod' has no database record. Creating.
[LOG 19:07:53.025] PartLoader: Compiling Part 'SquadExpansion/MakingHistory/Parts/Pods/KV3Pod/kv3Pod'
[WRN 19:07:53.028] [Part]: Cannot have ModuleCargoPart and ModuleInventoryPart on same Part [kv3Pod'. Removed ModuleCargoPart
[LOG 19:07:53.032] PartLoader: Part 'SquadExpansion/MakingHistory/Parts/Pods/KV3Pod/kv3Pod' has no database record. Creating.
[LOG 19:07:53.033] PartLoader: Compiling Part 'SquadExpansion/MakingHistory/Parts/Pods/Mk2Pod/Mk2Pod'
[WRN 19:07:53.036] [Part]: Cannot have ModuleCargoPart and ModuleInventoryPart on same Part [Mk2Pod'. Removed ModuleCargoPart
[LOG 19:07:53.040] PartLoader: Part 'SquadExpansion/MakingHistory/Parts/Pods/Mk2Pod/Mk2Pod' has no database record. Creating.
[LOG 19:07:53.040] [DragCubeSystem]: Drag cubes not found or cannot be read for part Part. Generating New drag cubes.
[LOG 19:07:53.040] [KSPCF/DragCubeGeneration] Creating drag cubes for part 'Mk2Pod'
[LOG 19:07:53.046] PartLoader: Compiling Part 'SquadExpansion/MakingHistory/Parts/Pods/Size1_5_Lander/MEMLander'
[WRN 19:07:53.052] [Part]: Cannot add ModuleCargoPart as this Part 'MEMLander' already has a ModuleInventoryPart PartModule and they are mutually exclusive.
[LOG 19:07:53.056] PartLoader: Part 'SquadExpansion/MakingHistory/Parts/Pods/Size1_5_Lander/MEMLander' has no database record. Creating.
[LOG 19:07:53.056] [DragCubeSystem]: Drag cubes not found or cannot be read for part Part. Generating New drag cubes.
[LOG 19:07:53.056] [KSPCF/DragCubeGeneration] Creating drag cubes for part 'MEMLander'
[LOG 19:07:53.062] PartLoader: Compiling Part 'SquadExpansion/MakingHistory/Parts/Prebuilt/kerbalEVAfemaleVintage/kerbalEVAfemaleVintage'
[LOG 19:07:53.070] PartLoader: Compiling Part 'SquadExpansion/MakingHistory/Parts/Prebuilt/kerbalEVAVintage/kerbalEVAVintage'
[LOG 19:07:53.076] PartLoader: Compiling Part 'SquadExpansion/MakingHistory/Parts/Structural/EquiTriangle0/EquiTriangle0'
[LOG 19:07:53.082] PartLoader: Part 'SquadExpansion/MakingHistory/Parts/Structural/EquiTriangle0/EquiTriangle0' has no database record. Creating.
[LOG 19:07:53.082] [DragCubeSystem]: Drag cubes not found or cannot be read for part Part. Generating New drag cubes.
[LOG 19:07:53.082] [KSPCF/DragCubeGeneration] Creating drag cubes for part 'EquiTriangle0'
[LOG 19:07:53.086] PartLoader: Compiling Part 'SquadExpansion/MakingHistory/Parts/Structural/EquiTriangle1/EquiTriangle1'
[LOG 19:07:53.091] PartLoader: Part 'SquadExpansion/MakingHistory/Parts/Structural/EquiTriangle1/EquiTriangle1' has no database record. Creating.
[LOG 19:07:53.091] [DragCubeSystem]: Drag cubes not found or cannot be read for part Part. Generating New drag cubes.
[LOG 19:07:53.091] [KSPCF/DragCubeGeneration] Creating drag cubes for part 'EquiTriangle1'
[LOG 19:07:53.094] PartLoader: Compiling Part 'SquadExpansion/MakingHistory/Parts/Structural/EquiTriangle1p5/EquiTriangle1p5'
[LOG 19:07:53.098] PartLoader: Part 'SquadExpansion/MakingHistory/Parts/Structural/EquiTriangle1p5/EquiTriangle1p5' has no database record. Creating.
[LOG 19:07:53.098] [DragCubeSystem]: Drag cubes not found or cannot be read for part Part. Generating New drag cubes.
[LOG 19:07:53.098] [KSPCF/DragCubeGeneration] Creating drag cubes for part 'EquiTriangle1p5'
[LOG 19:07:53.102] PartLoader: Compiling Part 'SquadExpansion/MakingHistory/Parts/Structural/EquiTriangle2/EquiTriangle2'
[LOG 19:07:53.106] PartLoader: Part 'SquadExpansion/MakingHistory/Parts/Structural/EquiTriangle2/EquiTriangle2' has no database record. Creating.
[LOG 19:07:53.106] [DragCubeSystem]: Drag cubes not found or cannot be read for part Part. Generating New drag cubes.
[LOG 19:07:53.106] [KSPCF/DragCubeGeneration] Creating drag cubes for part 'EquiTriangle2'
[LOG 19:07:53.110] PartLoader: Compiling Part 'SquadExpansion/MakingHistory/Parts/Structural/Panel0/Panel0'
[LOG 19:07:53.113] PartLoader: Part 'SquadExpansion/MakingHistory/Parts/Structural/Panel0/Panel0' has no database record. Creating.
[LOG 19:07:53.114] [DragCubeSystem]: Drag cubes not found or cannot be read for part Part. Generating New drag cubes.
[LOG 19:07:53.114] [KSPCF/DragCubeGeneration] Creating drag cubes for part 'Panel0'
[LOG 19:07:53.118] PartLoader: Compiling Part 'SquadExpansion/MakingHistory/Parts/Structural/Panel1/Panel1'
[LOG 19:07:53.123] PartLoader: Part 'SquadExpansion/MakingHistory/Parts/Structural/Panel1/Panel1' has no database record. Creating.
[LOG 19:07:53.123] [DragCubeSystem]: Drag cubes not found or cannot be read for part Part. Generating New drag cubes.
[LOG 19:07:53.123] [KSPCF/DragCubeGeneration] Creating drag cubes for part 'Panel1'
[LOG 19:07:53.127] PartLoader: Compiling Part 'SquadExpansion/MakingHistory/Parts/Structural/Panel1p5/Panel1p5'
[LOG 19:07:53.131] PartLoader: Part 'SquadExpansion/MakingHistory/Parts/Structural/Panel1p5/Panel1p5' has no database record. Creating.
[LOG 19:07:53.131] [DragCubeSystem]: Drag cubes not found or cannot be read for part Part. Generating New drag cubes.
[LOG 19:07:53.131] [KSPCF/DragCubeGeneration] Creating drag cubes for part 'Panel1p5'
[LOG 19:07:53.134] PartLoader: Compiling Part 'SquadExpansion/MakingHistory/Parts/Structural/Panel2/Panel2'
[LOG 19:07:53.139] PartLoader: Part 'SquadExpansion/MakingHistory/Parts/Structural/Panel2/Panel2' has no database record. Creating.
[LOG 19:07:53.139] [DragCubeSystem]: Drag cubes not found or cannot be read for part Part. Generating New drag cubes.
[LOG 19:07:53.139] [KSPCF/DragCubeGeneration] Creating drag cubes for part 'Panel2'
[LOG 19:07:53.142] PartLoader: Compiling Part 'SquadExpansion/MakingHistory/Parts/Structural/Triangle0/Triangle0'
[LOG 19:07:53.146] PartLoader: Part 'SquadExpansion/MakingHistory/Parts/Structural/Triangle0/Triangle0' has no database record. Creating.
[LOG 19:07:53.146] [DragCubeSystem]: Drag cubes not found or cannot be read for part Part. Generating New drag cubes.
[LOG 19:07:53.146] [KSPCF/DragCubeGeneration] Creating drag cubes for part 'Triangle0'
[LOG 19:07:53.150] PartLoader: Compiling Part 'SquadExpansion/MakingHistory/Parts/Structural/Triangle1/Triangle1'
[LOG 19:07:53.155] PartLoader: Part 'SquadExpansion/MakingHistory/Parts/Structural/Triangle1/Triangle1' has no database record. Creating.
[LOG 19:07:53.155] [DragCubeSystem]: Drag cubes not found or cannot be read for part Part. Generating New drag cubes.
[LOG 19:07:53.155] [KSPCF/DragCubeGeneration] Creating drag cubes for part 'Triangle1'
[LOG 19:07:53.158] PartLoader: Compiling Part 'SquadExpansion/MakingHistory/Parts/Structural/Triangle1p5/Triangle1p5'
[LOG 19:07:53.163] PartLoader: Part 'SquadExpansion/MakingHistory/Parts/Structural/Triangle1p5/Triangle1p5' has no database record. Creating.
[LOG 19:07:53.163] [DragCubeSystem]: Drag cubes not found or cannot be read for part Part. Generating New drag cubes.
[LOG 19:07:53.163] [KSPCF/DragCubeGeneration] Creating drag cubes for part 'Triangle1p5'
[LOG 19:07:53.167] PartLoader: Compiling Part 'SquadExpansion/MakingHistory/Parts/Structural/Triangle2/Triangle2'
[LOG 19:07:53.170] PartLoader: Part 'SquadExpansion/MakingHistory/Parts/Structural/Triangle2/Triangle2' has no database record. Creating.
[LOG 19:07:53.171] [DragCubeSystem]: Drag cubes not found or cannot be read for part Part. Generating New drag cubes.
[LOG 19:07:53.171] [KSPCF/DragCubeGeneration] Creating drag cubes for part 'Triangle2'
[LOG 19:07:53.174] PartLoader: Compiling Part 'SquadExpansion/MakingHistory/Parts/Structural/Tube1/Tube1'
[LOG 19:07:53.178] PartLoader: Part 'SquadExpansion/MakingHistory/Parts/Structural/Tube1/Tube1' has no database record. Creating.
[LOG 19:07:53.179] PartLoader: Compiling Part 'SquadExpansion/MakingHistory/Parts/Structural/Tube1p5/Tube1p5'
[LOG 19:07:53.182] PartLoader: Part 'SquadExpansion/MakingHistory/Parts/Structural/Tube1p5/Tube1p5' has no database record. Creating.
[LOG 19:07:53.183] PartLoader: Compiling Part 'SquadExpansion/MakingHistory/Parts/Structural/Tube2/Tube2'
[LOG 19:07:53.186] PartLoader: Part 'SquadExpansion/MakingHistory/Parts/Structural/Tube2/Tube2' has no database record. Creating.
[LOG 19:07:53.186] PartLoader: Compiling Part 'SquadExpansion/MakingHistory/Parts/Structural/Tube3/Tube3'
[LOG 19:07:53.190] PartLoader: Part 'SquadExpansion/MakingHistory/Parts/Structural/Tube3/Tube3' has no database record. Creating.
[LOG 19:07:53.190] PartLoader: Compiling Part 'SquadExpansion/MakingHistory/Parts/Structural/Tube4/Tube4'
[LOG 19:07:53.193] PartLoader: Part 'SquadExpansion/MakingHistory/Parts/Structural/Tube4/Tube4' has no database record. Creating.
[LOG 19:07:53.193] PartLoader: Compiling Part 'SquadExpansion/MakingHistory/Parts/Thermal/HeatShield1p5/HeatShield1p5'
[LOG 19:07:53.199] PartLoader: Part 'SquadExpansion/MakingHistory/Parts/Thermal/HeatShield1p5/HeatShield1p5' has no database record. Creating.
[LOG 19:07:53.199] [DragCubeSystem]: Drag cubes not found or cannot be read for part Part. Generating New drag cubes.
[LOG 19:07:53.200] [KSPCF/DragCubeGeneration] Creating drag cubes for part 'HeatShield1p5'
[LOG 19:07:53.212] PartLoader: Compiling Part 'SquadExpansion/MakingHistory/Parts/Utility/flags/flagSize1p5/flagSize1p5/flagPartSize1p5'
[LOG 19:07:53.217] PartLoader: Part 'SquadExpansion/MakingHistory/Parts/Utility/flags/flagSize1p5/flagSize1p5/flagPartSize1p5' has no database record. Creating.
[LOG 19:07:53.217] [DragCubeSystem]: Drag cubes not found or cannot be read for part Part. Generating New drag cubes.
[LOG 19:07:53.217] [KSPCF/DragCubeGeneration] Creating drag cubes for part 'flagPartSize1p5'
[LOG 19:07:53.221] PartLoader: Compiling Part 'SquadExpansion/MakingHistory/Parts/Utility/flags/flagSize4/flagSize4/flagPartSize4'
[LOG 19:07:53.227] PartLoader: Part 'SquadExpansion/MakingHistory/Parts/Utility/flags/flagSize4/flagSize4/flagPartSize4' has no database record. Creating.
[LOG 19:07:53.227] [DragCubeSystem]: Drag cubes not found or cannot be read for part Part. Generating New drag cubes.
[LOG 19:07:53.227] [KSPCF/DragCubeGeneration] Creating drag cubes for part 'flagPartSize4'
[LOG 19:07:53.232] PartLoader: Compiling Part 'SquadExpansion/Serenity/Parts/Aero/FanShroud_01/FanShroud_01'
[LOG 19:07:53.236] PartLoader: Part 'SquadExpansion/Serenity/Parts/Aero/FanShroud_01/FanShroud_01' has no database record. Creating.
[LOG 19:07:53.236] [DragCubeSystem]: Drag cubes not found or cannot be read for part Part. Generating New drag cubes.
[LOG 19:07:53.236] [KSPCF/DragCubeGeneration] Creating drag cubes for part 'FanShroud.01'
[LOG 19:07:53.240] PartLoader: Compiling Part 'SquadExpansion/Serenity/Parts/Aero/FanShroud_02/FanShroud_02'
[LOG 19:07:53.244] PartLoader: Part 'SquadExpansion/Serenity/Parts/Aero/FanShroud_02/FanShroud_02' has no database record. Creating.
[LOG 19:07:53.244] [DragCubeSystem]: Drag cubes not found or cannot be read for part Part. Generating New drag cubes.
[LOG 19:07:53.244] [KSPCF/DragCubeGeneration] Creating drag cubes for part 'FanShroud.02'
[LOG 19:07:53.248] PartLoader: Compiling Part 'SquadExpansion/Serenity/Parts/Aero/FanShroud_03/FanShroud_03'
[LOG 19:07:53.252] PartLoader: Part 'SquadExpansion/Serenity/Parts/Aero/FanShroud_03/FanShroud_03' has no database record. Creating.
[LOG 19:07:53.252] [DragCubeSystem]: Drag cubes not found or cannot be read for part Part. Generating New drag cubes.
[LOG 19:07:53.253] [KSPCF/DragCubeGeneration] Creating drag cubes for part 'FanShroud.03'
[LOG 19:07:53.257] PartLoader: Compiling Part 'SquadExpansion/Serenity/Parts/Aero/noseconeTiny/noseconeTiny'
[LOG 19:07:53.260] PartLoader: Part 'SquadExpansion/Serenity/Parts/Aero/noseconeTiny/noseconeTiny' has no database record. Creating.
[LOG 19:07:53.260] [DragCubeSystem]: Drag cubes not found or cannot be read for part Part. Generating New drag cubes.
[LOG 19:07:53.260] [KSPCF/DragCubeGeneration] Creating drag cubes for part 'noseconeTiny'
[LOG 19:07:53.264] PartLoader: Compiling Part 'SquadExpansion/Serenity/Parts/Aero/noseconeVS/noseconeVS'
[LOG 19:07:53.267] PartLoader: Part 'SquadExpansion/Serenity/Parts/Aero/noseconeVS/noseconeVS' has no database record. Creating.
[LOG 19:07:53.267] [DragCubeSystem]: Drag cubes not found or cannot be read for part Part. Generating New drag cubes.
[LOG 19:07:53.267] [KSPCF/DragCubeGeneration] Creating drag cubes for part 'noseconeVS'
[LOG 19:07:53.271] PartLoader: Compiling Part 'SquadExpansion/Serenity/Parts/DeployedScience/centralStation/DeployedCentralStation'
[LOG 19:07:53.282] PartLoader: Part 'SquadExpansion/Serenity/Parts/DeployedScience/centralStation/DeployedCentralStation' has no database record. Creating.
[LOG 19:07:53.282] [DragCubeSystem]: Drag cubes not found or cannot be read for part Part. Generating New drag cubes.
[LOG 19:07:53.282] [KSPCF/DragCubeGeneration] Creating drag cubes for part 'DeployedCentralStation'
[LOG 19:07:53.307] PartLoader: Compiling Part 'SquadExpansion/Serenity/Parts/DeployedScience/gooObservation/DeployedGoExOb'
[LOG 19:07:53.317] PartLoader: Part 'SquadExpansion/Serenity/Parts/DeployedScience/gooObservation/DeployedGoExOb' has no database record. Creating.
[LOG 19:07:53.317] [DragCubeSystem]: Drag cubes not found or cannot be read for part Part. Generating New drag cubes.
[LOG 19:07:53.317] [KSPCF/DragCubeGeneration] Creating drag cubes for part 'DeployedGoExOb'
[LOG 19:07:53.344] PartLoader: Compiling Part 'SquadExpansion/Serenity/Parts/DeployedScience/ionCollector/DeployedIONExp'
[LOG 19:07:53.348] PartLoader: Part 'SquadExpansion/Serenity/Parts/DeployedScience/ionCollector/DeployedIONExp' has no database record. Creating.
[LOG 19:07:53.348] [DragCubeSystem]: Drag cubes not found or cannot be read for part Part. Generating New drag cubes.
[LOG 19:07:53.349] [KSPCF/DragCubeGeneration] Creating drag cubes for part 'DeployedIONExp'
[LOG 19:07:53.360] PartLoader: Compiling Part 'SquadExpansion/Serenity/Parts/DeployedScience/rtg/DeployedRTG'
[LOG 19:07:53.370] PartLoader: Part 'SquadExpansion/Serenity/Parts/DeployedScience/rtg/DeployedRTG' has no database record. Creating.
[LOG 19:07:53.370] [DragCubeSystem]: Drag cubes not found or cannot be read for part Part. Generating New drag cubes.
[LOG 19:07:53.370] [KSPCF/DragCubeGeneration] Creating drag cubes for part 'DeployedRTG'
[LOG 19:07:53.385] PartLoader: Compiling Part 'SquadExpansion/Serenity/Parts/DeployedScience/satDish/DeployedSatDish'
[LOG 19:07:53.398] PartLoader: Part 'SquadExpansion/Serenity/Parts/DeployedScience/satDish/DeployedSatDish' has no database record. Creating.
[LOG 19:07:53.399] [DragCubeSystem]: Drag cubes not found or cannot be read for part Part. Generating New drag cubes.
[LOG 19:07:53.399] [KSPCF/DragCubeGeneration] Creating drag cubes for part 'DeployedSatDish'
[LOG 19:07:53.412] PartLoader: Compiling Part 'SquadExpansion/Serenity/Parts/DeployedScience/seismicSensor/DeployedSeismicSensor'
[LOG 19:07:53.418] PartLoader: Part 'SquadExpansion/Serenity/Parts/DeployedScience/seismicSensor/DeployedSeismicSensor' has no database record. Creating.
[LOG 19:07:53.418] [DragCubeSystem]: Drag cubes not found or cannot be read for part Part. Generating New drag cubes.
[LOG 19:07:53.418] [KSPCF/DragCubeGeneration] Creating drag cubes for part 'DeployedSeismicSensor'
[LOG 19:07:53.432] PartLoader: Compiling Part 'SquadExpansion/Serenity/Parts/DeployedScience/solarPanel/DeployedSolarPanel'
[LOG 19:07:53.439] PartLoader: Part 'SquadExpansion/Serenity/Parts/DeployedScience/solarPanel/DeployedSolarPanel' has no database record. Creating.
[LOG 19:07:53.439] [DragCubeSystem]: Drag cubes not found or cannot be read for part Part. Generating New drag cubes.
[LOG 19:07:53.439] [KSPCF/DragCubeGeneration] Creating drag cubes for part 'DeployedSolarPanel'
[LOG 19:07:53.453] PartLoader: Compiling Part 'SquadExpansion/Serenity/Parts/DeployedScience/weatherStation/DeployedWeatherStn'
[LOG 19:07:53.459] PartLoader: Part 'SquadExpansion/Serenity/Parts/DeployedScience/weatherStation/DeployedWeatherStn' has no database record. Creating.
[LOG 19:07:53.459] [DragCubeSystem]: Drag cubes not found or cannot be read for part Part. Generating New drag cubes.
[LOG 19:07:53.459] [KSPCF/DragCubeGeneration] Creating drag cubes for part 'DeployedWeatherStn'
[LOG 19:07:53.481] PartLoader: Compiling Part 'SquadExpansion/Serenity/Parts/Prebuilt/kerbalEVA/kerbalEVA'
[LOG 19:07:53.483] PartLoader: Compiling Part 'SquadExpansion/Serenity/Parts/Prebuilt/kerbalEVAfemale/kerbalEVAfemale'
[LOG 19:07:53.485] PartLoader: Compiling Part 'SquadExpansion/Serenity/Parts/Prebuilt/kerbalEVAfemaleFuture/kerbalEVAfemaleFuture'
[LOG 19:07:53.493] PartLoader: Compiling Part 'SquadExpansion/Serenity/Parts/Prebuilt/kerbalEVAfemaleVintage/kerbalEVAfemaleVintage'
[LOG 19:07:53.495] PartLoader: Compiling Part 'SquadExpansion/Serenity/Parts/Prebuilt/kerbalEVAFuture/kerbalEVAFuture'
[LOG 19:07:53.501] PartLoader: Compiling Part 'SquadExpansion/Serenity/Parts/Prebuilt/kerbalEVASlimSuit/kerbalEVASlimSuit'
[LOG 19:07:53.503] PartLoader: Compiling Part 'SquadExpansion/Serenity/Parts/Prebuilt/kerbalEVASlimSuitFemale/kerbalEVASlimSuitFemale'
[LOG 19:07:53.504] PartLoader: Compiling Part 'SquadExpansion/Serenity/Parts/Prebuilt/kerbalEVAVintage/kerbalEVAVintage'
[LOG 19:07:53.507] PartLoader: Compiling Part 'SquadExpansion/Serenity/Parts/Propellers/largeFanBlade/largeFanBlade'
[LOG 19:07:53.513] PartLoader: Part 'SquadExpansion/Serenity/Parts/Propellers/largeFanBlade/largeFanBlade' has no database record. Creating.
[LOG 19:07:53.513] [DragCubeSystem]: Drag cubes not found or cannot be read for part Part. Generating New drag cubes.
[LOG 19:07:53.513] [KSPCF/DragCubeGeneration] Creating drag cubes for part 'largeFanBlade'
[LOG 19:07:53.528] PartLoader: Compiling Part 'SquadExpansion/Serenity/Parts/Propellers/largeHeliBlade/largeHeliBlade'
[LOG 19:07:53.535] PartLoader: Part 'SquadExpansion/Serenity/Parts/Propellers/largeHeliBlade/largeHeliBlade' has no database record. Creating.
[LOG 19:07:53.535] [DragCubeSystem]: Drag cubes not found or cannot be read for part Part. Generating New drag cubes.
[LOG 19:07:53.535] [KSPCF/DragCubeGeneration] Creating drag cubes for part 'largeHeliBlade'
[LOG 19:07:53.549] PartLoader: Compiling Part 'SquadExpansion/Serenity/Parts/Propellers/largePropeller/largePropeller'
[LOG 19:07:53.555] PartLoader: Part 'SquadExpansion/Serenity/Parts/Propellers/largePropeller/largePropeller' has no database record. Creating.
[LOG 19:07:53.555] [DragCubeSystem]: Drag cubes not found or cannot be read for part Part. Generating New drag cubes.
[LOG 19:07:53.555] [KSPCF/DragCubeGeneration] Creating drag cubes for part 'largePropeller'
[LOG 19:07:53.569] PartLoader: Compiling Part 'SquadExpansion/Serenity/Parts/Propellers/mediumFanBlade/mediumFanBlade'
[LOG 19:07:53.577] PartLoader: Part 'SquadExpansion/Serenity/Parts/Propellers/mediumFanBlade/mediumFanBlade' has no database record. Creating.
[LOG 19:07:53.578] [DragCubeSystem]: Drag cubes not found or cannot be read for part Part. Generating New drag cubes.
[LOG 19:07:53.578] [KSPCF/DragCubeGeneration] Creating drag cubes for part 'mediumFanBlade'
[LOG 19:07:53.601] PartLoader: Compiling Part 'SquadExpansion/Serenity/Parts/Propellers/mediumHeliBlade/mediumHeliBlade'
[LOG 19:07:53.608] PartLoader: Part 'SquadExpansion/Serenity/Parts/Propellers/mediumHeliBlade/mediumHeliBlade' has no database record. Creating.
[LOG 19:07:53.608] [DragCubeSystem]: Drag cubes not found or cannot be read for part Part. Generating New drag cubes.
[LOG 19:07:53.609] [KSPCF/DragCubeGeneration] Creating drag cubes for part 'mediumHeliBlade'
[LOG 19:07:53.634] PartLoader: Compiling Part 'SquadExpansion/Serenity/Parts/Propellers/mediumPropeller/mediumPropeller'
[LOG 19:07:53.641] PartLoader: Part 'SquadExpansion/Serenity/Parts/Propellers/mediumPropeller/mediumPropeller' has no database record. Creating.
[LOG 19:07:53.641] [DragCubeSystem]: Drag cubes not found or cannot be read for part Part. Generating New drag cubes.
[LOG 19:07:53.641] [KSPCF/DragCubeGeneration] Creating drag cubes for part 'mediumPropeller'
[LOG 19:07:53.667] PartLoader: Compiling Part 'SquadExpansion/Serenity/Parts/Propellers/smallFanBlade/smallFanBlade'
[LOG 19:07:53.671] PartLoader: Part 'SquadExpansion/Serenity/Parts/Propellers/smallFanBlade/smallFanBlade' has no database record. Creating.
[LOG 19:07:53.671] [DragCubeSystem]: Drag cubes not found or cannot be read for part Part. Generating New drag cubes.
[LOG 19:07:53.672] [KSPCF/DragCubeGeneration] Creating drag cubes for part 'smallFanBlade'
[LOG 19:07:53.686] PartLoader: Compiling Part 'SquadExpansion/Serenity/Parts/Propellers/smallHeliBlade/smallHeliBlade'
[LOG 19:07:53.692] PartLoader: Part 'SquadExpansion/Serenity/Parts/Propellers/smallHeliBlade/smallHeliBlade' has no database record. Creating.
[LOG 19:07:53.692] [DragCubeSystem]: Drag cubes not found or cannot be read for part Part. Generating New drag cubes.
[LOG 19:07:53.692] [KSPCF/DragCubeGeneration] Creating drag cubes for part 'smallHeliBlade'
[LOG 19:07:53.706] PartLoader: Compiling Part 'SquadExpansion/Serenity/Parts/Propellers/smallPropeller/smallPropeller'
[LOG 19:07:53.712] PartLoader: Part 'SquadExpansion/Serenity/Parts/Propellers/smallPropeller/smallPropeller' has no database record. Creating.
[LOG 19:07:53.712] [DragCubeSystem]: Drag cubes not found or cannot be read for part Part. Generating New drag cubes.
[LOG 19:07:53.712] [KSPCF/DragCubeGeneration] Creating drag cubes for part 'smallPropeller'
[LOG 19:07:53.727] PartLoader: Compiling Part 'SquadExpansion/Serenity/Parts/Robotics/hinge_01/hinge_01'
[LOG 19:07:53.743] PartLoader: Part 'SquadExpansion/Serenity/Parts/Robotics/hinge_01/hinge_01' has no database record. Creating.
[LOG 19:07:53.743] [DragCubeSystem]: Drag cubes not found or cannot be read for part Part. Generating New drag cubes.
[LOG 19:07:53.743] [KSPCF/DragCubeGeneration] Creating drag cubes for part 'hinge.01'
[LOG 19:07:53.748] PartLoader: Compiling Part 'SquadExpansion/Serenity/Parts/Robotics/hinge_01_s/hinge_01_s'
[LOG 19:07:53.755] PartLoader: Part 'SquadExpansion/Serenity/Parts/Robotics/hinge_01_s/hinge_01_s' has no database record. Creating.
[LOG 19:07:53.755] [DragCubeSystem]: Drag cubes not found or cannot be read for part Part. Generating New drag cubes.
[LOG 19:07:53.755] [KSPCF/DragCubeGeneration] Creating drag cubes for part 'hinge.01.s'
[LOG 19:07:53.760] PartLoader: Compiling Part 'SquadExpansion/Serenity/Parts/Robotics/hinge_03/hinge_03'
[LOG 19:07:53.768] PartLoader: Part 'SquadExpansion/Serenity/Parts/Robotics/hinge_03/hinge_03' has no database record. Creating.
[LOG 19:07:53.768] PartLoader: Compiling Part 'SquadExpansion/Serenity/Parts/Robotics/hinge_03_s/hinge_03_s'
[LOG 19:07:53.774] PartLoader: Part 'SquadExpansion/Serenity/Parts/Robotics/hinge_03_s/hinge_03_s' has no database record. Creating.
[LOG 19:07:53.775] PartLoader: Compiling Part 'SquadExpansion/Serenity/Parts/Robotics/hinge_04/hinge_04'
[LOG 19:07:53.782] PartLoader: Part 'SquadExpansion/Serenity/Parts/Robotics/hinge_04/hinge_04' has no database record. Creating.
[LOG 19:07:53.782] PartLoader: Compiling Part 'SquadExpansion/Serenity/Parts/Robotics/piston_01/piston_01'
[LOG 19:07:53.794] PartLoader: Part 'SquadExpansion/Serenity/Parts/Robotics/piston_01/piston_01' has no database record. Creating.
[LOG 19:07:53.794] PartLoader: Compiling Part 'SquadExpansion/Serenity/Parts/Robotics/piston_02/piston_02'
[LOG 19:07:53.800] PartLoader: Part 'SquadExpansion/Serenity/Parts/Robotics/piston_02/piston_02' has no database record. Creating.
[LOG 19:07:53.801] PartLoader: Compiling Part 'SquadExpansion/Serenity/Parts/Robotics/piston_03/piston_03'
[LOG 19:07:53.806] PartLoader: Part 'SquadExpansion/Serenity/Parts/Robotics/piston_03/piston_03' has no database record. Creating.
[LOG 19:07:53.807] PartLoader: Compiling Part 'SquadExpansion/Serenity/Parts/Robotics/piston_04/piston_04'
[LOG 19:07:53.812] PartLoader: Part 'SquadExpansion/Serenity/Parts/Robotics/piston_04/piston_04' has no database record. Creating.
[LOG 19:07:53.813] PartLoader: Compiling Part 'SquadExpansion/Serenity/Parts/Robotics/RotorEngine_02/RotorEngine_02'
[LOG 19:07:53.825] PartLoader: Part 'SquadExpansion/Serenity/Parts/Robotics/RotorEngine_02/RotorEngine_02' has no database record. Creating.
[LOG 19:07:53.825] [DragCubeSystem]: Drag cubes not found or cannot be read for part Part. Generating New drag cubes.
[LOG 19:07:53.825] [KSPCF/DragCubeGeneration] Creating drag cubes for part 'RotorEngine.02'
[LOG 19:07:53.829] PartLoader: Compiling Part 'SquadExpansion/Serenity/Parts/Robotics/RotorEngine_03/RotorEngine_03'
[LOG 19:07:53.837] PartLoader: Part 'SquadExpansion/Serenity/Parts/Robotics/RotorEngine_03/RotorEngine_03' has no database record. Creating.
[LOG 19:07:53.837] [DragCubeSystem]: Drag cubes not found or cannot be read for part Part. Generating New drag cubes.
[LOG 19:07:53.837] [KSPCF/DragCubeGeneration] Creating drag cubes for part 'RotorEngine.03'
[LOG 19:07:53.843] PartLoader: Compiling Part 'SquadExpansion/Serenity/Parts/Robotics/rotor_01/rotor_01'
[LOG 19:07:53.850] PartLoader: Part 'SquadExpansion/Serenity/Parts/Robotics/rotor_01/rotor_01' has no database record. Creating.
[LOG 19:07:53.850] [DragCubeSystem]: Drag cubes not found or cannot be read for part Part. Generating New drag cubes.
[LOG 19:07:53.850] [KSPCF/DragCubeGeneration] Creating drag cubes for part 'rotor.01'
[LOG 19:07:53.855] PartLoader: Compiling Part 'SquadExpansion/Serenity/Parts/Robotics/rotor_01s/rotor_01s'
[LOG 19:07:53.862] PartLoader: Part 'SquadExpansion/Serenity/Parts/Robotics/rotor_01s/rotor_01s' has no database record. Creating.
[LOG 19:07:53.862] [DragCubeSystem]: Drag cubes not found or cannot be read for part Part. Generating New drag cubes.
[LOG 19:07:53.862] [KSPCF/DragCubeGeneration] Creating drag cubes for part 'rotor.01s'
[LOG 19:07:53.867] PartLoader: Compiling Part 'SquadExpansion/Serenity/Parts/Robotics/rotor_02/rotor_02'
[LOG 19:07:53.873] PartLoader: Part 'SquadExpansion/Serenity/Parts/Robotics/rotor_02/rotor_02' has no database record. Creating.
[LOG 19:07:53.873] [DragCubeSystem]: Drag cubes not found or cannot be read for part Part. Generating New drag cubes.
[LOG 19:07:53.873] [KSPCF/DragCubeGeneration] Creating drag cubes for part 'rotor.02'
[LOG 19:07:53.878] PartLoader: Compiling Part 'SquadExpansion/Serenity/Parts/Robotics/rotor_02s/rotor_02s'
[LOG 19:07:53.884] PartLoader: Part 'SquadExpansion/Serenity/Parts/Robotics/rotor_02s/rotor_02s' has no database record. Creating.
[LOG 19:07:53.885] [DragCubeSystem]: Drag cubes not found or cannot be read for part Part. Generating New drag cubes.
[LOG 19:07:53.885] [KSPCF/DragCubeGeneration] Creating drag cubes for part 'rotor.02s'
[LOG 19:07:53.889] PartLoader: Compiling Part 'SquadExpansion/Serenity/Parts/Robotics/rotor_03/rotor_03'
[LOG 19:07:53.896] PartLoader: Part 'SquadExpansion/Serenity/Parts/Robotics/rotor_03/rotor_03' has no database record. Creating.
[LOG 19:07:53.896] [DragCubeSystem]: Drag cubes not found or cannot be read for part Part. Generating New drag cubes.
[LOG 19:07:53.896] [KSPCF/DragCubeGeneration] Creating drag cubes for part 'rotor.03'
[LOG 19:07:53.901] PartLoader: Compiling Part 'SquadExpansion/Serenity/Parts/Robotics/rotor_03s/rotor_03s'
[LOG 19:07:53.909] PartLoader: Part 'SquadExpansion/Serenity/Parts/Robotics/rotor_03s/rotor_03s' has no database record. Creating.
[LOG 19:07:53.909] [DragCubeSystem]: Drag cubes not found or cannot be read for part Part. Generating New drag cubes.
[LOG 19:07:53.909] [KSPCF/DragCubeGeneration] Creating drag cubes for part 'rotor.03s'
[LOG 19:07:53.913] PartLoader: Compiling Part 'SquadExpansion/Serenity/Parts/Robotics/rotoServo_00/rotoServo_00'
[LOG 19:07:53.924] PartLoader: Part 'SquadExpansion/Serenity/Parts/Robotics/rotoServo_00/rotoServo_00' has no database record. Creating.
[LOG 19:07:53.925] [DragCubeSystem]: Drag cubes not found or cannot be read for part Part. Generating New drag cubes.
[LOG 19:07:53.925] [KSPCF/DragCubeGeneration] Creating drag cubes for part 'rotoServo.00'
[LOG 19:07:53.929] PartLoader: Compiling Part 'SquadExpansion/Serenity/Parts/Robotics/rotoServo_02/rotoServo_02'
[LOG 19:07:53.936] PartLoader: Part 'SquadExpansion/Serenity/Parts/Robotics/rotoServo_02/rotoServo_02' has no database record. Creating.
[LOG 19:07:53.936] [DragCubeSystem]: Drag cubes not found or cannot be read for part Part. Generating New drag cubes.
[LOG 19:07:53.936] [KSPCF/DragCubeGeneration] Creating drag cubes for part 'rotoServo.02'
[LOG 19:07:53.941] PartLoader: Compiling Part 'SquadExpansion/Serenity/Parts/Robotics/rotoServo_03/rotoServo_03'
[LOG 19:07:53.947] PartLoader: Part 'SquadExpansion/Serenity/Parts/Robotics/rotoServo_03/rotoServo_03' has no database record. Creating.
[LOG 19:07:53.947] [DragCubeSystem]: Drag cubes not found or cannot be read for part Part. Generating New drag cubes.
[LOG 19:07:53.947] [KSPCF/DragCubeGeneration] Creating drag cubes for part 'rotoServo.03'
[LOG 19:07:53.952] PartLoader: Compiling Part 'SquadExpansion/Serenity/Parts/Robotics/rotoServo_04/rotoServo_04'
[LOG 19:07:53.958] PartLoader: Part 'SquadExpansion/Serenity/Parts/Robotics/rotoServo_04/rotoServo_04' has no database record. Creating.
[LOG 19:07:53.958] [DragCubeSystem]: Drag cubes not found or cannot be read for part Part. Generating New drag cubes.
[LOG 19:07:53.958] [KSPCF/DragCubeGeneration] Creating drag cubes for part 'rotoServo.04'
[LOG 19:07:53.963] PartLoader: Compiling Part 'SquadExpansion/Serenity/Parts/Robotics/Controllers/KAL1000/controller1000'
[LOG 19:07:53.974] PartLoader: Part 'SquadExpansion/Serenity/Parts/Robotics/Controllers/KAL1000/controller1000' has no database record. Creating.
[LOG 19:07:53.974] [DragCubeSystem]: Drag cubes not found or cannot be read for part Part. Generating New drag cubes.
[LOG 19:07:53.974] [KSPCF/DragCubeGeneration] Creating drag cubes for part 'controller1000'
[LOG 19:07:53.979] PartLoader: Compiling Part 'SquadExpansion/Serenity/Parts/Science/RobotArmScanner/RobotArmScanner_S1/RobotArmScanner_S1'
[LOG 19:07:53.993] PartLoader: Part 'SquadExpansion/Serenity/Parts/Science/RobotArmScanner/RobotArmScanner_S1/RobotArmScanner_S1' has no database record. Creating.
[LOG 19:07:53.993] [DragCubeSystem]: Drag cubes not found or cannot be read for part Part. Generating New drag cubes.
[LOG 19:07:53.993] [KSPCF/DragCubeGeneration] Creating drag cubes for part 'RobotArmScanner.S1'
[LOG 19:07:54.009] PartLoader: Compiling Part 'SquadExpansion/Serenity/Parts/Science/RobotArmScanner/RobotArmScanner_S2/RobotArmScanner_S2'
[LOG 19:07:54.015] PartLoader: Part 'SquadExpansion/Serenity/Parts/Science/RobotArmScanner/RobotArmScanner_S2/RobotArmScanner_S2' has no database record. Creating.
[LOG 19:07:54.015] [DragCubeSystem]: Drag cubes not found or cannot be read for part Part. Generating New drag cubes.
[LOG 19:07:54.015] [KSPCF/DragCubeGeneration] Creating drag cubes for part 'RobotArmScanner.S2'
[LOG 19:07:54.030] PartLoader: Compiling Part 'SquadExpansion/Serenity/Parts/Science/RobotArmScanner/RobotArmScanner_S3/RobotArmScanner_S3'
[LOG 19:07:54.038] PartLoader: Part 'SquadExpansion/Serenity/Parts/Science/RobotArmScanner/RobotArmScanner_S3/RobotArmScanner_S3' has no database record. Creating.
[LOG 19:07:54.038] [DragCubeSystem]: Drag cubes not found or cannot be read for part Part. Generating New drag cubes.
[LOG 19:07:54.038] [KSPCF/DragCubeGeneration] Creating drag cubes for part 'RobotArmScanner.S3'
[LOG 19:07:54.055] PartLoader: Compiling Part 'SquadExpansion/Serenity/Parts/Structural/gripPads/lGripPad/lGripPad'
[LOG 19:07:54.063] PartLoader: Part 'SquadExpansion/Serenity/Parts/Structural/gripPads/lGripPad/lGripPad' has no database record. Creating.
[LOG 19:07:54.063] [DragCubeSystem]: Drag cubes not found or cannot be read for part Part. Generating New drag cubes.
[LOG 19:07:54.063] [KSPCF/DragCubeGeneration] Creating drag cubes for part 'lGripPad'
[LOG 19:07:54.073] PartLoader: Compiling Part 'SquadExpansion/Serenity/Parts/Structural/gripPads/lGripStrip/lGripStrip'
[LOG 19:07:54.077] PartLoader: Part 'SquadExpansion/Serenity/Parts/Structural/gripPads/lGripStrip/lGripStrip' has no database record. Creating.
[LOG 19:07:54.077] [DragCubeSystem]: Drag cubes not found or cannot be read for part Part. Generating New drag cubes.
[LOG 19:07:54.077] [KSPCF/DragCubeGeneration] Creating drag cubes for part 'lGripStrip'
[LOG 19:07:54.080] PartLoader: Compiling Part 'SquadExpansion/Serenity/Parts/Structural/gripPads/mGripPad/mGripPad'
[LOG 19:07:54.085] PartLoader: Part 'SquadExpansion/Serenity/Parts/Structural/gripPads/mGripPad/mGripPad' has no database record. Creating.
[LOG 19:07:54.085] [DragCubeSystem]: Drag cubes not found or cannot be read for part Part. Generating New drag cubes.
[LOG 19:07:54.085] [KSPCF/DragCubeGeneration] Creating drag cubes for part 'mGripPad'
[LOG 19:07:54.095] PartLoader: Compiling Part 'SquadExpansion/Serenity/Parts/Structural/gripPads/sGripPad/sGripPad'
[LOG 19:07:54.099] PartLoader: Part 'SquadExpansion/Serenity/Parts/Structural/gripPads/sGripPad/sGripPad' has no database record. Creating.
[LOG 19:07:54.099] [DragCubeSystem]: Drag cubes not found or cannot be read for part Part. Generating New drag cubes.
[LOG 19:07:54.099] [KSPCF/DragCubeGeneration] Creating drag cubes for part 'sGripPad'
[LOG 19:07:54.109] PartLoader: Compiling Part 'SquadExpansion/Serenity/Parts/Structural/gripPads/sGripStrip/sGripStrip'
[LOG 19:07:54.113] PartLoader: Part 'SquadExpansion/Serenity/Parts/Structural/gripPads/sGripStrip/sGripStrip' has no database record. Creating.
[LOG 19:07:54.113] [DragCubeSystem]: Drag cubes not found or cannot be read for part Part. Generating New drag cubes.
[LOG 19:07:54.113] [KSPCF/DragCubeGeneration] Creating drag cubes for part 'sGripStrip'
[LOG 19:07:54.118] PartLoader: Compiling Internal Prop 'Squad/Props/AltimeterThreeHands/prop/AltimeterThreeHands'
[LOG 19:07:54.123] PartLoader: Compiling Internal Prop 'Squad/Props/AtmosphereDepth/prop/AtmosphereDepth'
[LOG 19:07:54.125] PartLoader: Compiling Internal Prop 'Squad/Props/AxisIndicator/pitchConfig/AxisIndicatorPitch'
[LOG 19:07:54.127] PartLoader: Compiling Internal Prop 'Squad/Props/AxisIndicator/rollConfig/AxisIndicatorRoll'
[LOG 19:07:54.128] PartLoader: Compiling Internal Prop 'Squad/Props/AxisIndicator/yawConfig/AxisIndicatorYaw'
[LOG 19:07:54.130] PartLoader: Compiling Internal Prop 'Squad/Props/buttonsGeneric/circularButton/genericCircularButton'
[LOG 19:07:54.132] PartLoader: Compiling Internal Prop 'Squad/Props/buttonsGeneric/clusterButtons/genericClusterButtons'
[LOG 19:07:54.132] PartLoader: Compiling Internal Prop 'Squad/Props/buttonsGeneric/clusterButtons2/genericClusterButtons2'
[LOG 19:07:54.133] PartLoader: Compiling Internal Prop 'Squad/Props/buttonsGeneric/clusterKnob/genericClusterKnobs'
[LOG 19:07:54.133] PartLoader: Compiling Internal Prop 'Squad/Props/buttonsGeneric/clusterKnob2/genericClusterKnobs2'
[LOG 19:07:54.134] PartLoader: Compiling Internal Prop 'Squad/Props/buttonsGeneric/clusterMixed/genericClusterMixed'
[LOG 19:07:54.134] PartLoader: Compiling Internal Prop 'Squad/Props/buttonsGeneric/clusterSwitches01/genericClusterSwitches01'
[LOG 19:07:54.135] PartLoader: Compiling Internal Prop 'Squad/Props/buttonsGeneric/clusterSwitches02/genericClusterSwitches02'
[LOG 19:07:54.135] PartLoader: Compiling Internal Prop 'Squad/Props/buttonsGeneric/clusterSwitches03/genericClusterSwitches03'
[LOG 19:07:54.136] PartLoader: Compiling Internal Prop 'Squad/Props/buttonsGeneric/clusterSwitches04/genericClusterSwitches04'
[LOG 19:07:54.137] PartLoader: Compiling Internal Prop 'Squad/Props/buttonsGeneric/clusterSwitches05/genericClusterSwitches05'
[LOG 19:07:54.137] PartLoader: Compiling Internal Prop 'Squad/Props/buttonsGeneric/clusterSwitches06/genericClusterSwitches06'
[LOG 19:07:54.138] PartLoader: Compiling Internal Prop 'Squad/Props/buttonsGeneric/clusterSwitches07/genericClusterSwitches07'
[LOG 19:07:54.138] PartLoader: Compiling Internal Prop 'Squad/Props/buttonsGeneric/directionalKnob/genericDirectionalKnob'
[LOG 19:07:54.139] PartLoader: Compiling Internal Prop 'Squad/Props/buttonsGeneric/directionalKnob2/genericDirectionalKnob2'
[LOG 19:07:54.139] PartLoader: Compiling Internal Prop 'Squad/Props/buttonsGeneric/pullSwitch/genericPullSwitch'
[LOG 19:07:54.140] PartLoader: Compiling Internal Prop 'Squad/Props/buttonsGeneric/squareButton/genericSquareButton'
[LOG 19:07:54.140] PartLoader: Compiling Internal Prop 'Squad/Props/buttonsGeneric/standingSwitch/genericStandingSwitch'
[LOG 19:07:54.141] PartLoader: Compiling Internal Prop 'Squad/Props/buttonsGeneric/switch/genericSwitch'
[LOG 19:07:54.141] PartLoader: Compiling Internal Prop 'Squad/Props/buttonsGeneric/switchWithGuards/genericSwitchWithGuards'
[LOG 19:07:54.142] PartLoader: Compiling Internal Prop 'Squad/Props/ButtonSquare/prop/ButtonSquare'
[LOG 19:07:54.144] PartLoader: Compiling Internal Prop 'Squad/Props/circularButton/prop/circularButton'
[LOG 19:07:54.144] PartLoader: Compiling Internal Prop 'Squad/Props/Compass/prop/Compass'
[LOG 19:07:54.145] PartLoader: Compiling Internal Prop 'Squad/Props/directionalKnob/prop/directionalKnob'
[LOG 19:07:54.146] PartLoader: Compiling Internal Prop 'Squad/Props/directionalKnob2/prop/directionalKnob2'
[LOG 19:07:54.146] PartLoader: Compiling Internal Prop 'Squad/Props/IndicatorPanel/prop/IndicatorPanel'
[LOG 19:07:54.149] PartLoader: Compiling Internal Prop 'Squad/Props/IVANavBall/prop/NavBall'
[LOG 19:07:54.152] PartLoader: Compiling Internal Prop 'Squad/Props/IVANavBallNoBase/prop/NavBallNoBase'
[LOG 19:07:54.153] PartLoader: Compiling Internal Prop 'Squad/Props/ledPanelSpeed/prop/ledPanelSpeed'
[LOG 19:07:54.156] PartLoader: Compiling Internal Prop 'Squad/Props/Monitor/DockingMode/MonitorDockingMode'
[LOG 19:07:54.157] PartLoader: Compiling Internal Prop 'Squad/Props/NavBall/prop/NavBall'
[LOG 19:07:54.158] PartLoader: Compiling Internal Prop 'Squad/Props/PropsGeneric/Button_DockingMode/Button_DockingMode'
[LOG 19:07:54.159] PartLoader: Compiling Internal Prop 'Squad/Props/PropsGeneric/CargoBagA/CargoBagA'
[LOG 19:07:54.160] PartLoader: Compiling Internal Prop 'Squad/Props/PropsGeneric/CargoBagB/CargoBagB'
[LOG 19:07:54.161] PartLoader: Compiling Internal Prop 'Squad/Props/PropsGeneric/CargoBagC/CargoBagC'
[LOG 19:07:54.161] PartLoader: Compiling Internal Prop 'Squad/Props/PropsGeneric/Hatch_Plane/Hatch_Plane'
[LOG 19:07:54.162] PartLoader: Compiling Internal Prop 'Squad/Props/PropsGeneric/Hatch_Plane_Curve90/Hatch_Plane_Curve90'
[LOG 19:07:54.163] PartLoader: Compiling Internal Prop 'Squad/Props/PropsGeneric/Hatch_Plane_Frame/Hatch_Plane_Frame'
[LOG 19:07:54.164] PartLoader: Compiling Internal Prop 'Squad/Props/PropsGeneric/Seat_Passenger/Seat_Passenger'
[LOG 19:07:54.165] PartLoader: Compiling Internal Prop 'Squad/Props/PropsGeneric/Seat_Pilot/Seat_Pilot'
[LOG 19:07:54.165] PartLoader: Compiling Internal Prop 'Squad/Props/PropsGeneric/Seat_Pilot_Helmet/Seat_Pilot_Helmet'
[LOG 19:07:54.166] PartLoader: Compiling Internal Prop 'Squad/Props/PropsGeneric/SideStick/SideStick'
[LOG 19:07:54.167] PartLoader: Compiling Internal Prop 'Squad/Props/pullSwitch/prop/pullSwitch'
[LOG 19:07:54.168] PartLoader: Compiling Internal Prop 'Squad/Props/radarAltitude/prop/RadarAltimeter'
[LOG 19:07:54.170] PartLoader: Compiling Internal Prop 'Squad/Props/squareButton/prop/squareButton'
[LOG 19:07:54.171] PartLoader: Compiling Internal Prop 'Squad/Props/standingSwitch/prop/standingSwitch'
[LOG 19:07:54.172] PartLoader: Compiling Internal Prop 'Squad/Props/switch/prop/switch'
[LOG 19:07:54.173] PartLoader: Compiling Internal Prop 'Squad/Props/switchGuard/prop/switchGuard'
[LOG 19:07:54.173] PartLoader: Compiling Internal Prop 'Squad/Props/switchWithGuards/prop/switchWithGuards'
[LOG 19:07:54.174] PartLoader: Compiling Internal Prop 'Squad/Props/throttle/prop/throttle'
[LOG 19:07:54.176] PartLoader: Compiling Internal Prop 'Squad/Props/VSI/prop/VSI'
[LOG 19:07:54.179] PartLoader: Compiling Internal Space 'Squad/Spaces/crewCabinInternals/internal/crewCabinInternals'
[LOG 19:07:54.190] PartLoader: Compiling Internal Space 'Squad/Spaces/cupolaInternal/internal/cupolaInternal'
[LOG 19:07:54.205] PartLoader: Compiling Internal Space 'Squad/Spaces/GenericSpace1/internal/GenericSpace1'
[LOG 19:07:54.206] PartLoader: Compiling Internal Space 'Squad/Spaces/GenericSpace3/internal/GenericSpace3'
[LOG 19:07:54.208] PartLoader: Compiling Internal Space 'Squad/Spaces/landerCabinInternals/internal/landerCabinInternals'
[LOG 19:07:54.210] PartLoader: Compiling Internal Space 'Squad/Spaces/landerCabinSmallInternal/internal/landerCabinSmallInternal'
[LOG 19:07:54.215] PartLoader: Compiling Internal Space 'Squad/Spaces/LargeCrewedLabInternals/internal/Mobile_Processing_Lab_Int'
[LOG 19:07:54.217] PartLoader: Compiling Internal Space 'Squad/Spaces/Mk1-3/internal/Mk1-3'
[LOG 19:07:54.224] PartLoader: Compiling Internal Space 'Squad/Spaces/mk1CabinInternal/internal/mk1CabinInternal'
[LOG 19:07:54.230] PartLoader: Compiling Internal Space 'Squad/Spaces/mk1CockpitInternal/internal/mk1CockpitInternal'
[LOG 19:07:54.237] PartLoader: Compiling Internal Space 'Squad/Spaces/mk1InlineInternal/internal/mk1InlineInternal'
[LOG 19:07:54.243] PartLoader: Compiling Internal Space 'Squad/Spaces/mk1PodCockpit/internal/mk1PodCockpit'
[LOG 19:07:54.245] PartLoader: Compiling Internal Space 'Squad/Spaces/mk1pod_IVA/mk1pod_Internal/mk1pod_IVA'
[LOG 19:07:54.253] PartLoader: Compiling Internal Space 'Squad/Spaces/mk2CockpitStandardInternal/internal/mk2CockpitStandardInternals'
[LOG 19:07:54.261] PartLoader: Compiling Internal Space 'Squad/Spaces/Mk2CrewCabinInternal/internal_MK2_CrewCab/MK2_CrewCab_Int'
[LOG 19:07:54.266] PartLoader: Compiling Internal Space 'Squad/Spaces/mk2InlineInternal/internal/mk2InlineInternal'
[LOG 19:07:54.277] PartLoader: Compiling Internal Space 'Squad/Spaces/mk2LanderCanInternal/internal/mk2LanderCanInternal'
[LOG 19:07:54.284] PartLoader: Compiling Internal Space 'Squad/Spaces/MK3CockpitInternal/internal_MK3/MK3_Cockpit_Int'
[LOG 19:07:54.297] PartLoader: Compiling Internal Space 'Squad/Spaces/MK3_CrewCab_Int/internal_MK3_CrewCab/MK3_CrewCab_Int'
[LOG 19:07:54.300] InternalSeat: Cannot find portraitCamera of name 'Camera_Left003'
[LOG 19:07:54.307] PartLoader: Compiling Internal Space 'Squad/Spaces/Placeholder/internal/Placeholder'
[LOG 19:07:54.316] PartLoader: Compiling Internal Space 'Squad/Spaces/PodCockpit/internal/PodCockpit'
[LOG 19:07:54.324] PartLoader: Compiling Internal Space 'SquadExpansion/MakingHistory/Spaces/KVPods/Airlock_Internal/Airlock_IVA'
[LOG 19:07:54.325] PartLoader: Compiling Internal Space 'SquadExpansion/MakingHistory/Spaces/KVPods/KV1_Internal/KV1_IVA'
[LOG 19:07:54.328] PartLoader: Compiling Internal Space 'SquadExpansion/MakingHistory/Spaces/KVPods/KV2_Internal/KV2_IVA'
[LOG 19:07:54.334] PartLoader: Compiling Internal Space 'SquadExpansion/MakingHistory/Spaces/KVPods/KV3_Internal/KV3_IVA'
[LOG 19:07:54.342] PartLoader: Compiling Internal Space 'SquadExpansion/MakingHistory/Spaces/MEM/MEM_IVA/MEM_IVA'
[LOG 19:07:54.351] PartLoader: Compiling Internal Space 'SquadExpansion/MakingHistory/Spaces/Mk2Pod/Mk2Pod_Internal/MK2POD_IVA'
[LOG 19:07:55.007] Assets:
[LOG 19:07:55.007] anim_missionsapp_idle.anim
[LOG 19:07:55.008] anim_missionsapp_idle_warning.anim
[LOG 19:07:55.008] anim_missionsapp_warning.anim
[LOG 19:07:55.008] anim_missionssapp.anim
[LOG 19:07:55.008] animcontroller_missionsappmaster.controller
[LOG 19:07:55.008] app_bg.tif
[LOG 19:07:55.008] app_bottom_gray.tif
[LOG 19:07:55.008] app_divider_pulldown_body.tif
[LOG 19:07:55.008] app_divider_pulldown_footer.tif
[LOG 19:07:55.008] app_divider_pulldown_header.tif
[LOG 19:07:55.008] app_divider_pulldown_header_over.tif
[LOG 19:07:55.008] app_header_gray.tif
[LOG 19:07:55.008] app_missions_icon_active.tif
[LOG 19:07:55.008] app_missions_icon_complete.tif
[LOG 19:07:55.008] app_missions_icon_failed.tif
[LOG 19:07:55.008] app_missions_icon_inactive.tif
[LOG 19:07:55.008] spritesheet_missionsapp.tif
[LOG 19:07:55.008] spritesheet_missionsappwarning.tif
[LOG 19:07:55.008] missionbriefingdialog.prefab
[LOG 19:07:55.008] missionbriefingtag.prefab
[LOG 19:07:55.008] awardwidget.prefab
[LOG 19:07:55.008] missionenddialog.prefab
[LOG 19:07:55.008] missionitemwidget.prefab
[LOG 19:07:55.008] missionplaybutton.prefab
[LOG 19:07:55.009] missionplaydialog.prefab
[LOG 19:07:55.009] missionsteamitemwidget.prefab
[LOG 19:07:55.009] missionvalidationdialog.prefab
[LOG 19:07:55.009] validationentry.prefab
[LOG 19:07:55.009] comettoken.fbx
[LOG 19:07:55.009] comettoken.jpg
[LOG 19:07:55.009] placementegizmo_comet.mat
[LOG 19:07:55.009] placementegizmo_comet_tail.mat
[LOG 19:07:55.009] femalevintagepreview.prefab
[LOG 19:07:55.009] malevintagepreview.prefab
[LOG 19:07:55.009] checkpointentrywidget.prefab
[LOG 19:07:55.009] crewmanagementdialog.prefab
[LOG 19:07:55.009] listitem_vesseltitle.prefab
[LOG 19:07:55.009] missionbrowser.prefab
[LOG 19:07:55.009] missioncheckpointbrowser.prefab
[LOG 19:07:55.009] missioncrewlistitem.prefab
[LOG 19:07:55.009] missionentrywidget.prefab
[LOG 19:07:55.009] missiontemplateentrywidget.prefab
[LOG 19:07:55.009] partcategorizerbutton.prefab
[LOG 19:07:55.009] partselectorbrowser.prefab
[LOG 19:07:55.009] partselectorentry.prefab
[LOG 19:07:55.009] gaputil_vesselframe.prefab
[LOG 19:07:55.009] meguiconnector.prefab
[LOG 19:07:55.009] meguinode.prefab
[LOG 19:07:55.009] meguinodecategorybutton.prefab
[LOG 19:07:55.009] meguinodeicon.prefab
[LOG 19:07:55.009] meguinodeicongroup.prefab
[LOG 19:07:55.009] meguiscrollviewitem.prefab
[LOG 19:07:55.009] meiconloaderbasicnode.prefab
[LOG 19:07:55.010] meiconloadergap.prefab
[LOG 19:07:55.010] meiconloadernodecategorizer.prefab
[LOG 19:07:55.010] menodecanvas.prefab
[LOG 19:07:55.010] missioneditorscreen.prefab
[LOG 19:07:55.010] nodelisttooltip.prefab
[LOG 19:07:55.010] nodelisttooltipextinfolistspacer.prefab
[LOG 19:07:55.010] orbitgizmo.prefab
[LOG 19:07:55.010] biomeshighlight.shader
[LOG 19:07:55.010] projector-surfacegizmo.shader
[LOG 19:07:55.010] scaledplanetbiomeshighlight.shader
[LOG 19:07:55.010] sprites-alwaysover.shader
[LOG 19:07:55.010] ui-unlit-infinite.shader
[LOG 19:07:55.010] ui-unlit-solid.shader
[LOG 19:07:55.010] assetgraph_connectionpoint_inputmark.png
[LOG 19:07:55.010] assetgraph_inputbg.png
[LOG 19:07:55.010] boldly.png
[LOG 19:07:55.010] carpool.png
[LOG 19:07:55.010] frugal.png
[LOG 19:07:55.010] homesick.png
[LOG 19:07:55.010] keys.png
[LOG 19:07:55.010] saint.png
[LOG 19:07:55.010] sinner.png
[LOG 19:07:55.010] thespot.png
[LOG 19:07:55.010] timekeeper.png
[LOG 19:07:55.010] helmetbronze.png
[LOG 19:07:55.011] helmetgold.png
[LOG 19:07:55.011] helmetsilver.png
[LOG 19:07:55.011] action-part-resource-drain.png
[LOG 19:07:55.011] change-part-resource-levels.png
[LOG 19:07:55.011] create-asteroid.png
[LOG 19:07:55.011] create-kerbal.png
[LOG 19:07:55.011] create-vessel.png
[LOG 19:07:55.011] crew-assignment.png
[LOG 19:07:55.011] dialog-message.png
[LOG 19:07:55.011] display-message.png
[LOG 19:07:55.011] fail-part.png
[LOG 19:07:55.011] fly-through.png
[LOG 19:07:55.011] funds-recovery.png
[LOG 19:07:55.011] generic-node.png
[LOG 19:07:55.011] go-to.png
[LOG 19:07:55.011] kerbal-boarded.png
[LOG 19:07:55.011] kerbal-recovery.png
[LOG 19:07:55.011] kerbal-rescue.png
[LOG 19:07:55.011] launch-site.png
[LOG 19:07:55.011] leave-soi.png
[LOG 19:07:55.011] orbit.png
[LOG 19:07:55.011] part-explode.png
[LOG 19:07:55.011] plant-flag.png
[LOG 19:07:55.011] reach-soi.png
[LOG 19:07:55.011] repair-part.png
[LOG 19:07:55.011] resource-amount.png
[LOG 19:07:55.011] resource-recovery.png
[LOG 19:07:55.011] science-experiment.png
[LOG 19:07:55.011] score.png
[LOG 19:07:55.012] take-tourist.png
[LOG 19:07:55.012] test-altitude.png
[LOG 19:07:55.012] test-eva.png
[LOG 19:07:55.012] test-grapple.png
[LOG 19:07:55.012] time-of-flight.png
[LOG 19:07:55.012] time-of-mission.png
[LOG 19:07:55.012] time-since-node.png
[LOG 19:07:55.012] vessel-crashed.png
[LOG 19:07:55.012] vessel-crew-count.png
[LOG 19:07:55.012] vessel-explode.png
[LOG 19:07:55.012] vessel-flying.png
[LOG 19:07:55.012] vessel-landed.png
[LOG 19:07:55.012] vessel-mass.png
[LOG 19:07:55.012] vessel-splashed.png
[LOG 19:07:55.012] vessel-stage-activated.png
[LOG 19:07:55.012] vessel-stage.png
[LOG 19:07:55.012] arrange-graph.png
[LOG 19:07:55.012] builderbuttons_briefing.png
[LOG 19:07:55.012] builderbuttons_reset.png
[LOG 19:07:55.012] builderbuttons_trackingstation.png
[LOG 19:07:55.012] frame-graph.png
[LOG 19:07:55.012] lock.png
[LOG 19:07:55.012] maximize.png
[LOG 19:07:55.012] minimize.png
[LOG 19:07:55.012] pin.png
[LOG 19:07:55.012] pin_down.png
[LOG 19:07:55.012] redo.png
[LOG 19:07:55.012] reset.png
[LOG 19:07:55.012] tracking-station.png
[LOG 19:07:55.012] undo.png
[LOG 19:07:55.013] visible-in-gap.png
[LOG 19:07:55.013] location.png
[LOG 19:07:55.013] logic.png
[LOG 19:07:55.013] science.png
[LOG 19:07:55.013] utility.png
[LOG 19:07:55.013] vessel.png
[LOG 19:07:55.013] eye.png
[LOG 19:07:55.013] iconmb.png
[LOG 19:07:55.013] me_btn_generic_normal.tif
[LOG 19:07:55.013] me_button_generic_normal.tif
[LOG 19:07:55.013] nodecat_bg.png
[LOG 19:07:55.013] nodecat_divider.tif
[LOG 19:07:55.013] nodecat_divider_bottom.tif
[LOG 19:07:55.013] pholderwarningicon.png
[LOG 19:07:55.013] reseticon.png
[LOG 19:07:55.013] validityindicator.controller
[LOG 19:07:55.013] validtyinidicatorpulse.anim
[LOG 19:07:55.013] broadorbittoggle button.png
[LOG 19:07:55.013] maneuvertoggle button.png
[LOG 19:07:55.013] orbitalgizmoicons.png
[LOG 19:07:55.013] reset orbit button.png
[LOG 19:07:55.013] nodelabel.prefab
[LOG 19:07:55.013] kerbaleva_female_exp.prefab
[LOG 19:07:55.013] kerbaleva_rd_exp.prefab
[LOG 19:07:55.013] missioneditorevabody.mat
[LOG 19:07:55.013] missioneditorevabodyalternate.mat
[LOG 19:07:55.013] missioneditorevabodybrown.mat
[LOG 19:07:55.014] missioneditorevaeyeballs.mat
[LOG 19:07:55.014] missioneditorevaeyes.mat
[LOG 19:07:55.014] missioneditorevahead.mat
[LOG 19:07:55.014] missioneditorevahelmet.mat
[LOG 19:07:55.014] missioneditorevahelmetred.mat
[LOG 19:07:55.014] missioneditorevajetpack.mat
[LOG 19:07:55.014] missioneditorevalight.mat
[LOG 19:07:55.014] kbevafemalevintage.prefab
[LOG 19:07:55.014] kbevavintage.prefab
[LOG 19:07:55.014] evalight.fbx
[LOG 19:07:55.014] kbeva@new.fbx
[LOG 19:07:55.014] kbeva@newfem.fbx
[LOG 19:07:55.014] mevahelmetlight.fbx
[LOG 19:07:55.014] evajetpackscondary.dds
[LOG 19:07:55.014] evajetpacksecondary_n.dds
[LOG 19:07:55.014] evalight.png
[LOG 19:07:55.014] kerbalmainnrm.dds
[LOG 19:07:55.014] me_suit_difuse_blue.dds
[LOG 19:07:55.014] me_suit_difuse_low_polybrown.dds
[LOG 19:07:55.014] me_suit_difuse_orange.dds
[LOG 19:07:55.014] kerbalfemalevintage.prefab
[LOG 19:07:55.014] kerbalmalevintage.prefab
[LOG 19:07:55.014] evahelmet.mat
[LOG 19:07:55.014] evatexture.mat
[LOG 19:07:55.014] kerbalgirl_06_basecolor.mat
[LOG 19:07:55.014] kerbalhead.mat
[LOG 19:07:55.014] lambert6.mat
[LOG 19:07:55.014] mat_eyeballs.mat
[LOG 19:07:55.014] mat_eyes01.mat
[LOG 19:07:55.015] material #4.mat
[LOG 19:07:55.015] mesh_female_kerbalastronaut01_kerbalgirl_export_15_lambert20.mat
[LOG 19:07:55.015] mesh_female_kerbalastronaut01_kerbalgirl_export_15_lambert21.mat
[LOG 19:07:55.015] kbfemale_iva_mecanim.fbx
[LOG 19:07:55.015] kbiva_mecanim.fbx
[LOG 19:07:55.015] kerbalicon_eva_female_vintage.tif
[LOG 19:07:55.015] kerbalicon_eva_vintage.tif
[LOG 19:07:55.015] kerbalicon_suit_female_vintage.tif
[LOG 19:07:55.015] kerbalicon_suit_orange_female_vintage.tif
[LOG 19:07:55.015] kerbalicon_suit_orange_vintage.tif
[LOG 19:07:55.015] kerbalicon_suit_vintage.tif
[LOG 19:07:55.015] gap_celestialbody_camerasetup.prefab
[LOG 19:07:55.015] gap_celestialbody_collisionsphere.prefab
[LOG 19:07:55.015] gap_celestialbody_surfacegizmo_area.prefab
[LOG 19:07:55.015] gap_celestialbody_surfacegizmo_basic.prefab
[LOG 19:07:55.015] gap_celestialbody_surfacegizmo_icon.prefab
[LOG 19:07:55.015] gap_celestialbody_surfacegizmo_vessel.prefab
[LOG 19:07:55.015] gap_celestialbody_surfacegizmo_volume.prefab
[LOG 19:07:55.015] gap_proceduralasteroid.prefab
[LOG 19:07:55.015] gap_proceduralcomet.prefab
[LOG 19:07:55.015] gapbuttonprefab.prefab
[LOG 19:07:55.015] gapkerbal_femaleveteran.prefab
[LOG 19:07:55.015] gapkerbal_femaleveteran_vintage.prefab
[LOG 19:07:55.015] gapkerbal_male_slimsuit.prefab
[LOG 19:07:55.015] gapkerbal_maleveteran.prefab
[LOG 19:07:55.015] gapkerbal_maleveteran_vintage.prefab
[LOG 19:07:55.015] gapscrollablesidebarbutton.prefab
[LOG 19:07:55.015] gapsidebarbutton.prefab
[LOG 19:07:55.015] gaptoggleprefab.prefab
[LOG 19:07:55.015] gaputil_biselector.prefab
[LOG 19:07:55.016] gaputil_celestialbody.prefab
[LOG 19:07:55.016] vesseldisplay_camerasetup.prefab
[LOG 19:07:55.016] desert_airfield.prefab
[LOG 19:07:55.016] desert_groundobjects.prefab
[LOG 19:07:55.016] desert_launch_site.prefab
[LOG 19:07:55.016] larkes.prefab
[LOG 19:07:55.016] floor bottom.mat
[LOG 19:07:55.016] floor top.mat
[LOG 19:07:55.016] legs.mat
[LOG 19:07:55.016] ramp.mat
[LOG 19:07:55.016] stairs grid lights pivot.mat
[LOG 19:07:55.016] supports 1.mat
[LOG 19:07:55.016] supports 2.mat
[LOG 19:07:55.016] tunnels.mat
[LOG 19:07:55.016] floor bottom.dds
[LOG 19:07:55.016] floor top.dds
[LOG 19:07:55.016] floor top_normal.dds
[LOG 19:07:55.016] legs.dds
[LOG 19:07:55.016] ramp.dds
[LOG 19:07:55.016] stairs grid lights pivot.dds
[LOG 19:07:55.016] supports 1.dds
[LOG 19:07:55.016] supports 2.dds
[LOG 19:07:55.016] tunnels.dds
[LOG 19:07:55.016] diffuse.mat
[LOG 19:07:55.016] floor bottom_base_color.mat
[LOG 19:07:55.016] floor top_base_color.mat
[LOG 19:07:55.016] legs_base_color.mat
[LOG 19:07:55.016] ramp_base_color.mat
[LOG 19:07:55.016] stairs grid lights pivot_base_colormodpsd.mat
[LOG 19:07:55.017] stairs_grid_lights_pivot_base_color.mat
[LOG 19:07:55.017] supports 1_base_color.mat
[LOG 19:07:55.017] supports 2_base_color.mat
[LOG 19:07:55.017] tunnels_base_color.mat
[LOG 19:07:55.017] mobilelaunchpad_19.fbx
[LOG 19:07:55.017] pontoons.fbx
[LOG 19:07:55.017] pontoons_diffuse.dds
[LOG 19:07:55.017] ramp_normal.png
[LOG 19:07:55.017] 1001_base_color.mat
[LOG 19:07:55.017] desert groundtransition.mat
[LOG 19:07:55.017] desert groundtransition_highquality.mat
[LOG 19:07:55.017] desert groundtransition_lowquality.mat
[LOG 19:07:55.017] desert groundtransition_mediumquality.mat
[LOG 19:07:55.017] desert groundtransition_ultraquality.mat
[LOG 19:07:55.017] desert runway sand.mat
[LOG 19:07:55.017] desert runway stone.mat
[LOG 19:07:55.017] mobilelaunchpad.prefab
[LOG 19:07:55.017] woomerang_groundobjects.prefab
[LOG 19:07:55.017] woomerang_launch_site.prefab
[LOG 19:07:55.018] Scenes:
[LOG 19:07:55.018] kspMissionEditor.unity
[LOG 19:08:03.936] Assets:
[LOG 19:08:03.936] appanim_missionsapp.prefab
[LOG 19:08:03.936] cascading_body_missionheader.prefab
[LOG 19:08:03.936] cascading_body_missioninfo.prefab
[LOG 19:08:03.936] cascading_body_missionobjective.prefab
[LOG 19:08:03.936] cascading_body_missionsvesselheader.prefab
[LOG 19:08:03.936] cascading_body_missionsvesselitem.prefab
[LOG 19:08:03.936] cascading_body_settingsbutton.prefab
[LOG 19:08:03.936] cascading_body_settingstoggle.prefab
[LOG 19:08:03.936] missionsapp.prefab
[LOG 19:08:03.936] axislimitline.prefab
[LOG 19:08:03.936] controlleraction.prefab
[LOG 19:08:03.936] controlleraxis.prefab
[LOG 19:08:03.936] controllerwindow.prefab
[LOG 19:08:03.936] curvepanelpoint.prefab
[LOG 19:08:03.936] curvepanelpointaction.prefab
[LOG 19:08:03.936] axis_align_ends.png
[LOG 19:08:03.936] axis_clamp_values.png
[LOG 19:08:03.936] axis_copy.png
[LOG 19:08:03.936] axis_flip_horizontal.png
[LOG 19:08:03.936] axis_flip_vertical.png
[LOG 19:08:03.937] axis_move_down-trackrow.png
[LOG 19:08:03.937] axis_move_down.png
[LOG 19:08:03.937] axis_move_up-trackrow.png
[LOG 19:08:03.937] axis_move_up.png
[LOG 19:08:03.937] axis_paste.png
[LOG 19:08:03.937] axis_preset_flat.png
[LOG 19:08:03.937] axis_preset_sawtooth.png
[LOG 19:08:03.937] axis_preset_sine.png
[LOG 19:08:03.937] axis_preset_square.png
[LOG 19:08:03.937] axis_preset_triangle.png
[LOG 19:08:03.937] axis_select_all.png
[LOG 19:08:03.937] background_squared_inset.png
[LOG 19:08:03.937] close.png
[LOG 19:08:03.937] direction_forward.png
[LOG 19:08:03.937] direction_reverse.png
[LOG 19:08:03.937] edit.png
[LOG 19:08:03.937] fieldlimitline.png
[LOG 19:08:03.937] keyframe_add.png
[LOG 19:08:03.937] keyframe_clamp_value.png
[LOG 19:08:03.937] keyframe_delete.png
[LOG 19:08:03.937] keyframe_linear.png
[LOG 19:08:03.937] keyframe_smooth.png
[LOG 19:08:03.937] keyframe_step_backward.png
[LOG 19:08:03.937] keyframe_step_forward.png
[LOG 19:08:03.937] line.png
[LOG 19:08:03.937] line_dashed.png
[LOG 19:08:03.937] loop_pingpong.png
[LOG 19:08:03.937] loop_playonce.png
[LOG 19:08:03.937] loop_repeat.png
[LOG 19:08:03.938] node.png
[LOG 19:08:03.938] node_circle.png
[LOG 19:08:03.938] node_square.png
[LOG 19:08:03.938] pause.png
[LOG 19:08:03.938] play.png
[LOG 19:08:03.938] pointer.png
[LOG 19:08:03.938] remove-axis.png
[LOG 19:08:03.938] remove_key.png
[LOG 19:08:03.938] resize_icon.png
[LOG 19:08:03.938] sequence_resize_button_states.png
[LOG 19:08:03.938] sequence_resize_maintain.png
[LOG 19:08:03.938] sequence_resize_scale.png
[LOG 19:08:03.938] sequence_speed.png
[LOG 19:08:03.938] tracking_editor_button_states.png
[LOG 19:08:03.938] femalefuturepreview.prefab
[LOG 19:08:03.938] malefuturepreview.prefab
[LOG 19:08:03.938] kbfemale@controlpanel_a.fbx
[LOG 19:08:03.938] kbfemale@controlpanel_b.fbx
[LOG 19:08:03.938] kbfemale@controlpanel_c.fbx
[LOG 19:08:03.938] kbfemale@rocksample.fbx
[LOG 19:08:03.938] hammerfemale.fbx
[LOG 19:08:03.938] hammermale.fbx
[LOG 19:08:03.938] kbeva@controlpanel_a.fbx
[LOG 19:08:03.938] kbeva@controlpanel_b.fbx
[LOG 19:08:03.938] kbeva@controlpanel_c.fbx
[LOG 19:08:03.938] kbeva@rocksample.fbx
[LOG 19:08:03.938] kerbaleva_female_future.prefab
[LOG 19:08:03.938] kerbaleva_rd_future.prefab
[LOG 19:08:03.938] futureevabody.mat
[LOG 19:08:03.938] futureevabodyalternate.mat
[LOG 19:08:03.938] futureevajetpack.mat
[LOG 19:08:03.939] futureevalight.mat
[LOG 19:08:03.939] futurehelmet.mat
[LOG 19:08:03.939] kbevafemalefuture.prefab
[LOG 19:08:03.939] kbevafuture.prefab
[LOG 19:08:03.939] kbeva@new.fbx
[LOG 19:08:03.939] kbeva@newfem.fbx
[LOG 19:08:03.939] mevahelmetlight.fbx
[LOG 19:08:03.939] serenityfemaleeva.fbx
[LOG 19:08:03.939] serenityflares.fbx
[LOG 19:08:03.939] serenitymaleeva.fbx
[LOG 19:08:03.939] evajetpacknrm.dds
[LOG 19:08:03.939] futuresuit_diffuse_orange.dds
[LOG 19:08:03.939] futuresuit_diffuse_whiteblue.dds
[LOG 19:08:03.939] futuresuit_diffuse_whiteorange.dds
[LOG 19:08:03.939] futuresuit_emissive.dds
[LOG 19:08:03.939] futuresuit_evalight.png
[LOG 19:08:03.939] futuresuitmainnrm.dds
[LOG 19:08:03.939] ksp_ig_jetpack_diffuse.jpg
[LOG 19:08:03.939] kerbalfemalefuture.prefab
[LOG 19:08:03.939] kerbalmalefuture.prefab
[LOG 19:08:03.939] futuresuit_diffuse.mat
[LOG 19:08:03.939] serenityfemaleiva.fbx
[LOG 19:08:03.939] serenitymaleiva.fbx
[LOG 19:08:03.939] kerbalicon_eva_female_future.tif
[LOG 19:08:03.939] kerbalicon_eva_future.tif
[LOG 19:08:03.939] kerbalicon_suit_female_future.tif
[LOG 19:08:03.939] kerbalicon_suit_future.tif
[LOG 19:08:03.939] kerbalicon_suit_orange_female_future.tif
[LOG 19:08:03.939] kerbalicon_suit_orange_future.tif
[LOG 19:08:03.940] bottom_emissor.mat
[LOG 19:08:03.940] burst_emissor.mat
[LOG 19:08:03.940] burstprojectiles_emissor.mat
[LOG 19:08:03.940] constantburst_emissor.mat
[LOG 19:08:03.940] snowflakes_emissor.mat
[LOG 19:08:03.940] vapor_emissor.mat
[LOG 19:08:03.940] base_0.mat
[LOG 19:08:03.940] base_1.mat
[LOG 19:08:03.940] base_2.mat
[LOG 19:08:03.940] base_3_1.mat
[LOG 19:08:03.940] base_3_2.mat
[LOG 19:08:03.940] vapor.mat
[LOG 19:08:03.940] burst.png
[LOG 19:08:03.940] cloud2.png
[LOG 19:08:03.940] v1.png
[LOG 19:08:03.940] v2.png
[LOG 19:08:03.940] v3.png
[LOG 19:08:03.940] v5.png
[LOG 19:08:03.940] gapkerbal_female_future.prefab
[LOG 19:08:03.940] gapkerbal_male_future.prefab
[LOG 19:08:03.940] hammerfemale.prefab
[LOG 19:08:03.940] hammermale.prefab
[LOG 19:08:03.940] bopgravelpile.prefab
[LOG 19:08:03.940] bopgravelpile.fbx
[LOG 19:08:03.940] bop_gravel pile_d.mat
[LOG 19:08:03.940] lambert1.mat
[LOG 19:08:03.940] bop_gravel pile_d.png
[LOG 19:08:03.940] bop_gravel pile_d.tga
[LOG 19:08:03.940] bop_gravel pile_n.png
[LOG 19:08:03.940] bop_gravel pile_s.png
[LOG 19:08:03.941] drescrater.prefab
[LOG 19:08:03.941] dresmeteorite.prefab
[LOG 19:08:03.941] drescrater.fbx
[LOG 19:08:03.941] dresmeteorite.fbx
[LOG 19:08:03.941] dres_crater_d.mat
[LOG 19:08:03.941] dres_meteorite_d.mat
[LOG 19:08:03.941] lambert1.mat
[LOG 19:08:03.941] dres_crater_d.tga
[LOG 19:08:03.941] dres_crater_n.png
[LOG 19:08:03.941] dres_meteorite_d.tga
[LOG 19:08:03.941] dres_meteorite_n.png
[LOG 19:08:03.941] dunablueberries.prefab
[LOG 19:08:03.941] dunadune.prefab
[LOG 19:08:03.941] dunameteorite.prefab
[LOG 19:08:03.941] dunastone.prefab
[LOG 19:08:03.941] dunaasteroid.fbx
[LOG 19:08:03.941] dunablueberries.fbx
[LOG 19:08:03.941] dunadune.fbx
[LOG 19:08:03.941] dunastone.fbx
[LOG 19:08:03.941] duna_asteroid_d.mat
[LOG 19:08:03.941] duna_dune_d.mat
[LOG 19:08:03.941] duna_stone_d.mat
[LOG 19:08:03.941] dune_blueberries_d.mat
[LOG 19:08:03.941] lambert1.mat
[LOG 19:08:03.941] duna_asteroid_d.tga
[LOG 19:08:03.941] duna_asteroid_n.png
[LOG 19:08:03.941] duna_dune_d.tga
[LOG 19:08:03.941] duna_dune_n.tga
[LOG 19:08:03.941] duna_stone_d.tga
[LOG 19:08:03.941] duna_stone_n.png
[LOG 19:08:03.942] dune_blueberries_d.tga
[LOG 19:08:03.942] dune_blueberries_n.png
[LOG 19:08:03.942] eelooberg.prefab
[LOG 19:08:03.942] eeloobrownboulder.prefab
[LOG 19:08:03.942] eelooicechunk.prefab
[LOG 19:08:03.942] eelooberg.fbx
[LOG 19:08:03.942] eelooboulder.fbx
[LOG 19:08:03.942] eelooicechunk.fbx
[LOG 19:08:03.942] eeloo_alien_glacier_d.mat
[LOG 19:08:03.942] eeloo_brown_ boulder_d.mat
[LOG 19:08:03.942] eeloo_ice chunk_d.mat
[LOG 19:08:03.942] lambert1.mat
[LOG 19:08:03.942] eeloo_alien_glacier_d.tga
[LOG 19:08:03.942] eeloo_alien_glacier_e.tga
[LOG 19:08:03.942] eeloo_alien_glacier_n.png
[LOG 19:08:03.942] eeloo_brown_ boulder_d.tga
[LOG 19:08:03.942] eeloo_brown_ boulder_n.png
[LOG 19:08:03.942] eeloo_ice chunk_d.tga
[LOG 19:08:03.942] eeloo_ice chunk_e.tga
[LOG 19:08:03.942] eeloo_ice chunk_n.png
[LOG 19:08:03.942] eeloo_ice chunk_s.tga
[LOG 19:08:03.942] evebasaltformation.prefab
[LOG 19:08:03.942] evepancakedome.prefab
[LOG 19:08:03.942] evevolcanicrock.prefab
[LOG 19:08:03.942] evebasaltformation.fbx
[LOG 19:08:03.942] evepancakeformation.fbx
[LOG 19:08:03.942] evevolcanicrock.fbx
[LOG 19:08:03.942] eve basalt formation_d.mat
[LOG 19:08:03.942] eve pancake formation_d.mat
[LOG 19:08:03.942] eve volcanic rock_d.mat
[LOG 19:08:03.943] lambert1.mat
[LOG 19:08:03.943] eve basalt formation_d.tga
[LOG 19:08:03.943] eve basalt formation_n.tga
[LOG 19:08:03.943] eve pancake formation_d.tga
[LOG 19:08:03.943] eve pancake formation_e.png
[LOG 19:08:03.943] eve pancake formation_n.png
[LOG 19:08:03.943] eve volcanic rock_d.tga
[LOG 19:08:03.943] eve volcanic rock_n.png
[LOG 19:08:03.943] gillyridgeline.fbx
[LOG 19:08:03.943] gilly ridegeline_d.mat
[LOG 19:08:03.943] lambert1.mat
[LOG 19:08:03.943] gillyridgeline.prefab
[LOG 19:08:03.943] gilly ridegeline_d.tga
[LOG 19:08:03.943] gilly ridegeline_n.png
[LOG 19:08:03.943] dunaejecta.prefab
[LOG 19:08:03.943] ikedunaejecta.fbx
[LOG 19:08:03.943] ike_duna_ejecta_mat.mat
[LOG 19:08:03.943] ike duna ejecta_d.tga
[LOG 19:08:03.943] ike duna ejecta_n.png
[LOG 19:08:03.943] kerbinbaobabtree.fbx
[LOG 19:08:03.943] kerbinquartz.fbx
[LOG 19:08:03.943] baobaptree.mat
[LOG 19:08:03.943] kerbin_baobab_tree_d.mat
[LOG 19:08:03.943] kerbin_boabob_tree_d.mat
[LOG 19:08:03.943] kerbin_giant_quartz_d.mat
[LOG 19:08:03.943] lambert1.mat
[LOG 19:08:03.943] lambert2.mat
[LOG 19:08:03.943] kerbinbaobabtree.prefab
[LOG 19:08:03.943] kerbinquartz.prefab
[LOG 19:08:03.943] kerbin_baobab_tree_alpha.png
[LOG 19:08:03.944] kerbin_baobab_tree_d.tga
[LOG 19:08:03.944] kerbin_baobab_tree_n.png
[LOG 19:08:03.944] kerbin_giant_quartz_d.tga
[LOG 19:08:03.944] kerbin_giant_quartz_e.tga
[LOG 19:08:03.944] kerbin_giant_quartz_n.tga
[LOG 19:08:03.944] kerbin_giant_quartz_s.tga
[LOG 19:08:03.944] laytheboulder.fbx
[LOG 19:08:03.944] laythegeyser.fbx
[LOG 19:08:03.944] laythestone.fbx
[LOG 19:08:03.944] lambert1.mat
[LOG 19:08:03.944] laythe_boulder_d.mat
[LOG 19:08:03.944] laythe_geyser_d.mat
[LOG 19:08:03.944] laythe_stone_d.mat
[LOG 19:08:03.944] laytheboulder.prefab
[LOG 19:08:03.944] laythegeyser.prefab
[LOG 19:08:03.944] laythestone.prefab
[LOG 19:08:03.944] laythe_boulder_d.tga
[LOG 19:08:03.944] laythe_boulder_n.png
[LOG 19:08:03.944] laythe_geyser_d.tga
[LOG 19:08:03.944] laythe_geyser_n.png
[LOG 19:08:03.944] laythe_stone_d.tga
[LOG 19:08:03.944] laythe_stone_n.png
[LOG 19:08:03.944] greensandstone.fbx
[LOG 19:08:03.944] lambert1.mat
[LOG 19:08:03.944] minmus_green_sandstone_d.mat
[LOG 19:08:03.944] minmus_olivine_formation_d.mat
[LOG 19:08:03.944] minmusolivineformation.fbx
[LOG 19:08:03.944] minmus_greensandstone.prefab
[LOG 19:08:03.944] minmus_olivineformation.prefab
[LOG 19:08:03.944] minmus_green_sandstone_d.tga
[LOG 19:08:03.945] minmus_green_sandstone_n.png
[LOG 19:08:03.945] minmus_olivine_formation_d.tga
[LOG 19:08:03.945] minmus_olivine_formation_n.png
[LOG 19:08:03.945] lambert1.mat
[LOG 19:08:03.945] moho wrinkleridge_d.mat
[LOG 19:08:03.945] moho_stone_d.mat
[LOG 19:08:03.945] mohostone.fbx
[LOG 19:08:03.945] mohowrinkleridge.fbx
[LOG 19:08:03.945] mohostone.prefab
[LOG 19:08:03.945] mohowrinkleridge.prefab
[LOG 19:08:03.945] moho wrinkleridge_d.tga
[LOG 19:08:03.945] moho wrinkleridge_e.png
[LOG 19:08:03.945] moho wrinkleridge_n.png
[LOG 19:08:03.945] moho_stone_d.tga
[LOG 19:08:03.945] moho_stone_n.png
[LOG 19:08:03.945] lambert1.mat
[LOG 19:08:03.945] mun_crater_d.mat
[LOG 19:08:03.945] mun_large_crater_d.mat
[LOG 19:08:03.945] mun_stone_d.mat
[LOG 19:08:03.945] muncrater.fbx
[LOG 19:08:03.945] munlargecrater.fbx
[LOG 19:08:03.945] munstone.fbx
[LOG 19:08:03.945] muncrater.prefab
[LOG 19:08:03.945] munlargecrater.prefab
[LOG 19:08:03.945] munstone.prefab
[LOG 19:08:03.945] mun_crater_d.tga
[LOG 19:08:03.945] mun_crater_n.png
[LOG 19:08:03.945] mun_large_crater_d.tga
[LOG 19:08:03.945] mun_large_crater_n.png
[LOG 19:08:03.945] mun_stone_d.tga
[LOG 19:08:03.946] mun_stone_n.png
[LOG 19:08:03.946] lambert1.mat
[LOG 19:08:03.946] pol_yellowstone_d.mat
[LOG 19:08:03.946] polyellowstone.fbx
[LOG 19:08:03.946] pol_yellowstones.prefab
[LOG 19:08:03.946] pol_yellowstone_d.png
[LOG 19:08:03.946] pol_yellowstone_n.png
[LOG 19:08:03.946] lambert1.mat
[LOG 19:08:03.946] tylo_checkerboard_d.mat
[LOG 19:08:03.946] tylo_dark boulder_d.mat
[LOG 19:08:03.946] tylo_light_d.mat
[LOG 19:08:03.946] tyloboulder.fbx
[LOG 19:08:03.946] tylocheckerboard.fbx
[LOG 19:08:03.946] tylolightstone.fbx
[LOG 19:08:03.946] tylo_ checkerboard_n.png
[LOG 19:08:03.946] tylo_checkerboard_d.png
[LOG 19:08:03.946] tylo_dark boulder_d.tga
[LOG 19:08:03.946] tylo_dark boulder_n.png
[LOG 19:08:03.946] tylo_light_d.tga
[LOG 19:08:03.946] tylo_light_n.png
[LOG 19:08:03.946] tylocheckerboard.prefab
[LOG 19:08:03.946] tylodarkboulder.prefab
[LOG 19:08:03.946] tylolightstone.prefab
[LOG 19:08:03.946] cryovolcano_d.mat
[LOG 19:08:03.946] lambert1.mat
[LOG 19:08:03.946] vallicechunk_d.mat
[LOG 19:08:03.946] vallstone_d.mat
[LOG 19:08:03.946] vall_cryovolcano.fbx
[LOG 19:08:03.946] vall_icechunk.fbx
[LOG 19:08:03.946] vall_stone.fbx
[LOG 19:08:03.946] cryovolcano_d.tga
[LOG 19:08:03.947] cryovolcano_e.png
[LOG 19:08:03.947] cryovolcano_n.jpg
[LOG 19:08:03.947] cryovolcano_s.jpg
[LOG 19:08:03.947] vallicechunk_d.jpg
[LOG 19:08:03.947] vallicechunk_e.jpg
[LOG 19:08:03.947] vallicechunk_n.jpg
[LOG 19:08:03.947] vallicechunk_s.jpg
[LOG 19:08:03.947] vallstone_d.jpg
[LOG 19:08:03.947] vallstone_e.jpg
[LOG 19:08:03.947] vallstone_n.jpg
[LOG 19:08:03.947] vallstone_s.jpg
[LOG 19:08:03.947] vallcryovolcano.prefab
[LOG 19:08:03.947] vallicechunk.prefab
[LOG 19:08:03.947] vallstone.prefab
[LOG 19:08:03.947] vfx_spark.mat
[LOG 19:08:03.947] vfx_welding_flare.mat
[LOG 19:08:03.947] cometdustmaterial.mat
[LOG 19:08:03.947] cometgeysermat.mat
[LOG 19:08:03.956] GetTypesOfModulesImplementingInterface2: Found 69 types with IPartModuleAdjuster interface in 8 assemblies.
[LOG 19:08:03.964] GetSubclassesOfParentClass: Found 0 types with ModuleActiveRadiator parent in 8 assemblies.
[LOG 19:08:03.972] GetSubclassesOfParentClass: Found 0 types with ModuleAlternator parent in 8 assemblies.
[LOG 19:08:03.979] GetSubclassesOfParentClass: Found 1 types with ModuleControlSurface parent in 8 assemblies.
[LOG 19:08:03.985] GetSubclassesOfParentClass: Found 0 types with ModuleDataTransmitter parent in 8 assemblies.
[LOG 19:08:03.991] GetSubclassesOfParentClass: Found 0 types with ModuleDeployableSolarPanel parent in 8 assemblies.
[LOG 19:08:03.997] GetSubclassesOfParentClass: Found 1 types with ModuleEngines parent in 8 assemblies.
[LOG 19:08:04.003] GetSubclassesOfParentClass: Found 0 types with ModuleGenerator parent in 8 assemblies.
[LOG 19:08:04.009] GetSubclassesOfParentClass: Found 0 types with ModuleGimbal parent in 8 assemblies.
[LOG 19:08:04.016] GetSubclassesOfParentClass: Found 2 types with ModuleLiftingSurface parent in 8 assemblies.
[LOG 19:08:04.021] GetSubclassesOfParentClass: Found 0 types with ModuleLight parent in 8 assemblies.
[LOG 19:08:04.027] GetSubclassesOfParentClass: Found 0 types with ModuleReactionWheel parent in 8 assemblies.
[LOG 19:08:04.033] GetSubclassesOfParentClass: Found 0 types with ModuleSAS parent in 8 assemblies.
[LOG 19:08:04.039] GetSubclassesOfParentClass: Found 0 types with ModuleWheelBrakes parent in 8 assemblies.
[LOG 19:08:04.045] GetSubclassesOfParentClass: Found 1 types with ModuleWheelMotor parent in 8 assemblies.
[LOG 19:08:04.045] GetSubclassesOfParentClass: Using cached results for ModuleActiveRadiator
[LOG 19:08:04.051] GetSubclassesOfParentClass: Found 0 types with ModuleAnchoredDecoupler parent in 8 assemblies.
[LOG 19:08:04.056] GetSubclassesOfParentClass: Found 0 types with ModuleCargoBay parent in 8 assemblies.
[LOG 19:08:04.057] GetSubclassesOfParentClass: Using cached results for ModuleControlSurface
[LOG 19:08:04.057] GetSubclassesOfParentClass: Using cached results for ModuleDataTransmitter
[LOG 19:08:04.063] GetSubclassesOfParentClass: Found 0 types with ModuleDecouple parent in 8 assemblies.
[LOG 19:08:04.068] GetSubclassesOfParentClass: Found 4 types with ModuleDeployablePart parent in 8 assemblies.
[LOG 19:08:04.074] GetSubclassesOfParentClass: Found 0 types with ModuleDockingNode parent in 8 assemblies.
[LOG 19:08:04.074] GetSubclassesOfParentClass: Using cached results for ModuleEngines
[LOG 19:08:04.080] GetSubclassesOfParentClass: Found 0 types with CModuleFuelLine parent in 8 assemblies.
[LOG 19:08:04.086] GetSubclassesOfParentClass: Found 0 types with ModuleGPS parent in 8 assemblies.
[LOG 19:08:04.092] GetSubclassesOfParentClass: Found 0 types with ModuleGrappleNode parent in 8 assemblies.
[LOG 19:08:04.092] GetSubclassesOfParentClass: Using cached results for ModuleGrappleNode
[LOG 19:08:04.098] GetSubclassesOfParentClass: Found 0 types with ModuleKerbNetAccess parent in 8 assemblies.
[LOG 19:08:04.098] GetSubclassesOfParentClass: Using cached results for ModuleLight
[LOG 19:08:04.098] GetSubclassesOfParentClass: Using cached results for ModuleLight
[LOG 19:08:04.104] GetSubclassesOfParentClass: Found 0 types with ModuleProbeControlPoint parent in 8 assemblies.
[LOG 19:08:04.110] GetSubclassesOfParentClass: Found 1 types with ModuleRCS parent in 8 assemblies.
[LOG 19:08:04.110] GetSubclassesOfParentClass: Using cached results for ModuleRCS
[LOG 19:08:04.110] GetSubclassesOfParentClass: Using cached results for ModuleReactionWheel
[LOG 19:08:04.110] GetSubclassesOfParentClass: Using cached results for ModuleReactionWheel
[LOG 19:08:04.116] GetSubclassesOfParentClass: Found 0 types with ModuleResourceIntake parent in 8 assemblies.
[LOG 19:08:04.122] GetSubclassesOfParentClass: Found 0 types with ModuleScienceExperiment parent in 8 assemblies.
[LOG 19:08:04.128] GetSubclassesOfParentClass: Found 0 types with ModuleToggleCrossfeed parent in 8 assemblies.
[LOG 19:08:04.133] GetSubclassesOfParentClass: Found 0 types with ModuleWheelDeployment parent in 8 assemblies.
[LOG 19:08:04.169] ExpansionsLoader: Expansions loaded in 9.739s
[LOG 19:08:04.169] Loading Systems: Elapsed time is 25.9612s
[LOG 19:08:07.491] [AddonLoader]: Instantiating addon 'KSPCFFastLoaderPSystemSetup' from assembly 'KSPCommunityFixes'
[LOG 19:08:07.806] [Agent]: Found 19 agent mentality types
[LOG 19:08:07.808] [AgentList]: 31 agents parsed and loaded.
[LOG 19:08:07.844] [UIMasterController]: HideUI
[LOG 19:08:07.930] [CelestialBody]: Kerbin's solar day length is 1d, 0h, 0m long. sidereal day length is 5h, 59m, 9s long
[LOG 19:08:08.174] [TerrainPrecisionFix] Kerbin: terrain placed in double precision (first quad corrected by 16.50 mm)
[LOG 19:08:13.623] [UIMasterController]: HideUI
[LOG 19:08:13.630] [HighLogic]: =========================== Scene Change : From LOADING to MAINMENU =====================
[LOG 19:08:14.177] [AddonLoader]: Instantiating addon 'ContractDefs' from assembly 'KSP'
[LOG 19:08:14.204] [AddonLoader]: Instantiating addon 'KSPCFFastLoaderReport' from assembly 'KSPCommunityFixes'
[LOG 19:08:14.233] [UIMasterController]: ShowUI
[LOG 19:08:14.490] [GameParameters]: Loaded custom parameter class CommNetParams.
[LOG 19:08:14.491] [GameParameters]: Loaded custom parameter class MissionParamsGeneral.
[LOG 19:08:14.491] [GameParameters]: Loaded custom parameter class MissionParamsFacilities.
[LOG 19:08:14.491] [GameParameters]: Loaded custom parameter class MissionParamsExtras.
[LOG 19:08:14.491] [GameParameters]: Loaded custom parameter class AdvancedParams.
[LOG 19:08:14.512] [ReflectionUtil]: Found 40 types with UpgradeModule attribute in 8 assemblies.
[LOG 19:08:14.530] [KSPCF:FastLoader] Intel(R) Core(TM) i7-4790K CPU @ 4.00GHz | 32687 MB | NVIDIA GeForce GTX 1060 6GB (6029 MB)
Total loading time to main menu : 39.680s
- Configs and assemblies loaded in 4.999s
- Configs reload done in 1.069s
- Configs translated in 0.016s
- 2331 assets loaded in 3.334s :
  - 86 audio assets (79.689 MiB) in 0.602s, 132.349 MiB/s
  - 1618 texture assets (1.293 GiB) in 2.148s, 616.308 MiB/s
  - 626 model assets (64.41 MiB) in 0.581s, 110.868 MiB/s
- Asset bundles loaded in 0.474s
- GameDatabase (configs, resources, traits, upgrades...) loaded in 0.067s
- Built-in parts copied in 0.021s
- Part and internal configs extracted in 0.001s
- 483 parts and 1927 modules compiled in 6.979s
  - 4.0 modules/part, 14.449 ms/part, 3.622 ms/module
  - PartIcon compilation : 1.089s
- 27 internal spaces and 56 props compiled in 0.240s
- 2 DLC (Making History, Breaking Ground) loaded in 9.771s
- Planetary system loaded in 7.441s
[LOG 19:08:14.530] Texture queries : 1709, slow path : 1 (0.06 %)
[LOG 19:08:14.535] [ModuleManager] Total loading Time = 34.934s
[LOG 19:08:14.575] [ScenarioTypes]: List Created 23 scenario types loaded from 8 loaded assemblies.
[WRN 19:08:14.584] File 'D:/KSP-Dev/KSP_x64_Data/../Missions/MissionScoreInfo.cfg' does not exist
[LOG 19:08:14.587] [ApplicationLauncher] Awake False
[LOG 19:08:14.587] [ApplicationLauncher] SpawnSimpleLayout: VerticalTopDown
[LOG 19:08:14.601] [UiApp] Awake: 
[LOG 19:08:14.602] [ApplicationLauncher] OnSceneLoadedGUIReady: scene MAINMENU ShouldBeVisible() True ShouldBeOnTop() True iIsPositionedAtTop True
[LOG 19:08:14.623] [UIApp] Adding  to Application Launcher
[LOG 19:08:14.626] [ApplicationLauncher] SetHidden: 
[LOG 19:08:14.631] [MessageSystem] OnAppInitialized
[LOG 19:08:14.632] [MessageSystem] Reposition 0.0402833 28090
[LOG 19:08:25.603] [KSPUpgradePipeline]: claude (1.12.5) is up to date.
[LOG 19:08:25.611] [ExperienceSystem]: Found 0 trait types
[LOG 19:08:25.618] [ExperienceSystem]: Found 20 effect types
[LOG 19:08:25.649] [ScenarioTypes]: List Created 23 scenario types loaded from 8 loaded assemblies.
[LOG 19:08:25.669] Game State Saved to saves/claude/persistent
[LOG 19:08:25.679] [MessageSystem] Load Messages
[LOG 19:08:25.682] [UIMasterController]: HideUI
[LOG 19:08:25.683] [HighLogic]: =========================== Scene Change : From MAINMENU to SPACECENTER =====================
[LOG 19:08:26.013] [AddonLoader]: Instantiating addon 'CustomConfigsManager' from assembly 'ModuleManager'
[LOG 19:08:28.941] [UIMasterController]: ShowUI
[LOG 19:08:29.229] [SceneLoadSpeedBoost] Save loaded from disk in 1ms
[LOG 19:08:29.241] GetSubclassesOfParentClass: Found 7 types with AlarmTypeBase parent in 8 assemblies.
[LOG 19:08:29.250] Loading Depletion Nodes
[LOG 19:08:29.250] DepNodeCount:  0
[LOG 19:08:29.250] Loading Biome Nodes
[LOG 19:08:29.250] BiomeNodeCount:  0
[LOG 19:08:29.250] Loading Planet Nodes
[LOG 19:08:29.250] PlanetNodeCount:  0
[LOG 19:08:29.265] [ScenarioDestructibles]: Loading... 0 objects registered
[LOG 19:08:29.340] [AsteroidSpawner]: No new objects this time. (Odds are 1:2)
[LOG 19:08:29.377] [UiApp] Awake: KSPedia
[LOG 19:08:29.377] [UiApp] Awake: Missions App
[LOG 19:08:29.377] [UiApp] Awake: AlarmClock
[LOG 19:08:29.378] [GenericAppFrame] Reposition 0 32069
[LOG 19:08:29.378] [ApplicationLauncher] OnSceneLoadedGUIReady: scene SPACECENTER ShouldBeVisible() True ShouldBeOnTop() False iIsPositionedAtTop True
[LOG 19:08:29.378] [ApplicationLauncher] SpawnSimpleLayout: HorizontalRightLeft
[LOG 19:08:29.382] [ApplicationLauncher] SetVisible: 
[LOG 19:08:29.427] [UIApp] OnDestroy: Contracts
[LOG 19:08:29.435] [MessageSystem] Reposition 0.02 32070
[LOG 19:08:29.435] [GenericAppFrame] Reposition 0.02 32070
[LOG 19:08:29.436] [GenericAppFrame] Reposition 0.02 32070
[LOG 19:08:29.571] [UIApp] Adding AlarmClock to Application Launcher
[LOG 19:08:29.573] [UIApp] Adding Missions App to Application Launcher
[LOG 19:08:29.603] [GenericAppFrame] Reposition 0.1029285 32076
[LOG 19:08:29.607] [MissionsApp] OnAppStarted(): id: -383404
[LOG 19:08:29.607] MissionsApp does not execute in this game mode, destroying this instance
[LOG 19:08:29.607] [UIApp] OnDestroy: Missions App
[LOG 19:08:29.618] [UIApp] Adding KSPedia to Application Launcher
[LOG 19:08:30.872] Game Paused!
[LOG 19:08:30.873] [UIMasterController]: ShowUI
[LOG 19:08:33.949] [KSPUpgradePipeline]: claude (1.12.5) is up to date.
[LOG 19:08:33.958] [ScenarioTypes]: List Created 23 scenario types loaded from 8 loaded assemblies.
[LOG 19:08:33.958] [MessageSystem] Load Messages
[LOG 19:08:33.962] [UIMasterController]: HideUI
[LOG 19:08:33.971] [HighLogic]: =========================== Scene Change : From SPACECENTER to FLIGHT =====================
[LOG 19:08:33.974] Game Unpaused!
[LOG 19:08:34.262] [UIApp] OnDestroy: AlarmClock
[LOG 19:08:34.263] [UIApp] OnDestroy: KSPedia
[LOG 19:08:34.272] [KSPCF:MemoryLeaks] Removed a onPlanetariumTargetChange callback owned by a destroyed Assembly-CSharp:CommNetVessel instance
[LOG 19:08:34.281] [KSPCF:MemoryLeaks] Leaving scene "SpaceCenter", cleaned 5 memory leaks in 0.013s. GameEvents callbacks : 471. Allocated memory : 651.516 MiB (managed heap), 2.19 GiB (unmanaged)
[LOG 19:08:34.292] UICanvasPrefabSpawner FlightUI spawning Flight
[LOG 19:08:34.325] UICanvasPrefabSpawner FlightUI spawning VesselLabels
[LOG 19:08:34.325] [UiApp] Awake: ResourceDisplay
[LOG 19:08:34.409] [AddonLoader]: Instantiating addon 'AeroGUI' from assembly 'KSP'
[LOG 19:08:34.423] [PlanetariumCamera]: Focus: Kerbin
[LOG 19:08:34.424] [UIMasterController]: HideUI
[LOG 19:08:34.722] [UIMasterController]: HideUI
[LOG 19:08:34.722] ------------------- initializing flight mode... ------------------
[LOG 19:08:34.723] GetSubclassesOfParentClass: Using cached results for AlarmTypeBase
[LOG 19:08:34.724] Loading Depletion Nodes
[LOG 19:08:34.724] DepNodeCount:  0
[LOG 19:08:34.724] Loading Biome Nodes
[LOG 19:08:34.724] BiomeNodeCount:  0
[LOG 19:08:34.724] Loading Planet Nodes
[LOG 19:08:34.724] PlanetNodeCount:  0
[LOG 19:08:34.726] [ScenarioDestructibles]: Loading... 0 objects registered
[LOG 19:08:34.752] Target vessel index: 1  vessel count: 3
[LOG 19:08:34.753] [FLIGHT GLOBALS]: Switching To Vessel Vaisseau sans nom ---------------------- 
[LOG 19:08:34.755] setting new dominant body: Mun
FlightGlobals.mainBody: Mun
[LOG 19:08:34.756] Reference Frame: Rotating
[WRN 19:08:34.766] [Part]: Cannot have ModuleCargoPart and ModuleInventoryPart on same Part [Vaisseau sans nom (unloaded)'. Removed ModuleCargoPart
[LOG 19:08:34.789] Camera Mode: AUTO
[LOG 19:08:34.835] [TerrainPrecisionFix] Mun: terrain placed in double precision (first quad corrected by 6.47 mm)
[LOG 19:08:38.183] all systems started
[LOG 19:08:38.183] [UIMasterController]: ShowUI
[LOG 19:08:38.307] [AsteroidSpawner]: No new objects this time. (Odds are 1:2)
[LOG 19:08:38.428] [UiApp] Awake: CurrencyWidgetsApp
[LOG 19:08:38.428] [UiApp] Awake: ResourceDisplay
[LOG 19:08:38.428] [UiApp] Awake: KSPedia
[LOG 19:08:38.428] [UiApp] Awake: Missions App
[LOG 19:08:38.428] [UiApp] Awake: DeltaVApp
[LOG 19:08:38.428] [UiApp] Awake: ActionGroupsApp
[LOG 19:08:38.428] [UiApp] Awake: Construction
[LOG 19:08:38.428] [UiApp] Awake: Cargo
[LOG 19:08:38.429] [UiApp] Awake: AlarmClock
[LOG 19:08:38.429] [UiApp] Awake: ManeuverTool
[LOG 19:08:38.429] [ApplicationLauncher] OnSceneLoadedGUIReady: scene FLIGHT ShouldBeVisible() True ShouldBeOnTop() True iIsPositionedAtTop False
[LOG 19:08:38.429] [ApplicationLauncher] SpawnSimpleLayout: VerticalTopDown
[LOG 19:08:38.432] [KnowledgeBase] OnAppLauncherReady 32872
[LOG 19:08:38.450] [UIApp] OnDestroy: Contracts
[LOG 19:08:38.524] [FlightIntegrator]: Reloaded drag cube for zeroed cube root part mk1pod.v2 (Vaisseau sans nom) on vessel Vaisseau sans nom
[LOG 19:08:38.537] [MessageSystem] Reposition 0.02 32873
[LOG 19:08:38.537] [GenericAppFrame] Reposition 0.02 32873
[LOG 19:08:38.537] [GenericAppFrame] Reposition 0.02 32873
[LOG 19:08:38.631] [PlanetariumCamera]: Focus: Vaisseau sans nom
[LOG 19:08:38.655] [UIApp] Adding ResourceDisplay to Application Launcher
[LOG 19:08:38.656] [UIApp] Adding ResourceDisplay to Application Launcher
[LOG 19:08:38.668] [ResourceDisplay] OnAppStarted(): id: -418096
[LOG 19:08:38.668] [GenericAppFrame] Reposition 0.1358956 32877
[LOG 19:08:38.669] [ResourceDisplay] OnAppStarted(): id: 264296
[LOG 19:08:38.669] ResourceDisplay already exist, destroying this instance
[LOG 19:08:38.669] [UIApp] OnDestroy: ResourceDisplay
[LOG 19:08:38.683] [UIApp] Adding AlarmClock to Application Launcher
[LOG 19:08:38.684] [UIApp] Adding ActionGroupsApp to Application Launcher
[LOG 19:08:38.685] [UIApp] Adding Missions App to Application Launcher
[LOG 19:08:38.686] CURRENCY WIDGET False False False
[LOG 19:08:38.687] [UIApp] OnDestroy: CurrencyWidgetsApp
[LOG 19:08:38.708] [GenericAppFrame] Reposition 0.1641985 32879
[LOG 19:08:38.711] [ActionGroupsApp] OnAppStarted(): id: -418120
[LOG 19:08:38.711] [GenericAppFrame] Reposition 0.1641985 32879
[LOG 19:08:38.712] [UIApp] Adding DeltaVApp to Application Launcher
[LOG 19:08:38.713] [MissionsApp] OnAppStarted(): id: -418108
[LOG 19:08:38.713] MissionsApp does not execute in this game mode, destroying this instance
[LOG 19:08:38.713] [UIApp] OnDestroy: Missions App
[LOG 19:08:38.726] [GenericAppFrame] Reposition 0.1929149 32880
[LOG 19:08:38.736] [UIApp] Adding Cargo to Application Launcher
[LOG 19:08:38.737] [UIApp] Adding Construction to Application Launcher
[LOG 19:08:38.738] [UIApp] Adding KSPedia to Application Launcher
[WRN 19:08:38.746] HighlightingSystem : Framebuffer depth data is not available and can't be used to occlude highlighting. Highlighting occluders enabled.
[LOG 19:08:38.759] [UIApp] Adding ManeuverTool to Application Launcher
[LOG 19:08:38.761] [ApplicationLauncher] SetHidden: 
[LOG 19:08:38.803] [GenericAppFrame] Reposition 0.2654788 32883
[LOG 19:08:38.812] [ManeuverTool]: Found 1 transfer types
[LOG 19:08:38.881] Flight State Captured
[LOG 19:08:38.885] Saving Achievements Tree...
[LOG 19:08:38.885] Saving Achievements Tree...
[LOG 19:08:38.885] Saving Achievements Tree...
[LOG 19:08:38.888] [MessageSystem] Save Messages
[LOG 19:08:38.899] Game State Saved as persistent
[LOG 19:08:39.528] Unpacking Vaisseau sans nom
[LOG 19:08:39.539] [UIMasterController]: ShowUI
[LOG 19:08:53.614] [Comet Manager]:Generated Comet Type:short
[LOG 19:08:53.622] [CometSpawner]: New object found near Kerbin
[LOG 19:08:53.700] [CometManager]: Generated Dust Tail Color: #0 = RGBA(0.991, 0.943, 0.743, 0.031)
[LOG 19:08:53.701] [CometManager]: Generated Ion Tail Color: #0 = RGBA(0.043, 0.291, 0.867, 0.451)
[LOG 19:09:06.680] [PQSBench] BENCH reset
[LOG 19:09:08.747] [AsteroidSpawner]: New object found near Kerbin: Ast. STJ-991!
[LOG 19:09:23.773] [AsteroidSpawner]: New object found near Kerbin: Ast. UQT-734!
[LOG 19:09:38.792] [AsteroidSpawner]: New object found near Kerbin: Ast. HTR-165!
[LOG 19:10:53.876] [AsteroidSpawner]: New object found near Kerbin: Ast. XFO-966!
[LOG 19:11:08.877] [AsteroidSpawner]: No new objects this time. (Odds are 1:2)
[LOG 19:11:36.762] [PQSBench] BENCH begin;mode=Counters;vertexPlacementPatchedBy=com.github.lhervier.ksp.terrainprecisionfix;quadBuildPatchedBy=com.github.lhervier.ksp.pqsbench+com.github.lhervier.ksp.terrainprecisionfix
[LOG 19:11:36.763] [PQSBench] BENCH machine;cpu=Intel(R) Core(TM) i7-4790K CPU @ 4.00GHz;logicalCores=8;memoryMb=32687;gpu=NVIDIA GeForce GTX 1060 6GB;os=Windows 10  (10.0.0) 64bit
[LOG 19:11:36.763] [PQSBench] BENCH run;save=claude (SANDBOX);vessel=Vaisseau sans nom;body=Mun;terrainPreset=High;terrainPresetIndex=2;verticesPerQuad=225;utStart=54.72;utEnd=204.66;utSpan=149.94;realSeconds=150.07;altitudeStart=4999.9;altitude=4999.8;speed=554.4
[LOG 19:11:36.763] [PQSBench] BENCH sphere;name=Mun;radius=200000;minLevel=2;maxLevel=9;highestLevelUnder=6250;subdivisionOffAbove=20000000;maxAnglePerSample=9.204E-005;speedCapAt60Fps=1104
[LOG 19:11:36.765] [PQSBench] BENCH colliders;name=Mun;maxLevelOffset=0;lowestLevelWithCollider=9
[LOG 19:11:36.765] [PQSBench] BENCH counters;samples=148
[LOG 19:11:36.765] [PQSBench] BENCH;sample;ut;utSpan;realSeconds;frames;fps;altitude;speed;quads;topLevelQuads;vertices;buildMs;topLevelBuildMs;updateMs;subdivisionAvg;subdivisionMax;speedLevelCap;maxLevel
[LOG 19:11:36.765] [PQSBench] BENCH;0;54.72;1.000;1.016;89;87.6;4999.9;554.4;52;16;11700;138.564;43.886;218.223;7.77;9;8;9
[LOG 19:11:36.765] [PQSBench] BENCH;1;55.72;1.000;0.995;103;103.6;4999.9;554.4;32;16;7200;85.191;43.355;164.373;8.25;9;9;9
[LOG 19:11:36.766] [PQSBench] BENCH;2;56.72;1.000;1.004;107;106.6;4999.9;554.4;18;16;4050;49.173;43.708;130.146;8.78;9;9;9
[LOG 19:11:36.766] [PQSBench] BENCH;3;57.72;1.000;0.997;96;96.3;4999.9;554.4;42;16;9450;112.745;44.481;192.254;7.76;9;9;9
[LOG 19:11:36.766] [PQSBench] BENCH;4;58.72;1.000;1.004;113;112.5;4999.9;554.4;18;8;4050;48.784;22.198;128.935;7.00;9;9;9
[LOG 19:11:36.766] [PQSBench] BENCH;5;59.72;1.000;0.997;105;105.3;4999.9;554.4;26;8;5850;71.003;22.137;147.729;7.92;9;9;9
[LOG 19:11:36.766] [PQSBench] BENCH;6;60.72;1.000;1.024;114;111.3;4999.9;554.4;26;8;5850;69.838;21.844;153.768;7.62;9;9;9
[LOG 19:11:36.766] [PQSBench] BENCH;7;61.72;1.000;1.001;101;100.9;4999.9;554.4;36;8;8100;101.027;22.643;178.196;7.67;9;8;9
[LOG 19:11:36.766] [PQSBench] BENCH;8;62.72;1.000;0.996;106;106.4;4999.9;554.4;26;8;5850;69.304;21.757;145.165;7.92;9;9;9
[LOG 19:11:36.766] [PQSBench] BENCH;9;63.72;1.020;1.023;118;115.4;4999.9;554.4;10;8;2250;27.499;22.109;107.706;8.60;9;9;9
[LOG 19:11:36.766] [PQSBench] BENCH;10;64.74;1.020;1.016;107;105.3;4999.9;554.4;28;16;6300;75.776;43.837;159.151;8.43;9;9;9
[LOG 19:11:36.766] [PQSBench] BENCH;11;65.76;1.020;1.022;121;118.4;4999.9;554.4;10;0;2250;26.721;0.000;104.438;7.80;8;9;9
[LOG 19:11:36.766] [PQSBench] BENCH;12;66.78;1.020;1.019;115;112.8;4999.9;554.4;28;8;6300;75.132;22.208;155.645;7.57;9;9;9
[LOG 19:11:36.766] [PQSBench] BENCH;13;67.80;1.020;1.024;124;121.1;4999.9;554.4;18;8;4050;48.557;21.770;131.825;7.89;9;9;9
[LOG 19:11:36.766] [PQSBench] BENCH;14;68.82;1.020;1.016;111;109.3;4999.9;554.4;26;16;5850;69.655;43.521;153.106;8.54;9;9;9
[LOG 19:11:36.766] [PQSBench] BENCH;15;69.84;1.020;1.032;106;102.7;4999.9;554.4;52;16;11700;140.391;43.241;223.102;7.62;9;8;9
[LOG 19:11:36.766] [PQSBench] BENCH;16;70.86;1.020;1.009;122;120.9;4999.9;554.4;10;0;2250;26.519;0.000;104.918;7.00;7;9;9
[LOG 19:11:36.766] [PQSBench] BENCH;17;71.88;1.020;1.020;111;108.8;4999.9;554.4;34;16;7650;91.236;43.611;174.948;7.71;9;9;9
[LOG 19:11:36.766] [PQSBench] BENCH;18;72.90;1.020;1.027;121;117.9;4999.9;554.4;18;0;4050;47.355;0.000;126.528;7.00;8;9;9
[LOG 19:11:36.766] [PQSBench] BENCH;19;73.92;1.020;1.021;112;109.7;4999.9;554.4;34;16;7650;91.054;43.493;174.493;7.71;9;9;9
[LOG 19:11:36.766] [PQSBench] BENCH;20;74.94;1.020;1.017;111;109.2;4999.9;554.4;40;16;9000;106.405;43.459;189.029;8.00;9;9;9
[LOG 19:11:36.766] [PQSBench] BENCH;21;75.96;1.020;1.019;126;123.6;4999.9;554.4;10;0;2250;26.257;0.000;107.353;7.80;8;9;9
[LOG 19:11:36.766] [PQSBench] BENCH;22;76.98;1.020;1.034;113;109.3;4999.9;554.4;44;16;9900;117.266;43.111;201.684;7.36;9;9;9
[LOG 19:11:36.766] [PQSBench] BENCH;23;78.00;1.020;1.019;112;109.9;4999.9;554.4;32;16;7200;84.919;43.273;169.691;8.25;9;9;9
[LOG 19:11:36.766] [PQSBench] BENCH;24;79.02;1.020;1.025;110;107.4;4999.9;554.4;37;16;8325;98.946;43.474;180.178;7.46;9;9;9
[LOG 19:11:36.767] [PQSBench] BENCH;25;80.04;1.020;1.021;117;114.6;4999.9;554.4;24;8;5400;63.401;21.698;147.113;7.67;9;9;9
[LOG 19:11:36.767] [PQSBench] BENCH;26;81.06;1.020;1.017;107;105.2;4999.9;554.4;44;16;9900;117.584;44.124;197.009;8.09;9;9;9
[LOG 19:11:36.767] [PQSBench] BENCH;27;82.08;1.020;1.020;112;109.8;4999.9;554.4;24;8;5400;63.923;21.908;149.853;7.67;9;9;9
[LOG 19:11:36.767] [PQSBench] BENCH;28;83.10;1.020;1.022;108;105.7;4999.9;554.4;32;16;7200;85.872;43.375;171.167;7.25;9;9;9
[LOG 19:11:36.767] [PQSBench] BENCH;29;84.12;1.020;1.018;102;100.2;4999.9;554.4;48;8;10800;126.945;21.518;207.093;7.50;9;9;9
[LOG 19:11:36.767] [PQSBench] BENCH;30;85.14;1.020;1.023;122;119.3;4999.9;554.4;8;8;1800;21.707;21.707;108.325;9.00;9;9;9
[LOG 19:11:36.767] [PQSBench] BENCH;31;86.16;1.020;1.019;116;113.8;4999.9;554.4;16;8;3600;42.916;22.078;125.324;8.50;9;9;9
[LOG 19:11:36.767] [PQSBench] BENCH;32;87.18;1.020;1.030;108;104.9;4999.9;554.4;34;16;7650;90.921;43.424;178.154;8.35;9;9;9
[LOG 19:11:36.767] [PQSBench] BENCH;33;88.20;1.020;1.023;107;104.6;4999.9;554.4;34;16;7650;90.841;43.232;174.629;7.65;9;9;9
[LOG 19:11:36.767] [PQSBench] BENCH;34;89.22;1.020;1.005;109;108.4;4999.9;554.4;24;16;5400;65.140;43.874;152.792;8.67;9;9;9
[LOG 19:11:36.767] [PQSBench] BENCH;35;90.24;1.020;1.032;110;106.6;4999.9;554.4;32;8;7200;85.540;21.847;170.660;8.00;9;9;9
[LOG 19:11:36.767] [PQSBench] BENCH;36;91.26;1.020;1.010;97;96.0;4999.9;554.4;42;24;9450;113.258;65.079;201.971;7.95;9;9;9
[LOG 19:11:36.767] [PQSBench] BENCH;37;92.28;1.020;1.033;111;107.4;4999.9;554.4;26;16;5850;70.080;43.352;158.752;8.46;9;9;9
[LOG 19:11:36.767] [PQSBench] BENCH;38;93.30;1.020;1.024;118;115.2;4999.9;554.4;8;8;1800;21.789;21.789;108.893;9.00;9;9;9
[LOG 19:11:36.767] [PQSBench] BENCH;39;94.32;1.020;1.018;110;108.1;4999.9;554.4;26;8;5850;69.254;21.780;155.604;8.15;9;9;9
[LOG 19:11:36.767] [PQSBench] BENCH;40;95.34;1.020;1.019;120;117.8;4999.9;554.4;10;8;2250;27.067;21.700;111.308;8.40;9;9;9
[LOG 19:11:36.767] [PQSBench] BENCH;41;96.36;1.020;1.022;110;107.6;4999.9;554.4;26;8;5850;68.984;21.588;154.223;7.85;9;9;9
[LOG 19:11:36.767] [PQSBench] BENCH;42;97.38;1.020;1.026;108;105.2;4999.9;554.4;32;8;7200;87.068;21.647;169.135;6.00;9;9;9
[LOG 19:11:36.767] [PQSBench] BENCH;43;98.40;1.020;1.009;102;101.1;4999.9;554.4;32;8;7200;87.439;22.798;171.235;8.00;9;8;9
[LOG 19:11:36.767] [PQSBench] BENCH;44;99.42;1.020;1.040;112;107.6;4999.9;554.4;26;8;5850;70.117;21.917;163.477;7.23;9;9;9
[LOG 19:11:36.767] [PQSBench] BENCH;45;100.44;1.020;1.023;105;102.6;4999.9;554.4;32;16;7200;90.337;44.258;180.323;7.75;9;9;9
[LOG 19:11:36.767] [PQSBench] BENCH;46;101.46;1.020;1.018;119;116.9;4999.9;554.4;2;0;450;5.537;0.000;93.916;6.00;6;9;9
[LOG 19:11:36.767] [PQSBench] BENCH;47;102.48;1.020;1.037;88;84.9;4999.9;554.4;60;16;13500;164.418;45.783;251.770;6.93;9;8;9
[LOG 19:11:36.767] [PQSBench] BENCH;48;103.50;1.020;1.016;108;106.3;4999.9;554.4;8;8;1800;22.716;22.716;106.686;9.00;9;9;9
[LOG 19:11:36.768] [PQSBench] BENCH;49;104.52;1.020;1.023;110;107.6;4999.9;554.4;26;8;5850;71.326;22.924;161.077;7.85;9;9;9
[LOG 19:11:36.768] [PQSBench] BENCH;50;105.54;1.020;1.019;113;110.8;4999.9;554.4;24;8;5400;66.091;22.677;154.303;7.67;9;9;9
[LOG 19:11:36.768] [PQSBench] BENCH;51;106.56;1.020;1.022;105;102.7;4999.9;554.4;26;8;5850;73.355;24.564;162.801;7.85;9;9;9
[LOG 19:11:36.768] [PQSBench] BENCH;52;107.58;1.020;1.020;115;112.7;4999.9;554.4;16;8;3600;44.417;22.495;133.609;8.00;9;9;9
[LOG 19:11:36.768] [PQSBench] BENCH;53;108.60;1.020;1.017;114;112.1;4999.9;554.4;18;8;4050;50.914;23.902;138.481;8.22;9;9;9
[LOG 19:11:36.768] [PQSBench] BENCH;54;109.62;1.020;1.024;119;116.2;4999.9;554.4;18;8;4050;51.570;23.118;141.304;8.22;9;9;9
[LOG 19:11:36.768] [PQSBench] BENCH;55;110.64;1.020;1.020;113;110.8;4999.9;554.4;18;8;4050;51.139;23.566;138.207;8.22;9;9;9
[LOG 19:11:36.768] [PQSBench] BENCH;56;111.66;1.020;1.033;110;106.5;4999.9;554.4;24;8;5400;69.188;22.000;154.613;7.33;9;9;9
[LOG 19:11:36.768] [PQSBench] BENCH;57;112.68;1.020;1.004;111;110.5;4999.9;554.4;16;8;3600;43.078;21.848;125.785;8.00;9;9;9
[LOG 19:11:36.768] [PQSBench] BENCH;58;113.70;1.020;1.019;112;109.9;4999.9;554.4;26;16;5850;71.865;44.688;159.501;8.46;9;9;9
[LOG 19:11:36.768] [PQSBench] BENCH;59;114.72;1.020;1.025;116;113.2;4999.9;554.4;16;0;3600;43.404;0.000;129.589;6.00;8;9;9
[LOG 19:11:36.768] [PQSBench] BENCH;60;115.74;1.020;1.014;103;101.6;4999.9;554.4;44;16;9900;125.801;46.069;213.746;7.82;9;8;9
[LOG 19:11:36.768] [PQSBench] BENCH;61;116.76;1.020;1.020;119;116.6;4999.9;554.4;8;8;1800;22.285;22.285;111.933;9.00;9;9;9
[LOG 19:11:36.768] [PQSBench] BENCH;62;117.78;1.020;1.025;106;103.4;4999.9;554.4;34;8;7650;97.205;23.683;181.072;7.65;9;9;9
[LOG 19:11:36.768] [PQSBench] BENCH;63;118.80;1.020;1.015;116;114.2;4999.9;554.4;8;8;1800;22.146;22.146;110.997;9.00;9;9;9
[LOG 19:11:36.768] [PQSBench] BENCH;64;119.82;1.020;1.022;111;108.6;4999.9;554.4;28;8;6300;76.215;21.797;162.753;7.00;9;9;9
[LOG 19:11:36.768] [PQSBench] BENCH;65;120.84;1.020;1.017;111;109.2;4999.9;554.4;26;8;5850;73.902;22.239;159.518;7.23;9;9;9
[LOG 19:11:36.768] [PQSBench] BENCH;66;121.86;1.020;1.023;107;104.6;4999.9;554.4;34;8;7650;91.243;21.916;178.463;7.41;9;9;9
[LOG 19:11:36.768] [PQSBench] BENCH;67;122.88;1.020;1.019;117;114.9;4999.9;554.4;10;8;2250;26.845;21.486;107.807;8.40;9;9;9
[LOG 19:11:36.768] [PQSBench] BENCH;68;123.90;1.020;1.020;102;100.0;4999.9;554.4;44;8;9900;117.217;22.263;199.280;6.95;9;9;9
[LOG 19:11:36.768] [PQSBench] BENCH;69;124.92;1.020;1.036;116;112.0;4999.9;554.4;18;16;4050;48.784;43.357;133.834;8.67;9;9;9
[LOG 19:11:36.768] [PQSBench] BENCH;70;125.94;1.020;1.005;118;117.4;4999.9;554.4;18;0;4050;47.365;0.000;135.252;7.33;8;9;9
[LOG 19:11:36.768] [PQSBench] BENCH;71;126.96;1.020;1.019;121;118.7;4999.9;554.4;10;8;2250;27.590;22.222;114.439;8.40;9;9;9
[LOG 19:11:36.769] [PQSBench] BENCH;72;127.98;1.000;1.005;112;111.5;4999.9;554.4;16;8;3600;42.576;21.795;124.485;8.50;9;9;9
[LOG 19:11:36.769] [PQSBench] BENCH;73;128.98;1.000;0.995;115;115.5;4999.9;554.4;12;8;2700;32.346;21.639;116.829;8.00;9;9;9
[LOG 19:11:36.769] [PQSBench] BENCH;74;129.98;1.000;1.003;111;110.7;4999.8;554.4;24;8;5400;63.948;21.639;144.914;8.00;9;9;9
[LOG 19:11:36.769] [PQSBench] BENCH;75;130.98;1.000;1.002;115;114.8;4999.8;554.4;16;8;3600;43.348;22.044;129.901;8.50;9;9;9
[LOG 19:11:36.769] [PQSBench] BENCH;76;131.98;1.000;0.998;119;119.2;4999.8;554.4;8;8;1800;21.692;21.692;103.315;9.00;9;9;9
[LOG 19:11:36.769] [PQSBench] BENCH;77;132.98;1.000;0.999;109;109.1;4999.8;554.4;26;8;5850;69.215;21.718;151.852;7.85;9;9;9
[LOG 19:11:36.769] [PQSBench] BENCH;78;133.98;1.000;1.003;111;110.7;4999.8;554.4;24;8;5400;63.925;22.156;142.789;8.00;9;9;9
[LOG 19:11:36.769] [PQSBench] BENCH;79;134.98;1.000;1.000;109;109.0;4999.8;554.4;22;8;4950;60.941;22.512;145.335;7.55;9;9;9
[LOG 19:11:36.769] [PQSBench] BENCH;80;135.98;1.000;0.998;116;116.2;4999.8;554.4;8;8;1800;21.814;21.814;102.174;9.00;9;9;9
[LOG 19:11:36.769] [PQSBench] BENCH;81;136.98;1.000;1.002;114;113.8;4999.8;554.4;24;8;5400;64.900;21.940;149.118;7.67;9;9;9
[LOG 19:11:36.769] [PQSBench] BENCH;82;137.98;1.000;0.999;118;118.1;4999.8;554.4;8;8;1800;22.387;22.387;104.839;9.00;9;9;9
[LOG 19:11:36.769] [PQSBench] BENCH;83;138.98;1.000;1.007;103;102.3;4999.8;554.4;40;8;9000;107.454;21.707;188.142;7.20;9;9;9
[LOG 19:11:36.769] [PQSBench] BENCH;84;139.98;1.000;0.992;114;115.0;4999.8;554.4;8;8;1800;21.546;21.546;101.719;9.00;9;9;9
[LOG 19:11:36.769] [PQSBench] BENCH;85;140.98;1.000;1.000;108;108.0;4999.8;554.4;30;0;6750;79.389;0.000;155.697;6.20;8;9;9
[LOG 19:11:36.769] [PQSBench] BENCH;86;141.98;1.000;0.999;107;107.1;4999.8;554.4;24;16;5400;65.045;44.050;151.252;8.33;9;9;9
[LOG 19:11:36.769] [PQSBench] BENCH;87;142.98;1.000;1.002;115;114.8;4999.8;554.4;18;0;4050;47.039;0.000;124.568;7.22;8;9;9
[LOG 19:11:36.769] [PQSBench] BENCH;88;143.98;1.000;1.000;107;107.0;4999.8;554.4;32;16;7200;85.698;43.417;170.502;8.00;9;9;9
[LOG 19:11:36.769] [PQSBench] BENCH;89;144.98;1.000;1.000;116;116.0;4999.8;554.4;16;0;3600;41.965;0.000;121.798;6.50;8;9;9
[LOG 19:11:36.769] [PQSBench] BENCH;90;145.98;1.000;1.000;115;115.1;4999.8;554.4;8;8;1800;21.582;21.582;104.658;9.00;9;9;9
[LOG 19:11:36.769] [PQSBench] BENCH;91;146.98;1.000;0.998;117;117.2;4999.8;554.4;10;8;2250;27.086;21.765;107.716;8.40;9;9;9
[LOG 19:11:36.769] [PQSBench] BENCH;92;147.98;1.000;1.002;115;114.7;4999.8;554.4;16;8;3600;42.567;21.465;127.835;8.50;9;9;9
[LOG 19:11:36.769] [PQSBench] BENCH;93;148.98;1.000;0.999;112;112.1;4999.8;554.4;24;8;5400;63.784;21.925;143.232;8.00;9;9;9
[LOG 19:11:36.769] [PQSBench] BENCH;94;149.98;1.020;1.020;119;116.7;4999.8;554.4;16;8;3600;42.885;22.071;122.400;8.50;9;9;9
[LOG 19:11:36.769] [PQSBench] BENCH;95;151.00;1.000;1.002;119;118.7;4999.8;554.4;8;8;1800;21.637;21.637;109.092;9.00;9;9;9
[LOG 19:11:36.769] [PQSBench] BENCH;96;152.00;1.000;0.996;113;113.4;4999.8;554.4;24;0;5400;63.071;0.000;142.344;7.33;8;9;9
[LOG 19:11:36.770] [PQSBench] BENCH;97;153.00;1.000;0.999;113;113.1;4999.8;554.4;24;16;5400;64.207;43.325;148.196;8.67;9;9;9
[LOG 19:11:36.770] [PQSBench] BENCH;98;154.00;1.000;1.003;113;112.6;4999.8;554.4;18;8;4050;48.057;21.964;129.867;8.11;9;9;9
[LOG 19:11:36.770] [PQSBench] BENCH;99;155.00;1.000;0.998;122;122.3;4999.8;554.4;8;8;1800;22.010;22.010;105.126;9.00;9;9;9
[LOG 19:11:36.770] [PQSBench] BENCH;100;156.00;1.000;1.005;120;119.4;4999.8;554.4;16;0;3600;42.855;0.000;121.841;6.50;8;9;9
[LOG 19:11:36.770] [PQSBench] BENCH;101;157.00;1.000;0.995;120;120.6;4999.8;554.4;8;8;1800;21.332;21.332;103.160;9.00;9;9;9
[LOG 19:11:36.770] [PQSBench] BENCH;102;158.00;1.000;1.003;107;106.7;4999.8;554.4;34;8;7650;90.493;22.038;170.206;7.35;9;9;9
[LOG 19:11:36.770] [PQSBench] BENCH;103;159.00;1.000;1.001;116;115.9;4999.8;554.4;16;8;3600;43.738;22.660;125.932;8.50;9;9;9
[LOG 19:11:36.770] [PQSBench] BENCH;104;160.00;1.000;0.996;119;119.5;4999.8;554.4;10;8;2250;27.350;21.728;108.135;8.20;9;9;9
[LOG 19:11:36.770] [PQSBench] BENCH;105;161.00;1.000;1.010;110;108.9;4999.8;554.4;32;8;7200;84.222;21.685;164.530;7.75;9;9;9
[LOG 19:11:36.770] [PQSBench] BENCH;106;162.00;1.000;0.990;113;114.1;4999.8;554.4;24;8;5400;63.911;21.621;139.853;7.67;9;9;9
[LOG 19:11:36.770] [PQSBench] BENCH;107;163.00;1.000;1.001;116;115.8;4999.8;554.4;16;8;3600;42.187;21.521;123.555;8.50;9;9;9
[LOG 19:11:36.770] [PQSBench] BENCH;108;164.00;1.000;1.004;120;119.5;4999.8;554.4;8;8;1800;22.027;22.027;101.055;9.00;9;9;9
[LOG 19:11:36.770] [PQSBench] BENCH;109;165.00;1.000;0.999;114;114.1;4999.8;554.4;24;8;5400;63.922;21.529;146.375;7.67;9;9;9
[LOG 19:11:36.770] [PQSBench] BENCH;110;166.00;1.000;0.996;113;113.4;4999.8;554.4;16;8;3600;43.601;21.802;119.766;8.50;9;9;9
[LOG 19:11:36.770] [PQSBench] BENCH;111;167.00;1.000;1.005;124;123.4;4999.8;554.4;8;0;1800;21.138;0.000;101.642;7.00;7;9;9
[LOG 19:11:36.770] [PQSBench] BENCH;112;168.00;1.000;0.996;118;118.5;4999.8;554.4;16;8;3600;42.874;21.945;120.668;8.50;9;9;9
[LOG 19:11:36.770] [PQSBench] BENCH;113;169.00;1.000;0.998;119;119.2;4999.8;554.4;8;8;1800;21.735;21.735;101.209;9.00;9;9;9
[LOG 19:11:36.770] [PQSBench] BENCH;114;170.00;1.000;1.004;113;112.5;4999.8;554.4;26;8;5850;69.230;21.963;147.209;7.77;9;9;9
[LOG 19:11:36.770] [PQSBench] BENCH;115;171.00;1.000;0.998;113;113.2;4999.8;554.4;24;8;5400;64.624;22.564;142.979;8.00;9;8;9
[LOG 19:11:36.770] [PQSBench] BENCH;116;172.00;1.000;1.001;121;120.9;4999.8;554.4;8;8;1800;21.811;21.811;102.900;9.00;9;9;9
[LOG 19:11:36.770] [PQSBench] BENCH;117;173.00;1.000;1.002;118;117.8;4999.8;554.4;16;8;3600;42.454;21.707;119.203;8.50;9;9;9
[LOG 19:11:36.770] [PQSBench] BENCH;118;174.00;1.000;0.995;128;128.7;4999.8;554.4;2;0;450;5.356;0.000;85.208;5.00;5;9;9
[LOG 19:11:36.770] [PQSBench] BENCH;119;175.00;1.000;1.002;111;110.8;4999.8;554.4;32;16;7200;85.681;43.555;166.780;8.50;9;9;9
[LOG 19:11:36.770] [PQSBench] BENCH;120;176.00;1.000;1.003;128;127.7;4999.8;554.4;2;0;450;5.353;0.000;83.585;5.00;5;9;9
[LOG 19:11:36.770] [PQSBench] BENCH;121;177.00;1.000;0.997;114;114.4;4999.8;554.4;24;8;5400;63.581;21.689;139.406;8.00;9;9;9
[LOG 19:11:36.771] [PQSBench] BENCH;122;178.00;1.000;1.003;120;119.6;4999.8;554.4;16;8;3600;42.576;21.734;122.528;7.50;9;9;9
[LOG 19:11:36.771] [PQSBench] BENCH;123;179.00;1.000;1.001;119;118.8;4999.8;554.4;20;8;4500;53.474;21.550;132.810;7.40;9;9;9
[LOG 19:11:36.771] [PQSBench] BENCH;124;180.00;1.000;1.011;119;117.7;4999.8;554.4;24;8;5400;63.357;21.546;143.086;8.00;9;9;9
[LOG 19:11:36.771] [PQSBench] BENCH;125;181.00;1.000;1.001;118;117.9;4999.8;554.4;18;8;4050;47.664;21.585;129.153;7.67;9;9;9
[LOG 19:11:36.771] [PQSBench] BENCH;126;182.00;1.000;1.004;120;119.6;4999.8;554.4;16;8;3600;42.157;21.407;117.536;8.50;9;9;9
[LOG 19:11:36.771] [PQSBench] BENCH;127;183.00;1.000;1.000;123;123.1;4999.8;554.4;8;0;1800;21.019;0.000;98.375;6.00;6;9;9
[LOG 19:11:36.771] [PQSBench] BENCH;128;184.00;1.000;0.998;118;118.3;4999.8;554.4;18;8;4050;49.355;21.570;127.015;7.89;9;9;9
[LOG 19:11:36.771] [PQSBench] BENCH;129;185.00;1.000;1.000;119;118.9;4999.8;554.4;16;8;3600;42.486;21.732;123.113;8.50;9;9;9
[LOG 19:11:36.771] [PQSBench] BENCH;130;186.00;1.000;1.001;115;114.9;4999.8;554.4;26;8;5850;69.798;21.809;146.315;6.54;9;9;9
[LOG 19:11:36.771] [PQSBench] BENCH;131;187.00;1.000;1.000;118;118.0;4999.8;554.4;24;8;5400;63.251;21.517;142.475;8.00;9;9;9
[LOG 19:11:36.771] [PQSBench] BENCH;132;188.00;1.000;0.999;125;125.2;4999.8;554.4;8;8;1800;22.113;22.113;97.230;9.00;9;9;9
[LOG 19:11:36.771] [PQSBench] BENCH;133;189.00;1.000;1.000;113;113.0;4999.8;554.4;18;0;4050;48.233;0.000;125.716;5.89;8;9;9
[LOG 19:11:36.771] [PQSBench] BENCH;134;190.00;1.000;1.003;117;116.7;4999.8;554.4;24;8;5400;63.978;21.720;142.591;8.00;9;9;9
[LOG 19:11:36.771] [PQSBench] BENCH;135;191.00;1.000;0.996;120;120.4;4999.8;554.4;18;8;4050;47.873;21.697;125.560;7.67;9;9;9
[LOG 19:11:36.771] [PQSBench] BENCH;136;192.00;1.000;1.000;115;115.0;4999.8;554.4;24;8;5400;63.780;21.726;142.290;7.33;9;9;9
[LOG 19:11:36.771] [PQSBench] BENCH;137;193.00;1.000;1.002;132;131.7;4999.8;554.4;0;0;0;0.000;0.000;78.983;0.00;0;-1;0
[LOG 19:11:36.771] [PQSBench] BENCH;138;194.00;1.000;0.996;128;128.6;4999.8;554.4;10;8;2250;27.516;22.088;108.732;8.20;9;9;9
[LOG 19:11:36.771] [PQSBench] BENCH;139;195.00;1.000;1.001;117;116.9;4999.8;554.4;26;8;5850;69.426;21.874;145.023;6.69;9;9;9
[LOG 19:11:36.771] [PQSBench] BENCH;140;196.00;1.000;1.003;122;121.6;4999.8;554.4;16;8;3600;42.690;21.800;122.800;8.50;9;9;9
[LOG 19:11:36.771] [PQSBench] BENCH;141;197.00;1.000;0.997;121;121.3;4999.8;554.4;24;8;5400;64.042;21.800;142.503;8.00;9;9;9
[LOG 19:11:36.771] [PQSBench] BENCH;142;198.00;1.000;1.001;132;131.9;4999.8;554.4;0;0;0;0.000;0.000;78.342;0.00;0;-1;0
[LOG 19:11:36.771] [PQSBench] BENCH;143;199.00;1.000;1.003;129;128.6;4999.8;554.4;8;8;1800;21.662;21.662;101.612;9.00;9;9;9
[LOG 19:11:36.771] [PQSBench] BENCH;144;200.00;1.000;0.996;115;115.4;4999.8;554.4;26;8;5850;69.485;21.802;147.489;7.46;9;9;9
[LOG 19:11:36.771] [PQSBench] BENCH;145;201.00;1.000;1.000;114;114.0;4999.8;554.4;32;8;7200;84.465;21.482;160.724;7.00;9;9;9
[LOG 19:11:36.771] [PQSBench] BENCH;146;202.00;1.000;1.000;114;114.0;4999.8;554.4;32;8;7200;85.023;21.573;162.257;7.25;9;9;9
[LOG 19:11:36.772] [PQSBench] BENCH;147;203.00;1.000;0.999;123;123.1;4999.8;554.4;10;8;2250;26.810;21.539;107.031;8.20;9;9;9
[LOG 19:11:36.772] [PQSBench] BENCH end
[LOG 19:11:38.920] [AsteroidSpawner]: New object found near Kerbin: Ast. EAA-225!
[LOG 19:11:39.836] Game Paused!
[LOG 19:11:39.838] [UIMasterController]: ShowUI
[LOG 19:11:40.557] Flight State Captured
[LOG 19:11:40.557] Saving Achievements Tree...
[LOG 19:11:40.557] Saving Achievements Tree...
[LOG 19:11:40.557] Saving Achievements Tree...
[LOG 19:11:40.557] [MessageSystem] Save Messages
[LOG 19:11:40.571] Game State Saved to saves/claude/persistent
[LOG 19:11:40.582] [UIMasterController]: HideUI
[LOG 19:11:40.593] [HighLogic]: =========================== Scene Change : From FLIGHT to MAINMENU =====================
[WRN 19:11:40.593] [PQSBench] Flight scene left, the run no longer follows the protocol: the sample it interrupted is dropped and nothing more is recorded. Dump what was (Alt+F8) and start again (Alt+F7)
[LOG 19:11:41.118] KbApp.OnDestroy Planet Info
[LOG 19:11:41.118] [UIApp] OnDestroy: AlarmClock
[LOG 19:11:41.120] [UIApp] OnDestroy: Construction
[LOG 19:11:41.120] KbApp.OnDestroy Planet Resources
[LOG 19:11:41.121] KbApp.OnDestroy NullName
[LOG 19:11:41.122] KbApp.OnDestroy Vessel Info
[LOG 19:11:41.122] [UIApp] OnDestroy: ManeuverTool
[LOG 19:11:41.122] [UIApp] OnDestroy: Cargo
[LOG 19:11:41.123] [UIApp] OnDestroy: ResourceDisplay
[LOG 19:11:41.123] [UIApp] OnDestroy: ActionGroupsApp
[LOG 19:11:41.124] KbApp.OnDestroy Vessel Crew
[LOG 19:11:41.124] [UIApp] OnDestroy: KSPedia
[LOG 19:11:41.127] KbApp.OnDestroy Planet Parameters
[LOG 19:11:41.127] KbApp.OnDestroy Unowned Info
[LOG 19:11:41.129] [UIApp] OnDestroy: DeltaVApp
[LOG 19:11:41.133] [KSPCF:MemoryLeaks] Removed a OnMapExited callback owned by a destroyed Assembly-CSharp:NavBallToggle instance
[LOG 19:11:41.134] [KSPCF:MemoryLeaks] Removed a OnGameSettingsApplied callback owned by a destroyed Assembly-CSharp:VesselAutopilotUI instance
[LOG 19:11:41.134] [KSPCF:MemoryLeaks] Removed a onPartActionUICreate callback owned by a destroyed Assembly-CSharp:ModuleInventoryPart instance
[LOG 19:11:41.134] [KSPCF:MemoryLeaks] Removed a onModuleInventoryChanged callback owned by a destroyed Assembly-CSharp:ModuleInventoryPart instance
[LOG 19:11:41.135] [KSPCF:MemoryLeaks] Removed a OnDestructibleLoaded callback owned by a destroyed Assembly-CSharp:RunwayCollisionHandler instance
[LOG 19:11:41.135] [KSPCF:MemoryLeaks] Removed a OnClick callback owned by a destroyed Assembly-CSharp:EVAConstructionModeEditor instance
[LOG 19:11:41.135] [KSPCF:MemoryLeaks] Removed a TimingManager.Instance.timing5.onLateUpdate callback owned by a destroyed Assembly-CSharp:MapView instance
[LOG 19:11:41.135] [KSPCF:MemoryLeaks] Leaving scene "Flight", cleaned 23 memory leaks in 0.003s. GameEvents callbacks : 809. Allocated memory : 680.555 MiB (managed heap), 2.179 GiB (unmanaged)
[LOG 19:11:41.269] [UIMasterController]: ShowUI
[LOG 19:11:41.604] [ScenarioTypes]: List Created 23 scenario types loaded from 8 loaded assemblies.
[WRN 19:11:41.609] File 'D:/KSP-Dev/KSP_x64_Data/../Missions/MissionScoreInfo.cfg' does not exist
[LOG 19:11:41.609] [ApplicationLauncher] OnSceneLoadedGUIReady: scene MAINMENU ShouldBeVisible() True ShouldBeOnTop() True iIsPositionedAtTop True
[LOG 19:11:41.610] [ApplicationLauncher] SetHidden: 
[LOG 19:11:41.613] [MessageSystem] Reposition 0.02 53336
[LOG 19:11:41.613] [GenericAppFrame] Reposition 0.02 53336
[LOG 19:11:41.613] [GenericAppFrame] Reposition 0.02 53336
[LOG 19:11:46.535] [UIApp] OnDestroy: 
