[LOG 18:57:54.952] ******* Log Initiated for Kerbal Space Program - 1.12.5.3190 (WindowsPlayer x64) fr-fr *******
Kerbal Space Program - 1.12.5.3190 (WindowsPlayer x64) fr-fr


OS: Windows 10  (10.0.0) 64bit
CPU: Intel(R) Core(TM) i7-4790K CPU @ 4.00GHz (8)
RAM: 32687
GPU: NVIDIA GeForce GTX 1060 6GB (6029MB)
SM: 50 (Direct3D 11.0 [level 11.1])
RT Formats: ARGB32, Depth, ARGBHalf, Shadowmap, RGB565, ARGB4444, ARGB1555, Default, ARGB2101010, DefaultHDR, ARGB64, ARGBFloat, RGFloat, RGHalf, RFloat, RHalf, R8, ARGBInt, RGInt, RInt, BGRA32, RGB111110Float, RG32, RGBAUShort, RG16, BGRA10101010_XR, BGR101010_XR, R16


Log started: Thu, Sep 17, 2026 18:57:54


[LOG 18:57:54.972] ActionCanvas MASK: 3458764513820540928
[LOG 18:57:54.973] AppCanvas MASK: 3458764513820540928
[LOG 18:57:54.975] MainCanvas MASK: 3458764513820540928
[LOG 18:57:56.172] Load(Assembly): /ModuleManager.4.2.3
[LOG 18:57:56.172] AssemblyLoader: Loading assembly at D:\KSP-Dev\GameData\ModuleManager.4.2.3.dll
[LOG 18:57:56.198] AssemblyLoader: KSPAssembly 'ModuleManager' V2.5.0
[LOG 18:57:56.198] Load(Assembly): 000_Harmony/0Harmony
[LOG 18:57:56.198] AssemblyLoader: Loading assembly at D:\KSP-Dev\GameData\000_Harmony\0Harmony.dll
[LOG 18:57:56.200] Load(Assembly): 000_Harmony/HarmonyInstallChecker
[LOG 18:57:56.200] AssemblyLoader: Loading assembly at D:\KSP-Dev\GameData\000_Harmony\HarmonyInstallChecker.dll
[LOG 18:57:56.201] AssemblyLoader: KSPAssembly 'HarmonyKSP' V1.0.0
[LOG 18:57:56.201] Load(Assembly): KSPCommunityFixes/Plugins/0_MultipleModuleInPartAPI
[LOG 18:57:56.201] AssemblyLoader: Loading assembly at D:\KSP-Dev\GameData\KSPCommunityFixes\Plugins\0_MultipleModuleInPartAPI.dll
[LOG 18:57:56.202] AssemblyLoader: KSPAssembly 'MultipleModulePartAPI' V1.0.0
[LOG 18:57:56.202] Load(Assembly): KSPCommunityFixes/Plugins/KSPCommunityFixes
[LOG 18:57:56.202] AssemblyLoader: Loading assembly at D:\KSP-Dev\GameData\KSPCommunityFixes\Plugins\KSPCommunityFixes.dll
[LOG 18:57:56.211] AssemblyLoader: KSPAssembly 'KSPCommunityFixes' V1.41.1
[LOG 18:57:56.212] AssemblyLoader: KSPAssemblyDependency 'HarmonyKSP' V1.0.0
[LOG 18:57:56.212] AssemblyLoader: KSPAssemblyDependency 'ModuleManager' V1.0.0
[LOG 18:57:56.212] AssemblyLoader: KSPAssemblyDependency 'MultipleModulePartAPI' V1.0.0
[LOG 18:57:56.212] Load(Assembly): PQSBenchMod/PQSBenchMod
[LOG 18:57:56.212] AssemblyLoader: Loading assembly at D:\KSP-Dev\GameData\PQSBenchMod\PQSBenchMod.dll
[LOG 18:57:56.213] Load(Assembly): TerrainPrecisionFixMod/TerrainPrecisionFixMod
[LOG 18:57:56.213] AssemblyLoader: Loading assembly at D:\KSP-Dev\GameData\TerrainPrecisionFixMod\TerrainPrecisionFixMod.dll
[LOG 18:57:56.216] AssemblyLoader: Loading assemblies
[LOG 18:57:56.312] VesselModules: Found VesselModule of type AxisGroupsModule with order 999
[LOG 18:57:56.358] VesselModules: Found VesselModule of type CometVessel with order 999
[LOG 18:57:56.360] VesselModules: Found VesselModule of type SuspensionLoadBalancer with order 999
[LOG 18:57:56.362] VesselModules: Found VesselModule of type FlightIntegrator with order 0
[LOG 18:57:56.365] VesselModules: Found VesselModule of type CommNetVessel with order 999
[LOG 18:57:56.370] VesselModules: Found 5 VesselModule types
[LOG 18:57:56.377] 
************************************************************************

Environment Info
Win32NT 7FFFFFFFFFFFFFFF  Args: KSP_x64.exe 

Mod DLLs found:
Stock assembly: Assembly-CSharp v0.0.0.0
ModuleManager v4.2.3.0
0Harmony v2.2.1.0
HarmonyInstallChecker v2.2.1.0
0_MultipleModuleInPartAPI v1.0.0.0 / v1.0.0+7969fdc50bf4e350193abe5ba2e89533b12ca02f
KSPCommunityFixes v1.41.0.0 / v1.41.1+7969fdc50bf4e350193abe5ba2e89533b12ca02f / v1.41.1.0
PQSBenchMod v0.1.0.0 / v0.1.0+fb458cb417ba9a2e238082f8cbf79416943fc462
TerrainPrecisionFixMod v0.1.0.0 / v0.1.0+34aa73cc4ab2d0436abe4fa2b18c47112922467e

Folders and files in GameData:
000_Harmony
KSPCommunityFixes
PQSBenchMod
Stock folder: Squad

Stock folder: SquadExpansion

TerrainPrecisionFixMod
ModuleManager.4.2.3.dll
ModuleManager.ConfigCache
ModuleManager.ConfigSHA
ModuleManager.Physics
ModuleManager.TechTree

************************************************************************

[LOG 18:57:56.399] [AddonLoader]: Instantiating addon 'ModuleManager' from assembly 'ModuleManager'
[LOG 18:57:56.412] [ModuleManager] Adding post patch to the loading screen 4
[LOG 18:57:56.415] [ModuleManager] Patching started on a new thread, all output will be directed to D:\KSP-Dev\Logs\ModuleManager\ModuleManager.log
[LOG 18:57:56.418] [AddonLoader]: Instantiating addon 'HarmonyInstallChecker' from assembly 'HarmonyKSP'
[LOG 18:57:56.419] [AddonLoader]: Instantiating addon 'KSPCommunityFixes' from assembly 'KSPCommunityFixes'
[LOG 18:57:56.421] [AddonLoader]: Instantiating addon 'NoIVA' from assembly 'KSPCommunityFixes'
[LOG 18:57:56.421] [AddonLoader]: Instantiating addon 'ConfigNodePerf' from assembly 'KSPCommunityFixes'
[LOG 18:57:56.675] [AddonLoader]: Instantiating addon 'KSPCFFastLoader' from assembly 'KSPCommunityFixes'
[LOG 18:57:56.677] [KSPCF] Injecting FastLoader...
[LOG 18:57:56.703] [KSPCommunityFixes] Patch GameDatabasePerf applied.
[LOG 18:57:56.805] [AddonLoader]: Instantiating addon 'ReflectionTypeLoadExceptionHandler' from assembly 'KSPCommunityFixes'
[LOG 18:57:56.809] [AddonLoader]: Instantiating addon 'PQSBenchMod' from assembly 'PQSBenchMod'
[LOG 18:57:56.809] [AddonLoader]: Instantiating addon 'TerrainPrecisionFixMod' from assembly 'TerrainPrecisionFixMod'
[LOG 18:57:58.030] [KSPCF] Taking over stock loader. An exception will follow, this is intended.
[EXC 18:57:58.035] Exception: Terminating stock loader coroutine, this is intended and not an error
	KSPCommunityFixes.Performance.KSPCFFastLoader.GameDatabase_SetupMainLoaders_Prefix () (at <62bb7f5420994f409a34377c091e8538>:0)
	(wrapper dynamic-method) GameDatabase.GameDatabase.SetupMainLoaders_Patch1(GameDatabase)
	GameDatabase+<LoadObjects>d__90.MoveNext () (at <4b449f2841f84227adfaad3149c8fdba>:0)
	UnityEngine.SetupCoroutine.InvokeMoveNext (System.Collections.IEnumerator enumerator, System.IntPtr returnValueAddress) (at <12e76cd50cc64cf19e759e981cb725af>:0)
	UnityEngine.DebugLogHandler:LogException(Exception, Object)
	ModuleManager.UnityLogHandle.InterceptLogHandler:LogException(Exception, Object)
	UnityEngine.MonoBehaviour:StartCoroutine(IEnumerator)
	<CreateDatabase>d__71:MoveNext()
	UnityEngine.MonoBehaviour:StartCoroutine(IEnumerator)
	GameDatabase:StartLoad()
	<LoadSystems>d__11:MoveNext()
	UnityEngine.MonoBehaviour:StartCoroutine(IEnumerator)
	LoadingScreen:Start()
[LOG 18:57:58.112] [PQSBench] Measuring, benchMode Counters. Alt+F8 dumps what has been recorded, Alt+F7 throws it away.
[LOG 18:57:58.155] [TerrainPrecisionFix] Version 0.1.0.0 installed, log level Info
[LOG 18:57:58.287] Preloading Asset Bundle Definitions
[LOG 18:57:58.697] Load Audio: Squad/Alarms/Sounds/Chirps
[LOG 18:57:58.719] Load Audio: Squad/Alarms/Sounds/Classic
[LOG 18:57:58.720] Load Audio: Squad/Alarms/Sounds/ClockTower
[LOG 18:57:58.720] Load Audio: Squad/Alarms/Sounds/ComputerGlass1
[LOG 18:57:58.720] Load Audio: Squad/Alarms/Sounds/ComputerGlass2
[LOG 18:57:58.720] Load Audio: Squad/Alarms/Sounds/ComputerShort
[LOG 18:57:58.720] Load Audio: Squad/Alarms/Sounds/ComputerTriad
[LOG 18:57:58.720] Load Audio: Squad/Alarms/Sounds/DoorBell
[LOG 18:57:58.721] Load Audio: Squad/Alarms/Sounds/Glass
[LOG 18:57:58.721] Load Audio: Squad/Alarms/Sounds/Klaxon
[LOG 18:57:58.721] Load Audio: Squad/Alarms/Sounds/Mobile
[LOG 18:57:58.721] Load Audio: Squad/Alarms/Sounds/Morning
[LOG 18:57:58.721] Load Audio: Squad/Alarms/Sounds/OldClock
[LOG 18:57:58.721] Load Audio: Squad/Alarms/Sounds/OldHorn
[LOG 18:57:58.721] Load Audio: Squad/Alarms/Sounds/Ripple
[LOG 18:57:58.721] Load Audio: Squad/Sounds/editorLoop01
[LOG 18:57:58.722] Load Audio: Squad/Sounds/elev_loop
[LOG 18:57:58.722] Load Audio: Squad/Sounds/elev_start
[LOG 18:57:58.722] Load Audio: Squad/Sounds/elev_stop
[LOG 18:57:58.722] Load Audio: Squad/Sounds/fireworks_explosion_2
[LOG 18:57:58.722] Load Audio: Squad/Sounds/fireworks_explosion_3
[LOG 18:57:58.722] Load Audio: Squad/Sounds/fireworks_explosion_4
[LOG 18:57:58.723] Load Audio: Squad/Sounds/fireworks_launch_boom
[LOG 18:57:58.723] Load Audio: Squad/Sounds/fireworks_only_crackle_crackle_1
[LOG 18:57:58.723] Load Audio: Squad/Sounds/fireworks_only_crackle_dragon_1
[LOG 18:57:59.091] Load Audio: Squad/Sounds/fireworks_only_crackle_palm_1
[LOG 18:57:59.091] Load Audio: Squad/Sounds/fireworks_whistle
[LOG 18:57:59.275] Load Audio: Squad/Sounds/ksp1_banana_V2_01
[LOG 18:57:59.275] Load Audio: Squad/Sounds/ksp1_banana_V2_04
[LOG 18:57:59.275] Load Audio: Squad/Sounds/ksp1_banana_V2_05
[LOG 18:57:59.275] Load Audio: Squad/Sounds/ksp1_golf_swing_normal
[LOG 18:57:59.275] Load Audio: Squad/Sounds/ksp1_ground_anchor_v2_1
[LOG 18:57:59.275] Load Audio: Squad/Sounds/ksp1_strunts_disconnect_v3_pitched2
[LOG 18:57:59.276] Load Audio: Squad/Sounds/repairKit_repair1
[LOG 18:57:59.276] Load Audio: Squad/Sounds/repairKit_repair2
[LOG 18:57:59.276] Load Audio: Squad/Sounds/sound_ambience_nature
[LOG 18:57:59.276] Load Audio: Squad/Sounds/sound_click_flick
[LOG 18:57:59.276] Load Audio: Squad/Sounds/sound_click_latch
[LOG 18:57:59.277] Load Audio: Squad/Sounds/sound_click_sharp
[LOG 18:57:59.277] Load Audio: Squad/Sounds/sound_click_tick
[LOG 18:57:59.277] Load Audio: Squad/Sounds/sound_click_tock
[LOG 18:57:59.277] Load Audio: Squad/Sounds/sound_decoupler_fire
[LOG 18:57:59.277] Load Audio: Squad/Sounds/sound_delete_bin
[LOG 18:57:59.277] Load Audio: Squad/Sounds/sound_explosion_debris1
[LOG 18:57:59.277] Load Audio: Squad/Sounds/sound_explosion_debris2
[LOG 18:57:59.277] Load Audio: Squad/Sounds/sound_explosion_large
[LOG 18:57:59.278] Load Audio: Squad/Sounds/sound_rocket_mini
[LOG 18:57:59.278] Load Audio: Squad/Sounds/sound_rocket_spurts
[LOG 18:57:59.278] Load Audio: Squad/Sounds/sound_servomotor
[LOG 18:57:59.278] Load Audio: Squad/Sounds/sound_tab_extend
[LOG 18:57:59.278] Load Audio: Squad/Sounds/sound_tab_retreat
[LOG 18:57:59.278] Load Audio: SquadExpansion/Serenity/Sounds/robo_arm_large_end
[LOG 18:57:59.287] Load Audio: SquadExpansion/Serenity/Sounds/robo_arm_large_motor_00
[LOG 18:57:59.287] Load Audio: SquadExpansion/Serenity/Sounds/robo_arm_large_scan
[LOG 18:57:59.287] Load Audio: SquadExpansion/Serenity/Sounds/robo_arm_large_start
[LOG 18:57:59.287] Load Audio: SquadExpansion/Serenity/Sounds/robo_arm_medium_end
[LOG 18:57:59.288] Load Audio: SquadExpansion/Serenity/Sounds/robo_arm_medium_motor_00
[LOG 18:57:59.288] Load Audio: SquadExpansion/Serenity/Sounds/robo_arm_medium_scan
[LOG 18:57:59.288] Load Audio: SquadExpansion/Serenity/Sounds/robo_arm_medium_start
[LOG 18:57:59.288] Load Audio: SquadExpansion/Serenity/Sounds/robo_arm_small_end
[LOG 18:57:59.288] Load Audio: SquadExpansion/Serenity/Sounds/robo_arm_small_motor_00
[LOG 18:57:59.288] Load Audio: SquadExpansion/Serenity/Sounds/robo_arm_small_scan
[LOG 18:57:59.289] Load Audio: SquadExpansion/Serenity/Sounds/robo_arm_small_start
[LOG 18:57:59.289] Load Audio: SquadExpansion/Serenity/Sounds/sfx_cryoVolcano_burst
[LOG 18:57:59.289] Load Audio: SquadExpansion/Serenity/Sounds/sfx_cryoVolcano_idle
[LOG 18:57:59.289] Load Audio: SquadExpansion/Serenity/Sounds/sfx_deployable_booster_antena_end
[LOG 18:57:59.289] Load Audio: SquadExpansion/Serenity/Sounds/sfx_deployable_booster_antena_start
[LOG 18:57:59.290] Load Audio: SquadExpansion/Serenity/Sounds/sfx_deployable_central_station_end
[LOG 18:57:59.290] Load Audio: SquadExpansion/Serenity/Sounds/sfx_deployable_central_station_loop
[LOG 18:57:59.290] Load Audio: SquadExpansion/Serenity/Sounds/sfx_deployable_central_station_start
[LOG 18:57:59.290] Load Audio: SquadExpansion/Serenity/Sounds/sfx_deployable_detector_end
[LOG 18:57:59.290] Load Audio: SquadExpansion/Serenity/Sounds/sfx_deployable_detector_start
[LOG 18:57:59.291] Load Audio: SquadExpansion/Serenity/Sounds/sfx_deployable_GoObEd_end
[LOG 18:57:59.291] Load Audio: SquadExpansion/Serenity/Sounds/sfx_deployable_GoObEd_loop
[LOG 18:57:59.291] Load Audio: SquadExpansion/Serenity/Sounds/sfx_deployable_GoObEd_start
[LOG 18:57:59.291] Load Audio: SquadExpansion/Serenity/Sounds/sfx_deployable_rtg_end
[LOG 18:57:59.291] Load Audio: SquadExpansion/Serenity/Sounds/sfx_deployable_rtg_start
[LOG 18:57:59.333] Load Audio: SquadExpansion/Serenity/Sounds/sfx_deployable_seismometer_end
[LOG 18:57:59.333] Load Audio: SquadExpansion/Serenity/Sounds/sfx_deployable_seismometer_start
[LOG 18:57:59.333] Load Audio: SquadExpansion/Serenity/Sounds/sfx_deployable_solar_panel_end
[LOG 18:57:59.333] Load Audio: SquadExpansion/Serenity/Sounds/sfx_deployable_solar_panel_start
[LOG 18:57:59.334] Load Audio: SquadExpansion/Serenity/Sounds/sfx_deployable_weather_station_end
[LOG 18:57:59.334] Load Audio: SquadExpansion/Serenity/Sounds/sfx_deployable_weather_station_loop
[LOG 18:57:59.334] Load Audio: SquadExpansion/Serenity/Sounds/sfx_deployable_weather_station_start
[LOG 18:57:59.334] Load Audio: SquadExpansion/Serenity/Sounds/sfx_geyser_burst
[LOG 18:57:59.334] Load Audio: SquadExpansion/Serenity/Sounds/sfx_geyser_idle
[LOG 18:57:59.359] Load DDS texture: KSPCommunityFixes/MMPatches/StockTweaks/Icons/Clamp-O-Tron
[LOG 18:57:59.362] Load TRUECOLOR texture: KSPCommunityFixes/MMPatches/StockTweaks/Icons/Clamp-O-Tron_scaled
[LOG 18:57:59.363] Load DDS texture: KSPCommunityFixes/MMPatches/StockTweaks/Icons/FreeFallParachutes
[LOG 18:57:59.363] Load TRUECOLOR texture: KSPCommunityFixes/MMPatches/StockTweaks/Icons/FreeFallParachutes_scaled
[LOG 18:57:59.363] Load DDS texture: KSPCommunityFixes/MMPatches/StockTweaks/Icons/LightYearTireCompany
[LOG 18:57:59.364] Load TRUECOLOR texture: KSPCommunityFixes/MMPatches/StockTweaks/Icons/LightYearTireCompany_scaled
[LOG 18:57:59.364] Load DDS texture: KSPCommunityFixes/MMPatches/StockTweaks/Icons/StratusCorporation
[LOG 18:57:59.364] Load TRUECOLOR texture: KSPCommunityFixes/MMPatches/StockTweaks/Icons/StratusCorporation_scaled
[LOG 18:57:59.365] Load DDS texture: Squad/Agencies/C7AerospaceDivision
[LOG 18:57:59.365] Load TRUECOLOR texture: Squad/Agencies/C7AerospaceDivision_scaled
[LOG 18:57:59.365] Load DDS texture: Squad/Agencies/DinkelsteinKermansConstructionEmporium
[LOG 18:57:59.365] Load TRUECOLOR texture: Squad/Agencies/DinkelsteinKermansConstructionEmporium_scaled
[LOG 18:57:59.366] Load DDS texture: Squad/Agencies/ExperimentalEngineering
[LOG 18:57:59.366] Load TRUECOLOR texture: Squad/Agencies/ExperimentalEngineering_scaled
[LOG 18:57:59.366] Load DDS texture: Squad/Agencies/FlooydResearchLab
[LOG 18:57:59.366] Load TRUECOLOR texture: Squad/Agencies/FlooydResearchLab_scaled
[LOG 18:57:59.366] Load DDS texture: Squad/Agencies/GoliathNationalProducts
[LOG 18:57:59.367] Load TRUECOLOR texture: Squad/Agencies/GoliathNationalProducts_scaled
[LOG 18:57:59.367] Load DDS texture: Squad/Agencies/IntegratedIntegrals
[LOG 18:57:59.367] Load TRUECOLOR texture: Squad/Agencies/IntegratedIntegrals_scaled
[LOG 18:57:59.367] Load DDS texture: Squad/Agencies/IonicSymphonicProtonicElectronics
[LOG 18:57:59.367] Load TRUECOLOR texture: Squad/Agencies/IonicSymphonicProtonicElectronics_scaled
[LOG 18:57:59.367] Load DDS texture: Squad/Agencies/JebsJunkyard
[LOG 18:57:59.368] Load TRUECOLOR texture: Squad/Agencies/JebsJunkyard_scaled
[LOG 18:57:59.368] Load DDS texture: Squad/Agencies/KerbalMotion
[LOG 18:57:59.368] Load TRUECOLOR texture: Squad/Agencies/KerbalMotion_scaled
[LOG 18:57:59.368] Load DDS texture: Squad/Agencies/KerbinWorldFirstRecordKeepingSociety
[LOG 18:57:59.368] Load TRUECOLOR texture: Squad/Agencies/KerbinWorldFirstRecordKeepingSociety_scaled
[LOG 18:57:59.368] Load DDS texture: Squad/Agencies/Kerbodyne
[LOG 18:57:59.369] Load TRUECOLOR texture: Squad/Agencies/Kerbodyne_scaled
[LOG 18:57:59.369] Load DDS texture: Squad/Agencies/Kerlington
[LOG 18:57:59.369] Load TRUECOLOR texture: Squad/Agencies/Kerlington_scaled
[LOG 18:57:59.369] Load DDS texture: Squad/Agencies/MaxoConstructionToys
[LOG 18:57:59.369] Load TRUECOLOR texture: Squad/Agencies/MaxoConstructionToys_scaled
[LOG 18:57:59.370] Load DDS texture: Squad/Agencies/MovingPartsExpertsGroup
[LOG 18:57:59.370] Load TRUECOLOR texture: Squad/Agencies/MovingPartsExpertsGroup_scaled
[LOG 18:57:59.370] Load DDS texture: Squad/Agencies/OMBDemolition
[LOG 18:57:59.370] Load TRUECOLOR texture: Squad/Agencies/OMBDemolition_scaled
[LOG 18:57:59.371] Load DDS texture: Squad/Agencies/PeriapsisCo
[LOG 18:57:59.371] Load TRUECOLOR texture: Squad/Agencies/PeriapsisCo_scaled
[LOG 18:57:59.371] Load DDS texture: Squad/Agencies/Probodobodyne
[LOG 18:57:59.371] Load TRUECOLOR texture: Squad/Agencies/Probodobodyne_scaled
[LOG 18:57:59.371] Load DDS texture: Squad/Agencies/R&D
[LOG 18:57:59.372] Load TRUECOLOR texture: Squad/Agencies/R&D_scaled
[LOG 18:57:59.372] Load DDS texture: Squad/Agencies/ReactionSystemsLtd
[LOG 18:57:59.372] Load TRUECOLOR texture: Squad/Agencies/ReactionSystemsLtd_scaled
[LOG 18:57:59.372] Load DDS texture: Squad/Agencies/Rockomax
[LOG 18:57:59.372] Load TRUECOLOR texture: Squad/Agencies/Rockomax_scaled
[LOG 18:57:59.373] Load DDS texture: Squad/Agencies/Rokea
[LOG 18:57:59.373] Load TRUECOLOR texture: Squad/Agencies/Rokea_scaled
[LOG 18:57:59.373] Load DDS texture: Squad/Agencies/SeansCannery
[LOG 18:57:59.373] Load TRUECOLOR texture: Squad/Agencies/SeansCannery_scaled
[LOG 18:57:59.373] Load DDS texture: Squad/Agencies/SteadlerEngineeringCorps
[LOG 18:57:59.374] Load TRUECOLOR texture: Squad/Agencies/SteadlerEngineeringCorps_scaled
[LOG 18:57:59.374] Load DDS texture: Squad/Agencies/StrutCo
[LOG 18:57:59.374] Load TRUECOLOR texture: Squad/Agencies/StrutCo_scaled
[LOG 18:57:59.374] Load DDS texture: Squad/Agencies/Vac-Co
[LOG 18:57:59.374] Load TRUECOLOR texture: Squad/Agencies/Vac-Co_scaled
[LOG 18:57:59.374] Load DDS texture: Squad/Agencies/WinterOwl
[LOG 18:57:59.375] Load TRUECOLOR texture: Squad/Agencies/WinterOwl_scaled
[LOG 18:57:59.375] Load DDS texture: Squad/Agencies/ZaltonicElectronics
[LOG 18:57:59.375] Load TRUECOLOR texture: Squad/Agencies/ZaltonicElectronics_scaled
[LOG 18:57:59.375] Load Cached PNG Texture: Squad/Alarms/Icons/ap
[LOG 18:57:59.376] Load Cached PNG Texture: Squad/Alarms/Icons/default
[LOG 18:57:59.376] Load Cached PNG Texture: Squad/Alarms/Icons/maneuver
[LOG 18:57:59.376] Load Cached PNG Texture: Squad/Alarms/Icons/pe
[LOG 18:57:59.376] Load Cached PNG Texture: Squad/Alarms/Icons/raw
[LOG 18:57:59.376] Load Cached PNG Texture: Squad/Alarms/Icons/soi
[LOG 18:57:59.376] Load Cached PNG Texture: Squad/Alarms/Icons/xfer
[LOG 18:57:59.380] Load DDS texture: Squad/Contracts/Icons/balloon
[LOG 18:57:59.380] Load DDS texture: Squad/Contracts/Icons/custom
[LOG 18:57:59.380] Load DDS texture: Squad/Contracts/Icons/default
[LOG 18:57:59.380] Load DDS texture: Squad/Contracts/Icons/dish
[LOG 18:57:59.380] Load DDS texture: Squad/Contracts/Icons/eva
[LOG 18:57:59.384] Load DDS texture: Squad/Contracts/Icons/gravity
[LOG 18:57:59.384] Load Cached PNG Texture: Squad/Contracts/Icons/ksc
[LOG 18:57:59.384] Load DDS texture: Squad/Contracts/Icons/launchsite
[LOG 18:57:59.384] Load DDS texture: Squad/Contracts/Icons/marker
[LOG 18:57:59.385] Load DDS texture: Squad/Contracts/Icons/pressure
[LOG 18:57:59.385] Load DDS texture: Squad/Contracts/Icons/report
[LOG 18:57:59.386] Load DDS texture: Squad/Contracts/Icons/runway
[LOG 18:57:59.386] Load DDS texture: Squad/Contracts/Icons/sample
[LOG 18:57:59.387] Load DDS texture: Squad/Contracts/Icons/seismic
[LOG 18:57:59.387] Load DDS texture: Squad/Contracts/Icons/thermometer
[LOG 18:57:59.392] Load DDS texture: Squad/Contracts/Icons/vessel
[LOG 18:57:59.392] Load Cached PNG Texture: Squad/Flags/09
[LOG 18:57:59.392] Load Cached PNG Texture: Squad/Flags/blorbs
[LOG 18:57:59.392] Load Cached PNG Texture: Squad/Flags/bullseye
[LOG 18:57:59.392] Load Cached PNG Texture: Squad/Flags/capsule
[LOG 18:57:59.392] Load Cached PNG Texture: Squad/Flags/circles
[LOG 18:57:59.392] Load Cached PNG Texture: Squad/Flags/default
[LOG 18:57:59.393] Load Cached PNG Texture: Squad/Flags/hexagon
[LOG 18:57:59.393] Load Cached PNG Texture: Squad/Flags/hexagonCircles
[LOG 18:57:59.393] Load Cached PNG Texture: Squad/Flags/kerbal1
[LOG 18:57:59.393] Load Cached PNG Texture: Squad/Flags/kerbal2
[LOG 18:57:59.394] Load Cached PNG Texture: Squad/Flags/kerbin
[LOG 18:57:59.394] Load Cached PNG Texture: Squad/Flags/kerbinmunflag
[LOG 18:57:59.394] Load Cached PNG Texture: Squad/Flags/line
[LOG 18:57:59.394] Load Cached PNG Texture: Squad/Flags/minimalistic
[LOG 18:57:59.395] Load Cached PNG Texture: Squad/Flags/orbit
[LOG 18:57:59.395] Load Cached PNG Texture: Squad/Flags/orbs
[LOG 18:57:59.395] Load Cached PNG Texture: Squad/Flags/retro
[LOG 18:57:59.395] Load Cached PNG Texture: Squad/Flags/rings
[LOG 18:57:59.396] Load Cached PNG Texture: Squad/Flags/rocketScience
[LOG 18:57:59.396] Load Cached PNG Texture: Squad/Flags/satellite
[LOG 18:57:59.396] Load Cached PNG Texture: Squad/Flags/Sentinel_Flag
[LOG 18:57:59.396] Load Cached PNG Texture: Squad/Flags/spheres
[LOG 18:57:59.397] Load Cached PNG Texture: Squad/Flags/squadLogo
[LOG 18:57:59.397] Load Cached PNG Texture: Squad/Flags/squadLogo2
[LOG 18:57:59.397] Load Cached PNG Texture: Squad/Flags/stripes
[LOG 18:57:59.397] Load Cached PNG Texture: Squad/Flags/trees
[LOG 18:57:59.398] Load Cached PNG Texture: Squad/Flags/trippy
[LOG 18:57:59.398] Load Cached PNG Texture: Squad/FlagsAgency/esa_dark_blue
[LOG 18:57:59.398] Load Cached PNG Texture: Squad/FlagsAgency/NASA
[LOG 18:57:59.398] Load Cached PNG Texture: Squad/FlagsAgency/uk_space_agency
[LOG 18:57:59.399] Load Cached PNG Texture: Squad/FlagsOrganization/B612_Foundation_flag
[LOG 18:57:59.399] Load Cached PNG Texture: Squad/FlagsOrganization/electron
[LOG 18:57:59.399] Load Cached PNG Texture: Squad/FlagsOrganization/ESA_Arianespace
[LOG 18:57:59.399] Load Cached PNG Texture: Squad/FlagsOrganization/rocketlab
[LOG 18:57:59.399] Load DDS texture: Squad/FX/DiamondBlue
[LOG 18:57:59.400] Load DDS texture: Squad/FX/FlameBlueOrange
[LOG 18:57:59.400] Load DDS texture: Squad/FX/FlamePurple
[LOG 18:57:59.400] Load DDS texture: Squad/FX/FlameRed
[LOG 18:57:59.400] Load DDS texture: Squad/FX/FlameRedOrange
[LOG 18:57:59.400] Load DDS texture: Squad/FX/Monoprop
[LOG 18:57:59.401] Load DDS texture: Squad/FX/plasma2
[LOG 18:57:59.401] Load DDS texture: Squad/FX/rocketplume2
[LOG 18:57:59.401] Load DDS texture: Squad/FX/shockDiamond2
[LOG 18:57:59.401] Load DDS texture: Squad/FX/smokepuff1
[LOG 18:57:59.403] Load DDS texture: Squad/Interiors/Administration/AdminBuilding_Lvl1
[LOG 18:57:59.413] Load DDS texture: Squad/Interiors/Administration/AdminBuilding_Lvl2
[LOG 18:57:59.418] Load DDS texture: Squad/Interiors/Administration/AdminBuilding_Lvl3
[LOG 18:57:59.430] Load DDS texture: Squad/MenuProps/MunOrBust
[LOG 18:57:59.431] Load Cached PNG Texture: Squad/Missions/Banners/Fail/default
[LOG 18:57:59.432] Load PNG texture: Squad/Missions/Banners/Menu/default
[WRN 18:57:59.436] Texture isn't eligible for DXT compression, width and height must be multiples of 4
[LOG 18:57:59.436] Load Cached PNG Texture: Squad/Missions/Banners/Success/default
[LOG 18:57:59.436] Load PNG texture: Squad/Missions/ESA-BepiColombo/Banners/Fail/ESA_MB_Fail_01
[WRN 18:57:59.441] Texture isn't eligible for DXT compression, width and height must be multiples of 4
[LOG 18:57:59.441] Load PNG texture: Squad/Missions/ESA-BepiColombo/Banners/Menu/ESA_MB_Select_01
[WRN 18:57:59.445] Texture isn't eligible for DXT compression, width and height must be multiples of 4
[LOG 18:57:59.445] Load PNG texture: Squad/Missions/ESA-BepiColombo/Banners/Success/ESA_MB_Success_01
[WRN 18:57:59.451] Texture isn't eligible for DXT compression, width and height must be multiples of 4
[LOG 18:57:59.451] Load PNG texture: Squad/Missions/ESA-BepiColombo-Short/Banners/Fail/ESA_MB_Fail_01
[WRN 18:57:59.456] Texture isn't eligible for DXT compression, width and height must be multiples of 4
[LOG 18:57:59.456] Load PNG texture: Squad/Missions/ESA-BepiColombo-Short/Banners/Menu/ESA_MB_Select_01
[WRN 18:57:59.461] Texture isn't eligible for DXT compression, width and height must be multiples of 4
[LOG 18:57:59.465] Load PNG texture: Squad/Missions/ESA-BepiColombo-Short/Banners/Success/ESA_MB_Success_01
[WRN 18:57:59.470] Texture isn't eligible for DXT compression, width and height must be multiples of 4
[LOG 18:57:59.470] Load PNG texture: Squad/Missions/ESA-Rosetta/Banners/Fail/ESA_MB_Fail_02
[WRN 18:57:59.477] Texture isn't eligible for DXT compression, width and height must be multiples of 4
[LOG 18:57:59.477] Load PNG texture: Squad/Missions/ESA-Rosetta/Banners/Menu/ESA_MB_Select_02
[WRN 18:57:59.481] Texture isn't eligible for DXT compression, width and height must be multiples of 4
[LOG 18:57:59.481] Load PNG texture: Squad/Missions/ESA-Rosetta/Banners/Success/ESA_MB_Success_02
[WRN 18:57:59.485] Texture isn't eligible for DXT compression, width and height must be multiples of 4
[LOG 18:57:59.485] Load Cached PNG Texture: Squad/PartList/SimpleIcons/ablator
[LOG 18:57:59.485] Load Cached PNG Texture: Squad/PartList/SimpleIcons/active_radiator
[LOG 18:57:59.486] Load Cached PNG Texture: Squad/PartList/SimpleIcons/asteroid_drill
[LOG 18:57:59.486] Load Cached PNG Texture: Squad/PartList/SimpleIcons/cargo_part
[LOG 18:57:59.486] Load Cached PNG Texture: Squad/PartList/SimpleIcons/comet_drill
[LOG 18:57:59.486] Load Cached PNG Texture: Squad/PartList/SimpleIcons/core_heat
[LOG 18:57:59.486] Load Cached PNG Texture: Squad/PartList/SimpleIcons/cs_main
[LOG 18:57:59.486] Load Cached PNG Texture: Squad/PartList/SimpleIcons/cs_mk2
[LOG 18:57:59.486] Load Cached PNG Texture: Squad/PartList/SimpleIcons/cs_mk3
[LOG 18:57:59.486] Load Cached PNG Texture: Squad/PartList/SimpleIcons/cs_size0
[LOG 18:57:59.486] Load Cached PNG Texture: Squad/PartList/SimpleIcons/cs_size1
[LOG 18:57:59.486] Load Cached PNG Texture: Squad/PartList/SimpleIcons/cs_size1p5
[LOG 18:57:59.486] Load Cached PNG Texture: Squad/PartList/SimpleIcons/cs_size2
[LOG 18:57:59.486] Load Cached PNG Texture: Squad/PartList/SimpleIcons/cs_size3
[LOG 18:57:59.486] Load Cached PNG Texture: Squad/PartList/SimpleIcons/cs_size4
[LOG 18:57:59.486] Load Cached PNG Texture: Squad/PartList/SimpleIcons/cs_surface
[LOG 18:57:59.486] Load Cached PNG Texture: Squad/PartList/SimpleIcons/custom_built_fairing
[LOG 18:57:59.486] Load Cached PNG Texture: Squad/PartList/SimpleIcons/deployable_antenna
[LOG 18:57:59.486] Load Cached PNG Texture: Squad/PartList/SimpleIcons/deployable_comms_part
[LOG 18:57:59.486] Load Cached PNG Texture: Squad/PartList/SimpleIcons/deployable_ground_part
[LOG 18:57:59.487] Load Cached PNG Texture: Squad/PartList/SimpleIcons/deployable_part
[LOG 18:57:59.487] Load Cached PNG Texture: Squad/PartList/SimpleIcons/deployable_radiator
[LOG 18:57:59.487] Load Cached PNG Texture: Squad/PartList/SimpleIcons/deployed_science_control_unit
[LOG 18:57:59.487] Load Cached PNG Texture: Squad/PartList/SimpleIcons/deployed_science_experiment
[LOG 18:57:59.487] Load Cached PNG Texture: Squad/PartList/SimpleIcons/deployed_science_part
[LOG 18:57:59.487] Load Cached PNG Texture: Squad/PartList/SimpleIcons/enviro_sensor
[LOG 18:57:59.487] Load Cached PNG Texture: Squad/PartList/SimpleIcons/experience_management
[LOG 18:57:59.487] Load Cached PNG Texture: Squad/PartList/SimpleIcons/fuels_monopropellant
[LOG 18:57:59.487] Load Cached PNG Texture: Squad/PartList/SimpleIcons/fuels_ore
[LOG 18:57:59.487] Load Cached PNG Texture: Squad/PartList/SimpleIcons/fuels_oxidizer
[LOG 18:57:59.487] Load Cached PNG Texture: Squad/PartList/SimpleIcons/fuels_solidfuel
[LOG 18:57:59.487] Load Cached PNG Texture: Squad/PartList/SimpleIcons/fuels_xenongas
[LOG 18:57:59.487] Load Cached PNG Texture: Squad/PartList/SimpleIcons/inventory_part
[LOG 18:57:59.487] Load Cached PNG Texture: Squad/PartList/SimpleIcons/kerbnet_access
[LOG 18:57:59.488] Load Cached PNG Texture: Squad/PartList/SimpleIcons/number1
[LOG 18:57:59.488] Load Cached PNG Texture: Squad/PartList/SimpleIcons/number2
[LOG 18:57:59.488] Load Cached PNG Texture: Squad/PartList/SimpleIcons/number3
[LOG 18:57:59.488] Load Cached PNG Texture: Squad/PartList/SimpleIcons/number4
[LOG 18:57:59.488] Load Cached PNG Texture: Squad/PartList/SimpleIcons/number5
[LOG 18:57:59.488] Load Cached PNG Texture: Squad/PartList/SimpleIcons/number6
[LOG 18:57:59.488] Load Cached PNG Texture: Squad/PartList/SimpleIcons/number7
[LOG 18:57:59.488] Load Cached PNG Texture: Squad/PartList/SimpleIcons/number8
[LOG 18:57:59.488] Load Cached PNG Texture: Squad/PartList/SimpleIcons/number9
[LOG 18:57:59.488] Load Cached PNG Texture: Squad/PartList/SimpleIcons/probe_control_unit
[LOG 18:57:59.488] Load Cached PNG Texture: Squad/PartList/SimpleIcons/R&D_node_icon_advaerodynamics
[LOG 18:57:59.488] Load Cached PNG Texture: Squad/PartList/SimpleIcons/R&D_node_icon_advancedmotors
[LOG 18:57:59.488] Load Cached PNG Texture: Squad/PartList/SimpleIcons/R&D_node_icon_advconstruction
[LOG 18:57:59.488] Load Cached PNG Texture: Squad/PartList/SimpleIcons/R&D_node_icon_advelectrics
[LOG 18:57:59.488] Load Cached PNG Texture: Squad/PartList/SimpleIcons/R&D_node_icon_advexploration
[LOG 18:57:59.489] Load Cached PNG Texture: Squad/PartList/SimpleIcons/R&D_node_icon_advflightcontrol
[LOG 18:57:59.489] Load Cached PNG Texture: Squad/PartList/SimpleIcons/R&D_node_icon_advlanding
[LOG 18:57:59.489] Load Cached PNG Texture: Squad/PartList/SimpleIcons/R&D_node_icon_advmetalworks
[LOG 18:57:59.489] Load Cached PNG Texture: Squad/PartList/SimpleIcons/R&D_node_icon_advrocketry
[LOG 18:57:59.489] Load Cached PNG Texture: Squad/PartList/SimpleIcons/R&D_node_icon_advsciencetech
[LOG 18:57:59.489] Load Cached PNG Texture: Squad/PartList/SimpleIcons/R&D_node_icon_advunmanned
[LOG 18:57:59.489] Load Cached PNG Texture: Squad/PartList/SimpleIcons/R&D_node_icon_aerodynamicsystems
[LOG 18:57:59.489] Load Cached PNG Texture: Squad/PartList/SimpleIcons/R&D_node_icon_aerospacetech
[LOG 18:57:59.489] Load Cached PNG Texture: Squad/PartList/SimpleIcons/R&D_node_icon_automation
[LOG 18:57:59.489] Load Cached PNG Texture: Squad/PartList/SimpleIcons/R&D_node_icon_basicprobes
[LOG 18:57:59.489] Load Cached PNG Texture: Squad/PartList/SimpleIcons/R&D_node_icon_basicrocketry
[LOG 18:57:59.489] Load Cached PNG Texture: Squad/PartList/SimpleIcons/R&D_node_icon_composites
[LOG 18:57:59.490] Load Cached PNG Texture: Squad/PartList/SimpleIcons/R&D_node_icon_electrics
[LOG 18:57:59.490] Load Cached PNG Texture: Squad/PartList/SimpleIcons/R&D_node_icon_electronics
[LOG 18:57:59.490] Load Cached PNG Texture: Squad/PartList/SimpleIcons/R&D_node_icon_evatech
[LOG 18:57:59.490] Load Cached PNG Texture: Squad/PartList/SimpleIcons/R&D_node_icon_experimentalaerodynamics
[LOG 18:57:59.490] Load Cached PNG Texture: Squad/PartList/SimpleIcons/R&D_node_icon_experimentalelectrics
[LOG 18:57:59.490] Load Cached PNG Texture: Squad/PartList/SimpleIcons/R&D_node_icon_experimentalmotors
[LOG 18:57:59.490] Load Cached PNG Texture: Squad/PartList/SimpleIcons/R&D_node_icon_experimentalrocketry
[LOG 18:57:59.490] Load Cached PNG Texture: Squad/PartList/SimpleIcons/R&D_node_icon_experimentalscience
[LOG 18:57:59.490] Load Cached PNG Texture: Squad/PartList/SimpleIcons/R&D_node_icon_fieldscience
[LOG 18:57:59.490] Load Cached PNG Texture: Squad/PartList/SimpleIcons/R&D_node_icon_flightcontrol
[LOG 18:57:59.490] Load Cached PNG Texture: Squad/PartList/SimpleIcons/R&D_node_icon_fuelsystems
[LOG 18:57:59.490] Load Cached PNG Texture: Squad/PartList/SimpleIcons/R&D_node_icon_generalconstruction
[LOG 18:57:59.491] Load Cached PNG Texture: Squad/PartList/SimpleIcons/R&D_node_icon_generalrocketry
[LOG 18:57:59.491] Load Cached PNG Texture: Squad/PartList/SimpleIcons/R&D_node_icon_generic
[LOG 18:57:59.491] Load Cached PNG Texture: Squad/PartList/SimpleIcons/R&D_node_icon_heavierrocketry
[LOG 18:57:59.491] Load Cached PNG Texture: Squad/PartList/SimpleIcons/R&D_node_icon_heavyaerodynamics
[LOG 18:57:59.491] Load Cached PNG Texture: Squad/PartList/SimpleIcons/R&D_node_icon_heavyrocketry
[LOG 18:57:59.491] Load Cached PNG Texture: Squad/PartList/SimpleIcons/R&D_node_icon_highaltitudeflight
[LOG 18:57:59.491] Load Cached PNG Texture: Squad/PartList/SimpleIcons/R&D_node_icon_highaltitudepropulsion
[LOG 18:57:59.491] Load Cached PNG Texture: Squad/PartList/SimpleIcons/R&D_node_icon_hypersonicflight
[LOG 18:57:59.492] Load Cached PNG Texture: Squad/PartList/SimpleIcons/R&D_node_icon_ionpropulsion
[LOG 18:57:59.492] Load Cached PNG Texture: Squad/PartList/SimpleIcons/R&D_node_icon_landing
[LOG 18:57:59.492] Load Cached PNG Texture: Squad/PartList/SimpleIcons/R&D_node_icon_largecontrol
[LOG 18:57:59.492] Load Cached PNG Texture: Squad/PartList/SimpleIcons/R&D_node_icon_largeelectrics
[LOG 18:57:59.492] Load Cached PNG Texture: Squad/PartList/SimpleIcons/R&D_node_icon_largeprobes
[LOG 18:57:59.492] Load Cached PNG Texture: Squad/PartList/SimpleIcons/R&D_node_icon_metamaterials
[LOG 18:57:59.492] Load Cached PNG Texture: Squad/PartList/SimpleIcons/R&D_node_icon_nanolathing
[LOG 18:57:59.492] Load Cached PNG Texture: Squad/PartList/SimpleIcons/R&D_node_icon_nuclearpropulsion
[LOG 18:57:59.492] Load Cached PNG Texture: Squad/PartList/SimpleIcons/R&D_node_icon_precisionengineering
[LOG 18:57:59.492] Load Cached PNG Texture: Squad/PartList/SimpleIcons/R&D_node_icon_robotics
[LOG 18:57:59.492] Load Cached PNG Texture: Squad/PartList/SimpleIcons/R&D_node_icon_sciencetech
[LOG 18:57:59.492] Load Cached PNG Texture: Squad/PartList/SimpleIcons/R&D_node_icon_specializedconstruction
[LOG 18:57:59.492] Load Cached PNG Texture: Squad/PartList/SimpleIcons/R&D_node_icon_specializedcontrol
[LOG 18:57:59.492] Load Cached PNG Texture: Squad/PartList/SimpleIcons/R&D_node_icon_specializedelectrics
[LOG 18:57:59.492] Load Cached PNG Texture: Squad/PartList/SimpleIcons/R&D_node_icon_stability
[LOG 18:57:59.492] Load Cached PNG Texture: Squad/PartList/SimpleIcons/R&D_node_icon_start
[LOG 18:57:59.492] Load Cached PNG Texture: Squad/PartList/SimpleIcons/R&D_node_icon_supersonicflight
[LOG 18:57:59.493] Load Cached PNG Texture: Squad/PartList/SimpleIcons/R&D_node_icon_survivability
[LOG 18:57:59.493] Load Cached PNG Texture: Squad/PartList/SimpleIcons/R&D_node_icon_unmannedtech
[LOG 18:57:59.493] Load Cached PNG Texture: Squad/PartList/SimpleIcons/R&D_node_icon_veryheavyrocketry
[LOG 18:57:59.493] Load Cached PNG Texture: Squad/PartList/SimpleIcons/rcsfx
[LOG 18:57:59.493] Load Cached PNG Texture: Squad/PartList/SimpleIcons/RDicon_aerospaceTech2
[LOG 18:57:59.493] Load Cached PNG Texture: Squad/PartList/SimpleIcons/RDicon_commandmodules
[LOG 18:57:59.493] Load Cached PNG Texture: Squad/PartList/SimpleIcons/RDicon_fuelSystems-advanced
[LOG 18:57:59.493] Load Cached PNG Texture: Squad/PartList/SimpleIcons/RDicon_fuelSystems-highPerformance
[LOG 18:57:59.493] Load Cached PNG Texture: Squad/PartList/SimpleIcons/RDicon_largeVolumeContainment
[LOG 18:57:59.493] Load Cached PNG Texture: Squad/PartList/SimpleIcons/RDicon_miniaturization
[LOG 18:57:59.493] Load Cached PNG Texture: Squad/PartList/SimpleIcons/RDicon_propulsion-precision
[LOG 18:57:59.493] Load Cached PNG Texture: Squad/PartList/SimpleIcons/RDicon_propulsionSystems
[LOG 18:57:59.493] Load Cached PNG Texture: Squad/PartList/SimpleIcons/RDicon_telescope
[LOG 18:57:59.493] Load Cached PNG Texture: Squad/PartList/SimpleIcons/robotic_controller
[LOG 18:57:59.493] Load Cached PNG Texture: Squad/PartList/SimpleIcons/robotic_rotation_servo
[LOG 18:57:59.493] Load Cached PNG Texture: Squad/PartList/SimpleIcons/robotic_servo_hinge
[LOG 18:57:59.493] Load Cached PNG Texture: Squad/PartList/SimpleIcons/robotic_servo_piston
[LOG 18:57:59.493] Load Cached PNG Texture: Squad/PartList/SimpleIcons/robotic_servo_rotor
[LOG 18:57:59.493] Load Cached PNG Texture: Squad/PartList/SimpleIcons/scanner_arm
[LOG 18:57:59.493] Load Cached PNG Texture: Squad/PartList/SimpleIcons/variant
[LOG 18:57:59.494] Load Cached PNG Texture: Squad/Parts/@thumbs/adapterSmallMiniShort_icon0
[LOG 18:57:59.494] Load Cached PNG Texture: Squad/Parts/@thumbs/adapterSmallMiniShort_icon1
[LOG 18:57:59.494] Load Cached PNG Texture: Squad/Parts/@thumbs/adapterSmallMiniTall_icon0
[LOG 18:57:59.494] Load Cached PNG Texture: Squad/Parts/@thumbs/adapterSmallMiniTall_icon1
[LOG 18:57:59.494] Load Cached PNG Texture: Squad/Parts/@thumbs/AdvancedCanard_icon
[LOG 18:57:59.494] Load Cached PNG Texture: Squad/Parts/@thumbs/advSasModule_icon
[LOG 18:57:59.494] Load Cached PNG Texture: Squad/Parts/@thumbs/airbrake1_icon
[LOG 18:57:59.494] Load Cached PNG Texture: Squad/Parts/@thumbs/airScoop_icon
[LOG 18:57:59.494] Load Cached PNG Texture: Squad/Parts/@thumbs/avionicsNoseCone_icon
[LOG 18:57:59.495] Load Cached PNG Texture: Squad/Parts/@thumbs/basicFin_icon
[LOG 18:57:59.495] Load Cached PNG Texture: Squad/Parts/@thumbs/batteryBankMini_icon
[LOG 18:57:59.495] Load Cached PNG Texture: Squad/Parts/@thumbs/batteryBank_icon
[LOG 18:57:59.495] Load Cached PNG Texture: Squad/Parts/@thumbs/batteryPack_icon
[LOG 18:57:59.495] Load Cached PNG Texture: Squad/Parts/@thumbs/cargoContainer_icon
[LOG 18:57:59.495] Load Cached PNG Texture: Squad/Parts/@thumbs/CargoStorageUnit_icon
[LOG 18:57:59.495] Load Cached PNG Texture: Squad/Parts/@thumbs/CircularIntake_icon
[LOG 18:57:59.496] Load Cached PNG Texture: Squad/Parts/@thumbs/commDish_icon
[LOG 18:57:59.496] Load Cached PNG Texture: Squad/Parts/@thumbs/Decoupler.0_icon0
[LOG 18:57:59.496] Load Cached PNG Texture: Squad/Parts/@thumbs/Decoupler.0_icon1
[LOG 18:57:59.496] Load Cached PNG Texture: Squad/Parts/@thumbs/Decoupler.1_icon0
[LOG 18:57:59.496] Load Cached PNG Texture: Squad/Parts/@thumbs/Decoupler.1_icon1
[LOG 18:57:59.496] Load Cached PNG Texture: Squad/Parts/@thumbs/dockingPort1_icon
[LOG 18:57:59.496] Load Cached PNG Texture: Squad/Parts/@thumbs/dockingPort2_icon
[LOG 18:57:59.496] Load Cached PNG Texture: Squad/Parts/@thumbs/dockingPort3_icon
[LOG 18:57:59.496] Load Cached PNG Texture: Squad/Parts/@thumbs/domeLight1_icon0
[LOG 18:57:59.496] Load Cached PNG Texture: Squad/Parts/@thumbs/domeLight1_icon1
[LOG 18:57:59.496] Load Cached PNG Texture: Squad/Parts/@thumbs/elevon2_icon
[LOG 18:57:59.497] Load Cached PNG Texture: Squad/Parts/@thumbs/elevon3_icon
[LOG 18:57:59.497] Load Cached PNG Texture: Squad/Parts/@thumbs/elevon5_icon
[LOG 18:57:59.497] Load Cached PNG Texture: Squad/Parts/@thumbs/evaChute_icon
[LOG 18:57:59.497] Load Cached PNG Texture: Squad/Parts/@thumbs/evaCylinder_icon
[LOG 18:57:59.497] Load Cached PNG Texture: Squad/Parts/@thumbs/evaJetpack_icon
[LOG 18:57:59.497] Load Cached PNG Texture: Squad/Parts/@thumbs/evaRepairKit_icon
[LOG 18:57:59.497] Load Cached PNG Texture: Squad/Parts/@thumbs/evaScienceKit_icon
[LOG 18:57:59.497] Load Cached PNG Texture: Squad/Parts/@thumbs/externalTankCapsule_icon0
[LOG 18:57:59.497] Load Cached PNG Texture: Squad/Parts/@thumbs/externalTankCapsule_icon1
[LOG 18:57:59.497] Load Cached PNG Texture: Squad/Parts/@thumbs/externalTankRound_icon0
[LOG 18:57:59.498] Load Cached PNG Texture: Squad/Parts/@thumbs/externalTankRound_icon1
[LOG 18:57:59.498] Load Cached PNG Texture: Squad/Parts/@thumbs/externalTankToroid_icon0
[LOG 18:57:59.498] Load Cached PNG Texture: Squad/Parts/@thumbs/externalTankToroid_icon1
[LOG 18:57:59.498] Load Cached PNG Texture: Squad/Parts/@thumbs/fireworksLauncherBig_icon
[LOG 18:57:59.498] Load Cached PNG Texture: Squad/Parts/@thumbs/fireworksLauncherSmall_icon
[LOG 18:57:59.498] Load Cached PNG Texture: Squad/Parts/@thumbs/foldingRadMed_icon
[LOG 18:57:59.498] Load Cached PNG Texture: Squad/Parts/@thumbs/foldingRadSmall_icon
[LOG 18:57:59.498] Load Cached PNG Texture: Squad/Parts/@thumbs/FuelCellArray_icon
[LOG 18:57:59.498] Load Cached PNG Texture: Squad/Parts/@thumbs/FuelCell_icon
[LOG 18:57:59.498] Load Cached PNG Texture: Squad/Parts/@thumbs/fuelTankSmallFlat_icon0
[LOG 18:57:59.498] Load Cached PNG Texture: Squad/Parts/@thumbs/fuelTankSmallFlat_icon1
[LOG 18:57:59.499] Load Cached PNG Texture: Squad/Parts/@thumbs/fuelTankSmallFlat_icon2
[LOG 18:57:59.499] Load Cached PNG Texture: Squad/Parts/@thumbs/fuelTankSmallFlat_icon3
[LOG 18:57:59.499] Load Cached PNG Texture: Squad/Parts/@thumbs/fuelTankSmall_icon0
[LOG 18:57:59.499] Load Cached PNG Texture: Squad/Parts/@thumbs/fuelTankSmall_icon1
[LOG 18:57:59.499] Load Cached PNG Texture: Squad/Parts/@thumbs/fuelTankSmall_icon2
[LOG 18:57:59.499] Load Cached PNG Texture: Squad/Parts/@thumbs/fuelTankSmall_icon3
[LOG 18:57:59.499] Load Cached PNG Texture: Squad/Parts/@thumbs/GearFixed_icon
[LOG 18:57:59.499] Load Cached PNG Texture: Squad/Parts/@thumbs/GearFree_icon
[LOG 18:57:59.499] Load Cached PNG Texture: Squad/Parts/@thumbs/GearSmall_icon
[LOG 18:57:59.499] Load Cached PNG Texture: Squad/Parts/@thumbs/GooExperiment_icon
[LOG 18:57:59.499] Load Cached PNG Texture: Squad/Parts/@thumbs/groundAnchor_icon
[LOG 18:57:59.499] Load Cached PNG Texture: Squad/Parts/@thumbs/groundLight1_icon
[LOG 18:57:59.500] Load Cached PNG Texture: Squad/Parts/@thumbs/groundLight2_icon
[LOG 18:57:59.500] Load Cached PNG Texture: Squad/Parts/@thumbs/HeatShield0_icon
[LOG 18:57:59.500] Load Cached PNG Texture: Squad/Parts/@thumbs/HeatShield1_icon
[LOG 18:57:59.500] Load Cached PNG Texture: Squad/Parts/@thumbs/HECS2.ProbeCore_icon
[LOG 18:57:59.500] Load Cached PNG Texture: Squad/Parts/@thumbs/HighGainAntenna5.v2_icon
[LOG 18:57:59.500] Load Cached PNG Texture: Squad/Parts/@thumbs/HighGainAntenna5_icon
[LOG 18:57:59.500] Load Cached PNG Texture: Squad/Parts/@thumbs/HighGainAntenna_icon
[LOG 18:57:59.503] Load Cached PNG Texture: Squad/Parts/@thumbs/IntakeRadialLong_icon
[LOG 18:57:59.503] Load Cached PNG Texture: Squad/Parts/@thumbs/ionEngine_icon
[LOG 18:57:59.503] Load Cached PNG Texture: Squad/Parts/@thumbs/ksp.r.largeBatteryPack_icon
[LOG 18:57:59.504] Load Cached PNG Texture: Squad/Parts/@thumbs/ladder1_icon
[LOG 18:57:59.504] Load Cached PNG Texture: Squad/Parts/@thumbs/landingLeg1-2_icon
[LOG 18:57:59.504] Load Cached PNG Texture: Squad/Parts/@thumbs/landingLeg1_icon
[LOG 18:57:59.504] Load Cached PNG Texture: Squad/Parts/@thumbs/LgRadialSolarPanel_icon
[LOG 18:57:59.504] Load Cached PNG Texture: Squad/Parts/@thumbs/linearRcs_icon
[LOG 18:57:59.504] Load Cached PNG Texture: Squad/Parts/@thumbs/liquidEngine3.v2_icon0
[LOG 18:57:59.504] Load Cached PNG Texture: Squad/Parts/@thumbs/liquidEngine3.v2_icon1
[LOG 18:57:59.504] Load Cached PNG Texture: Squad/Parts/@thumbs/liquidEngine3.v2_icon2
[LOG 18:57:59.504] Load Cached PNG Texture: Squad/Parts/@thumbs/liquidEngineMini.v2_icon0
[LOG 18:57:59.504] Load Cached PNG Texture: Squad/Parts/@thumbs/liquidEngineMini.v2_icon1
[LOG 18:57:59.504] Load Cached PNG Texture: Squad/Parts/@thumbs/liquidEngineMini.v2_icon2
[LOG 18:57:59.504] Load Cached PNG Texture: Squad/Parts/@thumbs/longAntenna_icon
[LOG 18:57:59.504] Load Cached PNG Texture: Squad/Parts/@thumbs/Magnetometer_icon
[LOG 18:57:59.505] Load Cached PNG Texture: Squad/Parts/@thumbs/mediumDishAntenna_icon
[LOG 18:57:59.505] Load Cached PNG Texture: Squad/Parts/@thumbs/microEngine.v2_icon0
[LOG 18:57:59.511] Load Cached PNG Texture: Squad/Parts/@thumbs/microEngine.v2_icon1
[LOG 18:57:59.511] Load Cached PNG Texture: Squad/Parts/@thumbs/MiniDrill_icon
[LOG 18:57:59.511] Load Cached PNG Texture: Squad/Parts/@thumbs/miniFuelTank_icon
[LOG 18:57:59.511] Load Cached PNG Texture: Squad/Parts/@thumbs/miniFuselage_icon
[LOG 18:57:59.511] Load Cached PNG Texture: Squad/Parts/@thumbs/miniIntake_icon
[LOG 18:57:59.511] Load Cached PNG Texture: Squad/Parts/@thumbs/miniJetEngine_icon
[LOG 18:57:59.512] Load Cached PNG Texture: Squad/Parts/@thumbs/miniLandingLeg_icon
[LOG 18:57:59.512] Load Cached PNG Texture: Squad/Parts/@thumbs/Mite_icon
[LOG 18:57:59.512] Load Cached PNG Texture: Squad/Parts/@thumbs/mk1pod.v2_icon0
[LOG 18:57:59.512] Load Cached PNG Texture: Squad/Parts/@thumbs/mk2DroneCore_icon
[LOG 18:57:59.512] Load Cached PNG Texture: Squad/Parts/@thumbs/MpoProbe_icon
[LOG 18:57:59.512] Load Cached PNG Texture: Squad/Parts/@thumbs/navLight1_icon0
[LOG 18:57:59.512] Load Cached PNG Texture: Squad/Parts/@thumbs/navLight1_icon1
[LOG 18:57:59.512] Load Cached PNG Texture: Squad/Parts/@thumbs/noseCone_icon0
[LOG 18:57:59.512] Load Cached PNG Texture: Squad/Parts/@thumbs/noseCone_icon1
[LOG 18:57:59.513] Load Cached PNG Texture: Squad/Parts/@thumbs/noseCone_icon2
[LOG 18:57:59.513] Load Cached PNG Texture: Squad/Parts/@thumbs/omsEngine_icon
[LOG 18:57:59.513] Load Cached PNG Texture: Squad/Parts/@thumbs/OrbitalScanner_icon
[LOG 18:57:59.513] Load Cached PNG Texture: Squad/Parts/@thumbs/parachuteDrogue_icon
[LOG 18:57:59.513] Load Cached PNG Texture: Squad/Parts/@thumbs/parachuteLarge_icon
[LOG 18:57:59.513] Load Cached PNG Texture: Squad/Parts/@thumbs/parachuteRadial_icon
[LOG 18:57:59.513] Load Cached PNG Texture: Squad/Parts/@thumbs/parachuteSingle_icon
[LOG 18:57:59.513] Load Cached PNG Texture: Squad/Parts/@thumbs/probeCoreCube_icon
[LOG 18:57:59.513] Load Cached PNG Texture: Squad/Parts/@thumbs/probeCoreHex.v2_icon
[LOG 18:57:59.513] Load Cached PNG Texture: Squad/Parts/@thumbs/probeCoreOcto.v2_icon
[LOG 18:57:59.514] Load Cached PNG Texture: Squad/Parts/@thumbs/probeCoreOcto2.v2_icon
[LOG 18:57:59.514] Load Cached PNG Texture: Squad/Parts/@thumbs/probeCoreSphere.v2_icon
[LOG 18:57:59.514] Load Cached PNG Texture: Squad/Parts/@thumbs/probeStackLarge_icon
[LOG 18:57:59.514] Load Cached PNG Texture: Squad/Parts/@thumbs/probeStackSmall_icon
[LOG 18:57:59.514] Load Cached PNG Texture: Squad/Parts/@thumbs/R8winglet_icon
[LOG 18:57:59.514] Load Cached PNG Texture: Squad/Parts/@thumbs/radialDecoupler1-2_icon
[LOG 18:57:59.514] Load Cached PNG Texture: Squad/Parts/@thumbs/radialDecoupler2_icon
[LOG 18:57:59.514] Load Cached PNG Texture: Squad/Parts/@thumbs/radialDecoupler_icon
[LOG 18:57:59.514] Load Cached PNG Texture: Squad/Parts/@thumbs/radialDrogue_icon
[LOG 18:57:59.515] Load Cached PNG Texture: Squad/Parts/@thumbs/radialEngineMini.v2_icon0
[LOG 18:57:59.515] Load Cached PNG Texture: Squad/Parts/@thumbs/radialEngineMini.v2_icon1
[LOG 18:57:59.515] Load Cached PNG Texture: Squad/Parts/@thumbs/radialLiquidEngine1-2_icon
[LOG 18:57:59.515] Load Cached PNG Texture: Squad/Parts/@thumbs/RadialOreTank_icon
[LOG 18:57:59.515] Load Cached PNG Texture: Squad/Parts/@thumbs/radialRCSTank_icon
[LOG 18:57:59.515] Load Cached PNG Texture: Squad/Parts/@thumbs/radPanelEdge_icon
[LOG 18:57:59.515] Load Cached PNG Texture: Squad/Parts/@thumbs/radPanelLg_icon
[LOG 18:57:59.515] Load Cached PNG Texture: Squad/Parts/@thumbs/radPanelSm_icon
[LOG 18:57:59.515] Load Cached PNG Texture: Squad/Parts/@thumbs/RCSblock.01.small_icon0
[LOG 18:57:59.516] Load Cached PNG Texture: Squad/Parts/@thumbs/RCSblock.01.small_icon1
[LOG 18:57:59.516] Load Cached PNG Texture: Squad/Parts/@thumbs/RCSblock.01.small_icon2
[LOG 18:57:59.516] Load Cached PNG Texture: Squad/Parts/@thumbs/RCSblock.01.small_icon3
[LOG 18:57:59.516] Load Cached PNG Texture: Squad/Parts/@thumbs/RCSblock.01.small_icon4
[LOG 18:57:59.516] Load Cached PNG Texture: Squad/Parts/@thumbs/RCSBlock.v2_icon
[LOG 18:57:59.516] Load Cached PNG Texture: Squad/Parts/@thumbs/RCSBlock.v2_icon0
[LOG 18:57:59.516] Load Cached PNG Texture: Squad/Parts/@thumbs/RCSBlock.v2_icon1
[LOG 18:57:59.516] Load Cached PNG Texture: Squad/Parts/@thumbs/RCSBlock.v2_icon2
[LOG 18:57:59.516] Load Cached PNG Texture: Squad/Parts/@thumbs/RCSBlock.v2_icon3
[LOG 18:57:59.517] Load Cached PNG Texture: Squad/Parts/@thumbs/RCSBlock.v2_icon4
[LOG 18:57:59.517] Load Cached PNG Texture: Squad/Parts/@thumbs/RCSFuelTank_icon
[LOG 18:57:59.517] Load Cached PNG Texture: Squad/Parts/@thumbs/RCSLinearSmall_icon
[LOG 18:57:59.517] Load Cached PNG Texture: Squad/Parts/@thumbs/rcsTankMini_icon
[LOG 18:57:59.517] Load Cached PNG Texture: Squad/Parts/@thumbs/RelayAntenna5_icon
[LOG 18:57:59.517] Load Cached PNG Texture: Squad/Parts/@thumbs/ReleaseValve_icon
[LOG 18:57:59.517] Load Cached PNG Texture: Squad/Parts/@thumbs/roverBody.v2_icon0
[LOG 18:57:59.517] Load Cached PNG Texture: Squad/Parts/@thumbs/roverBody.v2_icon1
[LOG 18:57:59.517] Load Cached PNG Texture: Squad/Parts/@thumbs/roverBody.v2_icon2
[LOG 18:57:59.518] Load Cached PNG Texture: Squad/Parts/@thumbs/roverWheel1_icon
[LOG 18:57:59.518] Load Cached PNG Texture: Squad/Parts/@thumbs/roverWheel2_icon
[LOG 18:57:59.518] Load Cached PNG Texture: Squad/Parts/@thumbs/rtg_icon
[LOG 18:57:59.518] Load Cached PNG Texture: Squad/Parts/@thumbs/sasModule_icon
[LOG 18:57:59.518] Load Cached PNG Texture: Squad/Parts/@thumbs/science.module_icon
[LOG 18:57:59.518] Load Cached PNG Texture: Squad/Parts/@thumbs/ScienceBox_icon
[LOG 18:57:59.519] Load Cached PNG Texture: Squad/Parts/@thumbs/seatExternalCmd_icon
[LOG 18:57:59.519] Load Cached PNG Texture: Squad/Parts/@thumbs/sensorAccelerometer_icon
[LOG 18:57:59.519] Load Cached PNG Texture: Squad/Parts/@thumbs/sensorAtmosphere_icon
[LOG 18:57:59.519] Load Cached PNG Texture: Squad/Parts/@thumbs/sensorBarometer_icon
[LOG 18:57:59.519] Load Cached PNG Texture: Squad/Parts/@thumbs/sensorGravimeter_icon
[LOG 18:57:59.519] Load Cached PNG Texture: Squad/Parts/@thumbs/sensorThermometer_icon
[LOG 18:57:59.520] Load Cached PNG Texture: Squad/Parts/@thumbs/Separator.0_icon0
[LOG 18:57:59.520] Load Cached PNG Texture: Squad/Parts/@thumbs/Separator.0_icon1
[LOG 18:57:59.520] Load Cached PNG Texture: Squad/Parts/@thumbs/Separator.1_icon0
[LOG 18:57:59.520] Load Cached PNG Texture: Squad/Parts/@thumbs/Separator.1_icon1
[LOG 18:57:59.520] Load Cached PNG Texture: Squad/Parts/@thumbs/sepMotor1_icon
[LOG 18:57:59.521] Load Cached PNG Texture: Squad/Parts/@thumbs/ServiceBay.125.v2_icon
[LOG 18:57:59.521] Load Cached PNG Texture: Squad/Parts/@thumbs/shockConeIntake_icon
[LOG 18:57:59.521] Load Cached PNG Texture: Squad/Parts/@thumbs/Shrimp_icon
[LOG 18:57:59.521] Load Cached PNG Texture: Squad/Parts/@thumbs/smallCargoContainer_icon
[LOG 18:57:59.521] Load Cached PNG Texture: Squad/Parts/@thumbs/smallClaw_icon0
[LOG 18:57:59.521] Load Cached PNG Texture: Squad/Parts/@thumbs/smallClaw_icon1
[LOG 18:57:59.521] Load Cached PNG Texture: Squad/Parts/@thumbs/smallCtrlSrf_icon
[LOG 18:57:59.522] Load Cached PNG Texture: Squad/Parts/@thumbs/SmallGearBay_icon
[LOG 18:57:59.522] Load Cached PNG Texture: Squad/Parts/@thumbs/smallHardpoint_icon
[LOG 18:57:59.522] Load Cached PNG Texture: Squad/Parts/@thumbs/smallRadialEngine.v2_icon0
[LOG 18:57:59.522] Load Cached PNG Texture: Squad/Parts/@thumbs/smallRadialEngine.v2_icon1
[LOG 18:57:59.522] Load Cached PNG Texture: Squad/Parts/@thumbs/solarPanelOX10C_icon
[LOG 18:57:59.522] Load Cached PNG Texture: Squad/Parts/@thumbs/solarPanelOX10L_icon
[LOG 18:57:59.523] Load Cached PNG Texture: Squad/Parts/@thumbs/solarPanels1_icon
[LOG 18:57:59.523] Load Cached PNG Texture: Squad/Parts/@thumbs/solarPanels2_icon
[LOG 18:57:59.523] Load Cached PNG Texture: Squad/Parts/@thumbs/solarPanels3_icon
[LOG 18:57:59.523] Load Cached PNG Texture: Squad/Parts/@thumbs/solarPanels4_icon
[LOG 18:57:59.523] Load Cached PNG Texture: Squad/Parts/@thumbs/solarPanels5_icon
[LOG 18:57:59.523] Load Cached PNG Texture: Squad/Parts/@thumbs/solarPanelSP10C_icon
[LOG 18:57:59.523] Load Cached PNG Texture: Squad/Parts/@thumbs/solarPanelSP10L_icon
[LOG 18:57:59.523] Load Cached PNG Texture: Squad/Parts/@thumbs/spotLight1_icon
[LOG 18:57:59.524] Load Cached PNG Texture: Squad/Parts/@thumbs/spotLight2_icon
[LOG 18:57:59.524] Load Cached PNG Texture: Squad/Parts/@thumbs/spotLight3_icon0
[LOG 18:57:59.524] Load Cached PNG Texture: Squad/Parts/@thumbs/spotLight3_icon1
[LOG 18:57:59.524] Load Cached PNG Texture: Squad/Parts/@thumbs/stackPoint1_icon
[LOG 18:57:59.524] Load Cached PNG Texture: Squad/Parts/@thumbs/StandardCtrlSrf_icon
[LOG 18:57:59.524] Load Cached PNG Texture: Squad/Parts/@thumbs/standardNoseCone_icon
[LOG 18:57:59.524] Load Cached PNG Texture: Squad/Parts/@thumbs/stripLight1_icon0
[LOG 18:57:59.524] Load Cached PNG Texture: Squad/Parts/@thumbs/stripLight1_icon1
[LOG 18:57:59.524] Load Cached PNG Texture: Squad/Parts/@thumbs/structuralIBeam1_icon
[LOG 18:57:59.524] Load Cached PNG Texture: Squad/Parts/@thumbs/structuralIBeam3_icon
[LOG 18:57:59.524] Load Cached PNG Texture: Squad/Parts/@thumbs/structuralMiniNode_icon
[LOG 18:57:59.524] Load Cached PNG Texture: Squad/Parts/@thumbs/structuralPanel1_icon
[LOG 18:57:59.524] Load Cached PNG Texture: Squad/Parts/@thumbs/structuralPanel2_icon
[LOG 18:57:59.524] Load Cached PNG Texture: Squad/Parts/@thumbs/structuralWing4_icon
[LOG 18:57:59.525] Load Cached PNG Texture: Squad/Parts/@thumbs/strutCube_icon
[LOG 18:57:59.525] Load Cached PNG Texture: Squad/Parts/@thumbs/strutOcto_icon
[LOG 18:57:59.525] Load Cached PNG Texture: Squad/Parts/@thumbs/SurfaceScanner_icon
[LOG 18:57:59.525] Load Cached PNG Texture: Squad/Parts/@thumbs/SurfAntenna_icon
[LOG 18:57:59.525] Load Cached PNG Texture: Squad/Parts/@thumbs/telescopicLadderBay_icon
[LOG 18:57:59.527] Load Cached PNG Texture: Squad/Parts/@thumbs/telescopicLadder_icon
[LOG 18:57:59.527] Load Cached PNG Texture: Squad/Parts/@thumbs/toroidalAerospike_icon
[LOG 18:57:59.527] Load Cached PNG Texture: Squad/Parts/@thumbs/trussAdapter_icon
[LOG 18:57:59.527] Load Cached PNG Texture: Squad/Parts/@thumbs/trussPiece1x_icon
[LOG 18:57:59.527] Load Cached PNG Texture: Squad/Parts/@thumbs/trussPiece3x_icon
[LOG 18:57:59.527] Load Cached PNG Texture: Squad/Parts/@thumbs/vernierEngine_icon
[LOG 18:57:59.529] Load Cached PNG Texture: Squad/Parts/@thumbs/wheelMed_icon
[LOG 18:57:59.529] Load Cached PNG Texture: Squad/Parts/@thumbs/wingConnector4_icon
[LOG 18:57:59.530] Load Cached PNG Texture: Squad/Parts/@thumbs/wingConnector5_icon
[LOG 18:57:59.530] Load Cached PNG Texture: Squad/Parts/@thumbs/winglet3_icon
[LOG 18:57:59.530] Load Cached PNG Texture: Squad/Parts/@thumbs/winglet_icon
[LOG 18:57:59.530] Load Cached PNG Texture: Squad/Parts/@thumbs/wingShuttleElevon1_icon
[LOG 18:57:59.530] Load Cached PNG Texture: Squad/Parts/@thumbs/xenonTankLarge_icon
[LOG 18:57:59.530] Load Cached PNG Texture: Squad/Parts/@thumbs/xenonTankRadial_icon
[LOG 18:57:59.530] Load Cached PNG Texture: Squad/Parts/@thumbs/xenonTank_icon
[LOG 18:57:59.530] Load DDS texture: Squad/Parts/Aero/aerodynamicNoseCone/Rockomax_Adapters_diffuse
[LOG 18:57:59.530] Load DDS texture: Squad/Parts/Aero/aerodynamicNoseCone/Rockomax_Adapters_normal
[LOG 18:57:59.530] Load DDS texture: Squad/Parts/Aero/airbrake/airbrake
[LOG 18:57:59.531] Load DDS texture: Squad/Parts/Aero/airIntakeRadialXM-G50/RadialIntake
[LOG 18:57:59.538] Load DDS texture: Squad/Parts/Aero/airlinerWings/AirlinerWings
[LOG 18:57:59.548] Load DDS texture: Squad/Parts/Aero/airplaneFins/AirplaneFins
[LOG 18:57:59.551] Load DDS texture: Squad/Parts/Aero/basicFin/BasicFin
[LOG 18:57:59.551] Load DDS texture: Squad/Parts/Aero/circularIntake/CircluarIntakes
[LOG 18:57:59.551] Load DDS texture: Squad/Parts/Aero/circularIntake/CircluarIntakes_Heat
[LOG 18:57:59.551] Load DDS texture: Squad/Parts/Aero/cones/Assets/Cones
[LOG 18:57:59.552] Load DDS texture: Squad/Parts/Aero/cones/Assets/ConesDiffuse
[LOG 18:57:59.553] Load DDS texture: Squad/Parts/Aero/cones/Assets/ConesDiffuse_Orange
[LOG 18:57:59.554] Load DDS texture: Squad/Parts/Aero/cones/Assets/ConesDiffuse_White
[LOG 18:57:59.556] Load DDS texture: Squad/Parts/Aero/cones/Assets/ConesHeat
[LOG 18:57:59.557] Load DDS texture: Squad/Parts/Aero/cones/Assets/ConesHeat_Orange
[LOG 18:57:59.560] Load DDS texture: Squad/Parts/Aero/cones/Assets/ConesHeat_White
[LOG 18:57:59.563] Load DDS texture: Squad/Parts/Aero/cones/Assets/Cones_Heat
[LOG 18:57:59.564] Load Cached PNG Texture: Squad/Parts/Aero/cones/Assets/rocketNoseCones_O
[LOG 18:57:59.573] Load Cached PNG Texture: Squad/Parts/Aero/cones/Assets/rocketNoseCones_O_Normal
[LOG 18:57:59.576] Load DDS texture: Squad/Parts/Aero/cones/Assets/rocketNoseCones_W
[LOG 18:57:59.585] Load DDS texture: Squad/Parts/Aero/cones/Assets/Rockomax_Adapters_diffuse
[LOG 18:57:59.586] Load DDS texture: Squad/Parts/Aero/cones/Assets/Rockomax_Adapters_normal
[LOG 18:57:59.586] Load DDS texture: Squad/Parts/Aero/fairings/AutoTruss
[LOG 18:57:59.586] Load DDS texture: Squad/Parts/Aero/fairings/FairingBase
[LOG 18:57:59.587] Load DDS texture: Squad/Parts/Aero/fairings/FairingBaseNormals
[LOG 18:57:59.588] Load DDS texture: Squad/Parts/Aero/fairings/FairingBaseNormals_bw
[LOG 18:57:59.588] Load DDS texture: Squad/Parts/Aero/fairings/FairingBaseNormals_goldSilver
[LOG 18:57:59.588] Load DDS texture: Squad/Parts/Aero/fairings/FairingBaseNormals_orange
[LOG 18:57:59.588] Load Cached PNG Texture: Squad/Parts/Aero/fairings/FairingBase_black
[LOG 18:57:59.590] Load DDS texture: Squad/Parts/Aero/fairings/FairingBase_bw
[LOG 18:57:59.592] Load DDS texture: Squad/Parts/Aero/fairings/FairingBase_goldDiffuse
[LOG 18:57:59.592] Load DDS texture: Squad/Parts/Aero/fairings/FairingBase_goldSpecular
[LOG 18:57:59.593] Load DDS texture: Squad/Parts/Aero/fairings/FairingBase_orange
[LOG 18:57:59.594] Load DDS texture: Squad/Parts/Aero/fairings/FairingBase_silverDiffuse
[LOG 18:57:59.594] Load DDS texture: Squad/Parts/Aero/fairings/FairingBase_silverSpecular
[LOG 18:57:59.611] Load DDS texture: Squad/Parts/Aero/fairings/fairingsCap
[LOG 18:57:59.611] Load DDS texture: Squad/Parts/Aero/fairings/FairingsMat_silverSpecular
[LOG 18:57:59.611] Load DDS texture: Squad/Parts/Aero/fairings/fairings_diff
[LOG 18:57:59.621] Load DDS texture: Squad/Parts/Aero/fairings/fairings_diff_grey
[LOG 18:57:59.622] Load DDS texture: Squad/Parts/Aero/fairings/fairings_diff_orange
[LOG 18:57:59.623] Load DDS texture: Squad/Parts/Aero/fairings/fairings_grey_normals
[LOG 18:57:59.624] Load DDS texture: Squad/Parts/Aero/fairings/fairings_normals
[LOG 18:57:59.625] Load DDS texture: Squad/Parts/Aero/fairings/fairings_normals_silver
[LOG 18:57:59.626] Load DDS texture: Squad/Parts/Aero/fairings/fairings_orange_normals
[LOG 18:57:59.627] Load DDS texture: Squad/Parts/Aero/fairings/fairings_silverDiffuse
[LOG 18:57:59.629] Load DDS texture: Squad/Parts/Aero/HeatShield/Fairing
[LOG 18:57:59.629] Load DDS texture: Squad/Parts/Aero/HeatShield/heatshield
[LOG 18:57:59.629] Load DDS texture: Squad/Parts/Aero/InflatableHeatShield/HeatShield
[LOG 18:57:59.631] Load DDS texture: Squad/Parts/Aero/InflatableHeatShield/HeatShieldFairing
[LOG 18:57:59.631] Load DDS texture: Squad/Parts/Aero/InflatableHeatShield/HeatShield_NRM
[LOG 18:57:59.632] Load DDS texture: Squad/Parts/Aero/intakeRadialLong/Radial_long
[LOG 18:57:59.633] Load DDS texture: Squad/Parts/Aero/miniIntake/SmallIntake
[LOG 18:57:59.633] Load DDS texture: Squad/Parts/Aero/ramAirIntake/RampIntake
[LOG 18:57:59.633] Load DDS texture: Squad/Parts/Aero/ramAirIntake/RampIntake_Heat
[LOG 18:57:59.633] Load DDS texture: Squad/Parts/Aero/shuttleWings/ShuttleWings
[LOG 18:57:59.644] Load DDS texture: Squad/Parts/Aero/wingletAV-R8/model000
[LOG 18:57:59.644] Load DDS texture: Squad/Parts/Aero/wingletAV-R8/model001
[LOG 18:57:59.644] Load DDS texture: Squad/Parts/Aero/wingletAV-T1/model000
[LOG 18:57:59.645] Load DDS texture: Squad/Parts/Aero/wingletAV-T1/model001
[LOG 18:57:59.645] Load DDS texture: Squad/Parts/Aero/wingletDeltaDeluxe/model000
[LOG 18:57:59.645] Load DDS texture: Squad/Parts/Aero/wings/Wings
[LOG 18:57:59.650] Load DDS texture: Squad/Parts/Cargo/CargoContainers/cargoContainer_diff
[LOG 18:57:59.650] Load DDS texture: Squad/Parts/Cargo/CargoContainers/smallCargoContainer_diffuse
[LOG 18:57:59.650] Load DDS texture: Squad/Parts/Cargo/CargoContainers/smallCargoContainer_nrm
[LOG 18:57:59.651] Load DDS texture: Squad/Parts/Cargo/CargoContainers/smallCargoContainer_specular
[LOG 18:57:59.651] Load DDS texture: Squad/Parts/Cargo/Cylinder/EVAcylinder_diffuse
[LOG 18:57:59.651] Load DDS texture: Squad/Parts/Cargo/Cylinder/EVAcylinder_nrm
[LOG 18:57:59.651] Load DDS texture: Squad/Parts/Cargo/GroundAnchor/groundAnchor_diffuse
[LOG 18:57:59.652] Load DDS texture: Squad/Parts/Cargo/GroundAnchor/groundAnchor_nrm
[LOG 18:57:59.652] Load DDS texture: Squad/Parts/Cargo/Jetpack/EVAjetpack
[LOG 18:57:59.654] Load DDS texture: Squad/Parts/Cargo/Jetpack/EVAjetpackEmmisive
[LOG 18:57:59.654] Load DDS texture: Squad/Parts/Cargo/Jetpack/EVAjetpackNRM
[LOG 18:57:59.656] Load DDS texture: Squad/Parts/Cargo/Parachute/backpack_Diff
[LOG 18:57:59.666] Load DDS texture: Squad/Parts/Cargo/Parachute/backpack_NM
[LOG 18:57:59.676] Load DDS texture: Squad/Parts/Cargo/RepairKit/RepairKit_Diffuse
[LOG 18:57:59.677] Load DDS texture: Squad/Parts/Cargo/RepairKit/RepairKit_Normal
[LOG 18:57:59.680] Load DDS texture: Squad/Parts/Cargo/ScienceKit/ExperimentKit_Material_Diffuse
[LOG 18:57:59.681] Load DDS texture: Squad/Parts/Cargo/ScienceKit/ExperimentKit_Material_Emissive
[LOG 18:57:59.683] Load DDS texture: Squad/Parts/Cargo/ScienceKit/ExperimentKit_Material_Normal
[LOG 18:57:59.684] Load DDS texture: Squad/Parts/Cargo/StorageUnits/Assets/Cargo_Material_Diffuse
[LOG 18:57:59.693] Load DDS texture: Squad/Parts/Cargo/StorageUnits/Assets/Cargo_Material_Normal
[LOG 18:57:59.702] Load DDS texture: Squad/Parts/Command/advancedSasModuleLarge/model000
[LOG 18:57:59.702] Load DDS texture: Squad/Parts/Command/advancedSasModuleLarge/model001
[LOG 18:57:59.703] Load DDS texture: Squad/Parts/Command/cupola/cupola_Emissive
[LOG 18:57:59.703] Load DDS texture: Squad/Parts/Command/cupola/ksp_l_cupola_diff
[LOG 18:57:59.703] Load DDS texture: Squad/Parts/Command/cupola/ksp_l_cupola_normal
[LOG 18:57:59.705] Load DDS texture: Squad/Parts/Command/cupola/window
[LOG 18:57:59.705] Load DDS texture: Squad/Parts/Command/externalCommandSeat/model000
[LOG 18:57:59.706] Load DDS texture: Squad/Parts/Command/hitchhikerStorageContainer/cabin
[LOG 18:57:59.710] Load DDS texture: Squad/Parts/Command/hitchhikerStorageContainer/cabin_Illum
[LOG 18:57:59.713] Load DDS texture: Squad/Parts/Command/hitchhikerStorageContainer/cabin_n
[LOG 18:57:59.714] Load DDS texture: Squad/Parts/Command/hitchhikerStorageContainer/window
[LOG 18:57:59.717] Load DDS texture: Squad/Parts/Command/inlineAdvancedStabilizer/model000
[LOG 18:57:59.717] Load DDS texture: Squad/Parts/Command/inlineAdvancedStabilizer/model001
[LOG 18:57:59.718] Load DDS texture: Squad/Parts/Command/inlineReactionWheel/model000
[LOG 18:57:59.720] Load DDS texture: Squad/Parts/Command/inlineReactionWheel/model001
[LOG 18:57:59.721] Load DDS texture: Squad/Parts/Command/inlineReactionWheel/model002
[LOG 18:57:59.722] Load DDS texture: Squad/Parts/Command/Mk1-2Pod/mk 1-2 external shell Variant-Hatch
[LOG 18:57:59.723] Load DDS texture: Squad/Parts/Command/Mk1-3Pod/M1-3 Pod
[LOG 18:57:59.725] Load DDS texture: Squad/Parts/Command/Mk1-3Pod/M1-3 Pod_GLOW
[LOG 18:57:59.730] Load DDS texture: Squad/Parts/Command/mk1Cockpits/GLOW
[LOG 18:57:59.730] Load DDS texture: Squad/Parts/Command/mk1Cockpits/Mk1Cockpit
[LOG 18:57:59.731] Load DDS texture: Squad/Parts/Command/mk1LanderCan/ksp_s_landerCan_diff
[LOG 18:57:59.732] Load DDS texture: Squad/Parts/Command/mk1LanderCan/ksp_s_landerCan_normal
[LOG 18:57:59.732] Load DDS texture: Squad/Parts/Command/mk1LanderCan/ksp_s_landerCan_psd_illum
[LOG 18:57:59.733] Load DDS texture: Squad/Parts/Command/mk1pod/outer shell
[LOG 18:57:59.733] Load DDS texture: Squad/Parts/Command/mk1pod_v2/Mk1_v2
[LOG 18:57:59.734] Load DDS texture: Squad/Parts/Command/mk1pod_v2/Mk1_v2_GLOW
[LOG 18:57:59.735] Load DDS texture: Squad/Parts/Command/mk1pod_v2/Mk1_v2_GW
[LOG 18:57:59.736] Load DDS texture: Squad/Parts/Command/mk1pod_v2/Mk1_v2_N
[LOG 18:57:59.737] Load DDS texture: Squad/Parts/Command/mk1pod_v2/Mk1_v2_W
[LOG 18:57:59.739] Load DDS texture: Squad/Parts/Command/mk1pod_v2/Mk1_v2_W_N
[LOG 18:57:59.741] Load DDS texture: Squad/Parts/Command/mk2CockpitInline/Cockpit_inline_A
[LOG 18:57:59.745] Load DDS texture: Squad/Parts/Command/mk2CockpitInline/Cockpit_inline_Emissive
[LOG 18:57:59.745] Load DDS texture: Squad/Parts/Command/mk2CockpitInline/Cockpit_inline_normal
[LOG 18:57:59.747] Load DDS texture: Squad/Parts/Command/mk2CockpitStandard/Cockpit
[LOG 18:57:59.750] Load DDS texture: Squad/Parts/Command/mk2CockpitStandard/Cockpit_Lum
[LOG 18:57:59.750] Load DDS texture: Squad/Parts/Command/mk2CockpitStandard/Cockpit_NRM
[LOG 18:57:59.754] Load DDS texture: Squad/Parts/Command/mk2DroneCore/mk2Dronecore
[LOG 18:57:59.754] Load DDS texture: Squad/Parts/Command/mk2LanderCan/Illum
[LOG 18:57:59.754] Load DDS texture: Squad/Parts/Command/mk2LanderCan/ladder
[LOG 18:57:59.755] Load DDS texture: Squad/Parts/Command/mk2LanderCan/outershell
[LOG 18:57:59.755] Load DDS texture: Squad/Parts/Command/mk2LanderCan/outershell_n
[LOG 18:57:59.755] Load DDS texture: Squad/Parts/Command/mk2LanderCan/window
[LOG 18:57:59.755] Load DDS texture: Squad/Parts/Command/mk2LanderCan_v2/Mk2Can
[LOG 18:57:59.761] Load DDS texture: Squad/Parts/Command/mk2LanderCan_v2/Mk2Can_glow
[LOG 18:57:59.771] Load DDS texture: Squad/Parts/Command/mk3CockpitShuttle/Mk3CockpitShuttle
[LOG 18:57:59.772] Load DDS texture: Squad/Parts/Command/mk3CockpitShuttle/Mk3CockpitShuttle_LUM
[LOG 18:57:59.772] Load DDS texture: Squad/Parts/Command/MpoProbe/MpoProbe_diffuse
[LOG 18:57:59.774] Load DDS texture: Squad/Parts/Command/MpoProbe/MpoProbe_nrm
[LOG 18:57:59.781] Load DDS texture: Squad/Parts/Command/MpoProbe/MpoProbe_specular
[LOG 18:57:59.782] Load DDS texture: Squad/Parts/Command/MtmStage/mtmStage_diffuse
[LOG 18:57:59.783] Load DDS texture: Squad/Parts/Command/MtmStage/mtmStage_nrm
[LOG 18:57:59.784] Load DDS texture: Squad/Parts/Command/MtmStage/mtmStage_specular
[LOG 18:57:59.786] Load DDS texture: Squad/Parts/Command/probeCoreCube/QBE_New_diffuse
[LOG 18:57:59.786] Load Cached PNG Texture: Squad/Parts/Command/probeCoreCube/QBE_New_NRM
[LOG 18:57:59.787] Load DDS texture: Squad/Parts/Command/probeCoreCube/QBE_New_specular
[LOG 18:57:59.789] Load DDS texture: Squad/Parts/Command/probeCoreHex/ksp_m_hexProbe_diff
[LOG 18:57:59.789] Load DDS texture: Squad/Parts/Command/probeCoreHex/ksp_m_hexProbe_normal
[LOG 18:57:59.790] Load DDS texture: Squad/Parts/Command/probeCoreHex_v2/hecsDiffuse
[LOG 18:57:59.790] Load DDS texture: Squad/Parts/Command/probeCoreHex_v2/hecsNormal
[LOG 18:57:59.791] Load DDS texture: Squad/Parts/Command/probeCoreOcto2_v2/octoDiffuse
[LOG 18:57:59.791] Load DDS texture: Squad/Parts/Command/probeCoreOcto2_v2/octoNormal
[LOG 18:57:59.791] Load DDS texture: Squad/Parts/Command/probeCoreOcto2_v2/octoSpecular
[LOG 18:57:59.791] Load DDS texture: Squad/Parts/Command/probeCoreOcto_v2/octoDiffuse
[LOG 18:57:59.791] Load DDS texture: Squad/Parts/Command/probeCoreOcto_v2/octoNormal
[LOG 18:57:59.791] Load DDS texture: Squad/Parts/Command/probeCoreOcto_v2/octoSpecular
[LOG 18:57:59.791] Load DDS texture: Squad/Parts/Command/probeRoverBody/model000
[LOG 18:57:59.791] Load DDS texture: Squad/Parts/Command/probeRoverBody/model001
[LOG 18:57:59.792] Load DDS texture: Squad/Parts/Command/probeRoverBody_v2/probeRoverBody_v2_gold_diffuse
[LOG 18:57:59.793] Load Cached PNG Texture: Squad/Parts/Command/probeRoverBody_v2/probeRoverBody_v2_gold_NRM
[LOG 18:57:59.794] Load DDS texture: Squad/Parts/Command/probeRoverBody_v2/probeRoverBody_v2_gold_specular
[LOG 18:57:59.795] Load DDS texture: Squad/Parts/Command/probeRoverBody_v2/probeRoverBody_v2_silver_diffuse
[LOG 18:57:59.796] Load Cached PNG Texture: Squad/Parts/Command/probeRoverBody_v2/probeRoverBody_v2_silver_NRM
[LOG 18:57:59.799] Load DDS texture: Squad/Parts/Command/probeRoverBody_v2/probeRoverBody_v2_silver_specular
[LOG 18:57:59.800] Load DDS texture: Squad/Parts/Command/probeRoverBody_v2/QBE_New_diffuse
[LOG 18:57:59.800] Load DDS texture: Squad/Parts/Command/probeRoverBody_v2/QBE_New_NRM
[LOG 18:57:59.800] Load DDS texture: Squad/Parts/Command/probeRoverBody_v2/QBE_New_specular
[LOG 18:57:59.800] Load DDS texture: Squad/Parts/Command/probeStackLarge/model000
[LOG 18:57:59.802] Load DDS texture: Squad/Parts/Command/probeStackLarge/model001
[LOG 18:57:59.804] Load DDS texture: Squad/Parts/Command/probeStackSmall/model000
[LOG 18:57:59.805] Load DDS texture: Squad/Parts/Command/probeStackSmall/model001
[LOG 18:57:59.807] Load DDS texture: Squad/Parts/Command/probeStackSphere_v2/probeStackSphere_diffuse
[LOG 18:57:59.809] Load DDS texture: Squad/Parts/Command/probeStackSphere_v2/probeStackSphere_normal
[LOG 18:57:59.811] Load DDS texture: Squad/Parts/Command/probeStackSphere_v2/probeStackSphere_specular
[LOG 18:57:59.812] Load Cached PNG Texture: Squad/Parts/CompoundParts/@thumbs/fuelLine_icon0
[LOG 18:57:59.812] Load Cached PNG Texture: Squad/Parts/CompoundParts/@thumbs/fuelLine_icon1
[LOG 18:57:59.812] Load Cached PNG Texture: Squad/Parts/CompoundParts/@thumbs/strutConnector_icon0
[LOG 18:57:59.812] Load Cached PNG Texture: Squad/Parts/CompoundParts/@thumbs/strutConnector_icon1
[LOG 18:57:59.812] Load DDS texture: Squad/Parts/CompoundParts/FuelLine/FTX-2 External Fuel Duct
[LOG 18:57:59.814] Load DDS texture: Squad/Parts/CompoundParts/FuelLine/FTX-2 External Fuel Duct_ESA
[LOG 18:57:59.814] Load DDS texture: Squad/Parts/CompoundParts/strutConnector/EAS-4 Strut Connector
[LOG 18:57:59.814] Load DDS texture: Squad/Parts/CompoundParts/strutConnector/EAS-4 Strut Connector_white
[LOG 18:57:59.814] Load DDS texture: Squad/Parts/Coupling/Assets/Decouplers
[LOG 18:57:59.819] Load DDS texture: Squad/Parts/Coupling/Assets/Decouplers_N
[LOG 18:57:59.824] Load DDS texture: Squad/Parts/Coupling/Assets/Decouplers_whiteYellow
[LOG 18:57:59.827] Load DDS texture: Squad/Parts/Coupling/Assets/Decouplers_whiteYellow_N
[LOG 18:57:59.837] Load DDS texture: Squad/Parts/Electrical/10CSolarPanels/assets/circularSolarPanel_diffuse
[LOG 18:57:59.852] Load DDS texture: Squad/Parts/Electrical/10CSolarPanels/assets/circularSolarPanel_nrm
[LOG 18:57:59.853] Load DDS texture: Squad/Parts/Electrical/10LSolarPanels/assets/retractableSolarPanel_diffuse
[LOG 18:57:59.855] Load DDS texture: Squad/Parts/Electrical/10LSolarPanels/assets/retractableSolarPanel_nrm
[LOG 18:57:59.865] Load DDS texture: Squad/Parts/Electrical/1x6ShroudSolarPanels/model000
[LOG 18:57:59.865] Load DDS texture: Squad/Parts/Electrical/1x6ShroudSolarPanels/model001
[LOG 18:57:59.865] Load DDS texture: Squad/Parts/Electrical/1x6ShroudSolarPanels/model002
[LOG 18:57:59.865] Load DDS texture: Squad/Parts/Electrical/1x6SolarPanels/model000
[LOG 18:57:59.865] Load DDS texture: Squad/Parts/Electrical/1x6SolarPanels/model001
[LOG 18:57:59.866] Load DDS texture: Squad/Parts/Electrical/1x6SolarPanels/model002
[LOG 18:57:59.866] Load DDS texture: Squad/Parts/Electrical/3x2ShroudSolarPanels/model000
[LOG 18:57:59.866] Load DDS texture: Squad/Parts/Electrical/3x2ShroudSolarPanels/model001
[LOG 18:57:59.866] Load DDS texture: Squad/Parts/Electrical/3x2ShroudSolarPanels/model002
[LOG 18:57:59.866] Load DDS texture: Squad/Parts/Electrical/3x2SolarPanels/model000
[LOG 18:57:59.866] Load DDS texture: Squad/Parts/Electrical/3x2SolarPanels/model001
[LOG 18:57:59.866] Load DDS texture: Squad/Parts/Electrical/3x2SolarPanels/model002
[LOG 18:57:59.867] Load DDS texture: Squad/Parts/Electrical/gigantorXlSolarArray/panel
[LOG 18:57:59.867] Load DDS texture: Squad/Parts/Electrical/radialFlatSolarPanel/model000
[LOG 18:57:59.867] Load DDS texture: Squad/Parts/Electrical/RTG/model000
[LOG 18:57:59.867] Load DDS texture: Squad/Parts/Electrical/z-100Battery/model000
[LOG 18:57:59.867] Load DDS texture: Squad/Parts/Electrical/z-1kBattery/model000
[LOG 18:57:59.868] Load DDS texture: Squad/Parts/Electrical/z-1kBattery/model001
[LOG 18:57:59.868] Load DDS texture: Squad/Parts/Electrical/z-200Battery/ksp_m_batteryPack_diff
[LOG 18:57:59.868] Load DDS texture: Squad/Parts/Electrical/z-400Battery/model000
[LOG 18:57:59.868] Load DDS texture: Squad/Parts/Electrical/z-4kBattery/ksp_l_batteryPack_diff
[LOG 18:57:59.868] Load DDS texture: Squad/Parts/Electrical/z-4kBattery/ksp_l_batteryPack_normal
[LOG 18:57:59.869] Load DDS texture: Squad/Parts/Engine/ionEngine/model000
[LOG 18:57:59.869] Load DDS texture: Squad/Parts/Engine/jetEngines/Jet Engines
[LOG 18:57:59.869] Load DDS texture: Squad/Parts/Engine/jetEngines/Jet_Heat
[LOG 18:57:59.870] Load DDS texture: Squad/Parts/Engine/liquidEngine24-77/engine
[LOG 18:57:59.870] Load DDS texture: Squad/Parts/Engine/liquidEngine24-77_v2/Twitch
[LOG 18:57:59.872] Load DDS texture: Squad/Parts/Engine/liquidEngine24-77_v2/Twitch_G
[LOG 18:57:59.872] Load DDS texture: Squad/Parts/Engine/liquidEngine24-77_v2/Twitch_GLOW
[LOG 18:57:59.872] Load DDS texture: Squad/Parts/Engine/liquidEngine48-7S/ksp_m_liquidEngine_diff
[LOG 18:57:59.873] Load DDS texture: Squad/Parts/Engine/liquidEngine48-7S_v2/Spark
[LOG 18:57:59.873] Load DDS texture: Squad/Parts/Engine/liquidEngine48-7S_v2/Spark_Glow
[LOG 18:57:59.873] Load DDS texture: Squad/Parts/Engine/liquidEngineAerospike/Aerospike
[LOG 18:57:59.873] Load DDS texture: Squad/Parts/Engine/liquidEngineAerospike/Aerospike_Heat
[LOG 18:57:59.873] Load DDS texture: Squad/Parts/Engine/liquidEngineLV-1_v2/Assets/Ant_and_Spider_diffuse
[LOG 18:57:59.874] Load DDS texture: Squad/Parts/Engine/liquidEngineLV-1_v2/Assets/Ant_and_Spider_emissive
[LOG 18:57:59.874] Load DDS texture: Squad/Parts/Engine/liquidEngineLV-1_v2/Assets/Ant_and_Spider_normal
[LOG 18:57:59.875] Load DDS texture: Squad/Parts/Engine/liquidEngineLV-1_v2/Assets/Ant_and_Spider_specular
[LOG 18:57:59.875] Load DDS texture: Squad/Parts/Engine/liquidEngineLV-909_v2/Terrier
[LOG 18:57:59.877] Load DDS texture: Squad/Parts/Engine/liquidEngineLV-909_v2/TerrierFairing
[LOG 18:57:59.877] Load DDS texture: Squad/Parts/Engine/liquidEngineLV-909_v2/Terrier_glow
[LOG 18:57:59.888] Load DDS texture: Squad/Parts/Engine/liquidEngineLV-N/model000
[LOG 18:57:59.888] Load DDS texture: Squad/Parts/Engine/liquidEngineLV-N/model001
[LOG 18:57:59.888] Load DDS texture: Squad/Parts/Engine/liquidEngineLV-N/model002
[LOG 18:57:59.888] Load DDS texture: Squad/Parts/Engine/liquidEngineLV-N/model003
[LOG 18:57:59.890] Load DDS texture: Squad/Parts/Engine/liquidEngineLV-T30/model000
[LOG 18:57:59.890] Load DDS texture: Squad/Parts/Engine/liquidEngineLV-T30/model001
[LOG 18:57:59.890] Load DDS texture: Squad/Parts/Engine/liquidEngineLV-T30/model002
[LOG 18:57:59.890] Load DDS texture: Squad/Parts/Engine/liquidEngineLV-T30_v2/Engine_Emissive
[LOG 18:57:59.895] Load DDS texture: Squad/Parts/Engine/liquidEngineLV-T30_v2/Engine_Normal
[LOG 18:57:59.906] Load DDS texture: Squad/Parts/Engine/liquidEngineLV-T30_v2/Fairing
[LOG 18:57:59.907] Load DDS texture: Squad/Parts/Engine/liquidEngineLV-T30_v2/Reliant_v2-shroud_Diffuse
[LOG 18:57:59.913] Load DDS texture: Squad/Parts/Engine/liquidEngineLV-T30_v2/Reliant_v2_Diffuse
[LOG 18:57:59.920] Load DDS texture: Squad/Parts/Engine/liquidEngineLV-T45/model000
[LOG 18:57:59.922] Load DDS texture: Squad/Parts/Engine/liquidEngineLV-T45/model001
[LOG 18:57:59.922] Load DDS texture: Squad/Parts/Engine/liquidEngineLV-T45/model002
[LOG 18:57:59.922] Load DDS texture: Squad/Parts/Engine/liquidEngineLV-T45/model003
[LOG 18:57:59.922] Load DDS texture: Squad/Parts/Engine/liquidEngineLV-T45_v2/Engine_Emissive
[LOG 18:57:59.928] Load DDS texture: Squad/Parts/Engine/liquidEngineLV-T45_v2/Fairing
[LOG 18:57:59.928] Load DDS texture: Squad/Parts/Engine/liquidEngineLV-T45_v2/Swivel_v2_Diffuse
[LOG 18:57:59.934] Load DDS texture: Squad/Parts/Engine/liquidEngineLV-T45_v2/Swivel_v2_Normal
[LOG 18:57:59.940] Load DDS texture: Squad/Parts/Engine/liquidEngineMainsail_v2/mainsail_diffuse
[LOG 18:57:59.949] Load DDS texture: Squad/Parts/Engine/liquidEngineMainsail_v2/mainsail_emissive
[LOG 18:57:59.950] Load DDS texture: Squad/Parts/Engine/liquidEngineMainsail_v2/mainsail_nrm
[LOG 18:57:59.960] Load DDS texture: Squad/Parts/Engine/liquidEngineMainsail_v2/mainsail_specular
[LOG 18:57:59.969] Load DDS texture: Squad/Parts/Engine/liquidEngineMainsail_v2/Shroud
[LOG 18:57:59.971] Load DDS texture: Squad/Parts/Engine/liquidEngineMk55/Thud
[LOG 18:57:59.971] Load DDS texture: Squad/Parts/Engine/liquidEngineMk55/Thud_Heat
[LOG 18:57:59.972] Load DDS texture: Squad/Parts/Engine/liquidEnginePoodle_v2/poodle
[LOG 18:57:59.972] Load DDS texture: Squad/Parts/Engine/liquidEnginePoodle_v2/PoodleShroud
[LOG 18:57:59.978] Load DDS texture: Squad/Parts/Engine/liquidEnginePoodle_v2/poodle_Glow
[LOG 18:57:59.981] Load DDS texture: Squad/Parts/Engine/liquidEnginePoodle_v2/Poodle_SingleBell_Poodle_Diffuse
[LOG 18:57:59.983] Load DDS texture: Squad/Parts/Engine/liquidEnginePoodle_v2/Poodle_SingleBell_Poodle_Emissive
[LOG 18:57:59.986] Load DDS texture: Squad/Parts/Engine/liquidEnginePoodle_v2/Poodle_SingleBell_Poodle_Normal
[LOG 18:57:59.988] Load DDS texture: Squad/Parts/Engine/liquidEngineSkipper_v2/Shroud
[LOG 18:57:59.989] Load DDS texture: Squad/Parts/Engine/liquidEngineSkipper_v2/skipper_v2_diffuse
[LOG 18:58:00.018] Load DDS texture: Squad/Parts/Engine/liquidEngineSkipper_v2/skipper_v2_emissive
[LOG 18:58:00.025] Load DDS texture: Squad/Parts/Engine/liquidEngineSkipper_v2/skipper_v2_normal
[LOG 18:58:00.038] Load DDS texture: Squad/Parts/Engine/liquidEngineSSME/SSME
[LOG 18:58:00.063] Load DDS texture: Squad/Parts/Engine/liquidEngineSSME/SSME_GLOW
[LOG 18:58:00.064] Load DDS texture: Squad/Parts/Engine/liquidEngineSSME/SSME_NRM
[LOG 18:58:00.064] Load DDS texture: Squad/Parts/Engine/MassiveSRB/solid_booster_cm
[LOG 18:58:00.065] Load DDS texture: Squad/Parts/Engine/MassiveSRB/solid_booster_cm_esa
[LOG 18:58:00.066] Load DDS texture: Squad/Parts/Engine/MassiveSRB/solid_booster_em
[LOG 18:58:00.070] Load DDS texture: Squad/Parts/Engine/MassiveSRB/solid_booster_nm
[LOG 18:58:00.070] Load DDS texture: Squad/Parts/Engine/miniJet/SmallJet
[LOG 18:58:00.071] Load DDS texture: Squad/Parts/Engine/OMSEngine/Puff_diffuse
[LOG 18:58:00.073] Load DDS texture: Squad/Parts/Engine/OMSEngine/Puff_emissive
[LOG 18:58:00.078] Load DDS texture: Squad/Parts/Engine/OMSEngine/Puff_normal
[LOG 18:58:00.078] Load DDS texture: Squad/Parts/Engine/OMSEngine/Puff_specular
[LOG 18:58:00.079] Load DDS texture: Squad/Parts/Engine/rapierEngine/rapierDiffuse
[LOG 18:58:00.079] Load DDS texture: Squad/Parts/Engine/rapierEngine/rapieremit
[LOG 18:58:00.079] Load DDS texture: Squad/Parts/Engine/Size1_SRBs/SRB_O
[LOG 18:58:00.079] Load DDS texture: Squad/Parts/Engine/Size1_SRBs/SRB_W
[LOG 18:58:00.080] Load DDS texture: Squad/Parts/Engine/Size1_SRBs/SRB_Y
[LOG 18:58:00.081] Load DDS texture: Squad/Parts/Engine/Size2LFB/Size2LFBEmissive
[LOG 18:58:00.081] Load DDS texture: Squad/Parts/Engine/Size2LFB/twin_nozzle_booster_cm
[LOG 18:58:00.083] Load DDS texture: Squad/Parts/Engine/Size2LFB/twin_nozzle_booster_nm
[LOG 18:58:00.085] Load DDS texture: Squad/Parts/Engine/Size2LFB_v2/Size2LFBEmissive
[LOG 18:58:00.085] Load DDS texture: Squad/Parts/Engine/Size2LFB_v2/twin_nozzle_booster_cm
[LOG 18:58:00.087] Load DDS texture: Squad/Parts/Engine/Size2LFB_v2/twin_nozzle_booster_nm
[LOG 18:58:00.088] Load DDS texture: Squad/Parts/Engine/Size3AdvancedEngine/decoupler_and_adaptor_cm
[LOG 18:58:00.090] Load DDS texture: Squad/Parts/Engine/Size3AdvancedEngine/Size3AdvancedEngineDiffuse
[LOG 18:58:00.092] Load DDS texture: Squad/Parts/Engine/Size3AdvancedEngine/Size3AdvancedEngineEmissive
[LOG 18:58:00.093] Load DDS texture: Squad/Parts/Engine/Size3AdvancedEngine/Size3AdvancedEngineNormal
[LOG 18:58:00.094] Load DDS texture: Squad/Parts/Engine/Size3EngineCluster/ClusterEngineEmit
[LOG 18:58:00.094] Load DDS texture: Squad/Parts/Engine/Size3EngineCluster/four_nozzle_engine_cm
[LOG 18:58:00.103] Load DDS texture: Squad/Parts/Engine/Size3EngineCluster/four_nozzle_engine_nm
[LOG 18:58:00.104] Load DDS texture: Squad/Parts/Engine/solidBoosterBACC/model000
[LOG 18:58:00.106] Load DDS texture: Squad/Parts/Engine/solidBoosterBACC/model001
[LOG 18:58:00.107] Load DDS texture: Squad/Parts/Engine/solidBoosterBACC/model002
[LOG 18:58:00.109] Load DDS texture: Squad/Parts/Engine/solidBoosterRT-5/RT5
[LOG 18:58:00.109] Load DDS texture: Squad/Parts/Engine/solidBoosterS2-17/solidBoosterS2-17_diffuse
[LOG 18:58:00.123] Load DDS texture: Squad/Parts/Engine/solidBoosterS2-17/solidBoosterS2-17_emissive
[LOG 18:58:00.146] Load DDS texture: Squad/Parts/Engine/solidBoosterS2-17/solidBoosterS2-17_normal
[LOG 18:58:00.163] Load DDS texture: Squad/Parts/Engine/solidBoosterS2-33/solidBoosterS2-33_diffuse
[LOG 18:58:00.198] Load DDS texture: Squad/Parts/Engine/solidBoosterS2-33/solidBoosterS2-33_emissive
[LOG 18:58:00.240] Load DDS texture: Squad/Parts/Engine/solidBoosterS2-33/solidBoosterS2-33_normal
[LOG 18:58:00.289] Load DDS texture: Squad/Parts/Engine/solidBoosterSep/model000
[LOG 18:58:00.289] Load DDS texture: Squad/Parts/Engine/solidBoosterSep/motor
[LOG 18:58:00.289] Load DDS texture: Squad/Parts/Engine/SolidBoostersF/Assets/SolidBoosterF3S0_diffuse
[LOG 18:58:00.290] Load DDS texture: Squad/Parts/Engine/SolidBoostersF/Assets/SolidBoosterF3S0_emissive
[LOG 18:58:00.290] Load DDS texture: Squad/Parts/Engine/SolidBoostersF/Assets/SolidBoosterF3S0_normal
[LOG 18:58:00.290] Load DDS texture: Squad/Parts/FuelTank/adapterTanks/Mk3Adapters
[LOG 18:58:00.293] Load DDS texture: Squad/Parts/FuelTank/drainTankFTE-1/fuelValve_diffuse
[LOG 18:58:00.297] Load DDS texture: Squad/Parts/FuelTank/drainTankFTE-1/fuelValve_nrm
[LOG 18:58:00.297] Load DDS texture: Squad/Parts/FuelTank/FoilTanks/RadialTanks
[LOG 18:58:00.299] Load DDS texture: Squad/Parts/FuelTank/FoilTanks/RadialTanksGold_specular
[LOG 18:58:00.301] Load DDS texture: Squad/Parts/FuelTank/FoilTanks/RadialTanksSilver_specular
[LOG 18:58:00.303] Load DDS texture: Squad/Parts/FuelTank/FoilTanks/RadialTanks_N
[LOG 18:58:00.305] Load DDS texture: Squad/Parts/FuelTank/FoilTanks/RadialTanks_silver
[LOG 18:58:00.306] Load DDS texture: Squad/Parts/FuelTank/fuelTankOscarB/model000
[LOG 18:58:00.306] Load DDS texture: Squad/Parts/FuelTank/fuelTankOscarB/model001
[LOG 18:58:00.306] Load DDS texture: Squad/Parts/FuelTank/fuelTankOscarB/tank
[LOG 18:58:00.306] Load DDS texture: Squad/Parts/FuelTank/fuelTankOscarB/tank_n
[LOG 18:58:00.306] Load DDS texture: Squad/Parts/FuelTank/miniFuselage/Fuselage
[LOG 18:58:00.306] Load DDS texture: Squad/Parts/FuelTank/mk2Adapters/mk2adapters1m
[LOG 18:58:00.324] Load DDS texture: Squad/Parts/FuelTank/mk2FuselageLong/mk2Fuselage
[LOG 18:58:00.324] Load DDS texture: Squad/Parts/FuelTank/mk2FuselageShort/mk2FuselageShort
[LOG 18:58:00.326] Load DDS texture: Squad/Parts/FuelTank/mk3Fuselage/Mk3Fuselage
[LOG 18:58:00.330] Load DDS texture: Squad/Parts/FuelTank/mk3Fuselage/Mk3Fuselage_LUM
[LOG 18:58:00.330] Load DDS texture: Squad/Parts/FuelTank/RCSFuelTankR1/RCSFuelTankR1_01
[LOG 18:58:00.330] Load DDS texture: Squad/Parts/FuelTank/RCSFuelTankR1/RCSFuelTankR1_02
[LOG 18:58:00.331] Load DDS texture: Squad/Parts/FuelTank/RCSFuelTankR1/RCSFuelTankR1_N
[LOG 18:58:00.332] Load DDS texture: Squad/Parts/FuelTank/RCSFuelTankR10/ksp_m_rcsTank_diff
[LOG 18:58:00.333] Load DDS texture: Squad/Parts/FuelTank/RCSFuelTankR10/ksp_m_rcsTank_normal
[LOG 18:58:00.333] Load DDS texture: Squad/Parts/FuelTank/RCSFuelTankR25/FL-R25 RCS Fuel Tank_D
[LOG 18:58:00.334] Load DDS texture: Squad/Parts/FuelTank/RCSFuelTankR25/FL-R25 RCS Fuel Tank_N
[LOG 18:58:00.334] Load DDS texture: Squad/Parts/FuelTank/RCSTankRadial/model000
[LOG 18:58:00.334] Load DDS texture: Squad/Parts/FuelTank/RCStankRadialLong/ksp_r_rcsCylTank_diff
[LOG 18:58:00.334] Load DDS texture: Squad/Parts/FuelTank/RockomaxTanks/Assets/rockomax_16 [AlbedoM] BW
[LOG 18:58:00.340] Load DDS texture: Squad/Parts/FuelTank/RockomaxTanks/Assets/rockomax_16 [AlbedoM] ESA
[LOG 18:58:00.347] Load DDS texture: Squad/Parts/FuelTank/RockomaxTanks/Assets/rockomax_16 [AlbedoM] O
[LOG 18:58:00.354] Load DDS texture: Squad/Parts/FuelTank/RockomaxTanks/Assets/rockomax_16 [Normal] BW
[LOG 18:58:00.365] Load DDS texture: Squad/Parts/FuelTank/RockomaxTanks/Assets/rockomax_16 [Normal]ESA
[LOG 18:58:00.373] Load DDS texture: Squad/Parts/FuelTank/RockomaxTanks/Assets/rockomax_16 [Normal]O
[LOG 18:58:00.379] Load DDS texture: Squad/Parts/FuelTank/RockomaxTanks/Assets/rockomax_32 [AlbedoM] ESA
[LOG 18:58:00.381] Load DDS texture: Squad/Parts/FuelTank/RockomaxTanks/Assets/rockomax_32 [Normal]ESA
[LOG 18:58:00.382] Load DDS texture: Squad/Parts/FuelTank/Size1_Tanks/125Tanks_BW
[LOG 18:58:00.386] Load DDS texture: Squad/Parts/FuelTank/Size1_Tanks/125Tanks_D
[LOG 18:58:00.389] Load DDS texture: Squad/Parts/FuelTank/Size1_Tanks/125Tanks_N
[LOG 18:58:00.393] Load DDS texture: Squad/Parts/FuelTank/Size1_Tanks/125Tanks_O
[LOG 18:58:00.398] Load DDS texture: Squad/Parts/FuelTank/Size1_Tanks/125Tanks_W
[LOG 18:58:00.401] Load DDS texture: Squad/Parts/FuelTank/Size3Tanks/fueltTanks_cm
[LOG 18:58:00.404] Load Cached PNG Texture: Squad/Parts/FuelTank/Size3Tanks/Size3Tanks
[LOG 18:58:00.408] Load Cached PNG Texture: Squad/Parts/FuelTank/Size3Tanks/Size3Tanks_Norm
[LOG 18:58:00.411] Load Cached PNG Texture: Squad/Parts/FuelTank/Size3Tanks/Size3Tanks_Orange
[LOG 18:58:00.412] Load Cached PNG Texture: Squad/Parts/FuelTank/Size3Tanks/Size3Tanks_Orange_Norm
[LOG 18:58:00.412] Load DDS texture: Squad/Parts/FuelTank/xenonTank/model000
[LOG 18:58:00.413] Load DDS texture: Squad/Parts/FuelTank/xenonTank/model001
[LOG 18:58:00.413] Load DDS texture: Squad/Parts/FuelTank/xenonTankLarge/tank
[LOG 18:58:00.413] Load DDS texture: Squad/Parts/FuelTank/xenonTankRadial/ksp_r_xenonTank_diff
[LOG 18:58:00.413] Load DDS texture: Squad/Parts/Misc/AsteroidDay/CamSat
[LOG 18:58:00.414] Load DDS texture: Squad/Parts/Misc/AsteroidDay/CamSat_glow
[LOG 18:58:00.414] Load DDS texture: Squad/Parts/Misc/AsteroidDay/CamSat_N_NRM
[LOG 18:58:00.416] Load DDS texture: Squad/Parts/Misc/AsteroidDay/default
[LOG 18:58:00.416] Load DDS texture: Squad/Parts/Misc/AsteroidDay/hecsDiffuse
[LOG 18:58:00.416] Load DDS texture: Squad/Parts/Misc/AsteroidDay/hecsNormal
[LOG 18:58:00.416] Load DDS texture: Squad/Parts/Misc/AsteroidDay/hecsSpecular
[LOG 18:58:00.417] Load DDS texture: Squad/Parts/Misc/AsteroidDay/JumboHexProbe
[LOG 18:58:00.417] Load DDS texture: Squad/Parts/Misc/AsteroidDay/JumboHexProbe_NORM_NRM
[LOG 18:58:00.418] Load DDS texture: Squad/Parts/Resources/FuelCell/FCLamp
[LOG 18:58:00.418] Load DDS texture: Squad/Parts/Resources/FuelCell/FuelCellRack
[LOG 18:58:00.418] Load DDS texture: Squad/Parts/Resources/FuelCell/fuellcell
[LOG 18:58:00.418] Load DDS texture: Squad/Parts/Resources/ISRU/Processor_Large
[LOG 18:58:00.418] Load DDS texture: Squad/Parts/Resources/LargeTank/ksp_l_resourceContainer_diff
[LOG 18:58:00.419] Load DDS texture: Squad/Parts/Resources/LargeTank/ksp_l_resourceContainer_norm
[LOG 18:58:00.421] Load DDS texture: Squad/Parts/Resources/MiniDrill/DustParticle
[LOG 18:58:00.422] Load DDS texture: Squad/Parts/Resources/MiniDrill/ksp_r_rockProbe_diff
[LOG 18:58:00.423] Load DDS texture: Squad/Parts/Resources/MiniDrill/RockParticle
[LOG 18:58:00.423] Load DDS texture: Squad/Parts/Resources/MiniISRU/ksp_s_processorSmall_diff
[LOG 18:58:00.424] Load DDS texture: Squad/Parts/Resources/OrbitalScanner/detector
[LOG 18:58:00.424] Load DDS texture: Squad/Parts/Resources/RadialDrill/DustParticle
[LOG 18:58:00.424] Load DDS texture: Squad/Parts/Resources/RadialDrill/RockParticle
[LOG 18:58:00.424] Load DDS texture: Squad/Parts/Resources/RadialDrill/TriBitDrill
[LOG 18:58:00.424] Load DDS texture: Squad/Parts/Resources/RadialTank/ksp_r_resourceContainer_psd_2
[LOG 18:58:00.424] Load DDS texture: Squad/Parts/Resources/SmallTank/ksp_s_resourceContainer_diff
[LOG 18:58:00.425] Load DDS texture: Squad/Parts/Resources/SmallTank/ksp_s_resourceContainer_normal
[LOG 18:58:00.427] Load DDS texture: Squad/Parts/Resources/SurfaceScanner/ksp_r_samplerAir_diff
[LOG 18:58:00.428] Load DDS texture: Squad/Parts/Resources/SurveyScanner/dish
[LOG 18:58:00.428] Load DDS texture: Squad/Parts/Resources/SurveyScanner/dish_n
[LOG 18:58:00.429] Load DDS texture: Squad/Parts/Science/AtmosphereSensor/ksp_r_hydroscoop_diff
[LOG 18:58:00.431] Load DDS texture: Squad/Parts/Science/GooExperiment/GooExperiment
[LOG 18:58:00.432] Load DDS texture: Squad/Parts/Science/LargeCrewedLab/Large_Crewed_Lab
[LOG 18:58:00.435] Load DDS texture: Squad/Parts/Science/LargeCrewedLab/Large_Crewed_Lab_glow
[LOG 18:58:00.439] Load DDS texture: Squad/Parts/Science/LargeCrewedLab/window
[LOG 18:58:00.441] Load DDS texture: Squad/Parts/Science/Magnetometer/Magnetometer_diffuse
[LOG 18:58:00.441] Load DDS texture: Squad/Parts/Science/Magnetometer/Magnetometer_nrm
[LOG 18:58:00.441] Load DDS texture: Squad/Parts/Science/MaterialBay/science_module_small
[LOG 18:58:00.442] Load DDS texture: Squad/Parts/Science/MaterialBay/science_module_small_emit
[LOG 18:58:00.442] Load DDS texture: Squad/Parts/Science/MaterialBay/science_module_small_nrm
[LOG 18:58:00.442] Load DDS texture: Squad/Parts/Science/MaterialBay/wires
[LOG 18:58:00.443] Load DDS texture: Squad/Parts/Science/ScienceBox/Container
[LOG 18:58:00.443] Load DDS texture: Squad/Parts/Science/sensorAccelerometer/model000
[LOG 18:58:00.443] Load DDS texture: Squad/Parts/Science/sensorBarometer/model000
[LOG 18:58:00.443] Load DDS texture: Squad/Parts/Science/sensorGravimeter/model000
[LOG 18:58:00.443] Load DDS texture: Squad/Parts/Science/sensorThermometer/model000
[LOG 18:58:00.443] Load DDS texture: Squad/Parts/Structural/FLAdapters/Assets/FLA-Adapters_diffuse
[LOG 18:58:00.445] Load DDS texture: Squad/Parts/Structural/FLAdapters/Assets/FLA-Adapters_diffuse_O
[LOG 18:58:00.446] Load DDS texture: Squad/Parts/Structural/FLAdapters/Assets/FLA-Adapters_normal
[LOG 18:58:00.448] Load DDS texture: Squad/Parts/Structural/FLAdapters/Assets/FLA-Adapters_normal_O
[LOG 18:58:00.449] Load DDS texture: Squad/Parts/Structural/mk1Parts/Mk1Structural
[LOG 18:58:00.450] Load DDS texture: Squad/Parts/Structural/mk1Parts/Mk1StructuralHeat
[LOG 18:58:00.451] Load Cached PNG Texture: Squad/Parts/Structural/mk1Parts/@thumbs/MK1Fuselage_icon
[LOG 18:58:00.451] Load DDS texture: Squad/Parts/Structural/Size3To2Adapter_v2/Size2to3_BW_Diffuse
[LOG 18:58:00.459] Load DDS texture: Squad/Parts/Structural/Size3To2Adapter_v2/Size2to3_DUMMY_NRM
[LOG 18:58:00.460] Load DDS texture: Squad/Parts/Structural/Size3To2Adapter_v2/Size2to3_O_Diffuse
[LOG 18:58:00.471] Load DDS texture: Squad/Parts/Structural/Size3To2Adapter_v2/Size2to3_W_Diffuse
[LOG 18:58:00.476] Load DDS texture: Squad/Parts/Structural/Size3To2Adapter_v2/Size2to3_W_NRM
[LOG 18:58:00.482] Load DDS texture: Squad/Parts/Structural/stackAdapters/Assets/stackAdapters_diffuse
[LOG 18:58:00.484] Load DDS texture: Squad/Parts/Structural/stackAdapters/Assets/stackAdapters_diffuse_Dark
[LOG 18:58:00.487] Load DDS texture: Squad/Parts/Structural/stackAdapters/Assets/stackAdapters_diffuse_Orange
[LOG 18:58:00.488] Load DDS texture: Squad/Parts/Structural/stackAdapters/Assets/stackAdapters_normal
[LOG 18:58:00.492] Load DDS texture: Squad/Parts/Structural/stackAdapters/Assets/stackAdapters_normal_Orange
[LOG 18:58:00.493] Load DDS texture: Squad/Parts/Structural/stationHub/model000
[LOG 18:58:00.493] Load DDS texture: Squad/Parts/Structural/stationHub/model001
[LOG 18:58:00.494] Load DDS texture: Squad/Parts/Structural/structuralIBeam200/model000
[LOG 18:58:00.494] Load DDS texture: Squad/Parts/Structural/structuralIBeam200Pocket/model000
[LOG 18:58:00.494] Load DDS texture: Squad/Parts/Structural/structuralIBeam650/model000
[LOG 18:58:00.494] Load DDS texture: Squad/Parts/Structural/structuralMicronode/model000
[LOG 18:58:00.494] Load DDS texture: Squad/Parts/Structural/structuralPanel1x1/model000
[LOG 18:58:00.494] Load DDS texture: Squad/Parts/Structural/structuralPanel1x1/model001
[LOG 18:58:00.494] Load DDS texture: Squad/Parts/Structural/structuralPanel2x2/model000
[LOG 18:58:00.494] Load DDS texture: Squad/Parts/Structural/structuralPanel2x2/model001
[LOG 18:58:00.495] Load DDS texture: Squad/Parts/Structural/structuralPylons/Pylons
[LOG 18:58:00.495] Load DDS texture: Squad/Parts/Structural/strutCubicOcto/cubestrut
[LOG 18:58:00.495] Load DDS texture: Squad/Parts/Structural/strutOcto/model000
[LOG 18:58:00.495] Load DDS texture: Squad/Parts/Structural/trussGirderAdapter/model000
[LOG 18:58:00.495] Load DDS texture: Squad/Parts/Structural/trussGirderAdapter/model001
[LOG 18:58:00.495] Load DDS texture: Squad/Parts/Structural/trussGirderL/model000
[LOG 18:58:00.495] Load DDS texture: Squad/Parts/Structural/trussGirderXL/model000
[LOG 18:58:00.496] Load DDS texture: Squad/Parts/Thermal/FoldingRadiators/radiator
[LOG 18:58:00.496] Load DDS texture: Squad/Parts/Thermal/FoldingRadiators/radiator_N_NRM
[LOG 18:58:00.498] Load DDS texture: Squad/Parts/Thermal/RadiatorPanels/radPanel
[LOG 18:58:00.500] Load DDS texture: Squad/Parts/Thermal/RadiatorPanels/radPanel_N_NRM
[LOG 18:58:00.502] Load DDS texture: Squad/Parts/Utility/commDish88-88/comm_dish_array
[LOG 18:58:00.503] Load DDS texture: Squad/Parts/Utility/commDish88-88/comm_dish_v2_diff
[LOG 18:58:00.503] Load DDS texture: Squad/Parts/Utility/commDish88-88/model000
[LOG 18:58:00.503] Load DDS texture: Squad/Parts/Utility/commsAntennaDTS-M1/mediumDishAntenna
[LOG 18:58:00.505] Load DDS texture: Squad/Parts/Utility/commsAntennaDTS-M1/mediumDishAntenna_Emit
[LOG 18:58:00.506] Load DDS texture: Squad/Parts/Utility/commsDish16/model000
[LOG 18:58:00.506] Load DDS texture: Squad/Parts/Utility/decouplerRadialHDM/model000
[LOG 18:58:00.506] Load DDS texture: Squad/Parts/Utility/decouplerRadialTT-38K/model000
[LOG 18:58:00.506] Load DDS texture: Squad/Parts/Utility/decouplerRadialTT-38K/model001
[LOG 18:58:00.506] Load DDS texture: Squad/Parts/Utility/decouplerRadialTT-70/model000
[LOG 18:58:00.506] Load DDS texture: Squad/Parts/Utility/DirectAntennas/MiniAntenna
[LOG 18:58:00.506] Load DDS texture: Squad/Parts/Utility/dockingPort/Arrow Pointer
[LOG 18:58:00.507] Load DDS texture: Squad/Parts/Utility/dockingPort/DockingPorts_Clampotron_Diffuse
[LOG 18:58:00.513] Load DDS texture: Squad/Parts/Utility/dockingPort/DockingPorts_Clampotron_Emissive
[LOG 18:58:00.515] Load DDS texture: Squad/Parts/Utility/dockingPort/DockingPorts_Clampotron_Normal
[LOG 18:58:00.521] Load DDS texture: Squad/Parts/Utility/dockingPortInline/Arrow Pointer
[LOG 18:58:00.522] Load DDS texture: Squad/Parts/Utility/dockingPortInline/ClampotronLinear_ClampotronLinear_Diffuse
[LOG 18:58:00.527] Load DDS texture: Squad/Parts/Utility/dockingPortInline/ClampotronLinear_ClampotronLinear_Emissive
[LOG 18:58:00.529] Load DDS texture: Squad/Parts/Utility/dockingPortInline/ClampotronLinear_ClampotronLinear_Normal
[LOG 18:58:00.535] Load DDS texture: Squad/Parts/Utility/dockingPortInline/DockingPorts_Clampotron_Diffuse
[LOG 18:58:00.547] Load DDS texture: Squad/Parts/Utility/dockingPortInline/DockingPorts_Clampotron_Emissive
[LOG 18:58:00.548] Load DDS texture: Squad/Parts/Utility/dockingPortInline/DockingPorts_Clampotron_Normal
[LOG 18:58:00.553] Load DDS texture: Squad/Parts/Utility/dockingPortJr/Arrow Pointer
[LOG 18:58:00.554] Load DDS texture: Squad/Parts/Utility/dockingPortJr/DockingPorts_ClampotronJR_Diffuse
[LOG 18:58:00.555] Load DDS texture: Squad/Parts/Utility/dockingPortJr/DockingPorts_ClampotronJR_Normal
[LOG 18:58:00.557] Load DDS texture: Squad/Parts/Utility/dockingPortJr/model000
[LOG 18:58:00.557] Load DDS texture: Squad/Parts/Utility/dockingPortShielded/Arrow Pointer
[LOG 18:58:00.558] Load DDS texture: Squad/Parts/Utility/dockingPortShielded/Clamp-O-Tron Shielded Docking Port_ClampotronShielded_Diffuse
[LOG 18:58:00.563] Load DDS texture: Squad/Parts/Utility/dockingPortShielded/Clamp-O-Tron Shielded Docking Port_ClampotronShielded_Normal
[LOG 18:58:00.569] Load DDS texture: Squad/Parts/Utility/dockingPortShielded/DockingPorts_Clampotron_Diffuse
[LOG 18:58:00.578] Load DDS texture: Squad/Parts/Utility/dockingPortShielded/DockingPorts_Clampotron_Emissive
[LOG 18:58:00.579] Load DDS texture: Squad/Parts/Utility/dockingPortShielded/DockingPorts_Clampotron_Normal
[LOG 18:58:00.585] Load DDS texture: Squad/Parts/Utility/dockingPortSr/Arrow Pointer
[LOG 18:58:00.586] Load DDS texture: Squad/Parts/Utility/dockingPortSr/ClampotronSr_ClampotronSr_Diffuse
[LOG 18:58:00.592] Load DDS texture: Squad/Parts/Utility/dockingPortSr/ClampotronSr_ClampotronSr_Diffuse_gray
[LOG 18:58:00.600] Load DDS texture: Squad/Parts/Utility/dockingPortSr/ClampotronSr_ClampotronSr_Emissive
[LOG 18:58:00.601] Load DDS texture: Squad/Parts/Utility/dockingPortSr/ClampotronSr_ClampotronSr_Normal
[LOG 18:58:00.606] Load Cached PNG Texture: Squad/Parts/Utility/Fireworks/Assets/fireworks_launcher_big 1
[LOG 18:58:00.614] Load Cached PNG Texture: Squad/Parts/Utility/Fireworks/Assets/fireworks_launcher_big
[LOG 18:58:00.619] Load Cached PNG Texture: Squad/Parts/Utility/flags/backgroundTextures/dark_background
[LOG 18:58:00.619] Load Cached PNG Texture: Squad/Parts/Utility/flags/backgroundTextures/orange_background
[LOG 18:58:00.620] Load Cached PNG Texture: Squad/Parts/Utility/flags/backgroundTextures/white_background
[LOG 18:58:00.620] Load DDS texture: Squad/Parts/Utility/GrapplingDevice/grabberDiffuse
[LOG 18:58:00.621] Load DDS texture: Squad/Parts/Utility/GrapplingDevice/grabberDiffuse_dark
[LOG 18:58:00.622] Load DDS texture: Squad/Parts/Utility/GrapplingDevice/grabberNRM
[LOG 18:58:00.624] Load DDS texture: Squad/Parts/Utility/GrapplingDevice/window
[LOG 18:58:00.624] Load DDS texture: Squad/Parts/Utility/ladderRadial/model000
[LOG 18:58:00.624] Load DDS texture: Squad/Parts/Utility/ladderTelescopic/model000
[LOG 18:58:00.625] Load DDS texture: Squad/Parts/Utility/ladderTelescopic/model001
[LOG 18:58:00.626] Load DDS texture: Squad/Parts/Utility/ladderTelescopic/model002
[LOG 18:58:00.627] Load DDS texture: Squad/Parts/Utility/ladderTelescopicBay/model000
[LOG 18:58:00.628] Load DDS texture: Squad/Parts/Utility/ladderTelescopicBay/model001
[LOG 18:58:00.630] Load DDS texture: Squad/Parts/Utility/landingLegLT-1/ksp_r_landingStrut_diff
[LOG 18:58:00.630] Load DDS texture: Squad/Parts/Utility/landingLegLT-2/landingLeg
[LOG 18:58:00.630] Load DDS texture: Squad/Parts/Utility/landingLegLT-5/leg
[LOG 18:58:00.630] Load DDS texture: Squad/Parts/Utility/landingLegLT-5/model000
[LOG 18:58:00.630] Load DDS texture: Squad/Parts/Utility/launchClamp1/model000
[LOG 18:58:00.630] Load DDS texture: Squad/Parts/Utility/launchClamp1/model001
[LOG 18:58:00.631] Load DDS texture: Squad/Parts/Utility/launchEscapeSystem/LES_Diffuse
[LOG 18:58:00.632] Load DDS texture: Squad/Parts/Utility/Lights/Assets/Lights_Attacheable_Lights_Diffuse
[LOG 18:58:00.632] Load DDS texture: Squad/Parts/Utility/Lights/Assets/Lights_Attacheable_Lights_Diffuse_white
[LOG 18:58:00.632] Load DDS texture: Squad/Parts/Utility/Lights/Assets/Lights_Attacheable_Lights_Emissive
[LOG 18:58:00.632] Load DDS texture: Squad/Parts/Utility/Lights/Assets/Lights_Attacheable_Lights_Normal
[LOG 18:58:00.632] Load DDS texture: Squad/Parts/Utility/Lights/Assets/Lights_Rectangle_Light_Diffuse
[LOG 18:58:00.638] Load DDS texture: Squad/Parts/Utility/Lights/Assets/Lights_Rectangle_Light_Diffuse_white
[LOG 18:58:00.644] Load DDS texture: Squad/Parts/Utility/Lights/Assets/Lights_Rectangle_Light_Emissive
[LOG 18:58:00.653] Load DDS texture: Squad/Parts/Utility/Lights/Assets/Lights_Rectangle_Light_Normal
[LOG 18:58:00.658] Load DDS texture: Squad/Parts/Utility/Lights/Assets/Lights_Worklights_Diffuse
[LOG 18:58:00.660] Load DDS texture: Squad/Parts/Utility/Lights/Assets/Lights_Worklights_Emissive
[LOG 18:58:00.661] Load DDS texture: Squad/Parts/Utility/Lights/Assets/Lights_Worklights_Normal
[LOG 18:58:00.662] Load DDS texture: Squad/Parts/Utility/Lights/Assets/Spotlight_Attacheable_Lights_Diffuse
[LOG 18:58:00.663] Load DDS texture: Squad/Parts/Utility/Lights/Assets/Spotlight_Attacheable_Lights_Diffuse_white
[LOG 18:58:00.663] Load DDS texture: Squad/Parts/Utility/Lights/Assets/Spotlight_Attacheable_Lights_Emissive
[LOG 18:58:00.663] Load DDS texture: Squad/Parts/Utility/Lights/Assets/Spotlight_Attacheable_Lights_Normal
[LOG 18:58:00.664] Load DDS texture: Squad/Parts/Utility/linearVernorRCS/Assets/linear_vernor_diffuse
[LOG 18:58:00.664] Load DDS texture: Squad/Parts/Utility/linearVernorRCS/Assets/linear_vernor_emissive
[LOG 18:58:00.664] Load DDS texture: Squad/Parts/Utility/linearVernorRCS/Assets/linear_vernor_normalDummy
[LOG 18:58:00.664] Load DDS texture: Squad/Parts/Utility/linearVernorRCS/Assets/linear_vernor_specular
[LOG 18:58:00.664] Load DDS texture: Squad/Parts/Utility/mk2CargoBay/mk2CargoBay
[LOG 18:58:00.667] Load DDS texture: Squad/Parts/Utility/mk2CrewCabin/mk2CrewCabin
[LOG 18:58:00.667] Load DDS texture: Squad/Parts/Utility/mk2CrewCabin/mk2CrewCabin_LUM
[LOG 18:58:00.667] Load DDS texture: Squad/Parts/Utility/mk2DockingPort/Arrow Pointer
[LOG 18:58:00.667] Load DDS texture: Squad/Parts/Utility/mk2DockingPort/Mk2Clampotron_Caps_Diffuse
[LOG 18:58:00.667] Load DDS texture: Squad/Parts/Utility/mk2DockingPort/Mk2Clampotron_Caps_Emmisive
[LOG 18:58:00.667] Load DDS texture: Squad/Parts/Utility/mk2DockingPort/Mk2Clampotron_Caps_Normal
[LOG 18:58:00.668] Load DDS texture: Squad/Parts/Utility/mk2DockingPort/Mk2Clampotron_Mk2Clampotron_Diffuse
[LOG 18:58:00.674] Load DDS texture: Squad/Parts/Utility/mk2DockingPort/Mk2Clampotron_Mk2Clampotron_Emissive
[LOG 18:58:00.675] Load DDS texture: Squad/Parts/Utility/mk2DockingPort/Mk2Clampotron_Mk2Clampotron_Normal
[LOG 18:58:00.682] Load DDS texture: Squad/Parts/Utility/mk2DockingPort/mk2DockingPort
[LOG 18:58:00.683] Load DDS texture: Squad/Parts/Utility/mk3CargoBay/Mk3CargoBay
[LOG 18:58:00.687] Load DDS texture: Squad/Parts/Utility/parachuteMk1/model000
[LOG 18:58:00.687] Load DDS texture: Squad/Parts/Utility/parachuteMk1/model001
[LOG 18:58:00.687] Load DDS texture: Squad/Parts/Utility/parachuteMk12-R/model000
[LOG 18:58:00.687] Load DDS texture: Squad/Parts/Utility/parachuteMk12-R/model001
[LOG 18:58:00.687] Load DDS texture: Squad/Parts/Utility/parachuteMk16-XL/model000
[LOG 18:58:00.687] Load DDS texture: Squad/Parts/Utility/parachuteMk16-XL/model001
[LOG 18:58:00.687] Load DDS texture: Squad/Parts/Utility/parachuteMk2-R/model000
[LOG 18:58:00.688] Load DDS texture: Squad/Parts/Utility/parachuteMk2-R/model001
[LOG 18:58:00.688] Load DDS texture: Squad/Parts/Utility/parachuteMk25/model000
[LOG 18:58:00.688] Load DDS texture: Squad/Parts/Utility/parachuteMk25/model001
[LOG 18:58:00.688] Load DDS texture: Squad/Parts/Utility/radialAttachmentPoint/model000
[LOG 18:58:00.688] Load DDS texture: Squad/Parts/Utility/radialAttachmentPoint/model001
[LOG 18:58:00.688] Load DDS texture: Squad/Parts/Utility/rcsBlockRV-105_v2/rcsBlock_diffuse
[LOG 18:58:00.688] Load DDS texture: Squad/Parts/Utility/rcsBlockRV-105_v2/rcsThrusterBlock_normal
[LOG 18:58:00.689] Load DDS texture: Squad/Parts/Utility/rcsBlockRV-105_v2/rcsThruster_emissive
[LOG 18:58:00.689] Load DDS texture: Squad/Parts/Utility/rcsBlockRV-105_v2/rcsThruster_specular
[LOG 18:58:00.689] Load DDS texture: Squad/Parts/Utility/rcsBlockRV-105_v2/RCS_Block_Diffuse
[LOG 18:58:00.689] Load DDS texture: Squad/Parts/Utility/rcsBlockRV-105_v2/RCS_Block_Emissive
[LOG 18:58:00.690] Load DDS texture: Squad/Parts/Utility/rcsBlockRV-105_v2/RCS_Block_Normal
[LOG 18:58:00.690] Load DDS texture: Squad/Parts/Utility/rcsBlockRV-105_v2/RCS_Block_Specular
[LOG 18:58:00.690] Load DDS texture: Squad/Parts/Utility/rcsSmallLinear/Assets/RCS_Linear_Base_Diffuse
[LOG 18:58:00.690] Load DDS texture: Squad/Parts/Utility/rcsSmallLinear/Assets/RCS_Linear_Diffuse
[LOG 18:58:00.691] Load DDS texture: Squad/Parts/Utility/rcsSmallLinear/Assets/RCS_Linear_Emissive
[LOG 18:58:00.691] Load DDS texture: Squad/Parts/Utility/rcsSmallLinear/Assets/RCS_Linear_Normal
[LOG 18:58:00.691] Load DDS texture: Squad/Parts/Utility/rcsSmallLinear/Assets/RCS_Linear_Specular
[LOG 18:58:00.694] Load DDS texture: Squad/Parts/Utility/RelayAntennas/DishAntenna
[LOG 18:58:00.694] Load DDS texture: Squad/Parts/Utility/RelayAntennas/MiniAntenna
[LOG 18:58:00.694] Load DDS texture: Squad/Parts/Utility/rockomaxAdapters/Assets/Rockomax_Adapters_diffuse
[LOG 18:58:00.695] Load DDS texture: Squad/Parts/Utility/rockomaxAdapters/Assets/Rockomax_Adapters_diffuse_O
[LOG 18:58:00.696] Load DDS texture: Squad/Parts/Utility/rockomaxAdapters/Assets/Rockomax_Adapters_diffuse_W
[LOG 18:58:00.698] Load DDS texture: Squad/Parts/Utility/rockomaxAdapters/Assets/Rockomax_Adapters_normal
[LOG 18:58:00.700] Load DDS texture: Squad/Parts/Utility/rockomaxAdapters/Assets/Rockomax_Adapters_normal_O
[LOG 18:58:00.701] Load DDS texture: Squad/Parts/Utility/ServiceBay/ServiceBay
[LOG 18:58:00.702] Load Cached PNG Texture: Squad/Parts/Utility/ServiceBay_v2/Assets/Scratch
[LOG 18:58:00.707] Load Cached PNG Texture: Squad/Parts/Utility/ServiceBay_v2/Assets/ServiceBay_bump
[LOG 18:58:00.707] Load Cached PNG Texture: Squad/Parts/Utility/ServiceBay_v2/Assets/ServiceBay_v2
[LOG 18:58:00.708] Load DDS texture: Squad/Parts/Utility/smallClaw/grabberSmallDiffuse
[LOG 18:58:00.708] Load DDS texture: Squad/Parts/Utility/smallClaw/grabberSmallDiffuseDark
[LOG 18:58:00.709] Load DDS texture: Squad/Parts/Utility/smallClaw/grabberSmallNRM
[LOG 18:58:00.709] Load DDS texture: Squad/Parts/Utility/smallClaw/window
[LOG 18:58:00.711] Load DDS texture: Squad/Parts/Utility/spotLightMk1/light1
[LOG 18:58:00.711] Load DDS texture: Squad/Parts/Utility/spotLightMk1/light1_em
[LOG 18:58:00.711] Load DDS texture: Squad/Parts/Utility/spotLightMk1_v2/spotLightMk1_Diffuse
[LOG 18:58:00.711] Load DDS texture: Squad/Parts/Utility/spotLightMk1_v2/spotLightMk1_Diffuse_white
[LOG 18:58:00.711] Load DDS texture: Squad/Parts/Utility/spotLightMk1_v2/spotLightMk1_Emissive
[LOG 18:58:00.711] Load DDS texture: Squad/Parts/Utility/spotLightMk1_v2/spotLightMk1_Normal
[LOG 18:58:00.711] Load DDS texture: Squad/Parts/Utility/spotLightMk2/light2
[LOG 18:58:00.711] Load DDS texture: Squad/Parts/Utility/spotLightMk2/light2_em
[LOG 18:58:00.711] Load DDS texture: Squad/Parts/Utility/spotLightMk2_v2/spotLightMk2_Diffuse
[LOG 18:58:00.712] Load DDS texture: Squad/Parts/Utility/spotLightMk2_v2/spotLightMk2_Diffuse_white
[LOG 18:58:00.712] Load DDS texture: Squad/Parts/Utility/spotLightMk2_v2/spotLightMk2_Emissive
[LOG 18:58:00.712] Load DDS texture: Squad/Parts/Utility/spotLightMk2_v2/spotLightMk2_Normal
[LOG 18:58:00.712] Load DDS texture: Squad/Parts/Utility/stackCouplers/Assets/stackCouplersDiffuse
[LOG 18:58:00.713] Load DDS texture: Squad/Parts/Utility/stackCouplers/Assets/stackCouplersDiffuse_Dark
[LOG 18:58:00.715] Load DDS texture: Squad/Parts/Utility/stackCouplers/Assets/stackCouplersDiffuse_Orange
[LOG 18:58:00.717] Load DDS texture: Squad/Parts/Utility/stackCouplers/Assets/stackCouplers_NRM
[LOG 18:58:00.720] Load DDS texture: Squad/Parts/Utility/stackCouplers/Assets/stackCouplers_Orange_NRM
[LOG 18:58:00.721] Load DDS texture: Squad/Parts/Wheel/LandingGear/Flare
[LOG 18:58:00.721] Load DDS texture: Squad/Parts/Wheel/LandingGear/LandingGear
[LOG 18:58:00.722] Load DDS texture: Squad/Parts/Wheel/LandingGear/LandingGear_Emissive
[LOG 18:58:00.722] Load DDS texture: Squad/Parts/Wheel/roverWheelM1/model000
[LOG 18:58:00.722] Load DDS texture: Squad/Parts/Wheel/roverWheelM1/roverwheel1
[LOG 18:58:00.723] Load DDS texture: Squad/Parts/Wheel/roverWheelS2/model000
[LOG 18:58:00.723] Load DDS texture: Squad/Parts/Wheel/roverWheelS2/model001
[LOG 18:58:00.723] Load DDS texture: Squad/Parts/Wheel/roverWheelS2/roverwheel2
[LOG 18:58:00.723] Load DDS texture: Squad/Parts/Wheel/roverWheelS2/roverwheel2_n
[LOG 18:58:00.723] Load DDS texture: Squad/Parts/Wheel/roverWheelTR-2L/ksp_r_medWheel_diff
[LOG 18:58:00.724] Load DDS texture: Squad/Parts/Wheel/roverWheelTR-2L/ksp_r_medWheel_normal
[LOG 18:58:00.726] Load DDS texture: Squad/Parts/Wheel/roverWheelTR-2L/ksp_r_medWheel_wheel_diff
[LOG 18:58:00.727] Load DDS texture: Squad/Parts/Wheel/roverWheelTR-2L/ksp_r_medWheel_wheel_normal
[LOG 18:58:00.728] Load DDS texture: Squad/Parts/Wheel/roverWheelXL3/mount
[LOG 18:58:00.729] Load DDS texture: Squad/Parts/Wheel/roverWheelXL3/mount_n
[LOG 18:58:00.729] Load DDS texture: Squad/Parts/Wheel/roverWheelXL3/wheel
[LOG 18:58:00.729] Load DDS texture: Squad/Parts/Wheel/roverWheelXL3/wheel_n
[LOG 18:58:00.729] Load DDS texture: Squad/Props/AltimeterThreeHands/model000
[LOG 18:58:00.730] Load DDS texture: Squad/Props/AltimeterThreeHands/model001
[LOG 18:58:00.730] Load DDS texture: Squad/Props/AtmosphereDepth/model000
[LOG 18:58:00.730] Load DDS texture: Squad/Props/AtmosphereDepth/model001
[LOG 18:58:00.730] Load DDS texture: Squad/Props/AxisIndicator/model000
[LOG 18:58:00.730] Load DDS texture: Squad/Props/buttonsGeneric/ButtonsAndSwitches
[LOG 18:58:00.730] Load DDS texture: Squad/Props/ButtonSquare/model000
[LOG 18:58:00.730] Load DDS texture: Squad/Props/circularButton/model000
[LOG 18:58:00.730] Load DDS texture: Squad/Props/Compass/model000
[LOG 18:58:00.731] Load DDS texture: Squad/Props/directionalKnob/model000
[LOG 18:58:00.731] Load DDS texture: Squad/Props/directionalKnob2/model000
[LOG 18:58:00.731] Load DDS texture: Squad/Props/IndicatorPanel/model000
[LOG 18:58:00.731] Load DDS texture: Squad/Props/IndicatorPanel/model001
[LOG 18:58:00.731] Load DDS texture: Squad/Props/IVANavBall/Arrows8dir
[LOG 18:58:00.731] Load DDS texture: Squad/Props/IVANavBall/IVANavBall
[LOG 18:58:00.731] Load DDS texture: Squad/Props/IVANavBall/IVANavBall_Glow
[LOG 18:58:00.731] Load DDS texture: Squad/Props/IVANavBall/ManeuverNode_vectors
[LOG 18:58:00.732] Load DDS texture: Squad/Props/IVANavBall/navball2
[LOG 18:58:00.732] Load DDS texture: Squad/Props/IVANavBall/navBall_DV_IVA
[LOG 18:58:00.732] Load DDS texture: Squad/Props/IVANavBall/navBall_vectors_IVA
[LOG 18:58:00.732] Load Cached PNG Texture: Squad/Props/IVANavBallNoBase/Arrows8dir
[LOG 18:58:00.737] Load Cached PNG Texture: Squad/Props/IVANavBallNoBase/IVANavBall
[LOG 18:58:00.737] Load Cached PNG Texture: Squad/Props/IVANavBallNoBase/ManeuverNode_vectors
[LOG 18:58:00.737] Load Cached PNG Texture: Squad/Props/IVANavBallNoBase/navball2
[LOG 18:58:00.740] Load Cached PNG Texture: Squad/Props/IVANavBallNoBase/navBall_DV_IVA
[LOG 18:58:00.740] Load Cached PNG Texture: Squad/Props/IVANavBallNoBase/navBall_vectors_IVA
[LOG 18:58:00.740] Load DDS texture: Squad/Props/ledPanelSpeed/circularButton
[LOG 18:58:00.740] Load DDS texture: Squad/Props/ledPanelSpeed/ledPanel
[LOG 18:58:00.741] Load DDS texture: Squad/Props/Monitor/Emissives
[LOG 18:58:00.741] Load DDS texture: Squad/Props/Monitor/Emissives_glow
[LOG 18:58:00.741] Load DDS texture: Squad/Props/Monitor/Monitor
[LOG 18:58:00.741] Load DDS texture: Squad/Props/NavBall/GaugeGee
[LOG 18:58:00.741] Load DDS texture: Squad/Props/NavBall/GaugeThrottle
[LOG 18:58:00.741] Load DDS texture: Squad/Props/NavBall/model000
[LOG 18:58:00.742] Load DDS texture: Squad/Props/NavBall/model001
[LOG 18:58:00.742] Load DDS texture: Squad/Props/NavBall/model002
[LOG 18:58:00.742] Load DDS texture: Squad/Props/NavBall/model003
[LOG 18:58:00.742] Load DDS texture: Squad/Props/PropsGeneric/propsGeneric
[LOG 18:58:00.742] Load DDS texture: Squad/Props/pullSwitch/model000
[LOG 18:58:00.743] Load DDS texture: Squad/Props/pullSwitch/model001
[LOG 18:58:00.743] Load DDS texture: Squad/Props/radarAltitude/model000
[LOG 18:58:00.743] Load DDS texture: Squad/Props/squareButton/model000
[LOG 18:58:00.743] Load DDS texture: Squad/Props/standingSwitch/model000
[LOG 18:58:00.743] Load DDS texture: Squad/Props/standingSwitch/model001
[LOG 18:58:00.743] Load DDS texture: Squad/Props/switch/model000
[LOG 18:58:00.744] Load DDS texture: Squad/Props/switchGuard/model000
[LOG 18:58:00.744] Load DDS texture: Squad/Props/switchWithGuards/model000
[LOG 18:58:00.744] Load DDS texture: Squad/Props/switchWithGuards/model001
[LOG 18:58:00.744] Load DDS texture: Squad/Props/switchWithGuards/model002
[LOG 18:58:00.744] Load DDS texture: Squad/Props/throttle/model000
[LOG 18:58:00.744] Load DDS texture: Squad/Props/throttle/model001
[LOG 18:58:00.745] Load DDS texture: Squad/Props/VSI/model000
[LOG 18:58:00.746] Load DDS texture: Squad/Spaces/crewCabinInternals/model000
[LOG 18:58:00.746] Load DDS texture: Squad/Spaces/crewCabinInternals/model001
[LOG 18:58:00.752] Load DDS texture: Squad/Spaces/crewCabinInternals/model002
[LOG 18:58:00.752] Load DDS texture: Squad/Spaces/crewCabinInternals/model003
[LOG 18:58:00.755] Load DDS texture: Squad/Spaces/crewCabinInternals/model004
[LOG 18:58:00.755] Load DDS texture: Squad/Spaces/crewCabinInternals/model005
[LOG 18:58:00.756] Load DDS texture: Squad/Spaces/cupolaInternal/ksp_l_cupola_internal_diff
[LOG 18:58:00.762] Load DDS texture: Squad/Spaces/cupolaInternal/ksp_l_cupola_internal_normal
[LOG 18:58:00.770] Load DDS texture: Squad/Spaces/cupolaInternal/ksp_l_cupola_internal_windows_alpha
[LOG 18:58:00.773] Load DDS texture: Squad/Spaces/cupolaInternal/pilot Seat
[LOG 18:58:00.773] Load DDS texture: Squad/Spaces/GenericSpace1/model000
[LOG 18:58:00.775] Load DDS texture: Squad/Spaces/GenericSpace1/model001
[LOG 18:58:00.775] Load DDS texture: Squad/Spaces/GenericSpace1/model002
[LOG 18:58:00.776] Load DDS texture: Squad/Spaces/GenericSpace1/model003
[LOG 18:58:00.778] Load DDS texture: Squad/Spaces/GenericSpace1/model004
[LOG 18:58:00.779] Load DDS texture: Squad/Spaces/GenericSpace1/model005
[LOG 18:58:00.781] Load DDS texture: Squad/Spaces/GenericSpace3/model000
[LOG 18:58:00.782] Load DDS texture: Squad/Spaces/GenericSpace3/model001
[LOG 18:58:00.782] Load DDS texture: Squad/Spaces/GenericSpace3/model002
[LOG 18:58:00.783] Load DDS texture: Squad/Spaces/GenericSpace3/model003
[LOG 18:58:00.784] Load DDS texture: Squad/Spaces/GenericSpace3/model004
[LOG 18:58:00.785] Load DDS texture: Squad/Spaces/GenericSpace3/model005
[LOG 18:58:00.786] Load DDS texture: Squad/Spaces/GenericSpace3/model006
[LOG 18:58:00.788] Load DDS texture: Squad/Spaces/GenericSpace3/model007
[LOG 18:58:00.789] Load DDS texture: Squad/Spaces/landerCabinInternals/model000
[LOG 18:58:00.789] Load DDS texture: Squad/Spaces/landerCabinInternals/model001
[LOG 18:58:00.791] Load DDS texture: Squad/Spaces/landerCabinInternals/model002
[LOG 18:58:00.793] Load DDS texture: Squad/Spaces/landerCabinInternals/model003
[LOG 18:58:00.806] Load DDS texture: Squad/Spaces/landerCabinInternals/model004
[LOG 18:58:00.807] Load DDS texture: Squad/Spaces/landerCabinInternals/model005
[LOG 18:58:00.808] Load DDS texture: Squad/Spaces/landerCabinInternals/model006
[LOG 18:58:00.808] Load DDS texture: Squad/Spaces/landerCabinInternals/model007
[LOG 18:58:00.808] Load DDS texture: Squad/Spaces/landerCabinSmallInternal/ksp_s_landerCan_internal_diff
[LOG 18:58:00.813] Load DDS texture: Squad/Spaces/landerCabinSmallInternal/ksp_s_landerCan_internal_normal
[LOG 18:58:00.822] Load DDS texture: Squad/Spaces/landerCabinSmallInternal/ksp_s_landerCan_internal_window_alpha
[LOG 18:58:00.823] Load DDS texture: Squad/Spaces/landerCabinSmallInternal/pilot Seat
[LOG 18:58:00.824] Load DDS texture: Squad/Spaces/LargeCrewedLabInternals/Glass
[LOG 18:58:00.825] Load DDS texture: Squad/Spaces/LargeCrewedLabInternals/MPL_Int
[LOG 18:58:00.829] Load DDS texture: Squad/Spaces/LargeCrewedLabInternals/MPL_Int_n_NRM
[LOG 18:58:00.830] Load DDS texture: Squad/Spaces/Mk1-3/Mk1_3_IvaProps_Diffuse
[LOG 18:58:00.836] Load DDS texture: Squad/Spaces/Mk1-3/Mk1_3_IvaProps_Normal
[LOG 18:58:00.841] Load DDS texture: Squad/Spaces/Mk1-3/Mk1_3_IvaShell_Diffuse
[LOG 18:58:00.847] Load DDS texture: Squad/Spaces/Mk1-3/Mk1_3_IvaShell_Emissive
[LOG 18:58:00.853] Load DDS texture: Squad/Spaces/Mk1-3/Mk1_3_IvaShell_Normal
[LOG 18:58:00.859] Load DDS texture: Squad/Spaces/Mk1-3/pilot Seat
[LOG 18:58:00.860] Load DDS texture: Squad/Spaces/mk1CabinInternal/Cabin_Lightmap
[LOG 18:58:00.860] Load DDS texture: Squad/Spaces/mk1CabinInternal/CockpitGeneric
[LOG 18:58:00.860] Load DDS texture: Squad/Spaces/mk1CabinInternal/CockpitGeneric_NRM
[LOG 18:58:00.860] Load DDS texture: Squad/Spaces/mk1CockpitInternal/CockpitGeneric
[LOG 18:58:00.860] Load DDS texture: Squad/Spaces/mk1CockpitInternal/CockpitGeneric_NRM
[LOG 18:58:00.860] Load DDS texture: Squad/Spaces/mk1CockpitInternal/IVAMAP
[LOG 18:58:00.861] Load DDS texture: Squad/Spaces/mk1CockpitInternal/Windows
[LOG 18:58:00.861] Load DDS texture: Squad/Spaces/mk1InlineInternal/Canopy
[LOG 18:58:00.862] Load DDS texture: Squad/Spaces/mk1InlineInternal/CockpitGeneric
[LOG 18:58:00.862] Load DDS texture: Squad/Spaces/mk1InlineInternal/CockpitGeneric_NRM
[LOG 18:58:00.862] Load DDS texture: Squad/Spaces/mk1InlineInternal/Mk1Inline_Lightmap
[LOG 18:58:00.863] Load DDS texture: Squad/Spaces/mk1PodCockpit/model000
[LOG 18:58:00.864] Load DDS texture: Squad/Spaces/mk1PodCockpit/model001
[LOG 18:58:00.865] Load DDS texture: Squad/Spaces/mk1PodCockpit/model002
[LOG 18:58:00.867] Load DDS texture: Squad/Spaces/mk1PodCockpit/model003
[LOG 18:58:00.870] Load DDS texture: Squad/Spaces/mk1PodCockpit/model004
[LOG 18:58:00.872] Load DDS texture: Squad/Spaces/mk1PodCockpit/model005
[LOG 18:58:00.873] Load DDS texture: Squad/Spaces/mk1PodCockpit/model006
[LOG 18:58:00.873] Load DDS texture: Squad/Spaces/mk1PodCockpit/model007
[LOG 18:58:00.874] Load DDS texture: Squad/Spaces/mk1pod_IVA/mk1pod_iva_props_diffuse
[LOG 18:58:00.879] Load DDS texture: Squad/Spaces/mk1pod_IVA/mk1pod_iva_props_emissive
[LOG 18:58:00.880] Load DDS texture: Squad/Spaces/mk1pod_IVA/mk1pod_iva_props_normal
[LOG 18:58:00.888] Load DDS texture: Squad/Spaces/mk1pod_IVA/mk1pod_iva_shell_diffuse
[LOG 18:58:00.896] Load DDS texture: Squad/Spaces/mk1pod_IVA/mk1pod_iva_shell_normal
[LOG 18:58:00.903] Load MBM texture: Squad/Spaces/mk1pod_IVA/pilot Seat
[LOG 18:58:00.950] Load DDS texture: Squad/Spaces/mk2CockpitStandardInternal/CargoBagA
[LOG 18:58:00.950] Load DDS texture: Squad/Spaces/mk2CockpitStandardInternal/Mk2StandardIVA
[LOG 18:58:00.951] Load DDS texture: Squad/Spaces/mk2CockpitStandardInternal/Pilotseat
[LOG 18:58:00.951] Load DDS texture: Squad/Spaces/mk2CockpitStandardInternal/Windows
[LOG 18:58:00.951] Load DDS texture: Squad/Spaces/Mk2CrewCabinInternal/CargoBagA
[LOG 18:58:00.951] Load DDS texture: Squad/Spaces/Mk2CrewCabinInternal/Glass
[LOG 18:58:00.951] Load DDS texture: Squad/Spaces/Mk2CrewCabinInternal/Mk2StandardIVA
[LOG 18:58:00.952] Load DDS texture: Squad/Spaces/Mk2CrewCabinInternal/Pilotseat
[LOG 18:58:00.952] Load DDS texture: Squad/Spaces/mk2InlineInternal/CockpitGeneric
[LOG 18:58:00.953] Load DDS texture: Squad/Spaces/mk2InlineInternal/CockpitGeneric_NRM
[LOG 18:58:00.954] Load DDS texture: Squad/Spaces/mk2InlineInternal/Mk2InlineLightmap
[LOG 18:58:00.955] Load DDS texture: Squad/Spaces/mk2InlineInternal/propsGeneric
[LOG 18:58:00.956] Load DDS texture: Squad/Spaces/mk2LanderCanInternal/mk2LanderCan_props_diffuse
[LOG 18:58:00.965] Load DDS texture: Squad/Spaces/mk2LanderCanInternal/mk2LanderCan_props_normal
[LOG 18:58:00.972] Load DDS texture: Squad/Spaces/mk2LanderCanInternal/mk2LanderCan_shell_diffuse
[LOG 18:58:00.979] Load DDS texture: Squad/Spaces/mk2LanderCanInternal/mk2LanderCan_shell_normal
[LOG 18:58:00.987] Load MBM texture: Squad/Spaces/mk2LanderCanInternal/pilot Seat
[LOG 18:58:01.033] Load DDS texture: Squad/Spaces/MK3CockpitInternal/Glass
[LOG 18:58:01.035] Load DDS texture: Squad/Spaces/MK3CockpitInternal/Mk2StandardIVA
[LOG 18:58:01.035] Load DDS texture: Squad/Spaces/MK3_CrewCab_Int/Glass
[LOG 18:58:01.035] Load DDS texture: Squad/Spaces/MK3_CrewCab_Int/GlassMK3CC
[LOG 18:58:01.035] Load DDS texture: Squad/Spaces/MK3_CrewCab_Int/Mk2StandardIVA
[LOG 18:58:01.035] Load DDS texture: Squad/Spaces/MK3_CrewCab_Int/MK3_CrewCab_Int
[LOG 18:58:01.036] Load DDS texture: Squad/Spaces/MK3_CrewCab_Int/MK3_CrewCab_Int_n
[LOG 18:58:01.036] Load DDS texture: Squad/Spaces/MK3_CrewCab_Int/Pilotseat
[LOG 18:58:01.036] Load DDS texture: Squad/Spaces/Placeholder/PlaceholderIVA
[LOG 18:58:01.036] Load DDS texture: Squad/Spaces/PodCockpit/model000
[LOG 18:58:01.037] Load DDS texture: Squad/Spaces/PodCockpit/model001
[LOG 18:58:01.038] Load DDS texture: Squad/Spaces/PodCockpit/model002
[LOG 18:58:01.039] Load DDS texture: Squad/Spaces/PodCockpit/model003
[LOG 18:58:01.041] Load DDS texture: Squad/Spaces/PodCockpit/model004
[LOG 18:58:01.043] Load DDS texture: Squad/Spaces/PodCockpit/model005
[LOG 18:58:01.044] Load DDS texture: Squad/Spaces/PodCockpit/model006
[LOG 18:58:01.046] Load DDS texture: Squad/Spaces/PodCockpit/model007
[LOG 18:58:01.047] Load DDS texture: Squad/Spaces/sharedAssets/CockpitGeneric
[LOG 18:58:01.048] Load DDS texture: Squad/Spaces/sharedAssets/CockpitGeneric_NRM
[LOG 18:58:01.050] Load Cached PNG Texture: Squad/Strategies/Icons/AggressiveNegotiations
[LOG 18:58:01.050] Load Cached PNG Texture: Squad/Strategies/Icons/AppreciationCampaign
[LOG 18:58:01.050] Load Cached PNG Texture: Squad/Strategies/Icons/BailOutGrant
[LOG 18:58:01.050] Load Cached PNG Texture: Squad/Strategies/Icons/FundraisingCampaign
[LOG 18:58:01.050] Load Cached PNG Texture: Squad/Strategies/Icons/LeadershipInitiative
[LOG 18:58:01.050] Load Cached PNG Texture: Squad/Strategies/Icons/OpenSourceTechProgram
[LOG 18:58:01.050] Load Cached PNG Texture: Squad/Strategies/Icons/OutsourcedResearch
[LOG 18:58:01.050] Load Cached PNG Texture: Squad/Strategies/Icons/PatentsLicensing
[LOG 18:58:01.050] Load Cached PNG Texture: Squad/Strategies/Icons/RecoveryTransponderFitting
[LOG 18:58:01.050] Load Cached PNG Texture: Squad/Strategies/Icons/ResearchRightsSellOut
[LOG 18:58:01.050] Load Cached PNG Texture: Squad/Strategies/Icons/UnpaidResearchProgram
[LOG 18:58:01.050] Load Cached PNG Texture: Squad/Tutorials/ChuteColors
[LOG 18:58:01.050] Load DDS texture: Squad/Tutorials/EditorCoM
[LOG 18:58:01.051] Load Cached PNG Texture: Squad/Tutorials/EditorSnap
[LOG 18:58:01.051] Load Cached PNG Texture: Squad/Tutorials/EditorSnap4x
[LOG 18:58:01.051] Load Cached PNG Texture: Squad/Tutorials/EditorSymm
[LOG 18:58:01.051] Load Cached PNG Texture: Squad/Tutorials/StagingStack
[LOG 18:58:01.051] Load PNG texture: Squad/Tutorials/YPRDiagram
[WRN 18:58:01.052] Texture isn't eligible for DXT compression, width and height must be multiples of 4
[LOG 18:58:01.052] Load Cached PNG Texture: SquadExpansion/MakingHistory/Banners/Fail/default
[LOG 18:58:01.053] Load Cached PNG Texture: SquadExpansion/MakingHistory/Banners/Fail/fail01
[LOG 18:58:01.053] Load Cached PNG Texture: SquadExpansion/MakingHistory/Banners/Fail/fail02
[LOG 18:58:01.053] Load PNG texture: SquadExpansion/MakingHistory/Banners/Menu/default
[WRN 18:58:01.056] Texture isn't eligible for DXT compression, width and height must be multiples of 4
[LOG 18:58:01.056] Load PNG texture: SquadExpansion/MakingHistory/Banners/Menu/MBanner_01
[WRN 18:58:01.060] Texture isn't eligible for DXT compression, width and height must be multiples of 4
[LOG 18:58:01.060] Load PNG texture: SquadExpansion/MakingHistory/Banners/Menu/MBanner_02
[WRN 18:58:01.065] Texture isn't eligible for DXT compression, width and height must be multiples of 4
[LOG 18:58:01.065] Load PNG texture: SquadExpansion/MakingHistory/Banners/Menu/MBanner_03
[WRN 18:58:01.069] Texture isn't eligible for DXT compression, width and height must be multiples of 4
[LOG 18:58:01.070] Load Cached PNG Texture: SquadExpansion/MakingHistory/Banners/Success/default
[LOG 18:58:01.070] Load Cached PNG Texture: SquadExpansion/MakingHistory/Banners/Success/success01
[LOG 18:58:01.070] Load Cached PNG Texture: SquadExpansion/MakingHistory/Banners/Success/success02
[LOG 18:58:01.070] Load Cached PNG Texture: SquadExpansion/MakingHistory/Missions/Acapello 13/Banners/Fail/fail01
[LOG 18:58:01.070] Load PNG texture: SquadExpansion/MakingHistory/Missions/Acapello 13/Banners/Menu/Mun
[WRN 18:58:01.074] Texture isn't eligible for DXT compression, width and height must be multiples of 4
[LOG 18:58:01.074] Load Cached PNG Texture: SquadExpansion/MakingHistory/Missions/Acapello 13/Banners/Success/success01
[LOG 18:58:01.074] Load Cached PNG Texture: SquadExpansion/MakingHistory/Missions/Acapello 15/Banners/Fail/default
[LOG 18:58:01.074] Load Cached PNG Texture: SquadExpansion/MakingHistory/Missions/Acapello 15/Banners/Fail/fail02
[LOG 18:58:01.074] Load PNG texture: SquadExpansion/MakingHistory/Missions/Acapello 15/Banners/Menu/default
[WRN 18:58:01.077] Texture isn't eligible for DXT compression, width and height must be multiples of 4
[LOG 18:58:01.077] Load Cached PNG Texture: SquadExpansion/MakingHistory/Missions/Acapello 15/Banners/Success/default
[LOG 18:58:01.077] Load Cached PNG Texture: SquadExpansion/MakingHistory/Missions/Blue Mun/Banners/Fail/fail01
[LOG 18:58:01.077] Load PNG texture: SquadExpansion/MakingHistory/Missions/Blue Mun/Banners/Menu/default
[WRN 18:58:01.080] Texture isn't eligible for DXT compression, width and height must be multiples of 4
[LOG 18:58:01.080] Load Cached PNG Texture: SquadExpansion/MakingHistory/Missions/Blue Mun/Banners/Success/success02
[LOG 18:58:01.080] Load Cached PNG Texture: SquadExpansion/MakingHistory/Missions/Dawn of the Space Age/Banners/Fail/default
[LOG 18:58:01.080] Load PNG texture: SquadExpansion/MakingHistory/Missions/Dawn of the Space Age/Banners/Menu/default
[WRN 18:58:01.084] Texture isn't eligible for DXT compression, width and height must be multiples of 4
[LOG 18:58:01.084] Load Cached PNG Texture: SquadExpansion/MakingHistory/Missions/Dawn of the Space Age/Banners/Success/default
[LOG 18:58:01.084] Load Cached PNG Texture: SquadExpansion/MakingHistory/Missions/Meet Me in Zero G/Banners/Fail/default
[LOG 18:58:01.084] Load Cached PNG Texture: SquadExpansion/MakingHistory/Missions/Meet Me in Zero G/Banners/Fail/fail01
[LOG 18:58:01.084] Load PNG texture: SquadExpansion/MakingHistory/Missions/Meet Me in Zero G/Banners/Menu/default
[WRN 18:58:01.087] Texture isn't eligible for DXT compression, width and height must be multiples of 4
[LOG 18:58:01.087] Load Cached PNG Texture: SquadExpansion/MakingHistory/Missions/Meet Me in Zero G/Banners/Success/default
[LOG 18:58:01.087] Load Cached PNG Texture: SquadExpansion/MakingHistory/Missions/Meet Me in Zero G/Banners/Success/success02
[LOG 18:58:01.088] Load Cached PNG Texture: SquadExpansion/MakingHistory/Missions/Munar 1/Banners/Fail/default
[LOG 18:58:01.088] Load Cached PNG Texture: SquadExpansion/MakingHistory/Missions/Munar 1/Banners/Fail/fail02
[LOG 18:58:01.088] Load PNG texture: SquadExpansion/MakingHistory/Missions/Munar 1/Banners/Menu/default
[WRN 18:58:01.091] Texture isn't eligible for DXT compression, width and height must be multiples of 4
[LOG 18:58:01.091] Load Cached PNG Texture: SquadExpansion/MakingHistory/Missions/Munar 1/Banners/Success/default
[LOG 18:58:01.091] Load Cached PNG Texture: SquadExpansion/MakingHistory/Missions/Munar 1/Banners/Success/success01
[LOG 18:58:01.091] Load Cached PNG Texture: SquadExpansion/MakingHistory/Missions/Sally-Hut 1/Banners/Fail/default
[LOG 18:58:01.091] Load Cached PNG Texture: SquadExpansion/MakingHistory/Missions/Sally-Hut 1/Banners/Fail/fail01
[LOG 18:58:01.091] Load Cached PNG Texture: SquadExpansion/MakingHistory/Missions/Sally-Hut 1/Banners/Menu/bannerSatellite
[LOG 18:58:01.092] Load Cached PNG Texture: SquadExpansion/MakingHistory/Missions/Sally-Hut 1/Banners/Success/default
[LOG 18:58:01.092] Load Cached PNG Texture: SquadExpansion/MakingHistory/Missions/Sally-Hut 1/Banners/Success/success02
[LOG 18:58:01.092] Load Cached PNG Texture: SquadExpansion/MakingHistory/Missions/To the Mun Via Minmus/Banners/Fail/fail02
[LOG 18:58:01.092] Load PNG texture: SquadExpansion/MakingHistory/Missions/To the Mun Via Minmus/Banners/Menu/MissionBannerKerbin
[WRN 18:58:01.095] Texture isn't eligible for DXT compression, width and height must be multiples of 4
[LOG 18:58:01.095] Load Cached PNG Texture: SquadExpansion/MakingHistory/Missions/To the Mun Via Minmus/Banners/Success/success01
[LOG 18:58:01.095] Load Cached PNG Texture: SquadExpansion/MakingHistory/Missions/Trouble in the Void/Banners/Fail/fail01
[LOG 18:58:01.095] Load PNG texture: SquadExpansion/MakingHistory/Missions/Trouble in the Void/Banners/Menu/default
[WRN 18:58:01.098] Texture isn't eligible for DXT compression, width and height must be multiples of 4
[LOG 18:58:01.098] Load Cached PNG Texture: SquadExpansion/MakingHistory/Missions/Trouble in the Void/Banners/Success/success02
[LOG 18:58:01.098] Load Cached PNG Texture: SquadExpansion/MakingHistory/Missions/Ziggy Kerman and the Spiders from Duna/Banners/Fail/fail02
[LOG 18:58:01.098] Load Cached PNG Texture: SquadExpansion/MakingHistory/Missions/Ziggy Kerman and the Spiders from Duna/Banners/Menu/bannerSatellite
[LOG 18:58:01.098] Load Cached PNG Texture: SquadExpansion/MakingHistory/Missions/Ziggy Kerman and the Spiders from Duna/Banners/Success/success01
[LOG 18:58:01.099] Load Cached PNG Texture: SquadExpansion/MakingHistory/Parts/@thumbs/Decoupler.1p5_icon0
[LOG 18:58:01.099] Load Cached PNG Texture: SquadExpansion/MakingHistory/Parts/@thumbs/Decoupler.1p5_icon1
[LOG 18:58:01.099] Load Cached PNG Texture: SquadExpansion/MakingHistory/Parts/@thumbs/EquiTriangle0_icon0
[LOG 18:58:01.099] Load Cached PNG Texture: SquadExpansion/MakingHistory/Parts/@thumbs/EquiTriangle0_icon1
[LOG 18:58:01.099] Load Cached PNG Texture: SquadExpansion/MakingHistory/Parts/@thumbs/EquiTriangle0_icon2
[LOG 18:58:01.099] Load Cached PNG Texture: SquadExpansion/MakingHistory/Parts/@thumbs/EquiTriangle0_icon3
[LOG 18:58:01.099] Load Cached PNG Texture: SquadExpansion/MakingHistory/Parts/@thumbs/EquiTriangle1p5_icon0
[LOG 18:58:01.099] Load Cached PNG Texture: SquadExpansion/MakingHistory/Parts/@thumbs/EquiTriangle1p5_icon1
[LOG 18:58:01.099] Load Cached PNG Texture: SquadExpansion/MakingHistory/Parts/@thumbs/EquiTriangle1p5_icon2
[LOG 18:58:01.099] Load Cached PNG Texture: SquadExpansion/MakingHistory/Parts/@thumbs/EquiTriangle1p5_icon3
[LOG 18:58:01.100] Load Cached PNG Texture: SquadExpansion/MakingHistory/Parts/@thumbs/EquiTriangle1_icon0
[LOG 18:58:01.102] Load Cached PNG Texture: SquadExpansion/MakingHistory/Parts/@thumbs/EquiTriangle1_icon1
[LOG 18:58:01.102] Load Cached PNG Texture: SquadExpansion/MakingHistory/Parts/@thumbs/EquiTriangle1_icon2
[LOG 18:58:01.102] Load Cached PNG Texture: SquadExpansion/MakingHistory/Parts/@thumbs/EquiTriangle1_icon3
[LOG 18:58:01.102] Load Cached PNG Texture: SquadExpansion/MakingHistory/Parts/@thumbs/EquiTriangle2_icon0
[LOG 18:58:01.103] Load Cached PNG Texture: SquadExpansion/MakingHistory/Parts/@thumbs/EquiTriangle2_icon1
[LOG 18:58:01.103] Load Cached PNG Texture: SquadExpansion/MakingHistory/Parts/@thumbs/EquiTriangle2_icon2
[LOG 18:58:01.103] Load Cached PNG Texture: SquadExpansion/MakingHistory/Parts/@thumbs/EquiTriangle2_icon3
[LOG 18:58:01.103] Load Cached PNG Texture: SquadExpansion/MakingHistory/Parts/@thumbs/HeatShield1p5_icon
[LOG 18:58:01.103] Load Cached PNG Texture: SquadExpansion/MakingHistory/Parts/@thumbs/InflatableAirlock_icon
[LOG 18:58:01.104] Load Cached PNG Texture: SquadExpansion/MakingHistory/Parts/@thumbs/LiquidEngineRV-1_icon
[LOG 18:58:01.104] Load Cached PNG Texture: SquadExpansion/MakingHistory/Parts/@thumbs/monopropMiniSphere_icon
[LOG 18:58:01.104] Load Cached PNG Texture: SquadExpansion/MakingHistory/Parts/@thumbs/Panel0_icon0
[LOG 18:58:01.104] Load Cached PNG Texture: SquadExpansion/MakingHistory/Parts/@thumbs/Panel0_icon1
[LOG 18:58:01.104] Load Cached PNG Texture: SquadExpansion/MakingHistory/Parts/@thumbs/Panel0_icon2
[LOG 18:58:01.104] Load Cached PNG Texture: SquadExpansion/MakingHistory/Parts/@thumbs/Panel0_icon3
[LOG 18:58:01.104] Load Cached PNG Texture: SquadExpansion/MakingHistory/Parts/@thumbs/Panel1p5_icon0
[LOG 18:58:01.104] Load Cached PNG Texture: SquadExpansion/MakingHistory/Parts/@thumbs/Panel1p5_icon1
[LOG 18:58:01.104] Load Cached PNG Texture: SquadExpansion/MakingHistory/Parts/@thumbs/Panel1p5_icon2
[LOG 18:58:01.104] Load Cached PNG Texture: SquadExpansion/MakingHistory/Parts/@thumbs/Panel1p5_icon3
[LOG 18:58:01.105] Load Cached PNG Texture: SquadExpansion/MakingHistory/Parts/@thumbs/Panel1_icon0
[LOG 18:58:01.105] Load Cached PNG Texture: SquadExpansion/MakingHistory/Parts/@thumbs/Panel1_icon1
[LOG 18:58:01.105] Load Cached PNG Texture: SquadExpansion/MakingHistory/Parts/@thumbs/Panel1_icon2
[LOG 18:58:01.105] Load Cached PNG Texture: SquadExpansion/MakingHistory/Parts/@thumbs/Panel1_icon3
[LOG 18:58:01.105] Load Cached PNG Texture: SquadExpansion/MakingHistory/Parts/@thumbs/roverWheelM1-F_icon0
[LOG 18:58:01.105] Load Cached PNG Texture: SquadExpansion/MakingHistory/Parts/@thumbs/roverWheelM1-F_icon1
[LOG 18:58:01.105] Load Cached PNG Texture: SquadExpansion/MakingHistory/Parts/@thumbs/Separator.1p5_icon0
[LOG 18:58:01.105] Load Cached PNG Texture: SquadExpansion/MakingHistory/Parts/@thumbs/Separator.1p5_icon1
[LOG 18:58:01.105] Load Cached PNG Texture: SquadExpansion/MakingHistory/Parts/@thumbs/Size1p5.Strut.Decoupler_icon0
[LOG 18:58:01.105] Load Cached PNG Texture: SquadExpansion/MakingHistory/Parts/@thumbs/Size1p5.Strut.Decoupler_icon1
[LOG 18:58:01.106] Load Cached PNG Texture: SquadExpansion/MakingHistory/Parts/@thumbs/Size1to0ServiceModule_icon
[LOG 18:58:01.106] Load Cached PNG Texture: SquadExpansion/MakingHistory/Parts/@thumbs/Triangle0_icon0
[LOG 18:58:01.106] Load Cached PNG Texture: SquadExpansion/MakingHistory/Parts/@thumbs/Triangle0_icon1
[LOG 18:58:01.106] Load Cached PNG Texture: SquadExpansion/MakingHistory/Parts/@thumbs/Triangle0_icon2
[LOG 18:58:01.106] Load Cached PNG Texture: SquadExpansion/MakingHistory/Parts/@thumbs/Triangle0_icon3
[LOG 18:58:01.106] Load Cached PNG Texture: SquadExpansion/MakingHistory/Parts/@thumbs/Triangle1p5_icon0
[LOG 18:58:01.106] Load Cached PNG Texture: SquadExpansion/MakingHistory/Parts/@thumbs/Triangle1p5_icon1
[LOG 18:58:01.106] Load Cached PNG Texture: SquadExpansion/MakingHistory/Parts/@thumbs/Triangle1p5_icon2
[LOG 18:58:01.107] Load Cached PNG Texture: SquadExpansion/MakingHistory/Parts/@thumbs/Triangle1p5_icon3
[LOG 18:58:01.107] Load Cached PNG Texture: SquadExpansion/MakingHistory/Parts/@thumbs/Triangle1_icon0
[LOG 18:58:01.107] Load Cached PNG Texture: SquadExpansion/MakingHistory/Parts/@thumbs/Triangle1_icon1
[LOG 18:58:01.107] Load Cached PNG Texture: SquadExpansion/MakingHistory/Parts/@thumbs/Triangle1_icon2
[LOG 18:58:01.107] Load Cached PNG Texture: SquadExpansion/MakingHistory/Parts/@thumbs/Triangle1_icon3
[LOG 18:58:01.107] Load Cached PNG Texture: SquadExpansion/MakingHistory/Parts/@thumbs/Triangle2_icon0
[LOG 18:58:01.107] Load Cached PNG Texture: SquadExpansion/MakingHistory/Parts/@thumbs/Triangle2_icon1
[LOG 18:58:01.107] Load Cached PNG Texture: SquadExpansion/MakingHistory/Parts/@thumbs/Triangle2_icon2
[LOG 18:58:01.107] Load Cached PNG Texture: SquadExpansion/MakingHistory/Parts/@thumbs/Triangle2_icon3
[LOG 18:58:01.108] Load Cached PNG Texture: SquadExpansion/MakingHistory/Parts/@thumbs/Tube1_icon0
[LOG 18:58:01.108] Load Cached PNG Texture: SquadExpansion/MakingHistory/Parts/@thumbs/Tube1_icon1
[LOG 18:58:01.108] Load Cached PNG Texture: SquadExpansion/MakingHistory/Parts/@thumbs/Tube1_icon2
[LOG 18:58:01.108] Load Cached PNG Texture: SquadExpansion/MakingHistory/Parts/@thumbs/Tube1_icon3
[LOG 18:58:01.108] Load Cached PNG Texture: SquadExpansion/MakingHistory/Parts/@thumbs/Tube1_icon4
[LOG 18:58:01.108] Load Cached PNG Texture: SquadExpansion/MakingHistory/Parts/Aero/protectiveRocketNoseMk5A/s1p5_cone
[LOG 18:58:01.109] Load Cached PNG Texture: SquadExpansion/MakingHistory/Parts/Aero/protectiveRocketNoseMk5A/s1p5_cone_Orange
[LOG 18:58:01.110] Load DDS texture: SquadExpansion/MakingHistory/Parts/Coupling/Assets/airlock
[LOG 18:58:01.110] Load DDS texture: SquadExpansion/MakingHistory/Parts/Coupling/Assets/airlock_N
[LOG 18:58:01.111] Load DDS texture: SquadExpansion/MakingHistory/Parts/Coupling/Assets/EnginePlate
[LOG 18:58:01.111] Load DDS texture: SquadExpansion/MakingHistory/Parts/Coupling/Assets/Size1_5_Decoupler_grey
[LOG 18:58:01.112] Load DDS texture: SquadExpansion/MakingHistory/Parts/Coupling/Assets/Size1_5_Decoupler_orange
[LOG 18:58:01.112] Load DDS texture: SquadExpansion/MakingHistory/Parts/Engine/Assets/KE-1
[LOG 18:58:01.114] Load DDS texture: SquadExpansion/MakingHistory/Parts/Engine/Assets/KE-1_BASE
[LOG 18:58:01.114] Load DDS texture: SquadExpansion/MakingHistory/Parts/Engine/Assets/LV-T87
[LOG 18:58:01.116] Load DDS texture: SquadExpansion/MakingHistory/Parts/Engine/Assets/LV-T91
[LOG 18:58:01.118] Load DDS texture: SquadExpansion/MakingHistory/Parts/Engine/Assets/RE-I2
[LOG 18:58:01.126] Load DDS texture: SquadExpansion/MakingHistory/Parts/Engine/Assets/RE-J10
[LOG 18:58:01.127] Load DDS texture: SquadExpansion/MakingHistory/Parts/Engine/Assets/RE-J10_N
[LOG 18:58:01.128] Load DDS texture: SquadExpansion/MakingHistory/Parts/Engine/Assets/RK-7
[LOG 18:58:01.131] Load DDS texture: SquadExpansion/MakingHistory/Parts/Engine/Assets/RK-7_N
[LOG 18:58:01.132] Load DDS texture: SquadExpansion/MakingHistory/Parts/Engine/solidBoosterTHK/SolidBoosterS2-17_emissive
[LOG 18:58:01.141] Load DDS texture: SquadExpansion/MakingHistory/Parts/Engine/solidBoosterTHK/solidBoosterTHK_diffuse
[LOG 18:58:01.146] Load DDS texture: SquadExpansion/MakingHistory/Parts/FuelTank/Assets/Size1p5_02
[LOG 18:58:01.148] Load DDS texture: SquadExpansion/MakingHistory/Parts/FuelTank/Assets/Size1p5_02_ALT01
[LOG 18:58:01.149] Load DDS texture: SquadExpansion/MakingHistory/Parts/FuelTank/Assets/Size1p5_02_ALT02
[LOG 18:58:01.150] Load DDS texture: SquadExpansion/MakingHistory/Parts/FuelTank/Assets/Size1p5_02_ALT02_normal
[LOG 18:58:01.151] Load DDS texture: SquadExpansion/MakingHistory/Parts/FuelTank/Assets/Size1p5_mono
[LOG 18:58:01.153] Load DDS texture: SquadExpansion/MakingHistory/Parts/FuelTank/Assets/Size1p5_mono_2
[LOG 18:58:01.154] Load DDS texture: SquadExpansion/MakingHistory/Parts/FuelTank/Assets/Size1p5_mono_N
[LOG 18:58:01.155] Load DDS texture: SquadExpansion/MakingHistory/Parts/FuelTank/Assets/Size1_5_TankAdapters
[LOG 18:58:01.157] Load DDS texture: SquadExpansion/MakingHistory/Parts/FuelTank/Assets/Size1_5_TankAdapters_ALT01
[LOG 18:58:01.158] Load DDS texture: SquadExpansion/MakingHistory/Parts/FuelTank/Assets/Size1_5_TankAdapters_ALT02
[LOG 18:58:01.159] Load DDS texture: SquadExpansion/MakingHistory/Parts/FuelTank/Assets/Size1_5_TankAdapters_ALT02nm
[LOG 18:58:01.160] Load DDS texture: SquadExpansion/MakingHistory/Parts/FuelTank/Assets/Size1_5_TankAdapters_N
[LOG 18:58:01.161] Load DDS texture: SquadExpansion/MakingHistory/Parts/FuelTank/Assets/Size1_5_Tanks
[LOG 18:58:01.165] Load DDS texture: SquadExpansion/MakingHistory/Parts/FuelTank/Assets/Size1_5_Tanks_ALT02
[LOG 18:58:01.166] Load DDS texture: SquadExpansion/MakingHistory/Parts/FuelTank/Assets/Size1_5_Tanks_ALT02_nm
[LOG 18:58:01.166] Load DDS texture: SquadExpansion/MakingHistory/Parts/FuelTank/Assets/Size1_5_Tanks_grey
[LOG 18:58:01.167] Load DDS texture: SquadExpansion/MakingHistory/Parts/FuelTank/Assets/Size4_Tanks
[LOG 18:58:01.176] Load DDS texture: SquadExpansion/MakingHistory/Parts/FuelTank/Assets/Size4_Tanks_N
[LOG 18:58:01.182] Load DDS texture: SquadExpansion/MakingHistory/Parts/Ground/Assets/RoverWheel
[LOG 18:58:01.183] Load DDS texture: SquadExpansion/MakingHistory/Parts/Ground/Assets/RoverWheelG
[LOG 18:58:01.186] Load DDS texture: SquadExpansion/MakingHistory/Parts/Payload/Assets/Size1to0ServiceBay
[LOG 18:58:01.186] Load DDS texture: SquadExpansion/MakingHistory/Parts/Payload/Assets/Size1to0ServiceBay_n
[LOG 18:58:01.187] Load DDS texture: SquadExpansion/MakingHistory/Parts/Payload/Assets/SM18_diffuse
[LOG 18:58:01.193] Load Cached PNG Texture: SquadExpansion/MakingHistory/Parts/Payload/Assets/SM18_NRM
[LOG 18:58:01.204] Load DDS texture: SquadExpansion/MakingHistory/Parts/Payload/Assets/SM18_specular
[LOG 18:58:01.215] Load DDS texture: SquadExpansion/MakingHistory/Parts/Payload/Assets/SM25_diffuse
[LOG 18:58:01.215] Load DDS texture: SquadExpansion/MakingHistory/Parts/Payload/Assets/SM25_normals
[LOG 18:58:01.216] Load DDS texture: SquadExpansion/MakingHistory/Parts/Pods/Assets/KV1
[LOG 18:58:01.218] Load DDS texture: SquadExpansion/MakingHistory/Parts/Pods/Assets/KV1_GLOW
[LOG 18:58:01.221] Load DDS texture: SquadExpansion/MakingHistory/Parts/Pods/Assets/KV2
[LOG 18:58:01.221] Load DDS texture: SquadExpansion/MakingHistory/Parts/Pods/Assets/KV3
[LOG 18:58:01.222] Load DDS texture: SquadExpansion/MakingHistory/Parts/Pods/Assets/Mk2Pod
[LOG 18:58:01.223] Load DDS texture: SquadExpansion/MakingHistory/Parts/Pods/Assets/Mk2Pod_GLOW
[LOG 18:58:01.225] Load DDS texture: SquadExpansion/MakingHistory/Parts/Pods/Assets/Mk2Pod_n
[LOG 18:58:01.227] Load DDS texture: SquadExpansion/MakingHistory/Parts/Pods/Assets/Size1_5_Lander
[LOG 18:58:01.229] Load DDS texture: SquadExpansion/MakingHistory/Parts/Pods/Assets/Size1_5_Lander_GLOW
[LOG 18:58:01.229] Load DDS texture: SquadExpansion/MakingHistory/Parts/SharedAssets/Shrouds
[LOG 18:58:01.232] Load DDS texture: SquadExpansion/MakingHistory/Parts/SharedAssets/Shrouds_N
[LOG 18:58:01.233] Load DDS texture: SquadExpansion/MakingHistory/Parts/Structural/Assets/NormalMap
[LOG 18:58:01.236] Load DDS texture: SquadExpansion/MakingHistory/Parts/Structural/Assets/Panels
[LOG 18:58:01.240] Load DDS texture: SquadExpansion/MakingHistory/Parts/Structural/Assets/Panels_Dark_D
[LOG 18:58:01.243] Load DDS texture: SquadExpansion/MakingHistory/Parts/Structural/Assets/Panels_Gold_D
[LOG 18:58:01.248] Load Cached PNG Texture: SquadExpansion/MakingHistory/Parts/Structural/Assets/Panels_Gold_NRM
[LOG 18:58:01.252] Load DDS texture: SquadExpansion/MakingHistory/Parts/Structural/Assets/Panels_Gold_S
[LOG 18:58:01.255] Load DDS texture: SquadExpansion/MakingHistory/Parts/Structural/Assets/Panels_Silver_D
[LOG 18:58:01.262] Load DDS texture: SquadExpansion/MakingHistory/Parts/Structural/Assets/Panels_Silver_S
[LOG 18:58:01.264] Load Cached PNG Texture: SquadExpansion/MakingHistory/Ships/@thumbs/VAB/Acapello
[LOG 18:58:01.264] Load Cached PNG Texture: SquadExpansion/MakingHistory/Ships/@thumbs/VAB/Beta Centaurus
[LOG 18:58:01.264] Load Cached PNG Texture: SquadExpansion/MakingHistory/Ships/@thumbs/VAB/Goliath II HLV
[LOG 18:58:01.265] Load Cached PNG Texture: SquadExpansion/MakingHistory/Ships/@thumbs/VAB/Muna 1
[LOG 18:58:01.265] Load Cached PNG Texture: SquadExpansion/MakingHistory/Ships/@thumbs/VAB/Sally-Hut 1
[LOG 18:58:01.265] Load Cached PNG Texture: SquadExpansion/MakingHistory/Ships/@thumbs/VAB/SWM-94 Communications Satellite
[LOG 18:58:01.265] Load Cached PNG Texture: SquadExpansion/MakingHistory/Ships/@thumbs/VAB/Valshkod 2
[LOG 18:58:01.265] Load DDS texture: SquadExpansion/MakingHistory/Spaces/KVPods/airlock
[LOG 18:58:01.265] Load DDS texture: SquadExpansion/MakingHistory/Spaces/KVPods/airlock_N
[LOG 18:58:01.266] Load DDS texture: SquadExpansion/MakingHistory/Spaces/KVPods/KV1_Props_Diffuse
[LOG 18:58:01.276] Load DDS texture: SquadExpansion/MakingHistory/Spaces/KVPods/KV1_Props_Normal
[LOG 18:58:01.284] Load DDS texture: SquadExpansion/MakingHistory/Spaces/KVPods/KV1_Shell_Diffuse
[LOG 18:58:01.291] Load DDS texture: SquadExpansion/MakingHistory/Spaces/KVPods/KV1_Shell_Emissive
[LOG 18:58:01.294] Load DDS texture: SquadExpansion/MakingHistory/Spaces/KVPods/KV1_Shell_Normal
[LOG 18:58:01.304] Load DDS texture: SquadExpansion/MakingHistory/Spaces/KVPods/KV1_Vzor_Diffuse
[LOG 18:58:01.305] Load DDS texture: SquadExpansion/MakingHistory/Spaces/KVPods/KV2_Props_Diffuse
[LOG 18:58:01.312] Load DDS texture: SquadExpansion/MakingHistory/Spaces/KVPods/KV2_Props_Emissive
[LOG 18:58:01.319] Load DDS texture: SquadExpansion/MakingHistory/Spaces/KVPods/KV2_Props_Normal
[LOG 18:58:01.327] Load DDS texture: SquadExpansion/MakingHistory/Spaces/KVPods/KV2_Shell_Diffuse
[LOG 18:58:01.337] Load DDS texture: SquadExpansion/MakingHistory/Spaces/KVPods/KV2_Shell_Normal
[LOG 18:58:01.343] Load DDS texture: SquadExpansion/MakingHistory/Spaces/KVPods/KV3_Props_Diffuse
[LOG 18:58:01.348] Load DDS texture: SquadExpansion/MakingHistory/Spaces/KVPods/KV3_Props_Normal
[LOG 18:58:01.354] Load DDS texture: SquadExpansion/MakingHistory/Spaces/KVPods/KV3_Shell_Diffuse
[LOG 18:58:01.358] Load DDS texture: SquadExpansion/MakingHistory/Spaces/KVPods/KV3_Shell_Normal
[LOG 18:58:01.362] Load DDS texture: SquadExpansion/MakingHistory/Spaces/KVPods/motor
[LOG 18:58:01.363] Load DDS texture: SquadExpansion/MakingHistory/Spaces/KVPods/pilot Seat
[LOG 18:58:01.364] Load DDS texture: SquadExpansion/MakingHistory/Spaces/MEM/PANELS_AO
[LOG 18:58:01.368] Load DDS texture: SquadExpansion/MakingHistory/Spaces/MEM/PANELS_EMISSIVE
[LOG 18:58:01.373] Load DDS texture: SquadExpansion/MakingHistory/Spaces/MEM/PANELS_NORMAL
[LOG 18:58:01.386] Load DDS texture: SquadExpansion/MakingHistory/Spaces/MEM/pilot Seat
[LOG 18:58:01.389] Load DDS texture: SquadExpansion/MakingHistory/Spaces/MEM/propsGeneric
[LOG 18:58:01.389] Load DDS texture: SquadExpansion/MakingHistory/Spaces/MEM/PROPS_AO
[LOG 18:58:01.396] Load DDS texture: SquadExpansion/MakingHistory/Spaces/MEM/PROPS_EMISSIVE
[LOG 18:58:01.396] Load DDS texture: SquadExpansion/MakingHistory/Spaces/MEM/PROPS_NORMAL
[LOG 18:58:01.400] Load DDS texture: SquadExpansion/MakingHistory/Spaces/Mk2Pod/DIfuse_controlboard
[LOG 18:58:01.407] Load DDS texture: SquadExpansion/MakingHistory/Spaces/Mk2Pod/Normal_controlbard
[LOG 18:58:01.412] Load DDS texture: SquadExpansion/MakingHistory/Spaces/Mk2Pod/Outershell_Base_Color
[LOG 18:58:01.421] Load DDS texture: SquadExpansion/MakingHistory/Spaces/Mk2Pod/Outershell_Normal
[LOG 18:58:01.447] Load DDS texture: SquadExpansion/MakingHistory/Spaces/Mk2Pod/pilot Seat
[LOG 18:58:01.448] Load Cached PNG Texture: SquadExpansion/Serenity/Parts/@thumbs/controller1000_icon
[LOG 18:58:01.448] Load Cached PNG Texture: SquadExpansion/Serenity/Parts/@thumbs/DeployedCentralStation_icon
[LOG 18:58:01.448] Load Cached PNG Texture: SquadExpansion/Serenity/Parts/@thumbs/DeployedGoExOb_icon
[LOG 18:58:01.449] Load Cached PNG Texture: SquadExpansion/Serenity/Parts/@thumbs/DeployedIONExp_icon
[LOG 18:58:01.449] Load Cached PNG Texture: SquadExpansion/Serenity/Parts/@thumbs/DeployedRTG_icon
[LOG 18:58:01.449] Load Cached PNG Texture: SquadExpansion/Serenity/Parts/@thumbs/DeployedSatDish_icon
[LOG 18:58:01.449] Load Cached PNG Texture: SquadExpansion/Serenity/Parts/@thumbs/DeployedSeismicSensor_icon
[LOG 18:58:01.449] Load Cached PNG Texture: SquadExpansion/Serenity/Parts/@thumbs/DeployedSolarPanel_icon
[LOG 18:58:01.449] Load Cached PNG Texture: SquadExpansion/Serenity/Parts/@thumbs/DeployedWeatherStn_icon
[LOG 18:58:01.449] Load Cached PNG Texture: SquadExpansion/Serenity/Parts/@thumbs/FanShroud.01_icon0
[LOG 18:58:01.449] Load Cached PNG Texture: SquadExpansion/Serenity/Parts/@thumbs/FanShroud.01_icon1
[LOG 18:58:01.449] Load Cached PNG Texture: SquadExpansion/Serenity/Parts/@thumbs/FanShroud.02_icon0
[LOG 18:58:01.450] Load Cached PNG Texture: SquadExpansion/Serenity/Parts/@thumbs/FanShroud.02_icon1
[LOG 18:58:01.450] Load Cached PNG Texture: SquadExpansion/Serenity/Parts/@thumbs/hinge.01.s_icon0
[LOG 18:58:01.450] Load Cached PNG Texture: SquadExpansion/Serenity/Parts/@thumbs/hinge.01.s_icon1
[LOG 18:58:01.450] Load Cached PNG Texture: SquadExpansion/Serenity/Parts/@thumbs/hinge.01_icon0
[LOG 18:58:01.450] Load Cached PNG Texture: SquadExpansion/Serenity/Parts/@thumbs/hinge.01_icon1
[LOG 18:58:01.450] Load Cached PNG Texture: SquadExpansion/Serenity/Parts/@thumbs/hinge.03.s_icon0
[LOG 18:58:01.450] Load Cached PNG Texture: SquadExpansion/Serenity/Parts/@thumbs/hinge.03.s_icon1
[LOG 18:58:01.450] Load Cached PNG Texture: SquadExpansion/Serenity/Parts/@thumbs/hinge.03_icon0
[LOG 18:58:01.450] Load Cached PNG Texture: SquadExpansion/Serenity/Parts/@thumbs/hinge.03_icon1
[LOG 18:58:01.450] Load Cached PNG Texture: SquadExpansion/Serenity/Parts/@thumbs/largeFanBlade_icon0
[LOG 18:58:01.450] Load Cached PNG Texture: SquadExpansion/Serenity/Parts/@thumbs/largeFanBlade_icon1
[LOG 18:58:01.450] Load Cached PNG Texture: SquadExpansion/Serenity/Parts/@thumbs/largePropeller_icon0
[LOG 18:58:01.451] Load Cached PNG Texture: SquadExpansion/Serenity/Parts/@thumbs/largePropeller_icon1
[LOG 18:58:01.451] Load Cached PNG Texture: SquadExpansion/Serenity/Parts/@thumbs/lGripPad_icon0
[LOG 18:58:01.451] Load Cached PNG Texture: SquadExpansion/Serenity/Parts/@thumbs/lGripPad_icon1
[LOG 18:58:01.451] Load Cached PNG Texture: SquadExpansion/Serenity/Parts/@thumbs/lGripStrip_icon
[LOG 18:58:01.451] Load Cached PNG Texture: SquadExpansion/Serenity/Parts/@thumbs/mediumFanBlade_icon0
[LOG 18:58:01.451] Load Cached PNG Texture: SquadExpansion/Serenity/Parts/@thumbs/mediumFanBlade_icon1
[LOG 18:58:01.451] Load Cached PNG Texture: SquadExpansion/Serenity/Parts/@thumbs/mediumPropeller_icon0
[LOG 18:58:01.451] Load Cached PNG Texture: SquadExpansion/Serenity/Parts/@thumbs/mediumPropeller_icon1
[LOG 18:58:01.451] Load Cached PNG Texture: SquadExpansion/Serenity/Parts/@thumbs/mGripPad_icon0
[LOG 18:58:01.451] Load Cached PNG Texture: SquadExpansion/Serenity/Parts/@thumbs/mGripPad_icon1
[LOG 18:58:01.452] Load Cached PNG Texture: SquadExpansion/Serenity/Parts/@thumbs/noseconeTiny_icon
[LOG 18:58:01.452] Load Cached PNG Texture: SquadExpansion/Serenity/Parts/@thumbs/noseconeVS_icon
[LOG 18:58:01.452] Load Cached PNG Texture: SquadExpansion/Serenity/Parts/@thumbs/piston.01_icon0
[LOG 18:58:01.452] Load Cached PNG Texture: SquadExpansion/Serenity/Parts/@thumbs/piston.01_icon1
[LOG 18:58:01.452] Load Cached PNG Texture: SquadExpansion/Serenity/Parts/@thumbs/piston.02_icon0
[LOG 18:58:01.452] Load Cached PNG Texture: SquadExpansion/Serenity/Parts/@thumbs/piston.02_icon1
[LOG 18:58:01.452] Load Cached PNG Texture: SquadExpansion/Serenity/Parts/@thumbs/piston.03_icon0
[LOG 18:58:01.452] Load Cached PNG Texture: SquadExpansion/Serenity/Parts/@thumbs/piston.03_icon1
[LOG 18:58:01.452] Load Cached PNG Texture: SquadExpansion/Serenity/Parts/@thumbs/piston.04_icon0
[LOG 18:58:01.452] Load Cached PNG Texture: SquadExpansion/Serenity/Parts/@thumbs/piston.04_icon1
[LOG 18:58:01.452] Load Cached PNG Texture: SquadExpansion/Serenity/Parts/@thumbs/RobotArmScanner.S1_icon
[LOG 18:58:01.452] Load Cached PNG Texture: SquadExpansion/Serenity/Parts/@thumbs/RobotArmScanner.S2_icon
[LOG 18:58:01.452] Load Cached PNG Texture: SquadExpansion/Serenity/Parts/@thumbs/RobotArmScanner.S3_icon
[LOG 18:58:01.453] Load Cached PNG Texture: SquadExpansion/Serenity/Parts/@thumbs/rotor.01s_icon0
[LOG 18:58:01.453] Load Cached PNG Texture: SquadExpansion/Serenity/Parts/@thumbs/rotor.01s_icon1
[LOG 18:58:01.453] Load Cached PNG Texture: SquadExpansion/Serenity/Parts/@thumbs/rotor.01_icon0
[LOG 18:58:01.453] Load Cached PNG Texture: SquadExpansion/Serenity/Parts/@thumbs/rotor.01_icon1
[LOG 18:58:01.453] Load Cached PNG Texture: SquadExpansion/Serenity/Parts/@thumbs/rotor.02s_icon0
[LOG 18:58:01.453] Load Cached PNG Texture: SquadExpansion/Serenity/Parts/@thumbs/rotor.02s_icon1
[LOG 18:58:01.453] Load Cached PNG Texture: SquadExpansion/Serenity/Parts/@thumbs/rotor.02_icon0
[LOG 18:58:01.453] Load Cached PNG Texture: SquadExpansion/Serenity/Parts/@thumbs/rotor.02_icon1
[LOG 18:58:01.453] Load Cached PNG Texture: SquadExpansion/Serenity/Parts/@thumbs/RotorEngine.02_icon
[LOG 18:58:01.453] Load Cached PNG Texture: SquadExpansion/Serenity/Parts/@thumbs/rotoServo.00_icon0
[LOG 18:58:01.453] Load Cached PNG Texture: SquadExpansion/Serenity/Parts/@thumbs/rotoServo.00_icon1
[LOG 18:58:01.453] Load Cached PNG Texture: SquadExpansion/Serenity/Parts/@thumbs/rotoServo.02_icon0
[LOG 18:58:01.453] Load Cached PNG Texture: SquadExpansion/Serenity/Parts/@thumbs/rotoServo.02_icon1
[LOG 18:58:01.454] Load Cached PNG Texture: SquadExpansion/Serenity/Parts/@thumbs/rotoServo.03_icon0
[LOG 18:58:01.454] Load Cached PNG Texture: SquadExpansion/Serenity/Parts/@thumbs/rotoServo.03_icon1
[LOG 18:58:01.454] Load Cached PNG Texture: SquadExpansion/Serenity/Parts/@thumbs/sGripPad_icon0
[LOG 18:58:01.454] Load Cached PNG Texture: SquadExpansion/Serenity/Parts/@thumbs/sGripPad_icon1
[LOG 18:58:01.454] Load Cached PNG Texture: SquadExpansion/Serenity/Parts/@thumbs/sGripStrip_icon
[LOG 18:58:01.454] Load Cached PNG Texture: SquadExpansion/Serenity/Parts/@thumbs/smallFanBlade_icon0
[LOG 18:58:01.454] Load Cached PNG Texture: SquadExpansion/Serenity/Parts/@thumbs/smallFanBlade_icon1
[LOG 18:58:01.454] Load Cached PNG Texture: SquadExpansion/Serenity/Parts/@thumbs/smallHeliBlade_icon0
[LOG 18:58:01.454] Load Cached PNG Texture: SquadExpansion/Serenity/Parts/@thumbs/smallHeliBlade_icon1
[LOG 18:58:01.454] Load Cached PNG Texture: SquadExpansion/Serenity/Parts/@thumbs/smallPropeller_icon0
[LOG 18:58:01.454] Load Cached PNG Texture: SquadExpansion/Serenity/Parts/@thumbs/smallPropeller_icon1
[LOG 18:58:01.454] Load DDS texture: SquadExpansion/Serenity/Parts/Aero/Assets/copterBlades_diffuse
[LOG 18:58:01.455] Load DDS texture: SquadExpansion/Serenity/Parts/Aero/Assets/shroudsDiffuse_color
[LOG 18:58:01.455] Load DDS texture: SquadExpansion/Serenity/Parts/Aero/Assets/shroudsDiffuse_plain
[LOG 18:58:01.455] Load Cached PNG Texture: SquadExpansion/Serenity/Parts/DeployedScience/MockupTexture
[LOG 18:58:01.455] Load DDS texture: SquadExpansion/Serenity/Parts/DeployedScience/Assets/centralStation_diffuse
[LOG 18:58:01.457] Load DDS texture: SquadExpansion/Serenity/Parts/DeployedScience/Assets/centralStation_emissive
[LOG 18:58:01.478] Load DDS texture: SquadExpansion/Serenity/Parts/DeployedScience/Assets/GenericParts_diffuse
[LOG 18:58:01.483] Load DDS texture: SquadExpansion/Serenity/Parts/DeployedScience/Assets/GenericParts_emissive
[LOG 18:58:01.484] Load DDS texture: SquadExpansion/Serenity/Parts/DeployedScience/Assets/GenericParts_normal
[LOG 18:58:01.485] Load DDS texture: SquadExpansion/Serenity/Parts/DeployedScience/Assets/goex_diffuse
[LOG 18:58:01.488] Load DDS texture: SquadExpansion/Serenity/Parts/DeployedScience/Assets/goex_specMapped
[LOG 18:58:01.491] Load DDS texture: SquadExpansion/Serenity/Parts/DeployedScience/Assets/Grid
[LOG 18:58:01.493] Load DDS texture: SquadExpansion/Serenity/Parts/DeployedScience/Assets/IonExperiment_diffuse
[LOG 18:58:01.494] Load DDS texture: SquadExpansion/Serenity/Parts/DeployedScience/Assets/RTGCask_diffuse
[LOG 18:58:01.495] Load DDS texture: SquadExpansion/Serenity/Parts/DeployedScience/Assets/satDish_diffuse
[LOG 18:58:01.495] Load Cached PNG Texture: SquadExpansion/Serenity/Parts/DeployedScience/Assets/Scratch
[LOG 18:58:01.496] Load DDS texture: SquadExpansion/Serenity/Parts/DeployedScience/Assets/Screen2
[LOG 18:58:01.496] Load DDS texture: SquadExpansion/Serenity/Parts/DeployedScience/Assets/Screen3
[LOG 18:58:01.496] Load DDS texture: SquadExpansion/Serenity/Parts/DeployedScience/Assets/ScreenReadout
[LOG 18:58:01.497] Load DDS texture: SquadExpansion/Serenity/Parts/DeployedScience/Assets/seismicSensor_diffuse
[LOG 18:58:01.497] Load DDS texture: SquadExpansion/Serenity/Parts/DeployedScience/Assets/seismicSensor_nrm
[LOG 18:58:01.499] Load DDS texture: SquadExpansion/Serenity/Parts/DeployedScience/Assets/seismicSensor_specularMapped
[LOG 18:58:01.501] Load DDS texture: SquadExpansion/Serenity/Parts/DeployedScience/Assets/SolarGraph
[LOG 18:58:01.501] Load DDS texture: SquadExpansion/Serenity/Parts/DeployedScience/Assets/solarPanel_diffuse
[LOG 18:58:01.502] Load DDS texture: SquadExpansion/Serenity/Parts/DeployedScience/Assets/Waveleght3
[LOG 18:58:01.502] Load DDS texture: SquadExpansion/Serenity/Parts/DeployedScience/Assets/Wavelenght
[LOG 18:58:01.502] Load DDS texture: SquadExpansion/Serenity/Parts/DeployedScience/Assets/Wavelenght2
[LOG 18:58:01.502] Load DDS texture: SquadExpansion/Serenity/Parts/DeployedScience/Assets/wavelenght4
[LOG 18:58:01.502] Load DDS texture: SquadExpansion/Serenity/Parts/DeployedScience/Assets/wavelenght5
[LOG 18:58:01.502] Load DDS texture: SquadExpansion/Serenity/Parts/DeployedScience/Assets/WeatherStation [Normal]
[LOG 18:58:01.528] Load DDS texture: SquadExpansion/Serenity/Parts/DeployedScience/Assets/Weather_Station_diffuse
[LOG 18:58:01.535] Load DDS texture: SquadExpansion/Serenity/Parts/DeployedScience/Assets/Weather_Station_normal
[LOG 18:58:01.541] Load DDS texture: SquadExpansion/Serenity/Parts/Propellers/Assets/blade_diffuse
[LOG 18:58:01.542] Load DDS texture: SquadExpansion/Serenity/Parts/Propellers/Assets/copterBlades_diffuse
[LOG 18:58:01.543] Load DDS texture: SquadExpansion/Serenity/Parts/Propellers/Assets/fan_diffuse
[LOG 18:58:01.543] Load DDS texture: SquadExpansion/Serenity/Parts/Robotics/Assets/hinges-03-s_diffuse_Color
[LOG 18:58:01.544] Load DDS texture: SquadExpansion/Serenity/Parts/Robotics/Assets/hinges-03_diffuse_color
[LOG 18:58:01.544] Load DDS texture: SquadExpansion/Serenity/Parts/Robotics/Assets/hinges-03_diffuse_plain
[LOG 18:58:01.545] Load DDS texture: SquadExpansion/Serenity/Parts/Robotics/Assets/hinges_diffuse
[LOG 18:58:01.545] Load DDS texture: SquadExpansion/Serenity/Parts/Robotics/Assets/Hinge_diffuse_G-00_Color
[LOG 18:58:01.545] Load DDS texture: SquadExpansion/Serenity/Parts/Robotics/Assets/Hinge_diffuse_G-11_Color
[LOG 18:58:01.546] Load DDS texture: SquadExpansion/Serenity/Parts/Robotics/Assets/Hinge_diffuse_G-11_plain
[LOG 18:58:01.546] Load DDS texture: SquadExpansion/Serenity/Parts/Robotics/Assets/Hinge_normal
[LOG 18:58:01.546] Load DDS texture: SquadExpansion/Serenity/Parts/Robotics/Assets/RotorEngine_02_diffuse
[LOG 18:58:01.547] Load DDS texture: SquadExpansion/Serenity/Parts/Robotics/Assets/RotorEngine_03_diffuse
[LOG 18:58:01.549] Load DDS texture: SquadExpansion/Serenity/Parts/Robotics/Assets/RotorEngine_03_normal
[LOG 18:58:01.550] Load DDS texture: SquadExpansion/Serenity/Parts/Robotics/Assets/Rotor_01_diffuse_color
[LOG 18:58:01.551] Load DDS texture: SquadExpansion/Serenity/Parts/Robotics/Assets/Rotor_01_diffuse_plain
[LOG 18:58:01.551] Load DDS texture: SquadExpansion/Serenity/Parts/Robotics/Assets/Rotor_01_normal
[LOG 18:58:01.551] Load DDS texture: SquadExpansion/Serenity/Parts/Robotics/Assets/Rotor_01_specular_D
[LOG 18:58:01.552] Load DDS texture: SquadExpansion/Serenity/Parts/Robotics/Assets/Rotor_02_diffuse_color
[LOG 18:58:01.553] Load DDS texture: SquadExpansion/Serenity/Parts/Robotics/Assets/Rotor_03_diffuse_color
[LOG 18:58:01.554] Load DDS texture: SquadExpansion/Serenity/Parts/Robotics/Assets/Rotor_03_diffuse_plain
[LOG 18:58:01.555] Load DDS texture: SquadExpansion/Serenity/Parts/Robotics/Assets/Rotor_03_normal
[LOG 18:58:01.556] Load DDS texture: SquadExpansion/Serenity/Parts/Robotics/Assets/rotoServos_diffuse_color
[LOG 18:58:01.556] Load DDS texture: SquadExpansion/Serenity/Parts/Robotics/Assets/rotoServos_diffuse_plain
[LOG 18:58:01.558] Load DDS texture: SquadExpansion/Serenity/Parts/Robotics/Assets/rotoServos_nrm
[LOG 18:58:01.560] Load DDS texture: SquadExpansion/Serenity/Parts/Robotics/Controllers/roboController_diffuse
[LOG 18:58:01.560] Load DDS texture: SquadExpansion/Serenity/Parts/Robotics/Controllers/roboController_emissive
[LOG 18:58:01.560] Load Cached PNG Texture: SquadExpansion/Serenity/Parts/Science/RobotArmScanner/Assets/DrillBits
[LOG 18:58:01.560] Load DDS texture: SquadExpansion/Serenity/Parts/Science/RobotArmScanner/Assets/DustParticle
[WRN 18:58:01.560] Duplicate PNG texture 'SquadExpansion/Serenity/Parts/Science/RobotArmScanner/Assets/DustParticle' with extension 'png' won't be loaded
[LOG 18:58:01.560] Load DDS texture: SquadExpansion/Serenity/Parts/Science/RobotArmScanner/Assets/GenericParts_diffuse
[LOG 18:58:01.567] Load DDS texture: SquadExpansion/Serenity/Parts/Science/RobotArmScanner/Assets/GenericParts_normal
[LOG 18:58:01.573] Load DDS texture: SquadExpansion/Serenity/Parts/Science/RobotArmScanner/Assets/ROCArm3_diffuse
[LOG 18:58:01.579] Load DDS texture: SquadExpansion/Serenity/Parts/Science/RobotArmScanner/Assets/ROCArm3_normal
[LOG 18:58:01.585] Load DDS texture: SquadExpansion/Serenity/Parts/Science/RobotArmScanner/Assets/ROCArm_2_diffuse
[LOG 18:58:01.587] Load DDS texture: SquadExpansion/Serenity/Parts/Science/RobotArmScanner/Assets/ROCArm_2_normal
[LOG 18:58:01.589] Load Cached PNG Texture: SquadExpansion/Serenity/Parts/Science/RobotArmScanner/Assets/Scratch
[LOG 18:58:01.589] Load DDS texture: SquadExpansion/Serenity/Parts/Science/RobotArmScanner/Assets/SmallArm_diffuse
[LOG 18:58:01.590] Load DDS texture: SquadExpansion/Serenity/Parts/Science/RobotArmScanner/Assets/SmallArm_normal
[LOG 18:58:01.591] Load DDS texture: SquadExpansion/Serenity/Parts/Structural/gripPads/Assets/gripPads_diffuse
[LOG 18:58:01.593] Load DDS texture: SquadExpansion/Serenity/Parts/Structural/gripPads/Assets/gripPads_nrm
[LOG 18:58:01.594] Load Cached PNG Texture: SquadExpansion/Serenity/Ships/@thumbs/SPH/Arrow-E
[LOG 18:58:01.594] Load Cached PNG Texture: SquadExpansion/Serenity/Ships/@thumbs/SPH/Butterfly Rover
[LOG 18:58:01.594] Load Cached PNG Texture: SquadExpansion/Serenity/Ships/@thumbs/SPH/Jeb_s Quadtaxi
[LOG 18:58:01.594] Load Cached PNG Texture: SquadExpansion/Serenity/Ships/@thumbs/SPH/Kerbodyne Rotodyne
[LOG 18:58:01.594] Load Cached PNG Texture: SquadExpansion/Serenity/Ships/@thumbs/SPH/Seahawk
[LOG 18:58:01.594] Load Cached PNG Texture: SquadExpansion/Serenity/Ships/@thumbs/SPH/Val-Thopter
[LOG 18:58:01.597] Load MU model: Squad/FX/afterburner_flame
[LOG 18:58:01.605] Load MU model: Squad/FX/afterburner_shock
[LOG 18:58:01.606] Load MU model: Squad/FX/diamondBlue
[LOG 18:58:01.606] Load MU model: Squad/FX/exhaustFlames_blue
[LOG 18:58:01.723] Load MU model: Squad/FX/hydroLOXFlame
[LOG 18:58:01.724] Load MU model: Squad/FX/IonPlume
[LOG 18:58:01.725] Load MU model: Squad/FX/ks1_Exhaust
[LOG 18:58:01.725] Load MU model: Squad/FX/ks25_Exhaust
[LOG 18:58:01.725] Load MU model: Squad/FX/ksX_Exhaust
[LOG 18:58:01.726] Load MU model: Squad/FX/LES_Thruster
[LOG 18:58:01.726] Load MU model: Squad/FX/Monoprop_big
[LOG 18:58:01.726] Load MU model: Squad/FX/Monoprop_medium
[LOG 18:58:01.727] Load MU model: Squad/FX/Monoprop_small
[LOG 18:58:01.727] Load MU model: Squad/FX/shockExhaust_blue
[LOG 18:58:01.727] Load MU model: Squad/FX/shockExhaust_blue_small
[LOG 18:58:01.728] Load MU model: Squad/FX/shockExhaust_red_small
[LOG 18:58:01.728] Load MU model: Squad/FX/SRB_Large
[LOG 18:58:01.728] Load MU model: Squad/FX/SRB_LargeSparks
[LOG 18:58:01.731] Load MU model: Squad/Parts/Aero/aerodynamicNoseCone/aerodynamicNoseCone
[LOG 18:58:01.734] Load MU model: Squad/Parts/Aero/airbrake/Airbrake
[LOG 18:58:01.734] Load MU model: Squad/Parts/Aero/airIntakeRadialXM-G50/RadialIntake
[LOG 18:58:01.735] Load MU model: Squad/Parts/Aero/airlinerWings/ControlSurface
[LOG 18:58:01.735] Load MU model: Squad/Parts/Aero/airlinerWings/MainWing
[LOG 18:58:01.735] Load MU model: Squad/Parts/Aero/airlinerWings/TailFin
[LOG 18:58:01.737] Load MU model: Squad/Parts/Aero/airplaneFins/AdvCanard
[LOG 18:58:01.737] Load MU model: Squad/Parts/Aero/airplaneFins/Canard
[LOG 18:58:01.738] Load MU model: Squad/Parts/Aero/airplaneFins/Swept
[LOG 18:58:01.738] Load MU model: Squad/Parts/Aero/airplaneFins/TailFin
[LOG 18:58:01.738] Load MU model: Squad/Parts/Aero/basicFin/basicFin
[LOG 18:58:01.738] Load MU model: Squad/Parts/Aero/circularIntake/CircularIntake
[LOG 18:58:01.741] Load MU model: Squad/Parts/Aero/circularIntake/ConeIntake
[LOG 18:58:01.741] Load MU model: Squad/Parts/Aero/cones/Assets/AvioCone
[LOG 18:58:01.742] Load MU model: Squad/Parts/Aero/cones/Assets/ConeA
[LOG 18:58:01.742] Load MU model: Squad/Parts/Aero/cones/Assets/ConeB
[LOG 18:58:01.742] Load MU model: Squad/Parts/Aero/cones/Assets/NCS
[LOG 18:58:01.743] Load MU model: Squad/Parts/Aero/cones/Assets/orangeNoseCone
[LOG 18:58:01.743] Load MU model: Squad/Parts/Aero/cones/Assets/rocketNoseCone
[LOG 18:58:01.744] Load MU model: Squad/Parts/Aero/cones/Assets/rocketNoseCone_v2
[LOG 18:58:01.744] Load MU model: Squad/Parts/Aero/cones/Assets/rocketNoseCone_v3
[LOG 18:58:01.745] Load MU model: Squad/Parts/Aero/cones/Assets/TailA
[LOG 18:58:01.745] Load MU model: Squad/Parts/Aero/cones/Assets/TailB
[LOG 18:58:01.745] Load MU model: Squad/Parts/Aero/cones/Assets/TinyCone
[LOG 18:58:01.745] Load MU model: Squad/Parts/Aero/fairings/AutoTruss
[LOG 18:58:01.746] Load MU model: Squad/Parts/Aero/fairings/fairingSize1
[LOG 18:58:01.746] Load MU model: Squad/Parts/Aero/fairings/fairingSize2
[LOG 18:58:01.747] Load MU model: Squad/Parts/Aero/fairings/fairingSize3
[LOG 18:58:01.747] Load MU model: Squad/Parts/Aero/HeatShield/HeatShield0
[LOG 18:58:01.747] Load MU model: Squad/Parts/Aero/HeatShield/HeatShield1
[LOG 18:58:01.748] Load MU model: Squad/Parts/Aero/HeatShield/HeatShield2
[LOG 18:58:01.748] Load MU model: Squad/Parts/Aero/HeatShield/HeatShield3
[LOG 18:58:01.749] Load MU model: Squad/Parts/Aero/InflatableHeatShield/HeatShield
[LOG 18:58:01.751] Load MU model: Squad/Parts/Aero/intakeRadialLong/IntakeRadial
[LOG 18:58:01.751] Load MU model: Squad/Parts/Aero/miniIntake/SmallIntake
[LOG 18:58:01.752] Load MU model: Squad/Parts/Aero/ramAirIntake/RampIntake
[LOG 18:58:01.752] Load MU model: Squad/Parts/Aero/shuttleWings/ShuttleDeltaWing
[LOG 18:58:01.752] Load MU model: Squad/Parts/Aero/shuttleWings/ShuttleElevonA
[LOG 18:58:01.753] Load MU model: Squad/Parts/Aero/shuttleWings/ShuttleElevonB
[LOG 18:58:01.753] Load MU model: Squad/Parts/Aero/shuttleWings/ShuttleRudder
[LOG 18:58:01.753] Load MU model: Squad/Parts/Aero/shuttleWings/ShuttleStrake
[LOG 18:58:01.753] Load MU model: Squad/Parts/Aero/wingletAV-R8/model
[LOG 18:58:01.754] Load MU model: Squad/Parts/Aero/wingletAV-T1/model
[LOG 18:58:01.754] Load MU model: Squad/Parts/Aero/wingletDeltaDeluxe/model
[LOG 18:58:01.754] Load MU model: Squad/Parts/Aero/wings/connector1
[LOG 18:58:01.754] Load MU model: Squad/Parts/Aero/wings/connector2
[LOG 18:58:01.754] Load MU model: Squad/Parts/Aero/wings/connector3
[LOG 18:58:01.754] Load MU model: Squad/Parts/Aero/wings/connector4
[LOG 18:58:01.755] Load MU model: Squad/Parts/Aero/wings/connector5
[LOG 18:58:01.755] Load MU model: Squad/Parts/Aero/wings/delta
[LOG 18:58:01.755] Load MU model: Squad/Parts/Aero/wings/delta_small
[LOG 18:58:01.755] Load MU model: Squad/Parts/Aero/wings/elevon1
[LOG 18:58:01.755] Load MU model: Squad/Parts/Aero/wings/elevon2
[LOG 18:58:01.755] Load MU model: Squad/Parts/Aero/wings/elevon3
[LOG 18:58:01.756] Load MU model: Squad/Parts/Aero/wings/elevon4
[LOG 18:58:01.756] Load MU model: Squad/Parts/Aero/wings/elevon5
[LOG 18:58:01.757] Load MU model: Squad/Parts/Aero/wings/strake
[LOG 18:58:01.757] Load MU model: Squad/Parts/Aero/wings/structural1
[LOG 18:58:01.757] Load MU model: Squad/Parts/Aero/wings/structural2
[LOG 18:58:01.757] Load MU model: Squad/Parts/Aero/wings/structural3
[LOG 18:58:01.758] Load MU model: Squad/Parts/Aero/wings/structural4
[LOG 18:58:01.758] Load MU model: Squad/Parts/Aero/wings/swept1
[LOG 18:58:01.758] Load MU model: Squad/Parts/Aero/wings/swept2
[LOG 18:58:01.758] Load MU model: Squad/Parts/Cargo/CargoContainers/cargoContainer
[LOG 18:58:01.758] Load MU model: Squad/Parts/Cargo/CargoContainers/smallCargoContainer
[LOG 18:58:01.759] Load MU model: Squad/Parts/Cargo/Cylinder/EVAcylinder
[LOG 18:58:01.759] Load MU model: Squad/Parts/Cargo/GroundAnchor/groundAnchor
[LOG 18:58:01.760] Load MU model: Squad/Parts/Cargo/Jetpack/Jetpack
[LOG 18:58:01.760] Load MU model: Squad/Parts/Cargo/Parachute/Parachute
[LOG 18:58:01.760] Load MU model: Squad/Parts/Cargo/RepairKit/RepairKit
[LOG 18:58:01.779] Load MU model: Squad/Parts/Cargo/ScienceKit/ExperimentKit
[LOG 18:58:01.780] Load MU model: Squad/Parts/Cargo/StorageUnits/Assets/CargoStorageUnit
[LOG 18:58:01.780] Load MU model: Squad/Parts/Cargo/StorageUnits/Assets/ConformalStorageUnit
[LOG 18:58:01.780] Load MU model: Squad/Parts/Command/advancedSasModuleLarge/model
[LOG 18:58:01.781] Load MU model: Squad/Parts/Command/cupola/model
[LOG 18:58:01.782] Load MU model: Squad/Parts/Command/externalCommandSeat/model
[LOG 18:58:01.782] Load MU model: Squad/Parts/Command/hitchhikerStorageContainer/model
[LOG 18:58:01.782] Load MU model: Squad/Parts/Command/inlineAdvancedStabilizer/model
[LOG 18:58:01.783] Load MU model: Squad/Parts/Command/inlineReactionWheel/model
[LOG 18:58:01.783] Load MU model: Squad/Parts/Command/Mk1-3Pod/Mk1-3
[LOG 18:58:01.783] Load MU model: Squad/Parts/Command/mk1Cockpits/Cabin
[LOG 18:58:01.784] Load MU model: Squad/Parts/Command/mk1Cockpits/CockpitInline
[LOG 18:58:01.785] Load MU model: Squad/Parts/Command/mk1Cockpits/CockpitStandard
[LOG 18:58:01.805] Load MU model: Squad/Parts/Command/mk1LanderCan/model
[LOG 18:58:01.805] Load MU model: Squad/Parts/Command/mk1pod_v2/Mk1Pod_v2
[LOG 18:58:01.806] Load MU model: Squad/Parts/Command/mk2CockpitInline/model
[LOG 18:58:01.806] Load MU model: Squad/Parts/Command/mk2CockpitStandard/model
[LOG 18:58:01.807] Load MU model: Squad/Parts/Command/mk2DroneCore/model
[LOG 18:58:01.807] Load MU model: Squad/Parts/Command/mk2LanderCan/model
[LOG 18:58:01.808] Load MU model: Squad/Parts/Command/mk2LanderCan_v2/mk2LanderCan
[LOG 18:58:01.809] Load MU model: Squad/Parts/Command/mk3CockpitShuttle/model
[LOG 18:58:01.809] Load MU model: Squad/Parts/Command/MpoProbe/MpoProbe
[LOG 18:58:01.810] Load MU model: Squad/Parts/Command/MtmStage/MTM_Stage
[LOG 18:58:01.810] Load MU model: Squad/Parts/Command/probeCoreCube/probeCoreCube
[LOG 18:58:01.810] Load MU model: Squad/Parts/Command/probeCoreHex/model
[LOG 18:58:01.810] Load MU model: Squad/Parts/Command/probeCoreHex_v2/model
[LOG 18:58:01.811] Load MU model: Squad/Parts/Command/probeCoreOcto2_v2/probeCoreOcto2_v2
[LOG 18:58:01.811] Load MU model: Squad/Parts/Command/probeCoreOcto_v2/probeCoreOcto_v2
[LOG 18:58:01.811] Load MU model: Squad/Parts/Command/probeRoverBody/model
[LOG 18:58:01.811] Load MU model: Squad/Parts/Command/probeRoverBody_v2/probeRoverBody_v2
[LOG 18:58:01.812] Load MU model: Squad/Parts/Command/probeStackLarge/model
[LOG 18:58:01.812] Load MU model: Squad/Parts/Command/probeStackSmall/model
[LOG 18:58:01.812] Load MU model: Squad/Parts/Command/probeStackSphere_v2/probeStackSphere_v2
[LOG 18:58:01.812] Load MU model: Squad/Parts/CompoundParts/FuelLine/model
[LOG 18:58:01.813] Load MU model: Squad/Parts/CompoundParts/strutConnector/model
[LOG 18:58:01.813] Load MU model: Squad/Parts/Coupling/Assets/Decoupler_0
[LOG 18:58:01.813] Load MU model: Squad/Parts/Coupling/Assets/Decoupler_1
[LOG 18:58:01.814] Load MU model: Squad/Parts/Coupling/Assets/Decoupler_1p5
[LOG 18:58:01.814] Load MU model: Squad/Parts/Coupling/Assets/Decoupler_2
[LOG 18:58:01.814] Load MU model: Squad/Parts/Coupling/Assets/Decoupler_3
[LOG 18:58:01.815] Load MU model: Squad/Parts/Coupling/Assets/Decoupler_4
[LOG 18:58:01.815] Load MU model: Squad/Parts/Coupling/Assets/Separator_0
[LOG 18:58:01.816] Load MU model: Squad/Parts/Coupling/Assets/Separator_1
[LOG 18:58:01.816] Load MU model: Squad/Parts/Coupling/Assets/Separator_1p5
[LOG 18:58:01.816] Load MU model: Squad/Parts/Coupling/Assets/Separator_2
[LOG 18:58:01.817] Load MU model: Squad/Parts/Coupling/Assets/Separator_3
[LOG 18:58:01.817] Load MU model: Squad/Parts/Coupling/Assets/Separator_4
[LOG 18:58:01.817] Load MU model: Squad/Parts/Electrical/10CSolarPanels/assets/OX-10C
[LOG 18:58:01.819] Load MU model: Squad/Parts/Electrical/10CSolarPanels/assets/SP-10C
[LOG 18:58:01.821] Load MU model: Squad/Parts/Electrical/10LSolarPanels/assets/OX-10L
[LOG 18:58:01.823] Load MU model: Squad/Parts/Electrical/10LSolarPanels/assets/SP-10L
[LOG 18:58:01.824] Load MU model: Squad/Parts/Electrical/1x6ShroudSolarPanels/model
[LOG 18:58:01.825] Load MU model: Squad/Parts/Electrical/1x6SolarPanels/model
[LOG 18:58:01.825] Load MU model: Squad/Parts/Electrical/3x2ShroudSolarPanels/model
[LOG 18:58:01.826] Load MU model: Squad/Parts/Electrical/3x2SolarPanels/model
[LOG 18:58:01.827] Load MU model: Squad/Parts/Electrical/gigantorXlSolarArray/model
[LOG 18:58:01.827] Load MU model: Squad/Parts/Electrical/radialFlatSolarPanel/model
[LOG 18:58:01.827] Load MU model: Squad/Parts/Electrical/RTG/model
[LOG 18:58:01.827] Load MU model: Squad/Parts/Electrical/z-100Battery/model
[LOG 18:58:01.828] Load MU model: Squad/Parts/Electrical/z-1kBattery/model
[LOG 18:58:01.829] Load MU model: Squad/Parts/Electrical/z-200Battery/model
[LOG 18:58:01.829] Load MU model: Squad/Parts/Electrical/z-400Battery/model
[LOG 18:58:01.829] Load MU model: Squad/Parts/Electrical/z-4kBattery/model
[LOG 18:58:01.829] Load MU model: Squad/Parts/Engine/ionEngine/model
[LOG 18:58:01.830] Load MU model: Squad/Parts/Engine/jetEngines/turbineInside
[LOG 18:58:01.830] Load MU model: Squad/Parts/Engine/jetEngines/turboFanSize1
[LOG 18:58:01.830] Load MU model: Squad/Parts/Engine/jetEngines/turboFanSize2
[LOG 18:58:01.831] Load MU model: Squad/Parts/Engine/jetEngines/turboJet
[LOG 18:58:01.832] Load MU model: Squad/Parts/Engine/jetEngines/turboRamJet
[LOG 18:58:01.833] Load MU model: Squad/Parts/Engine/liquidEngine24-77/model
[LOG 18:58:01.833] Load MU model: Squad/Parts/Engine/liquidEngine24-77_v2/Twitch_v2
[LOG 18:58:01.833] Load MU model: Squad/Parts/Engine/liquidEngine48-7S_v2/SparkV2
[LOG 18:58:01.834] Load MU model: Squad/Parts/Engine/liquidEngineAerospike/AeroSpike
[LOG 18:58:01.835] Load MU model: Squad/Parts/Engine/liquidEngineLV-1_v2/Assets/Ant
[LOG 18:58:01.835] Load MU model: Squad/Parts/Engine/liquidEngineLV-1_v2/Assets/Spider
[LOG 18:58:01.836] Load MU model: Squad/Parts/Engine/liquidEngineLV-909_v2/TerrierV2
[LOG 18:58:01.838] Load MU model: Squad/Parts/Engine/liquidEngineLV-N/model
[LOG 18:58:01.838] Load MU model: Squad/Parts/Engine/liquidEngineLV-T30/model
[LOG 18:58:01.838] Load MU model: Squad/Parts/Engine/liquidEngineLV-T30_v2/Reliant_v2
[LOG 18:58:01.842] Load MU model: Squad/Parts/Engine/liquidEngineLV-T45/model
[LOG 18:58:01.842] Load MU model: Squad/Parts/Engine/liquidEngineLV-T45_v2/Swivel_v2
[LOG 18:58:01.844] Load MU model: Squad/Parts/Engine/liquidEngineMainsail_v2/liquidEngineMainsail_v2
[LOG 18:58:01.845] Load MU model: Squad/Parts/Engine/liquidEngineMk55/Thud
[LOG 18:58:01.845] Load MU model: Squad/Parts/Engine/liquidEnginePoodle_v2/LqdEnginePoodle_v2
[LOG 18:58:01.848] Load MU model: Squad/Parts/Engine/liquidEngineSkipper_v2/skipper_v2
[LOG 18:58:01.850] Load MU model: Squad/Parts/Engine/liquidEngineSSME/SSME
[LOG 18:58:01.851] Load MU model: Squad/Parts/Engine/MassiveSRB/MassiveSRB
[LOG 18:58:01.851] Load MU model: Squad/Parts/Engine/miniJet/SmallJet
[LOG 18:58:01.851] Load MU model: Squad/Parts/Engine/OMSEngine/Puff_v2
[LOG 18:58:01.854] Load MU model: Squad/Parts/Engine/rapierEngine/rapier
[LOG 18:58:01.854] Load MU model: Squad/Parts/Engine/Size1_SRBs/SRB10
[LOG 18:58:01.855] Load MU model: Squad/Parts/Engine/Size1_SRBs/SRB5
[LOG 18:58:01.855] Load MU model: Squad/Parts/Engine/Size2LFB/Size2LFB
[LOG 18:58:01.857] Load MU model: Squad/Parts/Engine/Size2LFB_v2/Size2LFB_v2
[LOG 18:58:01.858] Load MU model: Squad/Parts/Engine/Size3AdvancedEngine/Size3AdvancedEngine
[LOG 18:58:01.859] Load MU model: Squad/Parts/Engine/Size3EngineCluster/Size3EngineCluster
[LOG 18:58:01.860] Load MU model: Squad/Parts/Engine/solidBoosterBACC/model
[LOG 18:58:01.860] Load MU model: Squad/Parts/Engine/solidBoosterS2-17/solidBoosterS2-17
[LOG 18:58:01.861] Load MU model: Squad/Parts/Engine/solidBoosterS2-33/solidBoosterS2-33
[LOG 18:58:01.862] Load MU model: Squad/Parts/Engine/solidBoosterSep/model
[LOG 18:58:01.862] Load MU model: Squad/Parts/Engine/SolidBoostersF/Assets/SolidBoosterF3S0
[LOG 18:58:01.862] Load MU model: Squad/Parts/Engine/SolidBoostersF/Assets/SolidBoosterFM1
[LOG 18:58:01.863] Load MU model: Squad/Parts/FuelTank/adapterTanks/Mk3-Mk2
[LOG 18:58:01.863] Load MU model: Squad/Parts/FuelTank/adapterTanks/Mk3-Size2
[LOG 18:58:01.863] Load MU model: Squad/Parts/FuelTank/adapterTanks/Mk3-Size2Slant
[LOG 18:58:01.864] Load MU model: Squad/Parts/FuelTank/adapterTanks/ShuttleAdapter
[LOG 18:58:01.864] Load MU model: Squad/Parts/FuelTank/adapterTanks/Size2-Mk2
[LOG 18:58:01.864] Load MU model: Squad/Parts/FuelTank/adapterTanks/Size2-Size1
[LOG 18:58:01.865] Load MU model: Squad/Parts/FuelTank/adapterTanks/Size2-Size1Slant
[LOG 18:58:01.865] Load MU model: Squad/Parts/FuelTank/adapterTanks/Size3-Mk3
[LOG 18:58:01.865] Load MU model: Squad/Parts/FuelTank/drainTankFTE-1/fuelValve
[LOG 18:58:01.865] Load MU model: Squad/Parts/FuelTank/FoilTanks/RadialTank_Capsule
[LOG 18:58:01.866] Load MU model: Squad/Parts/FuelTank/FoilTanks/RadialTank_Round
[LOG 18:58:01.866] Load MU model: Squad/Parts/FuelTank/FoilTanks/ToroidTank
[LOG 18:58:01.866] Load MU model: Squad/Parts/FuelTank/fuelTankOscarB/model
[LOG 18:58:01.867] Load MU model: Squad/Parts/FuelTank/miniFuselage/Fuselage
[LOG 18:58:01.867] Load MU model: Squad/Parts/FuelTank/mk2Adapters/bicoupler
[LOG 18:58:01.867] Load MU model: Squad/Parts/FuelTank/mk2Adapters/long
[LOG 18:58:01.867] Load MU model: Squad/Parts/FuelTank/mk2Adapters/standard
[LOG 18:58:01.868] Load MU model: Squad/Parts/FuelTank/mk2FuselageLong/FuselageLongLFO
[LOG 18:58:01.868] Load MU model: Squad/Parts/FuelTank/mk2FuselageLong/FuselageLongLiquid
[LOG 18:58:01.868] Load MU model: Squad/Parts/FuelTank/mk2FuselageShort/FuselageShortLFO
[LOG 18:58:01.868] Load MU model: Squad/Parts/FuelTank/mk2FuselageShort/FuselageShortLiquid
[LOG 18:58:01.868] Load MU model: Squad/Parts/FuelTank/mk2FuselageShort/FuselageShortMono
[LOG 18:58:01.869] Load MU model: Squad/Parts/FuelTank/mk3Fuselage/CREW
[LOG 18:58:01.869] Load MU model: Squad/Parts/FuelTank/mk3Fuselage/LFO_100
[LOG 18:58:01.869] Load MU model: Squad/Parts/FuelTank/mk3Fuselage/LFO_25
[LOG 18:58:01.870] Load MU model: Squad/Parts/FuelTank/mk3Fuselage/LFO_50
[LOG 18:58:01.870] Load MU model: Squad/Parts/FuelTank/mk3Fuselage/LF_100
[LOG 18:58:01.871] Load MU model: Squad/Parts/FuelTank/mk3Fuselage/LF_25
[LOG 18:58:01.871] Load MU model: Squad/Parts/FuelTank/mk3Fuselage/LF_50
[LOG 18:58:01.871] Load MU model: Squad/Parts/FuelTank/mk3Fuselage/MONO
[LOG 18:58:01.871] Load MU model: Squad/Parts/FuelTank/RCSFuelTankR1/RCSFuelTankR1_01
[LOG 18:58:01.872] Load MU model: Squad/Parts/FuelTank/RCSFuelTankR10/model
[LOG 18:58:01.872] Load MU model: Squad/Parts/FuelTank/RCSFuelTankR25/RCSFuelTankR25
[LOG 18:58:01.873] Load MU model: Squad/Parts/FuelTank/RCSTankRadial/model
[LOG 18:58:01.873] Load MU model: Squad/Parts/FuelTank/RCStankRadialLong/model
[LOG 18:58:01.873] Load MU model: Squad/Parts/FuelTank/RockomaxTanks/Assets/Rockomax16
[LOG 18:58:01.873] Load MU model: Squad/Parts/FuelTank/RockomaxTanks/Assets/Rockomax32
[LOG 18:58:01.874] Load MU model: Squad/Parts/FuelTank/RockomaxTanks/Assets/Rockomax64
[LOG 18:58:01.874] Load MU model: Squad/Parts/FuelTank/RockomaxTanks/Assets/Rockomax8
[LOG 18:58:01.875] Load MU model: Squad/Parts/FuelTank/Size1_Tanks/Size1Tank_01
[LOG 18:58:01.875] Load MU model: Squad/Parts/FuelTank/Size1_Tanks/Size1Tank_02
[LOG 18:58:01.875] Load MU model: Squad/Parts/FuelTank/Size1_Tanks/Size1Tank_03
[LOG 18:58:01.875] Load MU model: Squad/Parts/FuelTank/Size1_Tanks/Size1Tank_04
[LOG 18:58:01.876] Load MU model: Squad/Parts/FuelTank/Size3Tanks/Size3LargeTank
[LOG 18:58:01.876] Load MU model: Squad/Parts/FuelTank/Size3Tanks/Size3MediumTank
[LOG 18:58:01.876] Load MU model: Squad/Parts/FuelTank/Size3Tanks/Size3SmallTank
[LOG 18:58:01.876] Load MU model: Squad/Parts/FuelTank/xenonTank/model
[LOG 18:58:01.877] Load MU model: Squad/Parts/FuelTank/xenonTankLarge/model
[LOG 18:58:01.877] Load MU model: Squad/Parts/FuelTank/xenonTankRadial/model
[LOG 18:58:01.877] Load MU model: Squad/Parts/Misc/AsteroidDay/CamSat
[LOG 18:58:01.878] Load MU model: Squad/Parts/Misc/AsteroidDay/HECS2
[LOG 18:58:01.878] Load MU model: Squad/Parts/Misc/AsteroidDay/HighGainAntenna
[LOG 18:58:01.879] Load MU model: Squad/Parts/Misc/AsteroidDay/LgRadialSolar
[LOG 18:58:01.879] Load MU model: Squad/Parts/Misc/PotatoComet/Cube
[LOG 18:58:01.879] Load MU model: Squad/Parts/Misc/PotatoRoid/Cube
[LOG 18:58:01.879] Load MU model: Squad/Parts/Resources/FuelCell/FuelCell
[LOG 18:58:01.879] Load MU model: Squad/Parts/Resources/FuelCell/FuelCellArray
[LOG 18:58:01.880] Load MU model: Squad/Parts/Resources/ISRU/ISRU
[LOG 18:58:01.881] Load MU model: Squad/Parts/Resources/LargeTank/LargeTank
[LOG 18:58:01.881] Load MU model: Squad/Parts/Resources/MiniDrill/MiniDrill
[LOG 18:58:01.883] Load MU model: Squad/Parts/Resources/MiniISRU/MiniISRU
[LOG 18:58:01.883] Load MU model: Squad/Parts/Resources/OrbitalScanner/OrbitalScanner
[LOG 18:58:01.884] Load MU model: Squad/Parts/Resources/RadialDrill/TriBitDrill
[LOG 18:58:01.886] Load MU model: Squad/Parts/Resources/RadialTank/RadialOreTank
[LOG 18:58:01.887] Load MU model: Squad/Parts/Resources/SmallTank/SmallTank
[LOG 18:58:01.887] Load MU model: Squad/Parts/Resources/SurfaceScanner/SurfaceScanner
[LOG 18:58:01.887] Load MU model: Squad/Parts/Resources/SurveyScanner/SurveyScanner
[LOG 18:58:01.888] Load MU model: Squad/Parts/Science/AtmosphereSensor/model
[LOG 18:58:01.888] Load MU model: Squad/Parts/Science/GooExperiment/GooExperiment
[LOG 18:58:01.888] Load MU model: Squad/Parts/Science/LargeCrewedLab/large_crewed_lab
[LOG 18:58:01.889] Load MU model: Squad/Parts/Science/Magnetometer/Magnetometer
[LOG 18:58:01.894] Load MU model: Squad/Parts/Science/MaterialBay/science_module_small
[LOG 18:58:01.894] Load MU model: Squad/Parts/Science/ScienceBox/ScienceBox
[LOG 18:58:01.895] Load MU model: Squad/Parts/Science/sensorAccelerometer/model
[LOG 18:58:01.895] Load MU model: Squad/Parts/Science/sensorBarometer/model
[LOG 18:58:01.895] Load MU model: Squad/Parts/Science/sensorGravimeter/model
[LOG 18:58:01.895] Load MU model: Squad/Parts/Science/sensorThermometer/model
[LOG 18:58:01.895] Load MU model: Squad/Parts/Structural/FLAdapters/Assets/adapterSmallMiniShort_v2
[LOG 18:58:01.895] Load MU model: Squad/Parts/Structural/FLAdapters/Assets/adapterSmallMiniTall_v2
[LOG 18:58:01.896] Load MU model: Squad/Parts/Structural/mk1Parts/Fuselage
[LOG 18:58:01.896] Load MU model: Squad/Parts/Structural/mk1Parts/IntakeFuselage
[LOG 18:58:01.896] Load MU model: Squad/Parts/Structural/mk1Parts/Nacelle1
[LOG 18:58:01.896] Load MU model: Squad/Parts/Structural/mk1Parts/Nacelle2
[LOG 18:58:01.897] Load MU model: Squad/Parts/Structural/mk1Parts/Structural
[LOG 18:58:01.897] Load MU model: Squad/Parts/Structural/mk1Parts/StructuralHollow
[LOG 18:58:01.897] Load MU model: Squad/Parts/Structural/Size3To2Adapter_v2/Size2to3_v2
[LOG 18:58:01.898] Load MU model: Squad/Parts/Structural/stackAdapters/Assets/adapterLargeSmallBi
[LOG 18:58:01.898] Load MU model: Squad/Parts/Structural/stackAdapters/Assets/adapterLargeSmallQuad
[LOG 18:58:01.898] Load MU model: Squad/Parts/Structural/stackAdapters/Assets/adapterLargeSmallTri
[LOG 18:58:01.899] Load MU model: Squad/Parts/Structural/stationHub/model
[LOG 18:58:01.899] Load MU model: Squad/Parts/Structural/structuralIBeam200/model
[LOG 18:58:01.899] Load MU model: Squad/Parts/Structural/structuralIBeam200Pocket/model
[LOG 18:58:01.899] Load MU model: Squad/Parts/Structural/structuralIBeam650/model
[LOG 18:58:01.899] Load MU model: Squad/Parts/Structural/structuralMicronode/model
[LOG 18:58:01.899] Load MU model: Squad/Parts/Structural/structuralPanel1x1/model
[LOG 18:58:01.900] Load MU model: Squad/Parts/Structural/structuralPanel2x2/model
[LOG 18:58:01.900] Load MU model: Squad/Parts/Structural/structuralPylons/PylonBig
[LOG 18:58:01.900] Load MU model: Squad/Parts/Structural/structuralPylons/PylonSmall
[LOG 18:58:01.900] Load MU model: Squad/Parts/Structural/strutCubicOcto/model
[LOG 18:58:01.900] Load MU model: Squad/Parts/Structural/strutOcto/model
[LOG 18:58:01.901] Load MU model: Squad/Parts/Structural/trussGirderAdapter/model
[LOG 18:58:01.901] Load MU model: Squad/Parts/Structural/trussGirderL/model
[LOG 18:58:01.901] Load MU model: Squad/Parts/Structural/trussGirderXL/model
[LOG 18:58:01.901] Load MU model: Squad/Parts/Thermal/FoldingRadiators/foldingRadLarge
[LOG 18:58:01.907] Load MU model: Squad/Parts/Thermal/FoldingRadiators/foldingRadMed
[LOG 18:58:01.910] Load MU model: Squad/Parts/Thermal/FoldingRadiators/foldingRadSmall
[LOG 18:58:01.912] Load MU model: Squad/Parts/Thermal/RadiatorPanels/radPanelEdge
[LOG 18:58:01.912] Load MU model: Squad/Parts/Thermal/RadiatorPanels/radPanelLg
[LOG 18:58:01.912] Load MU model: Squad/Parts/Thermal/RadiatorPanels/radPanelSm
[LOG 18:58:01.913] Load MU model: Squad/Parts/Utility/commDish88-88/model
[LOG 18:58:01.918] Load MU model: Squad/Parts/Utility/commsAntennaDTS-M1/mediumDishAntenna
[LOG 18:58:01.919] Load MU model: Squad/Parts/Utility/commsDish16/model
[LOG 18:58:01.920] Load MU model: Squad/Parts/Utility/decouplerRadialHDM/model
[LOG 18:58:01.920] Load MU model: Squad/Parts/Utility/decouplerRadialTT-38K/model
[LOG 18:58:01.920] Load MU model: Squad/Parts/Utility/decouplerRadialTT-70/model
[LOG 18:58:01.920] Load MU model: Squad/Parts/Utility/DirectAntennas/HGAntenna
[LOG 18:58:01.921] Load MU model: Squad/Parts/Utility/DirectAntennas/HGAntenna_v2
[LOG 18:58:01.922] Load MU model: Squad/Parts/Utility/DirectAntennas/SurfAntenna
[LOG 18:58:01.923] Load MU model: Squad/Parts/Utility/dockingPort/dockingPort
[LOG 18:58:01.923] Load MU model: Squad/Parts/Utility/dockingPortInline/dockingPortInline
[LOG 18:58:01.924] Load MU model: Squad/Parts/Utility/dockingPortJr/dockingPortJr
[LOG 18:58:01.925] Load MU model: Squad/Parts/Utility/dockingPortShielded/dockingPortShielded
[LOG 18:58:01.926] Load MU model: Squad/Parts/Utility/dockingPortSr/dockingPortSr
[LOG 18:58:01.926] Load MU model: Squad/Parts/Utility/Fireworks/Assets/fireworksLauncherBig
[LOG 18:58:01.927] Load MU model: Squad/Parts/Utility/Fireworks/Assets/fireworksLauncherSmall
[LOG 18:58:01.927] Load MU model: Squad/Parts/Utility/flags/flagFlat/flagFlatMeshes
[LOG 18:58:01.930] Load MU model: Squad/Parts/Utility/flags/flagSize0/flagSize0Meshes
[LOG 18:58:01.932] Load MU model: Squad/Parts/Utility/flags/flagSize1/flagSize1Meshes
[LOG 18:58:01.933] Load MU model: Squad/Parts/Utility/flags/flagSize2/flagSize2Meshes
[LOG 18:58:01.935] Load MU model: Squad/Parts/Utility/flags/flagSize3/flagSize3Meshes
[LOG 18:58:01.936] Load MU model: Squad/Parts/Utility/GrapplingDevice/GrapplingArm
[LOG 18:58:01.942] Load MU model: Squad/Parts/Utility/ladderRadial/model
[LOG 18:58:01.942] Load MU model: Squad/Parts/Utility/ladderTelescopic/model
[LOG 18:58:01.944] Load MU model: Squad/Parts/Utility/ladderTelescopicBay/model
[LOG 18:58:01.945] Load MU model: Squad/Parts/Utility/landingLegLT-1/model
[LOG 18:58:01.946] Load MU model: Squad/Parts/Utility/landingLegLT-2/model
[LOG 18:58:01.946] Load MU model: Squad/Parts/Utility/landingLegLT-5/model
[WRN 18:58:01.948] WheelCollider requires an attached Rigidbody to function.
[WRN 18:58:01.948] WheelCollider requires an attached Rigidbody to function.
[LOG 18:58:01.949] Load MU model: Squad/Parts/Utility/launchClamp1/model
[LOG 18:58:01.949] Load MU model: Squad/Parts/Utility/launchEscapeSystem/LaunchEscapeSystem
[LOG 18:58:01.950] Load MU model: Squad/Parts/Utility/Lights/Assets/light_02
[LOG 18:58:01.950] Load MU model: Squad/Parts/Utility/Lights/Assets/light_03
[LOG 18:58:01.951] Load MU model: Squad/Parts/Utility/Lights/Assets/light_04
[LOG 18:58:01.951] Load MU model: Squad/Parts/Utility/Lights/Assets/light_07
[LOG 18:58:01.951] Load MU model: Squad/Parts/Utility/Lights/Assets/light_08
[LOG 18:58:01.952] Load MU model: Squad/Parts/Utility/Lights/Assets/light_12
[LOG 18:58:01.952] Load MU model: Squad/Parts/Utility/linearVernorRCS/Assets/linearRCS
[LOG 18:58:01.953] Load MU model: Squad/Parts/Utility/linearVernorRCS/Assets/vernorEngine
[LOG 18:58:01.953] Load MU model: Squad/Parts/Utility/mk2CargoBay/BayLarge
[LOG 18:58:01.954] Load MU model: Squad/Parts/Utility/mk2CargoBay/BaySmall
[LOG 18:58:01.954] Load MU model: Squad/Parts/Utility/mk2CrewCabin/model
[LOG 18:58:01.955] Load MU model: Squad/Parts/Utility/mk2DockingPort/mk2Dockingport
[LOG 18:58:01.956] Load MU model: Squad/Parts/Utility/mk3CargoBay/long
[LOG 18:58:01.956] Load MU model: Squad/Parts/Utility/mk3CargoBay/medium
[LOG 18:58:01.957] Load MU model: Squad/Parts/Utility/mk3CargoBay/ramp
[LOG 18:58:01.958] Load MU model: Squad/Parts/Utility/mk3CargoBay/short
[LOG 18:58:01.959] Load MU model: Squad/Parts/Utility/parachuteMk1/model
[LOG 18:58:01.959] Load MU model: Squad/Parts/Utility/parachuteMk12-R/model
[LOG 18:58:01.960] Load MU model: Squad/Parts/Utility/parachuteMk16-XL/model
[LOG 18:58:01.960] Load MU model: Squad/Parts/Utility/parachuteMk2-R/model
[LOG 18:58:01.961] Load MU model: Squad/Parts/Utility/parachuteMk25/model
[LOG 18:58:01.961] Load MU model: Squad/Parts/Utility/radialAttachmentPoint/model
[LOG 18:58:01.961] Load MU model: Squad/Parts/Utility/rcsBlockRV-105_v2/rcsBlock105
[LOG 18:58:01.962] Load MU model: Squad/Parts/Utility/rcsSmallLinear/Assets/RCSLinearSmall
[LOG 18:58:01.963] Load MU model: Squad/Parts/Utility/RelayAntennas/HGAntenna
[LOG 18:58:01.964] Load MU model: Squad/Parts/Utility/RelayAntennas/RA-100
[LOG 18:58:01.964] Load MU model: Squad/Parts/Utility/RelayAntennas/RA-5
[LOG 18:58:01.964] Load MU model: Squad/Parts/Utility/RelayAntennas/RA-50
[LOG 18:58:01.964] Load MU model: Squad/Parts/Utility/rockomaxAdapters/Assets/brandAdapter
[LOG 18:58:01.965] Load MU model: Squad/Parts/Utility/rockomaxAdapters/Assets/brandAdapter02
[LOG 18:58:01.965] Load MU model: Squad/Parts/Utility/ServiceBay_v2/Assets/ServiceBay_125_v2
[LOG 18:58:01.967] Load MU model: Squad/Parts/Utility/ServiceBay_v2/Assets/ServiceBay_250_v2
[LOG 18:58:01.968] Load MU model: Squad/Parts/Utility/smallClaw/smallClaw
[LOG 18:58:01.972] Load MU model: Squad/Parts/Utility/spotLightMk1/model
[LOG 18:58:01.972] Load MU model: Squad/Parts/Utility/spotLightMk1_v2/model
[LOG 18:58:01.972] Load MU model: Squad/Parts/Utility/spotLightMk2/model
[LOG 18:58:01.973] Load MU model: Squad/Parts/Utility/spotLightMk2_v2/model
[LOG 18:58:01.973] Load MU model: Squad/Parts/Utility/stackCouplers/Assets/stackBiCoupler_v2
[LOG 18:58:01.973] Load MU model: Squad/Parts/Utility/stackCouplers/Assets/stackQuadCoupler
[LOG 18:58:01.974] Load MU model: Squad/Parts/Utility/stackCouplers/Assets/stackTriCoupler_v2
[LOG 18:58:01.974] Load MU model: Squad/Parts/Wheel/LandingGear/GearExtraLarge
[WRN 18:58:01.976] WheelCollider requires an attached Rigidbody to function.
[WRN 18:58:01.976] WheelCollider requires an attached Rigidbody to function.
[LOG 18:58:01.978] Load MU model: Squad/Parts/Wheel/LandingGear/GearFixed
[WRN 18:58:01.978] WheelCollider requires an attached Rigidbody to function.
[WRN 18:58:01.978] WheelCollider requires an attached Rigidbody to function.
[LOG 18:58:01.978] Load MU model: Squad/Parts/Wheel/LandingGear/GearFree
[WRN 18:58:01.978] WheelCollider requires an attached Rigidbody to function.
[WRN 18:58:01.978] WheelCollider requires an attached Rigidbody to function.
[LOG 18:58:01.979] Load MU model: Squad/Parts/Wheel/LandingGear/GearLarge
[WRN 18:58:01.979] WheelCollider requires an attached Rigidbody to function.
[WRN 18:58:01.979] WheelCollider requires an attached Rigidbody to function.
[LOG 18:58:01.980] Load MU model: Squad/Parts/Wheel/LandingGear/GearMedium
[WRN 18:58:01.981] WheelCollider requires an attached Rigidbody to function.
[WRN 18:58:01.981] WheelCollider requires an attached Rigidbody to function.
[LOG 18:58:01.981] Load MU model: Squad/Parts/Wheel/LandingGear/GearSmall
[WRN 18:58:01.981] WheelCollider requires an attached Rigidbody to function.
[WRN 18:58:01.981] WheelCollider requires an attached Rigidbody to function.
[LOG 18:58:01.982] Load MU model: Squad/Parts/Wheel/roverWheelM1/model
[WRN 18:58:01.982] WheelCollider requires an attached Rigidbody to function.
[WRN 18:58:01.982] WheelCollider requires an attached Rigidbody to function.
[LOG 18:58:01.982] Load MU model: Squad/Parts/Wheel/roverWheelS2/model
[WRN 18:58:01.982] WheelCollider requires an attached Rigidbody to function.
[WRN 18:58:01.982] WheelCollider requires an attached Rigidbody to function.
[LOG 18:58:01.983] Load MU model: Squad/Parts/Wheel/roverWheelTR-2L/model
[WRN 18:58:01.983] WheelCollider requires an attached Rigidbody to function.
[WRN 18:58:01.984] WheelCollider requires an attached Rigidbody to function.
[LOG 18:58:01.984] Load MU model: Squad/Parts/Wheel/roverWheelXL3/model
[WRN 18:58:01.985] WheelCollider requires an attached Rigidbody to function.
[WRN 18:58:01.985] WheelCollider requires an attached Rigidbody to function.
[LOG 18:58:01.985] Load MU model: Squad/Props/AltimeterThreeHands/model
[LOG 18:58:01.985] Load MU model: Squad/Props/AtmosphereDepth/model
[LOG 18:58:01.986] Load MU model: Squad/Props/AxisIndicator/model
[LOG 18:58:01.986] Load MU model: Squad/Props/buttonsGeneric/circularButton
[LOG 18:58:01.986] Load MU model: Squad/Props/buttonsGeneric/clusterButtons
[LOG 18:58:01.986] Load MU model: Squad/Props/buttonsGeneric/clusterButtons2
[LOG 18:58:01.986] Load MU model: Squad/Props/buttonsGeneric/clusterKnob
[LOG 18:58:01.986] Load MU model: Squad/Props/buttonsGeneric/clusterKnob2
[LOG 18:58:01.986] Load MU model: Squad/Props/buttonsGeneric/clusterMixed
[LOG 18:58:01.987] Load MU model: Squad/Props/buttonsGeneric/clusterSwitches01
[LOG 18:58:01.987] Load MU model: Squad/Props/buttonsGeneric/clusterSwitches02
[LOG 18:58:01.988] Load MU model: Squad/Props/buttonsGeneric/clusterSwitches03
[LOG 18:58:01.988] Load MU model: Squad/Props/buttonsGeneric/clusterSwitches04
[LOG 18:58:01.988] Load MU model: Squad/Props/buttonsGeneric/clusterSwitches05
[LOG 18:58:01.988] Load MU model: Squad/Props/buttonsGeneric/clusterSwitches06
[LOG 18:58:01.988] Load MU model: Squad/Props/buttonsGeneric/clusterSwitches07
[LOG 18:58:01.989] Load MU model: Squad/Props/buttonsGeneric/directionalKnob
[LOG 18:58:01.989] Load MU model: Squad/Props/buttonsGeneric/directionalKnob2
[LOG 18:58:01.989] Load MU model: Squad/Props/buttonsGeneric/pullSwitch
[LOG 18:58:01.989] Load MU model: Squad/Props/buttonsGeneric/squareButton
[LOG 18:58:01.989] Load MU model: Squad/Props/buttonsGeneric/standingSwitch
[LOG 18:58:01.989] Load MU model: Squad/Props/buttonsGeneric/switch
[LOG 18:58:01.989] Load MU model: Squad/Props/buttonsGeneric/switchWithGuards
[LOG 18:58:01.990] Load MU model: Squad/Props/ButtonSquare/model
[LOG 18:58:01.990] Load MU model: Squad/Props/circularButton/model
[LOG 18:58:01.990] Load MU model: Squad/Props/Compass/model
[LOG 18:58:01.990] Load MU model: Squad/Props/directionalKnob/model
[LOG 18:58:01.990] Load MU model: Squad/Props/directionalKnob2/model
[LOG 18:58:01.990] Load MU model: Squad/Props/IndicatorPanel/model
[LOG 18:58:01.991] Load MU model: Squad/Props/IVANavBall/model
[LOG 18:58:01.991] Load MU model: Squad/Props/IVANavBallNoBase/model
[LOG 18:58:01.992] Load MU model: Squad/Props/ledPanelSpeed/model
[LOG 18:58:01.992] Load MU model: Squad/Props/Monitor/MonitorDockingMode
[LOG 18:58:01.992] Load MU model: Squad/Props/NavBall/model
[LOG 18:58:01.993] Load MU model: Squad/Props/PropsGeneric/Button_DockingMode
[LOG 18:58:01.993] Load MU model: Squad/Props/PropsGeneric/CargoBagA
[LOG 18:58:01.995] Load MU model: Squad/Props/PropsGeneric/CargoBagB
[LOG 18:58:01.995] Load MU model: Squad/Props/PropsGeneric/CargoBagC
[LOG 18:58:01.996] Load MU model: Squad/Props/PropsGeneric/Hatch_Plane
[LOG 18:58:01.996] Load MU model: Squad/Props/PropsGeneric/Hatch_Plane_Curve90
[LOG 18:58:01.996] Load MU model: Squad/Props/PropsGeneric/Hatch_Plane_Frame
[LOG 18:58:01.996] Load MU model: Squad/Props/PropsGeneric/Seat_Passenger
[LOG 18:58:01.996] Load MU model: Squad/Props/PropsGeneric/Seat_Pilot
[LOG 18:58:01.996] Load MU model: Squad/Props/PropsGeneric/Seat_Pilot_Helmet
[LOG 18:58:01.996] Load MU model: Squad/Props/PropsGeneric/SideStick
[LOG 18:58:01.997] Load MU model: Squad/Props/pullSwitch/model
[LOG 18:58:01.997] Load MU model: Squad/Props/radarAltitude/model
[LOG 18:58:01.997] Load MU model: Squad/Props/squareButton/model
[LOG 18:58:01.997] Load MU model: Squad/Props/standingSwitch/model
[LOG 18:58:01.997] Load MU model: Squad/Props/switch/model
[LOG 18:58:01.997] Load MU model: Squad/Props/switchGuard/model
[LOG 18:58:01.997] Load MU model: Squad/Props/switchWithGuards/model
[LOG 18:58:01.998] Load MU model: Squad/Props/throttle/model
[LOG 18:58:01.998] Load MU model: Squad/Props/VSI/model
[LOG 18:58:01.998] Load MU model: Squad/Spaces/crewCabinInternals/model
[LOG 18:58:02.000] Load MU model: Squad/Spaces/cupolaInternal/model
[LOG 18:58:02.001] Load MU model: Squad/Spaces/GenericSpace1/model
[LOG 18:58:02.002] Load MU model: Squad/Spaces/GenericSpace3/model
[LOG 18:58:02.004] Load MU model: Squad/Spaces/landerCabinInternals/model
[LOG 18:58:02.005] Load MU model: Squad/Spaces/landerCabinSmallInternal/model
[LOG 18:58:02.006] Load MU model: Squad/Spaces/LargeCrewedLabInternals/Large_Crewed_lab_Int
[LOG 18:58:02.008] Load MU model: Squad/Spaces/Mk1-3/model
[LOG 18:58:02.011] Load MU model: Squad/Spaces/mk1CabinInternal/mk1cabin
[LOG 18:58:02.015] Load MU model: Squad/Spaces/mk1CockpitInternal/Mk1StandardIVA
[LOG 18:58:02.017] Load MU model: Squad/Spaces/mk1InlineInternal/Mk1InlineIVA
[LOG 18:58:02.018] Load MU model: Squad/Spaces/mk1PodCockpit/model
[LOG 18:58:02.019] Load MU model: Squad/Spaces/mk1pod_IVA/mk1pod_IVA
[LOG 18:58:02.020] Load MU model: Squad/Spaces/mk2CockpitStandardInternal/model
[LOG 18:58:02.021] Load MU model: Squad/Spaces/Mk2CrewCabinInternal/MK2_CrewCab_Int
[LOG 18:58:02.023] Load MU model: Squad/Spaces/mk2InlineInternal/mk2InlineIVA
[LOG 18:58:02.025] Load MU model: Squad/Spaces/mk2LanderCanInternal/mk2LanderCanInternal
[LOG 18:58:02.027] Load MU model: Squad/Spaces/MK3CockpitInternal/MK3_Cockpit_Int
[LOG 18:58:02.028] Load MU model: Squad/Spaces/MK3_CrewCab_Int/MK3_CrewCab_Int
[LOG 18:58:02.032] Load MU model: Squad/Spaces/OverlayMasks/CupolaMask
[LOG 18:58:02.032] Load MU model: Squad/Spaces/OverlayMasks/HitchhikerBorder
[LOG 18:58:02.033] Load MU model: Squad/Spaces/OverlayMasks/HitchhikerMask
[LOG 18:58:02.033] Load MU model: Squad/Spaces/OverlayMasks/LargeLabBorder
[LOG 18:58:02.033] Load MU model: Squad/Spaces/OverlayMasks/LargeLabMask
[LOG 18:58:02.033] Load MU model: Squad/Spaces/OverlayMasks/Mk1CabinBorder
[LOG 18:58:02.033] Load MU model: Squad/Spaces/OverlayMasks/Mk1CabinMask
[LOG 18:58:02.033] Load MU model: Squad/Spaces/OverlayMasks/Mk1InlineMask
[LOG 18:58:02.033] Load MU model: Squad/Spaces/OverlayMasks/Mk1InlineMask2
[LOG 18:58:02.033] Load MU model: Squad/Spaces/OverlayMasks/Mk1StandardBorder2
[LOG 18:58:02.033] Load MU model: Squad/Spaces/OverlayMasks/Mk1StandardBorder3
[LOG 18:58:02.033] Load MU model: Squad/Spaces/OverlayMasks/Mk1StandardMask
[LOG 18:58:02.034] Load MU model: Squad/Spaces/OverlayMasks/Mk1StandardMask2
[LOG 18:58:02.034] Load MU model: Squad/Spaces/OverlayMasks/Mk1StandardMask3
[LOG 18:58:02.034] Load MU model: Squad/Spaces/OverlayMasks/Mk2CabinBorder
[LOG 18:58:02.034] Load MU model: Squad/Spaces/OverlayMasks/Mk2CabinMask
[LOG 18:58:02.034] Load MU model: Squad/Spaces/OverlayMasks/Mk2InlineBorder
[LOG 18:58:02.034] Load MU model: Squad/Spaces/OverlayMasks/Mk2InlineMask
[LOG 18:58:02.034] Load MU model: Squad/Spaces/OverlayMasks/Mk2StandardBorder
[LOG 18:58:02.034] Load MU model: Squad/Spaces/OverlayMasks/Mk2StandardMask
[LOG 18:58:02.034] Load MU model: Squad/Spaces/OverlayMasks/Mk3CabinBorder
[LOG 18:58:02.035] Load MU model: Squad/Spaces/OverlayMasks/Mk3CabinMask
[LOG 18:58:02.035] Load MU model: Squad/Spaces/OverlayMasks/Mk3CabinMask2
[LOG 18:58:02.035] Load MU model: Squad/Spaces/OverlayMasks/Mk3ShuttleBorder
[LOG 18:58:02.035] Load MU model: Squad/Spaces/OverlayMasks/Mk3ShuttleMask
[LOG 18:58:02.035] Load MU model: Squad/Spaces/OverlayMasks/Size1LanderBorder
[LOG 18:58:02.035] Load MU model: Squad/Spaces/OverlayMasks/Size1LanderMask
[LOG 18:58:02.035] Load MU model: Squad/Spaces/OverlayMasks/Size1PodBorder
[LOG 18:58:02.035] Load MU model: Squad/Spaces/OverlayMasks/Size1PodMask
[LOG 18:58:02.035] Load MU model: Squad/Spaces/OverlayMasks/Size2LanderBorder
[LOG 18:58:02.036] Load MU model: Squad/Spaces/OverlayMasks/Size2LanderMask
[LOG 18:58:02.036] Load MU model: Squad/Spaces/OverlayMasks/Size2PodBorder
[LOG 18:58:02.036] Load MU model: Squad/Spaces/OverlayMasks/Size2PodMask
[LOG 18:58:02.036] Load MU model: Squad/Spaces/Placeholder/PlaceholderIVA
[LOG 18:58:02.036] Load MU model: Squad/Spaces/PodCockpit/model
[LOG 18:58:02.039] Load MU model: SquadExpansion/MakingHistory/Parts/Aero/protectiveRocketNoseMk5A/Size_1_5_Cone
[LOG 18:58:02.039] Load MU model: SquadExpansion/MakingHistory/Parts/Coupling/Assets/EnginePlate
[LOG 18:58:02.040] Load MU model: SquadExpansion/MakingHistory/Parts/Coupling/Assets/InflatableAirlock
[LOG 18:58:02.041] Load MU model: SquadExpansion/MakingHistory/Parts/Coupling/Assets/Size1_5_Decoupler
[LOG 18:58:02.041] Load MU model: SquadExpansion/MakingHistory/Parts/Engine/Assets/KE-1
[LOG 18:58:02.046] Load MU model: SquadExpansion/MakingHistory/Parts/Engine/Assets/LV-T87
[LOG 18:58:02.049] Load MU model: SquadExpansion/MakingHistory/Parts/Engine/Assets/LV-T91
[LOG 18:58:02.050] Load MU model: SquadExpansion/MakingHistory/Parts/Engine/Assets/RE-I2
[LOG 18:58:02.051] Load MU model: SquadExpansion/MakingHistory/Parts/Engine/Assets/RE-J10
[LOG 18:58:02.052] Load MU model: SquadExpansion/MakingHistory/Parts/Engine/Assets/RK-7
[LOG 18:58:02.053] Load MU model: SquadExpansion/MakingHistory/Parts/Engine/Assets/RV-1
[LOG 18:58:02.054] Load MU model: SquadExpansion/MakingHistory/Parts/Engine/solidBoosterTHK/solidBoosterTHK
[LOG 18:58:02.054] Load MU model: SquadExpansion/MakingHistory/Parts/FuelTank/Assets/MiniMonoTank
[LOG 18:58:02.054] Load MU model: SquadExpansion/MakingHistory/Parts/FuelTank/Assets/Size1_5_Size0_Adapter_01
[LOG 18:58:02.055] Load MU model: SquadExpansion/MakingHistory/Parts/FuelTank/Assets/Size1_5_Size1_Adapter_01
[LOG 18:58:02.055] Load MU model: SquadExpansion/MakingHistory/Parts/FuelTank/Assets/Size1_5_Size1_Adapter_02
[LOG 18:58:02.055] Load MU model: SquadExpansion/MakingHistory/Parts/FuelTank/Assets/Size1_5_Size2_Adapter_01
[LOG 18:58:02.056] Load MU model: SquadExpansion/MakingHistory/Parts/FuelTank/Assets/Size1_5_Tank_01
[LOG 18:58:02.056] Load MU model: SquadExpansion/MakingHistory/Parts/FuelTank/Assets/Size1_5_Tank_02
[LOG 18:58:02.057] Load MU model: SquadExpansion/MakingHistory/Parts/FuelTank/Assets/Size1_5_Tank_03
[LOG 18:58:02.057] Load MU model: SquadExpansion/MakingHistory/Parts/FuelTank/Assets/Size1_5_Tank_04
[LOG 18:58:02.058] Load MU model: SquadExpansion/MakingHistory/Parts/FuelTank/Assets/Size1_5_Tank_05
[LOG 18:58:02.058] Load MU model: SquadExpansion/MakingHistory/Parts/FuelTank/Assets/Size3_Size4_Adapter_01
[LOG 18:58:02.059] Load MU model: SquadExpansion/MakingHistory/Parts/FuelTank/Assets/Size4_EngineAdapter_01
[LOG 18:58:02.060] Load MU model: SquadExpansion/MakingHistory/Parts/FuelTank/Assets/Size4_Tank_01
[LOG 18:58:02.060] Load MU model: SquadExpansion/MakingHistory/Parts/FuelTank/Assets/Size4_Tank_02
[LOG 18:58:02.060] Load MU model: SquadExpansion/MakingHistory/Parts/FuelTank/Assets/Size4_Tank_03
[LOG 18:58:02.061] Load MU model: SquadExpansion/MakingHistory/Parts/FuelTank/Assets/Size4_Tank_04
[LOG 18:58:02.061] Load MU model: SquadExpansion/MakingHistory/Parts/FuelTank/Assets/Size_1p5_Monoprop
[LOG 18:58:02.062] Load MU model: SquadExpansion/MakingHistory/Parts/Ground/Assets/RoverWheel
[WRN 18:58:02.063] WheelCollider requires an attached Rigidbody to function.
[WRN 18:58:02.063] WheelCollider requires an attached Rigidbody to function.
[LOG 18:58:02.063] Load MU model: SquadExpansion/MakingHistory/Parts/Payload/Assets/ServiceModule18
[LOG 18:58:02.064] Load MU model: SquadExpansion/MakingHistory/Parts/Payload/Assets/ServiceModule25
[LOG 18:58:02.065] Load MU model: SquadExpansion/MakingHistory/Parts/Payload/Assets/Size1to0ServiceModule
[LOG 18:58:02.066] Load MU model: SquadExpansion/MakingHistory/Parts/Pods/Assets/Mk2Pod
[LOG 18:58:02.066] Load MU model: SquadExpansion/MakingHistory/Parts/Pods/Assets/RoundPod
[LOG 18:58:02.067] Load MU model: SquadExpansion/MakingHistory/Parts/Pods/Assets/Size1_5_Lander
[LOG 18:58:02.067] Load MU model: SquadExpansion/MakingHistory/Parts/SharedAssets/Shroud1p5x0
[LOG 18:58:02.067] Load MU model: SquadExpansion/MakingHistory/Parts/SharedAssets/Shroud1p5x1
[LOG 18:58:02.068] Load MU model: SquadExpansion/MakingHistory/Parts/SharedAssets/Shroud1p5x2
[LOG 18:58:02.068] Load MU model: SquadExpansion/MakingHistory/Parts/SharedAssets/Shroud1p5x3
[LOG 18:58:02.068] Load MU model: SquadExpansion/MakingHistory/Parts/SharedAssets/Shroud1p5x4
[LOG 18:58:02.068] Load MU model: SquadExpansion/MakingHistory/Parts/SharedAssets/Shroud1x0
[LOG 18:58:02.068] Load MU model: SquadExpansion/MakingHistory/Parts/SharedAssets/Shroud1x1
[LOG 18:58:02.068] Load MU model: SquadExpansion/MakingHistory/Parts/SharedAssets/Shroud1x2
[LOG 18:58:02.069] Load MU model: SquadExpansion/MakingHistory/Parts/SharedAssets/Shroud1x3
[LOG 18:58:02.069] Load MU model: SquadExpansion/MakingHistory/Parts/SharedAssets/Shroud1x4
[LOG 18:58:02.069] Load MU model: SquadExpansion/MakingHistory/Parts/SharedAssets/Shroud2x0
[LOG 18:58:02.069] Load MU model: SquadExpansion/MakingHistory/Parts/SharedAssets/Shroud2x1
[LOG 18:58:02.069] Load MU model: SquadExpansion/MakingHistory/Parts/SharedAssets/Shroud2x2
[LOG 18:58:02.069] Load MU model: SquadExpansion/MakingHistory/Parts/SharedAssets/Shroud2x3
[LOG 18:58:02.069] Load MU model: SquadExpansion/MakingHistory/Parts/SharedAssets/Shroud2x4
[LOG 18:58:02.070] Load MU model: SquadExpansion/MakingHistory/Parts/SharedAssets/Shroud3x0
[LOG 18:58:02.070] Load MU model: SquadExpansion/MakingHistory/Parts/SharedAssets/Shroud3x1
[LOG 18:58:02.070] Load MU model: SquadExpansion/MakingHistory/Parts/SharedAssets/Shroud3x2
[LOG 18:58:02.070] Load MU model: SquadExpansion/MakingHistory/Parts/SharedAssets/Shroud3x3
[LOG 18:58:02.070] Load MU model: SquadExpansion/MakingHistory/Parts/SharedAssets/Shroud3x4
[LOG 18:58:02.070] Load MU model: SquadExpansion/MakingHistory/Parts/SharedAssets/Shroud4x0
[LOG 18:58:02.070] Load MU model: SquadExpansion/MakingHistory/Parts/SharedAssets/Shroud4x1
[LOG 18:58:02.071] Load MU model: SquadExpansion/MakingHistory/Parts/SharedAssets/Shroud4x2
[LOG 18:58:02.071] Load MU model: SquadExpansion/MakingHistory/Parts/SharedAssets/Shroud4x3
[LOG 18:58:02.071] Load MU model: SquadExpansion/MakingHistory/Parts/SharedAssets/Shroud4x4
[LOG 18:58:02.071] Load MU model: SquadExpansion/MakingHistory/Parts/SharedAssets/ShroudCollider0
[LOG 18:58:02.071] Load MU model: SquadExpansion/MakingHistory/Parts/SharedAssets/ShroudCollider1
[LOG 18:58:02.071] Load MU model: SquadExpansion/MakingHistory/Parts/SharedAssets/ShroudCollider1p5
[LOG 18:58:02.072] Load MU model: SquadExpansion/MakingHistory/Parts/SharedAssets/ShroudCollider2
[LOG 18:58:02.072] Load MU model: SquadExpansion/MakingHistory/Parts/SharedAssets/ShroudCollider3
[LOG 18:58:02.072] Load MU model: SquadExpansion/MakingHistory/Parts/SharedAssets/ShroudCollider4
[LOG 18:58:02.073] Load MU model: SquadExpansion/MakingHistory/Parts/Structural/Assets/EquiTriangle0
[LOG 18:58:02.073] Load MU model: SquadExpansion/MakingHistory/Parts/Structural/Assets/EquiTriangle1
[LOG 18:58:02.073] Load MU model: SquadExpansion/MakingHistory/Parts/Structural/Assets/EquiTriangle1p5
[LOG 18:58:02.073] Load MU model: SquadExpansion/MakingHistory/Parts/Structural/Assets/EquiTriangle2
[LOG 18:58:02.074] Load MU model: SquadExpansion/MakingHistory/Parts/Structural/Assets/Panel0
[LOG 18:58:02.074] Load MU model: SquadExpansion/MakingHistory/Parts/Structural/Assets/Panel1
[LOG 18:58:02.074] Load MU model: SquadExpansion/MakingHistory/Parts/Structural/Assets/Panel1p5
[LOG 18:58:02.074] Load MU model: SquadExpansion/MakingHistory/Parts/Structural/Assets/Panel2
[LOG 18:58:02.074] Load MU model: SquadExpansion/MakingHistory/Parts/Structural/Assets/Triangle0
[LOG 18:58:02.074] Load MU model: SquadExpansion/MakingHistory/Parts/Structural/Assets/Triangle1
[LOG 18:58:02.074] Load MU model: SquadExpansion/MakingHistory/Parts/Structural/Assets/Triangle1p5
[LOG 18:58:02.075] Load MU model: SquadExpansion/MakingHistory/Parts/Structural/Assets/Triangle2
[LOG 18:58:02.075] Load MU model: SquadExpansion/MakingHistory/Parts/Utility/flags/flagSize1p5/flagSize1p5Meshes
[LOG 18:58:02.076] Load MU model: SquadExpansion/MakingHistory/Parts/Utility/flags/flagSize4/flagSize4Meshes
[LOG 18:58:02.077] Load MU model: SquadExpansion/MakingHistory/Spaces/KVPods/Airlock_IVA
[LOG 18:58:02.077] Load MU model: SquadExpansion/MakingHistory/Spaces/KVPods/KV1_IVA
[LOG 18:58:02.080] Load MU model: SquadExpansion/MakingHistory/Spaces/KVPods/KV2_IVA
[LOG 18:58:02.082] Load MU model: SquadExpansion/MakingHistory/Spaces/KVPods/KV3_IVA
[LOG 18:58:02.085] Load MU model: SquadExpansion/MakingHistory/Spaces/MEM/MEM_IVA
[LOG 18:58:02.087] Load MU model: SquadExpansion/MakingHistory/Spaces/Mk2Pod/MK2POD_IVA
[LOG 18:58:02.088] Load MU model: SquadExpansion/Serenity/Parts/Aero/Assets/FanShroud_01
[LOG 18:58:02.088] Load MU model: SquadExpansion/Serenity/Parts/Aero/Assets/FanShroud_02
[LOG 18:58:02.089] Load MU model: SquadExpansion/Serenity/Parts/Aero/Assets/FanShroud_03
[LOG 18:58:02.090] Load MU model: SquadExpansion/Serenity/Parts/Aero/Assets/noseconeTiny
[LOG 18:58:02.090] Load MU model: SquadExpansion/Serenity/Parts/Aero/Assets/noseconeVS
[LOG 18:58:02.091] Load MU model: SquadExpansion/Serenity/Parts/DeployedScience/Assets/CentralStation
[LOG 18:58:02.092] Load MU model: SquadExpansion/Serenity/Parts/DeployedScience/Assets/GoExOb
[LOG 18:58:02.095] Load MU model: SquadExpansion/Serenity/Parts/DeployedScience/Assets/IonExperiment
[LOG 18:58:02.096] Load MU model: SquadExpansion/Serenity/Parts/DeployedScience/Assets/RTGCask
[LOG 18:58:02.097] Load MU model: SquadExpansion/Serenity/Parts/DeployedScience/Assets/satDish
[LOG 18:58:02.100] Load MU model: SquadExpansion/Serenity/Parts/DeployedScience/Assets/seismicSensor
[LOG 18:58:02.105] Load MU model: SquadExpansion/Serenity/Parts/DeployedScience/Assets/solarPanel
[LOG 18:58:02.107] Load MU model: SquadExpansion/Serenity/Parts/DeployedScience/Assets/WeatherStation
[LOG 18:58:02.111] Load MU model: SquadExpansion/Serenity/Parts/Propellers/Assets/largeFanBlade
[LOG 18:58:02.111] Load MU model: SquadExpansion/Serenity/Parts/Propellers/Assets/largeHeliBlade
[LOG 18:58:02.111] Load MU model: SquadExpansion/Serenity/Parts/Propellers/Assets/largePropeller
[LOG 18:58:02.111] Load MU model: SquadExpansion/Serenity/Parts/Propellers/Assets/mediumFanBlade
[LOG 18:58:02.111] Load MU model: SquadExpansion/Serenity/Parts/Propellers/Assets/mediumHeliBlade
[LOG 18:58:02.112] Load MU model: SquadExpansion/Serenity/Parts/Propellers/Assets/mediumPropeller
[LOG 18:58:02.113] Load MU model: SquadExpansion/Serenity/Parts/Propellers/Assets/smallFanBlade
[LOG 18:58:02.113] Load MU model: SquadExpansion/Serenity/Parts/Propellers/Assets/smallHeliBlade
[LOG 18:58:02.114] Load MU model: SquadExpansion/Serenity/Parts/Propellers/Assets/smallPropeller
[LOG 18:58:02.114] Load MU model: SquadExpansion/Serenity/Parts/Robotics/Assets/hinge_01
[LOG 18:58:02.114] Load MU model: SquadExpansion/Serenity/Parts/Robotics/Assets/hinge_01_s
[LOG 18:58:02.115] Load MU model: SquadExpansion/Serenity/Parts/Robotics/Assets/hinge_03
[LOG 18:58:02.115] Load MU model: SquadExpansion/Serenity/Parts/Robotics/Assets/hinge_03_s
[LOG 18:58:02.116] Load MU model: SquadExpansion/Serenity/Parts/Robotics/Assets/hinge_04
[LOG 18:58:02.116] Load MU model: SquadExpansion/Serenity/Parts/Robotics/Assets/piston_01
[LOG 18:58:02.116] Load MU model: SquadExpansion/Serenity/Parts/Robotics/Assets/piston_02
[LOG 18:58:02.117] Load MU model: SquadExpansion/Serenity/Parts/Robotics/Assets/piston_03
[LOG 18:58:02.117] Load MU model: SquadExpansion/Serenity/Parts/Robotics/Assets/piston_04
[LOG 18:58:02.117] Load MU model: SquadExpansion/Serenity/Parts/Robotics/Assets/RotorEngine_02
[LOG 18:58:02.118] Load MU model: SquadExpansion/Serenity/Parts/Robotics/Assets/RotorEngine_03
[LOG 18:58:02.119] Load MU model: SquadExpansion/Serenity/Parts/Robotics/Assets/rotor_01
[LOG 18:58:02.119] Load MU model: SquadExpansion/Serenity/Parts/Robotics/Assets/rotor_01s
[LOG 18:58:02.120] Load MU model: SquadExpansion/Serenity/Parts/Robotics/Assets/rotor_02
[LOG 18:58:02.121] Load MU model: SquadExpansion/Serenity/Parts/Robotics/Assets/rotor_02s
[LOG 18:58:02.122] Load MU model: SquadExpansion/Serenity/Parts/Robotics/Assets/rotor_03
[LOG 18:58:02.123] Load MU model: SquadExpansion/Serenity/Parts/Robotics/Assets/rotor_03s
[LOG 18:58:02.123] Load MU model: SquadExpansion/Serenity/Parts/Robotics/Assets/RotoServo_00
[LOG 18:58:02.124] Load MU model: SquadExpansion/Serenity/Parts/Robotics/Assets/RotoServo_02
[LOG 18:58:02.124] Load MU model: SquadExpansion/Serenity/Parts/Robotics/Assets/RotoServo_03
[LOG 18:58:02.124] Load MU model: SquadExpansion/Serenity/Parts/Robotics/Assets/RotoServo_04
[LOG 18:58:02.125] Load MU model: SquadExpansion/Serenity/Parts/Robotics/Controllers/controller1000
[LOG 18:58:02.125] Load MU model: SquadExpansion/Serenity/Parts/Science/RobotArmScanner/Assets/ROCArm_01
[LOG 18:58:02.127] Load MU model: SquadExpansion/Serenity/Parts/Science/RobotArmScanner/Assets/ROCArm_02
[LOG 18:58:02.128] Load MU model: SquadExpansion/Serenity/Parts/Science/RobotArmScanner/Assets/ROCArm_03
[LOG 18:58:02.131] Load MU model: SquadExpansion/Serenity/Parts/Structural/gripPads/Assets/lGripPad
[LOG 18:58:02.131] Load MU model: SquadExpansion/Serenity/Parts/Structural/gripPads/Assets/lGripStrip
[LOG 18:58:02.131] Load MU model: SquadExpansion/Serenity/Parts/Structural/gripPads/Assets/mGripPad
[LOG 18:58:02.132] Load MU model: SquadExpansion/Serenity/Parts/Structural/gripPads/Assets/sGripPad
[LOG 18:58:02.132] Load MU model: SquadExpansion/Serenity/Parts/Structural/gripPads/Assets/sGripStrip
[LOG 18:58:02.132] Loading Asset Bundle Definitions
[LOG 18:58:02.134] AssetLoader: Loading bundle definitions
[LOG 18:58:02.277] AssetLoader: Loaded bundle 'squadcore'
[LOG 18:58:02.278] AssetLoader: Loaded bundle 'squadcorefx'
[LOG 18:58:02.278] AssetLoader: Loaded mod bundle 'kspedia'
[LOG 18:58:02.279] AssetLoader: Loaded mod bundle 'kspedia_actionsets'
[LOG 18:58:02.279] AssetLoader: Loaded mod bundle 'kspedia_aircraft'
[LOG 18:58:02.280] AssetLoader: Loaded mod bundle 'kspedia_aircraftbasics'
[LOG 18:58:02.280] AssetLoader: Loaded mod bundle 'kspedia_aircraftbasicsbalance'
[LOG 18:58:02.280] AssetLoader: Loaded mod bundle 'kspedia_aircraftbasicsbalance2'
[LOG 18:58:02.281] AssetLoader: Loaded mod bundle 'kspedia_aircraftbasicscol'
[LOG 18:58:02.281] AssetLoader: Loaded mod bundle 'kspedia_aircraftbasicscontrol'
[LOG 18:58:02.281] AssetLoader: Loaded mod bundle 'kspedia_aircraftbasicscontrolsurfaces'
[LOG 18:58:02.282] AssetLoader: Loaded mod bundle 'kspedia_aircraftbasicsdrag'
[LOG 18:58:02.282] AssetLoader: Loaded mod bundle 'kspedia_aircraftbasicsengines'
[LOG 18:58:02.282] AssetLoader: Loaded mod bundle 'kspedia_aircraftbasicsforces'
[LOG 18:58:02.283] AssetLoader: Loaded mod bundle 'kspedia_aircraftbasicsintakes'
[LOG 18:58:02.283] AssetLoader: Loaded mod bundle 'kspedia_aircraftbasicslandinggear'
[LOG 18:58:02.283] AssetLoader: Loaded mod bundle 'kspedia_aircraftbasicslift'
[LOG 18:58:02.284] AssetLoader: Loaded mod bundle 'kspedia_axisgroups'
[LOG 18:58:02.284] AssetLoader: Loaded mod bundle 'kspedia_career'
[LOG 18:58:02.284] AssetLoader: Loaded mod bundle 'kspedia_careerbasicscontracts'
[LOG 18:58:02.284] AssetLoader: Loaded mod bundle 'kspedia_careerbasicscrew'
[LOG 18:58:02.285] AssetLoader: Loaded mod bundle 'kspedia_careerbasicscurrencies'
[LOG 18:58:02.285] AssetLoader: Loaded mod bundle 'kspedia_careerbasicsexperience'
[LOG 18:58:02.285] AssetLoader: Loaded mod bundle 'kspedia_careerbasicsfacilities'
[LOG 18:58:02.286] AssetLoader: Loaded mod bundle 'kspedia_careerbasicsstrategies'
[LOG 18:58:02.286] AssetLoader: Loaded mod bundle 'kspedia_careerbasicstechnology'
[LOG 18:58:02.286] AssetLoader: Loaded mod bundle 'kspedia_careerui-ac'
[LOG 18:58:02.286] AssetLoader: Loaded mod bundle 'kspedia_careerui-admin'
[LOG 18:58:02.287] AssetLoader: Loaded mod bundle 'kspedia_careerui-ksc'
[LOG 18:58:02.287] AssetLoader: Loaded mod bundle 'kspedia_careerui-mc'
[LOG 18:58:02.287] AssetLoader: Loaded mod bundle 'kspedia_careerui-sciencearchives'
[LOG 18:58:02.287] AssetLoader: Loaded mod bundle 'kspedia_careerui-techtree'
[LOG 18:58:02.288] AssetLoader: Loaded mod bundle 'kspedia_careerui-ts'
[LOG 18:58:02.288] AssetLoader: Loaded mod bundle 'kspedia_careerui'
[LOG 18:58:02.288] AssetLoader: Loaded mod bundle 'kspedia_cargoapp'
[LOG 18:58:02.289] AssetLoader: Loaded mod bundle 'kspedia_cargomode'
[LOG 18:58:02.289] AssetLoader: Loaded mod bundle 'kspedia_cargosystem-placeableparts'
[LOG 18:58:02.289] AssetLoader: Loaded mod bundle 'kspedia_cargosystem'
[LOG 18:58:02.290] AssetLoader: Loaded mod bundle 'kspedia_chute'
[LOG 18:58:02.290] AssetLoader: Loaded mod bundle 'kspedia_commnet'
[LOG 18:58:02.290] AssetLoader: Loaded mod bundle 'kspedia_commnetbasics'
[LOG 18:58:02.291] AssetLoader: Loaded mod bundle 'kspedia_commnetbuildingeffectivenetworks'
[LOG 18:58:02.291] AssetLoader: Loaded mod bundle 'kspedia_commnetcalculatingrange'
[LOG 18:58:02.291] AssetLoader: Loaded mod bundle 'kspedia_commnetcontrollevels'
[LOG 18:58:02.291] AssetLoader: Loaded mod bundle 'kspedia_commnetcontrollinks'
[LOG 18:58:02.291] AssetLoader: Loaded mod bundle 'kspedia_commnetcontrolpoints'
[LOG 18:58:02.292] AssetLoader: Loaded mod bundle 'kspedia_commnetgui'
[LOG 18:58:02.292] AssetLoader: Loaded mod bundle 'kspedia_commnetgui01'
[LOG 18:58:02.292] AssetLoader: Loaded mod bundle 'kspedia_commnetgui02'
[LOG 18:58:02.292] AssetLoader: Loaded mod bundle 'kspedia_commnetrange'
[LOG 18:58:02.293] AssetLoader: Loaded mod bundle 'kspedia_commnetrelays'
[LOG 18:58:02.293] AssetLoader: Loaded mod bundle 'kspedia_commnetsciencetransmission'
[LOG 18:58:02.293] AssetLoader: Loaded mod bundle 'kspedia_commnetsignalstrength'
[LOG 18:58:02.293] AssetLoader: Loaded mod bundle 'kspedia_commnettransmission'
[LOG 18:58:02.293] AssetLoader: Loaded mod bundle 'kspedia_constructionui-actiongroups'
[LOG 18:58:02.294] AssetLoader: Loaded mod bundle 'kspedia_constructionui-applauncher'
[LOG 18:58:02.294] AssetLoader: Loaded mod bundle 'kspedia_constructionui-crew'
[LOG 18:58:02.294] AssetLoader: Loaded mod bundle 'kspedia_constructionui-engineersreport'
[LOG 18:58:02.295] AssetLoader: Loaded mod bundle 'kspedia_constructionui-gizmos'
[LOG 18:58:02.295] AssetLoader: Loaded mod bundle 'kspedia_constructionui-infos'
[LOG 18:58:02.295] AssetLoader: Loaded mod bundle 'kspedia_constructionui-partdetails'
[LOG 18:58:02.295] AssetLoader: Loaded mod bundle 'kspedia_constructionui-parts'
[LOG 18:58:02.296] AssetLoader: Loaded mod bundle 'kspedia_constructionui-symmetry'
[LOG 18:58:02.296] AssetLoader: Loaded mod bundle 'kspedia_constructionui-vesseldetails'
[LOG 18:58:02.296] AssetLoader: Loaded mod bundle 'kspedia_constructionui'
[LOG 18:58:02.297] AssetLoader: Loaded mod bundle 'kspedia_controls-dockingmode'
[LOG 18:58:02.297] AssetLoader: Loaded mod bundle 'kspedia_controls-editor'
[LOG 18:58:02.297] AssetLoader: Loaded mod bundle 'kspedia_controls-editorgizmos'
[LOG 18:58:02.298] AssetLoader: Loaded mod bundle 'kspedia_controls-eva'
[LOG 18:58:02.298] AssetLoader: Loaded mod bundle 'kspedia_controls-flight'
[LOG 18:58:02.298] AssetLoader: Loaded mod bundle 'kspedia_controls-flightactivities'
[LOG 18:58:02.299] AssetLoader: Loaded mod bundle 'kspedia_controls-flightdirections'
[LOG 18:58:02.299] AssetLoader: Loaded mod bundle 'kspedia_controls-general'
[LOG 18:58:02.299] AssetLoader: Loaded mod bundle 'kspedia_controls-mapandtime'
[LOG 18:58:02.299] AssetLoader: Loaded mod bundle 'kspedia_controls-mouseconstruction'
[LOG 18:58:02.300] AssetLoader: Loaded mod bundle 'kspedia_controls-mouseflight'
[LOG 18:58:02.300] AssetLoader: Loaded mod bundle 'kspedia_controls-rcs'
[LOG 18:58:02.300] AssetLoader: Loaded mod bundle 'kspedia_controls'
[LOG 18:58:02.300] AssetLoader: Loaded mod bundle 'kspedia_eastereggs'
[LOG 18:58:02.301] AssetLoader: Loaded mod bundle 'kspedia_evaconstructionmode'
[LOG 18:58:02.301] AssetLoader: Loaded mod bundle 'kspedia_facilities-ac'
[LOG 18:58:02.301] AssetLoader: Loaded mod bundle 'kspedia_facilities-admin'
[LOG 18:58:02.302] AssetLoader: Loaded mod bundle 'kspedia_facilities-context'
[LOG 18:58:02.302] AssetLoader: Loaded mod bundle 'kspedia_facilities-ksc'
[LOG 18:58:02.302] AssetLoader: Loaded mod bundle 'kspedia_facilities-launchpad'
[LOG 18:58:02.302] AssetLoader: Loaded mod bundle 'kspedia_facilities-mc'
[LOG 18:58:02.303] AssetLoader: Loaded mod bundle 'kspedia_facilities-randd'
[LOG 18:58:02.303] AssetLoader: Loaded mod bundle 'kspedia_facilities-runway'
[LOG 18:58:02.303] AssetLoader: Loaded mod bundle 'kspedia_facilities-sph'
[LOG 18:58:02.303] AssetLoader: Loaded mod bundle 'kspedia_facilities-ts'
[LOG 18:58:02.304] AssetLoader: Loaded mod bundle 'kspedia_facilities-vab'
[LOG 18:58:02.304] AssetLoader: Loaded mod bundle 'kspedia_flightui-altimeter'
[LOG 18:58:02.304] AssetLoader: Loaded mod bundle 'kspedia_flightui-applauncher'
[LOG 18:58:02.305] AssetLoader: Loaded mod bundle 'kspedia_flightui-evaactivities'
[LOG 18:58:02.305] AssetLoader: Loaded mod bundle 'kspedia_flightui-maneuvermodeeditor'
[LOG 18:58:02.305] AssetLoader: Loaded mod bundle 'kspedia_flightui-maneuvermodeeditorcont'
[LOG 18:58:02.306] AssetLoader: Loaded mod bundle 'kspedia_flightui-maneuvermodeorbit'
[LOG 18:58:02.306] AssetLoader: Loaded mod bundle 'kspedia_flightui-maneuvertoolinfo'
[LOG 18:58:02.306] AssetLoader: Loaded mod bundle 'kspedia_flightui-maneuvertoolmain'
[LOG 18:58:02.307] AssetLoader: Loaded mod bundle 'kspedia_flightui-modecontrol'
[LOG 18:58:02.307] AssetLoader: Loaded mod bundle 'kspedia_flightui-navball'
[LOG 18:58:02.307] AssetLoader: Loaded mod bundle 'kspedia_flightui-partrepairs'
[LOG 18:58:02.307] AssetLoader: Loaded mod bundle 'kspedia_flightui-portraits'
[LOG 18:58:02.308] AssetLoader: Loaded mod bundle 'kspedia_flightui-staging'
[LOG 18:58:02.308] AssetLoader: Loaded mod bundle 'kspedia_flightui-timeandaction'
[LOG 18:58:02.308] AssetLoader: Loaded mod bundle 'kspedia_flightui'
[LOG 18:58:02.308] AssetLoader: Loaded mod bundle 'kspedia_heat'
[LOG 18:58:02.309] AssetLoader: Loaded mod bundle 'kspedia_heatactiveradiators'
[LOG 18:58:02.309] AssetLoader: Loaded mod bundle 'kspedia_heatengines'
[LOG 18:58:02.310] AssetLoader: Loaded mod bundle 'kspedia_heatflow'
[LOG 18:58:02.310] AssetLoader: Loaded mod bundle 'kspedia_heatpart'
[LOG 18:58:02.310] AssetLoader: Loaded mod bundle 'kspedia_heatpassiveradiators'
[LOG 18:58:02.311] AssetLoader: Loaded mod bundle 'kspedia_heatshields'
[LOG 18:58:02.311] AssetLoader: Loaded mod bundle 'kspedia_kerbnet'
[LOG 18:58:02.311] AssetLoader: Loaded mod bundle 'kspedia_kerbnetinterface'
[LOG 18:58:02.311] AssetLoader: Loaded mod bundle 'kspedia_kerbnetmodes'
[LOG 18:58:02.312] AssetLoader: Loaded mod bundle 'kspedia_kerbnetwaypoints'
[LOG 18:58:02.312] AssetLoader: Loaded mod bundle 'kspedia_locations'
[LOG 18:58:02.312] AssetLoader: Loaded mod bundle 'kspedia_manual'
[LOG 18:58:02.313] AssetLoader: Loaded mod bundle 'kspedia_mapui-alarmclockcreation'
[LOG 18:58:02.313] AssetLoader: Loaded mod bundle 'kspedia_mapui-alarmclockmain'
[LOG 18:58:02.313] AssetLoader: Loaded mod bundle 'kspedia_mapui-burnindicator'
[LOG 18:58:02.314] AssetLoader: Loaded mod bundle 'kspedia_mapui-dvtoolsflight'
[LOG 18:58:02.314] AssetLoader: Loaded mod bundle 'kspedia_mapui-dvtoolsvab'
[LOG 18:58:02.314] AssetLoader: Loaded mod bundle 'kspedia_mapui-mannodes'
[LOG 18:58:02.315] AssetLoader: Loaded mod bundle 'kspedia_mapui-orbitnodes'
[LOG 18:58:02.315] AssetLoader: Loaded mod bundle 'kspedia_mapui-orbitnodes2'
[LOG 18:58:02.315] AssetLoader: Loaded mod bundle 'kspedia_mapui'
[LOG 18:58:02.315] AssetLoader: Loaded mod bundle 'kspedia_orbitalbasics-atmosphere'
[LOG 18:58:02.316] AssetLoader: Loaded mod bundle 'kspedia_orbitalbasics-gettingbackdown'
[LOG 18:58:02.316] AssetLoader: Loaded mod bundle 'kspedia_orbitalbasics-gettingupthere'
[LOG 18:58:02.316] AssetLoader: Loaded mod bundle 'kspedia_orbitalbasics-gravityturn'
[LOG 18:58:02.317] AssetLoader: Loaded mod bundle 'kspedia_orbitalbasics-orbits'
[LOG 18:58:02.317] AssetLoader: Loaded mod bundle 'kspedia_orbitalbasics-stayingupthere'
[LOG 18:58:02.317] AssetLoader: Loaded mod bundle 'kspedia_orbitalbasics'
[LOG 18:58:02.317] AssetLoader: Loaded mod bundle 'kspedia_orbitaldefinitions-appe'
[LOG 18:58:02.318] AssetLoader: Loaded mod bundle 'kspedia_orbitaldefinitions-dirandinc'
[LOG 18:58:02.318] AssetLoader: Loaded mod bundle 'kspedia_orbitaldefinitions-directions'
[LOG 18:58:02.318] AssetLoader: Loaded mod bundle 'kspedia_orbitaldefinitions-eccentricity'
[LOG 18:58:02.318] AssetLoader: Loaded mod bundle 'kspedia_orbitaldefinitions'
[LOG 18:58:02.319] AssetLoader: Loaded mod bundle 'kspedia_orbitalmaneuvers-adjustinginclination'
[LOG 18:58:02.319] AssetLoader: Loaded mod bundle 'kspedia_orbitalmaneuvers-deltav'
[LOG 18:58:02.319] AssetLoader: Loaded mod bundle 'kspedia_orbitalmaneuvers-efficiency'
[LOG 18:58:02.320] AssetLoader: Loaded mod bundle 'kspedia_orbitalmaneuvers-hohmanntransfer'
[LOG 18:58:02.320] AssetLoader: Loaded mod bundle 'kspedia_orbitalmaneuvers-hohmanntransfer2'
[LOG 18:58:02.320] AssetLoader: Loaded mod bundle 'kspedia_orbitalmaneuvers-orbittypes'
[LOG 18:58:02.320] AssetLoader: Loaded mod bundle 'kspedia_orbitalmaneuvers-radandantirad'
[LOG 18:58:02.321] AssetLoader: Loaded mod bundle 'kspedia_orbitalmaneuvers-shapingup'
[LOG 18:58:02.321] AssetLoader: Loaded mod bundle 'kspedia_orbitalmaneuvers'
[LOG 18:58:02.321] AssetLoader: Loaded mod bundle 'kspedia_planets-dres'
[LOG 18:58:02.322] AssetLoader: Loaded mod bundle 'kspedia_planets-duna'
[LOG 18:58:02.322] AssetLoader: Loaded mod bundle 'kspedia_planets-eeloo'
[LOG 18:58:02.322] AssetLoader: Loaded mod bundle 'kspedia_planets-eve'
[LOG 18:58:02.322] AssetLoader: Loaded mod bundle 'kspedia_planets-jool'
[LOG 18:58:02.323] AssetLoader: Loaded mod bundle 'kspedia_planets-kerbin'
[LOG 18:58:02.323] AssetLoader: Loaded mod bundle 'kspedia_planets-moho'
[LOG 18:58:02.323] AssetLoader: Loaded mod bundle 'kspedia_planets-sun'
[LOG 18:58:02.324] AssetLoader: Loaded mod bundle 'kspedia_planets-system'
[LOG 18:58:02.328] AssetLoader: Loaded mod bundle 'kspedia_resources-asteroidmining'
[LOG 18:58:02.328] AssetLoader: Loaded mod bundle 'kspedia_resources-conversionmanagement'
[LOG 18:58:02.329] AssetLoader: Loaded mod bundle 'kspedia_resources-drilling'
[LOG 18:58:02.329] AssetLoader: Loaded mod bundle 'kspedia_resources-findingit'
[LOG 18:58:02.329] AssetLoader: Loaded mod bundle 'kspedia_resources-findingit2'
[LOG 18:58:02.330] AssetLoader: Loaded mod bundle 'kspedia_resources-storageandconversion'
[LOG 18:58:02.330] AssetLoader: Loaded mod bundle 'kspedia_resources'
[LOG 18:58:02.330] AssetLoader: Loaded mod bundle 'kspedia_rocketry'
[LOG 18:58:02.331] AssetLoader: Loaded mod bundle 'kspedia_rocketryadvanced-fairings'
[LOG 18:58:02.331] AssetLoader: Loaded mod bundle 'kspedia_rocketryadvanced-girders'
[LOG 18:58:02.331] AssetLoader: Loaded mod bundle 'kspedia_rocketryadvanced'
[LOG 18:58:02.331] AssetLoader: Loaded mod bundle 'kspedia_rocketrybasics'
[LOG 18:58:02.332] AssetLoader: Loaded mod bundle 'kspedia_rocketrybasicsaero'
[LOG 18:58:02.332] AssetLoader: Loaded mod bundle 'kspedia_rocketrybasicscentered'
[LOG 18:58:02.332] AssetLoader: Loaded mod bundle 'kspedia_rocketrybasicschutes'
[LOG 18:58:02.333] AssetLoader: Loaded mod bundle 'kspedia_rocketrybasicscontrol'
[LOG 18:58:02.333] AssetLoader: Loaded mod bundle 'kspedia_rocketrybasicsecrecharging'
[LOG 18:58:02.333] AssetLoader: Loaded mod bundle 'kspedia_rocketrybasicsengines'
[LOG 18:58:02.333] AssetLoader: Loaded mod bundle 'kspedia_rocketrybasicsforces'
[LOG 18:58:02.334] AssetLoader: Loaded mod bundle 'kspedia_rocketrybasicshatchesandladders'
[LOG 18:58:02.334] AssetLoader: Loaded mod bundle 'kspedia_rocketrybasicshibernation'
[LOG 18:58:02.334] AssetLoader: Loaded mod bundle 'kspedia_rocketrybasicsresources'
[LOG 18:58:02.335] AssetLoader: Loaded mod bundle 'kspedia_rocketrybasicsservicecontainers'
[LOG 18:58:02.335] AssetLoader: Loaded mod bundle 'kspedia_rocketrybasicsstability'
[LOG 18:58:02.335] AssetLoader: Loaded mod bundle 'kspedia_rocketrybasicsstabilityassist'
[LOG 18:58:02.335] AssetLoader: Loaded mod bundle 'kspedia_rocketrybasicsstaging'
[LOG 18:58:02.336] AssetLoader: Loaded mod bundle 'kspedia_rocketrybasicssymmetry'
[LOG 18:58:02.336] AssetLoader: Loaded mod bundle 'kspedia_science'
[LOG 18:58:02.336] AssetLoader: Loaded mod bundle 'kspedia_sciencedata'
[LOG 18:58:02.337] AssetLoader: Loaded mod bundle 'kspedia_scienceexperiments'
[LOG 18:58:02.337] AssetLoader: Loaded mod bundle 'kspedia_sciencelab'
[LOG 18:58:02.338] AssetLoader: Loaded mod bundle 'kspedia_sciencetransmitted'
[LOG 18:58:02.338] AssetLoader: Loaded mod bundle 'kspedia_spacetravel'
[LOG 18:58:02.338] AssetLoader: Loaded mod bundle 'kspedia_variantswitcher'
[LOG 18:58:02.338] AssetLoader: Loaded mod bundle 'kspfonts'
[LOG 18:58:02.480] AssetLoader: Loaded bundle 'squadcore'
[LOG 18:58:02.480] AssetLoader: Loaded bundle 'squadcorefx'
[LOG 18:58:02.481] AssetLoader: Loaded mod bundle 'kspedia_builder'
[LOG 18:58:02.481] AssetLoader: Loaded mod bundle 'kspedia_buildertoolbar'
[LOG 18:58:02.481] AssetLoader: Loaded mod bundle 'kspedia_canvas'
[LOG 18:58:02.482] AssetLoader: Loaded mod bundle 'kspedia_exportingvalidation'
[LOG 18:58:02.482] AssetLoader: Loaded mod bundle 'kspedia_flight'
[LOG 18:58:02.482] AssetLoader: Loaded mod bundle 'kspedia_flightapp'
[LOG 18:58:02.483] AssetLoader: Loaded mod bundle 'kspedia_gap'
[LOG 18:58:02.483] AssetLoader: Loaded mod bundle 'kspedia_gaptools'
[LOG 18:58:02.483] AssetLoader: Loaded mod bundle 'kspedia_makinghistory'
[LOG 18:58:02.483] AssetLoader: Loaded mod bundle 'kspedia_missionbriefing'
[LOG 18:58:02.484] AssetLoader: Loaded mod bundle 'kspedia_nodedocking'
[LOG 18:58:02.484] AssetLoader: Loaded mod bundle 'kspedia_nodesconnectors'
[LOG 18:58:02.484] AssetLoader: Loaded mod bundle 'kspedia_sap'
[LOG 18:58:02.485] AssetLoader: Loaded mod bundle 'kspedia_sidebar'
[LOG 18:58:02.485] AssetLoader: Loaded mod bundle 'kspedia_testingcheckpoints'
[LOG 18:58:02.485] AssetLoader: Loaded bundle 'makinghistory'
[LOG 18:58:02.485] AssetLoader: Loaded mod bundle 'kspedia_bladecyclic-collective-behaviour'
[LOG 18:58:02.486] AssetLoader: Loaded mod bundle 'kspedia_bladecyclic-collective-controls'
[LOG 18:58:02.486] AssetLoader: Loaded mod bundle 'kspedia_deployedscience-experiments'
[LOG 18:58:02.486] AssetLoader: Loaded mod bundle 'kspedia_deployedscience'
[LOG 18:58:02.486] AssetLoader: Loaded mod bundle 'kspedia_grippads'
[LOG 18:58:02.487] AssetLoader: Loaded mod bundle 'kspedia_layindtracks'
[LOG 18:58:02.487] AssetLoader: Loaded mod bundle 'kspedia_propellers'
[LOG 18:58:02.487] AssetLoader: Loaded mod bundle 'kspedia_propellersaerodynamics'
[LOG 18:58:02.488] AssetLoader: Loaded mod bundle 'kspedia_roboticcontroller'
[LOG 18:58:02.488] AssetLoader: Loaded mod bundle 'kspedia_roboticparts'
[LOG 18:58:02.489] AssetLoader: Loaded mod bundle 'kspedia_surface features-overview'
[LOG 18:58:02.489] AssetLoader: Loaded mod bundle 'kspedia_surface features-roverarmdetails'
[LOG 18:58:02.490] AssetLoader: Loaded mod bundle 'kspedia_trackeditor'
[LOG 18:58:02.490] AssetLoader: Loaded mod bundle 'kspedia_trackeditortoolbar'
[LOG 18:58:02.491] AssetLoader: Loaded mod bundle 'serenity'
[LOG 18:58:02.492] AssetLoader: Finished loading. 226 bundle definitions loaded.
[LOG 18:58:02.492] Compiling Configs:
[LOG 18:58:02.493] Config(DRAG_TIP) /Physics/DRAG_TIP
[LOG 18:58:02.493] Config(DRAG_SURFACE) /Physics/DRAG_SURFACE
[LOG 18:58:02.493] Config(DRAG_TAIL) /Physics/DRAG_TAIL
[LOG 18:58:02.493] Config(DRAG_MULTIPLIER) /Physics/DRAG_MULTIPLIER
[LOG 18:58:02.493] Config(DRAG_CD) /Physics/DRAG_CD
[LOG 18:58:02.493] Config(DRAG_CD_POWER) /Physics/DRAG_CD_POWER
[LOG 18:58:02.493] Config(DRAG_PSEUDOREYNOLDS) /Physics/DRAG_PSEUDOREYNOLDS
[LOG 18:58:02.493] Config(LIFTING_SURFACE_CURVES) /Physics/LIFTING_SURFACE_CURVES
[LOG 18:58:02.493] Config(VesselRanges) /Physics/VesselRanges
[LOG 18:58:02.493] Config(KSP_COMMUNITY_FIXES) KSPCommunityFixes/Settings/KSP_COMMUNITY_FIXES
[LOG 18:58:02.493] Config(Localization) KSPCommunityFixes/Localization/en-us/Localization
[LOG 18:58:02.493] Config(Localization) KSPCommunityFixes/Localization/fr-fr/Localization
[LOG 18:58:02.493] Config(Localization) KSPCommunityFixes/Localization/ru/Localization
[LOG 18:58:02.493] Config(Localization) KSPCommunityFixes/Localization/zh-cn/Localization
[LOG 18:58:02.493] Config(@PART[*]:HAS[@MODULE[ModuleDockingNodeFixed]]:NEEDS[FixDockingNodes]:FINAL) KSPCommunityFixes/MMPatches/ModSupport/FixDockingNodes/@PART[*]:HAS[@MODULE[ModuleDockingNodeFixed]]:NEEDS[FixDockingNodes]:FINAL
[LOG 18:58:02.493] Config(@PART[*]:HAS[@MODULE[Refunding]]:LAST[999_KSP-Recall]) KSPCommunityFixes/MMPatches/ModSupport/KSPRecall/@PART[*]:HAS[@MODULE[Refunding]]:LAST[999_KSP-Recall]
[LOG 18:58:02.494] Config(@PART[*]:HAS[#hasRefundingOnRecovery[?rue]]:LAST[999_KSP-Recall]) KSPCommunityFixes/MMPatches/ModSupport/KSPRecall/@PART[*]:HAS[#hasRefundingOnRecovery[?rue]]:LAST[999_KSP-Recall]
[LOG 18:58:02.494] Config(@PART[*]:HAS[#hasRefundingOnRecovery]:LAST[999_KSP-Recall]) KSPCommunityFixes/MMPatches/ModSupport/KSPRecall/@PART[*]:HAS[#hasRefundingOnRecovery]:LAST[999_KSP-Recall]
[LOG 18:58:02.494] Config(@KSP-Recall:LAST[999_KSP-Recall]) KSPCommunityFixes/MMPatches/ModSupport/KSPRecall/@KSP-Recall:LAST[999_KSP-Recall]
[LOG 18:58:02.494] Config(@KSP-Recall:HAS[#hasRefundingOnRecovery[?rue]]:LAST[999_KSP-Recall]) KSPCommunityFixes/MMPatches/ModSupport/KSPRecall/@KSP-Recall:HAS[#hasRefundingOnRecovery[?rue]]:LAST[999_KSP-Recall]
[LOG 18:58:02.494] Config(@KSP-Recall:HAS[#hasRefundingOnRecovery]:LAST[999_KSP-Recall]) KSPCommunityFixes/MMPatches/ModSupport/KSPRecall/@KSP-Recall:HAS[#hasRefundingOnRecovery]:LAST[999_KSP-Recall]
[LOG 18:58:02.494] Config(@KSP_COMMUNITY_FIXES:NEEDS[AttachedOnEditor]) KSPCommunityFixes/MMPatches/ModSupport/KSPRecall/@KSP_COMMUNITY_FIXES:NEEDS[AttachedOnEditor]
[LOG 18:58:02.494] Config(@KSP_COMMUNITY_FIXES:NEEDS[UniversalStorage2]) KSPCommunityFixes/MMPatches/ModSupport/UniversalStorage/@KSP_COMMUNITY_FIXES:NEEDS[UniversalStorage2]
[LOG 18:58:02.494] Config(@PART[telescopicLadderBay]:FIRST) KSPCommunityFixes/MMPatches/StockTweaks/LadderToggleableLight/@PART[telescopicLadderBay]:FIRST
[LOG 18:58:02.494] Config(@PART[telescopicLadderBay]:HAS[#LadderToggleableLight[?rue]]:FIRST) KSPCommunityFixes/MMPatches/StockTweaks/LadderToggleableLight/@PART[telescopicLadderBay]:HAS[#LadderToggleableLight[?rue]]:FIRST
[LOG 18:58:02.494] Config(@PART[telescopicLadderBay]:HAS[#LadderToggleableLight]:FIRST) KSPCommunityFixes/MMPatches/StockTweaks/LadderToggleableLight/@PART[telescopicLadderBay]:HAS[#LadderToggleableLight]:FIRST
[LOG 18:58:02.494] Config(@PART[GearSmall]:FIRST) KSPCommunityFixes/MMPatches/StockTweaks/LandingGearLights/@PART[GearSmall]:FIRST
[LOG 18:58:02.494] Config(@PART[SmallGearBay]:FIRST) KSPCommunityFixes/MMPatches/StockTweaks/LandingGearLights/@PART[SmallGearBay]:FIRST
[LOG 18:58:02.494] Config(@PART[sasModule]:FOR[KSPCommunityFixes]) KSPCommunityFixes/MMPatches/StockTweaks/ManufacturerFixes/@PART[sasModule]:FOR[KSPCommunityFixes]
[LOG 18:58:02.494] Config(@PART[xenonTankRadial]:FOR[KSPCommunityFixes]) KSPCommunityFixes/MMPatches/StockTweaks/ManufacturerFixes/@PART[xenonTankRadial]:FOR[KSPCommunityFixes]
[LOG 18:58:02.494] Config(@PART[winglet|fireworksLauncherSmall|fireworksLauncherBig]:FOR[KSPCommunityFixes]) KSPCommunityFixes/MMPatches/StockTweaks/ManufacturerFixes/@PART[winglet|fireworksLauncherSmall|fireworksLauncherBig]:FOR[KSPCommunityFixes]
[LOG 18:58:02.494] Config(@PART[solidBooster_sm_v2|solidBooster_v2]:FOR[KSPCommunityFixes]) KSPCommunityFixes/MMPatches/StockTweaks/ManufacturerFixes/@PART[solidBooster_sm_v2|solidBooster_v2]:FOR[KSPCommunityFixes]
[LOG 18:58:02.494] Config(@PART[ServiceBay_125_v2|ServiceBay_250_v2]:FOR[KSPCommunityFixes]) KSPCommunityFixes/MMPatches/StockTweaks/ManufacturerFixes/@PART[ServiceBay_125_v2|ServiceBay_250_v2]:FOR[KSPCommunityFixes]
[LOG 18:58:02.494] Config(@PART[externalTankCapsule]:FOR[KSPCommunityFixes]) KSPCommunityFixes/MMPatches/StockTweaks/ManufacturerFixes/@PART[externalTankCapsule]:FOR[KSPCommunityFixes]
[LOG 18:58:02.494] Config(@PART[RCSFuelTank|rcsTankMini|RCSTank1-2]:FOR[KSPCommunityFixes]) KSPCommunityFixes/MMPatches/StockTweaks/ManufacturerFixes/@PART[RCSFuelTank|rcsTankMini|RCSTank1-2]:FOR[KSPCommunityFixes]
[LOG 18:58:02.494] Config(@PART[landerCabinSmall]:FOR[KSPCommunityFixes]) KSPCommunityFixes/MMPatches/StockTweaks/ManufacturerFixes/@PART[landerCabinSmall]:FOR[KSPCommunityFixes]
[LOG 18:58:02.494] Config(@PART[dockingPortLateral]:FOR[KSPCommunityFixes]) KSPCommunityFixes/MMPatches/StockTweaks/ManufacturerFixes/@PART[dockingPortLateral]:FOR[KSPCommunityFixes]
[LOG 18:58:02.494] Config(@PART[EnginePlate4]:FOR[KSPCommunityFixes]:NEEDS[SquadExpansion/MakingHistory]) KSPCommunityFixes/MMPatches/StockTweaks/ManufacturerFixes/@PART[EnginePlate4]:FOR[KSPCommunityFixes]:NEEDS[SquadExpansion/MakingHistory]
[LOG 18:58:02.494] Config(@PART[Mk2Pod]:FOR[KSPCommunityFixes]:NEEDS[SquadExpansion/MakingHistory]) KSPCommunityFixes/MMPatches/StockTweaks/ManufacturerFixes/@PART[Mk2Pod]:FOR[KSPCommunityFixes]:NEEDS[SquadExpansion/MakingHistory]
[LOG 18:58:02.494] Config(@PART[evaChute|parachuteSingle|parachuteRadial|radialDrogue|parachuteLarge|parachuteDrogue]:FOR[KSPCommunityFixes]) KSPCommunityFixes/MMPatches/StockTweaks/ManufacturerFixes/@PART[evaChute|parachuteSingle|parachuteRadial|radialDrogue|parachuteLarge|parachuteDrogue]:FOR[KSPCommunityFixes]
[LOG 18:58:02.494] Config(@PART[stackPoint1|dockingPort1|dockingPort2|dockingPort3|dockingPortLarge]:FOR[KSPCommunityFixes]) KSPCommunityFixes/MMPatches/StockTweaks/ManufacturerFixes/@PART[stackPoint1|dockingPort1|dockingPort2|dockingPort3|dockingPortLarge]:FOR[KSPCommunityFixes]
[LOG 18:58:02.494] Config(AGENT) KSPCommunityFixes/MMPatches/StockTweaks/ManufacturerFixes/Clamp-O-Tron
[LOG 18:58:02.495] Config(AGENT) KSPCommunityFixes/MMPatches/StockTweaks/ManufacturerFixes/FreeFall Parachutes
[LOG 18:58:02.495] Config(AGENT) KSPCommunityFixes/MMPatches/StockTweaks/ManufacturerFixes/LightYear Tire Company
[LOG 18:58:02.495] Config(AGENT) KSPCommunityFixes/MMPatches/StockTweaks/ManufacturerFixes/Stratus Corporation
[LOG 18:58:02.495] Config(Localization) KSPCommunityFixes/MMPatches/StockTweaks/ManufacturerFixes/Localization
[LOG 18:58:02.495] Config(AGENT) Squad/Agencies/Agents/C7 Aerospace Division
[LOG 18:58:02.495] Config(AGENT) Squad/Agencies/Agents/Dinkelstein Kerman's Construction Emporium
[LOG 18:58:02.495] Config(AGENT) Squad/Agencies/Agents/Experimental Engineering Group
[LOG 18:58:02.495] Config(AGENT) Squad/Agencies/Agents/FLOOYD Dynamics Research Labs
[LOG 18:58:02.495] Config(AGENT) Squad/Agencies/Agents/Goliath National Products
[LOG 18:58:02.495] Config(AGENT) Squad/Agencies/Agents/Integrated Integrals
[LOG 18:58:02.495] Config(AGENT) Squad/Agencies/Agents/Ionic Symphonic Protonic Electronics
[LOG 18:58:02.495] Config(AGENT) Squad/Agencies/Agents/Jebediah Kerman's Junkyard and Spacecraft Parts Co
[LOG 18:58:02.495] Config(AGENT) Squad/Agencies/Agents/Kerbal Motion LLC
[LOG 18:58:02.495] Config(AGENT) Squad/Agencies/Agents/Kerbin World-Firsts Record-Keeping Society
[LOG 18:58:02.495] Config(AGENT) Squad/Agencies/Agents/Kerbodyne
[LOG 18:58:02.495] Config(AGENT) Squad/Agencies/Agents/Kerlington Model Rockets and Paper Products Inc
[LOG 18:58:02.495] Config(AGENT) Squad/Agencies/Agents/Maxo Construction Toys
[LOG 18:58:02.495] Config(AGENT) Squad/Agencies/Agents/Moving Parts Experts Group
[LOG 18:58:02.495] Config(AGENT) Squad/Agencies/Agents/O.M.B. Demolition Enterprises
[LOG 18:58:02.495] Config(AGENT) Squad/Agencies/Agents/Periapsis Rocket Supplies Co
[LOG 18:58:02.495] Config(AGENT) Squad/Agencies/Agents/Probodobodyne Inc
[LOG 18:58:02.495] Config(AGENT) Squad/Agencies/Agents/Research & Development Department
[LOG 18:58:02.495] Config(AGENT) Squad/Agencies/Agents/Reaction Systems Ltd
[LOG 18:58:02.495] Config(AGENT) Squad/Agencies/Agents/Rockomax Conglomerate
[LOG 18:58:02.495] Config(AGENT) Squad/Agencies/Agents/Rokea Inc
[LOG 18:58:02.495] Config(AGENT) Squad/Agencies/Agents/Sean's Cannery
[LOG 18:58:02.495] Config(AGENT) Squad/Agencies/Agents/STEADLER Engineering Corps
[LOG 18:58:02.495] Config(AGENT) Squad/Agencies/Agents/StrutCo
[LOG 18:58:02.495] Config(AGENT) Squad/Agencies/Agents/Vac-Co Advanced Suction Systems
[LOG 18:58:02.496] Config(AGENT) Squad/Agencies/Agents/WinterOwl Aircraft Emporium
[LOG 18:58:02.496] Config(AGENT) Squad/Agencies/Agents/Zaltonic Electronics
[LOG 18:58:02.496] Config(CONTRACT_CONSTRUCTION_PARTS) Squad/Contracts/constructionContractParts/CONTRACT_CONSTRUCTION_PARTS
[LOG 18:58:02.496] Config(Contracts) Squad/Contracts/Contracts/Contracts
[LOG 18:58:02.496] Config(CONTRACTCRAFT) Squad/Contracts/PrebuiltCraft/prebuiltData/CONTRACTCRAFT
[LOG 18:58:02.496] Config(CONTRACTCRAFT) Squad/Contracts/PrebuiltCraft/OrbitalConstructionContract/orbitalConstructionContractCraft/CONTRACTCRAFT
[LOG 18:58:02.496] Config(CONTRACTCRAFT) Squad/Contracts/PrebuiltCraft/RepairContract/repairContractCraft/CONTRACTCRAFT
[LOG 18:58:02.496] Config(CONTRACTCRAFT) Squad/Contracts/PrebuiltCraft/RoverContract/roverContractCraft/CONTRACTCRAFT
[LOG 18:58:02.496] Config(KEYBOARD_LAYOUT) Squad/Controls/Azerty/#autoLOC_6001233
[LOG 18:58:02.496] Config(PITCH_DOWN) Squad/Controls/Azerty/PITCH_DOWN
[LOG 18:58:02.496] Config(PITCH_UP) Squad/Controls/Azerty/PITCH_UP
[LOG 18:58:02.496] Config(YAW_LEFT) Squad/Controls/Azerty/YAW_LEFT
[LOG 18:58:02.496] Config(YAW_RIGHT) Squad/Controls/Azerty/YAW_RIGHT
[LOG 18:58:02.496] Config(ROLL_LEFT) Squad/Controls/Azerty/ROLL_LEFT
[LOG 18:58:02.496] Config(ROLL_RIGHT) Squad/Controls/Azerty/ROLL_RIGHT
[LOG 18:58:02.496] Config(THROTTLE_UP) Squad/Controls/Azerty/THROTTLE_UP
[LOG 18:58:02.496] Config(THROTTLE_DOWN) Squad/Controls/Azerty/THROTTLE_DOWN
[LOG 18:58:02.496] Config(SAS_HOLD) Squad/Controls/Azerty/SAS_HOLD
[LOG 18:58:02.496] Config(SAS_TOGGLE) Squad/Controls/Azerty/SAS_TOGGLE
[LOG 18:58:02.496] Config(LAUNCH_STAGES) Squad/Controls/Azerty/LAUNCH_STAGES
[LOG 18:58:02.496] Config(Docking_toggleRotLin) Squad/Controls/Azerty/Docking_toggleRotLin
[LOG 18:58:02.496] Config(CAMERA_MODE) Squad/Controls/Azerty/CAMERA_MODE
[LOG 18:58:02.496] Config(CAMERA_NEXT) Squad/Controls/Azerty/CAMERA_NEXT
[LOG 18:58:02.496] Config(PAUSE) Squad/Controls/Azerty/PAUSE
[LOG 18:58:02.496] Config(PRECISION_CTRL) Squad/Controls/Azerty/PRECISION_CTRL
[LOG 18:58:02.496] Config(ZOOM_IN) Squad/Controls/Azerty/ZOOM_IN
[LOG 18:58:02.496] Config(ZOOM_OUT) Squad/Controls/Azerty/ZOOM_OUT
[LOG 18:58:02.497] Config(SCROLL_VIEW_UP) Squad/Controls/Azerty/SCROLL_VIEW_UP
[LOG 18:58:02.497] Config(SCROLL_VIEW_DOWN) Squad/Controls/Azerty/SCROLL_VIEW_DOWN
[LOG 18:58:02.497] Config(SCROLL_ICONS_UP) Squad/Controls/Azerty/SCROLL_ICONS_UP
[LOG 18:58:02.497] Config(SCROLL_ICONS_DOWN) Squad/Controls/Azerty/SCROLL_ICONS_DOWN
[LOG 18:58:02.497] Config(CAMERA_ORBIT_UP) Squad/Controls/Azerty/CAMERA_ORBIT_UP
[LOG 18:58:02.497] Config(CAMERA_ORBIT_DOWN) Squad/Controls/Azerty/CAMERA_ORBIT_DOWN
[LOG 18:58:02.497] Config(CAMERA_ORBIT_LEFT) Squad/Controls/Azerty/CAMERA_ORBIT_LEFT
[LOG 18:58:02.497] Config(CAMERA_ORBIT_RIGHT) Squad/Controls/Azerty/CAMERA_ORBIT_RIGHT
[LOG 18:58:02.497] Config(CAMERA_RESET) Squad/Controls/Azerty/CAMERA_RESET
[LOG 18:58:02.497] Config(CAMERA_MOUSE_TOGGLE) Squad/Controls/Azerty/CAMERA_MOUSE_TOGGLE
[LOG 18:58:02.497] Config(TIME_WARP_INCREASE) Squad/Controls/Azerty/TIME_WARP_INCREASE
[LOG 18:58:02.497] Config(TIME_WARP_DECREASE) Squad/Controls/Azerty/TIME_WARP_DECREASE
[LOG 18:58:02.497] Config(TIME_WARP_STOP) Squad/Controls/Azerty/TIME_WARP_STOP
[LOG 18:58:02.497] Config(MAP_VIEW_TOGGLE) Squad/Controls/Azerty/MAP_VIEW_TOGGLE
[LOG 18:58:02.497] Config(NAVBALL_TOGGLE) Squad/Controls/Azerty/NAVBALL_TOGGLE
[LOG 18:58:02.497] Config(UIMODE_STAGING) Squad/Controls/Azerty/UIMODE_STAGING
[LOG 18:58:02.497] Config(UIMODE_DOCKING) Squad/Controls/Azerty/UIMODE_DOCKING
[LOG 18:58:02.497] Config(TRANSLATE_DOWN) Squad/Controls/Azerty/TRANSLATE_DOWN
[LOG 18:58:02.497] Config(TRANSLATE_UP) Squad/Controls/Azerty/TRANSLATE_UP
[LOG 18:58:02.497] Config(TRANSLATE_LEFT) Squad/Controls/Azerty/TRANSLATE_LEFT
[LOG 18:58:02.497] Config(TRANSLATE_RIGHT) Squad/Controls/Azerty/TRANSLATE_RIGHT
[LOG 18:58:02.497] Config(TRANSLATE_FWD) Squad/Controls/Azerty/TRANSLATE_FWD
[LOG 18:58:02.497] Config(TRANSLATE_BACK) Squad/Controls/Azerty/TRANSLATE_BACK
[LOG 18:58:02.497] Config(RCS_TOGGLE) Squad/Controls/Azerty/RCS_TOGGLE
[LOG 18:58:02.498] Config(FOCUS_NEXT_VESSEL) Squad/Controls/Azerty/FOCUS_NEXT_VESSEL
[LOG 18:58:02.498] Config(FOCUS_PREV_VESSEL) Squad/Controls/Azerty/FOCUS_PREV_VESSEL
[LOG 18:58:02.498] Config(TOGGLE_UI) Squad/Controls/Azerty/TOGGLE_UI
[LOG 18:58:02.498] Config(TOGGLE_STATUS_SCREEN) Squad/Controls/Azerty/TOGGLE_STATUS_SCREEN
[LOG 18:58:02.498] Config(TAKE_SCREENSHOT) Squad/Controls/Azerty/TAKE_SCREENSHOT
[LOG 18:58:02.498] Config(TOGGLE_LABELS) Squad/Controls/Azerty/TOGGLE_LABELS
[LOG 18:58:02.498] Config(TOGGLE_TEMP_GAUGES) Squad/Controls/Azerty/TOGGLE_TEMP_GAUGES
[LOG 18:58:02.498] Config(TOGGLE_TEMP_OVERLAY) Squad/Controls/Azerty/TOGGLE_TEMP_OVERLAY
[LOG 18:58:02.498] Config(TOGGLE_FLIGHT_FORCES) Squad/Controls/Azerty/TOGGLE_FLIGHT_FORCES
[LOG 18:58:02.498] Config(QUICKSAVE) Squad/Controls/Azerty/QUICKSAVE
[LOG 18:58:02.498] Config(QUICKLOAD) Squad/Controls/Azerty/QUICKLOAD
[LOG 18:58:02.498] Config(THROTTLE_CUTOFF) Squad/Controls/Azerty/THROTTLE_CUTOFF
[LOG 18:58:02.498] Config(THROTTLE_FULL) Squad/Controls/Azerty/THROTTLE_FULL
[LOG 18:58:02.498] Config(LANDING_GEAR) Squad/Controls/Azerty/LANDING_GEAR
[LOG 18:58:02.498] Config(HEADLIGHT_TOGGLE) Squad/Controls/Azerty/HEADLIGHT_TOGGLE
[LOG 18:58:02.498] Config(BRAKES) Squad/Controls/Azerty/BRAKES
[LOG 18:58:02.498] Config(TOGGLE_SPACENAV_FLIGHT_CONTROL) Squad/Controls/Azerty/TOGGLE_SPACENAV_FLIGHT_CONTROL
[LOG 18:58:02.498] Config(TOGGLE_SPACENAV_ROLL_LOCK) Squad/Controls/Azerty/TOGGLE_SPACENAV_ROLL_LOCK
[LOG 18:58:02.498] Config(WHEEL_STEER_LEFT) Squad/Controls/Azerty/WHEEL_STEER_LEFT
[LOG 18:58:02.498] Config(WHEEL_STEER_RIGHT) Squad/Controls/Azerty/WHEEL_STEER_RIGHT
[LOG 18:58:02.498] Config(WHEEL_THROTTLE_DOWN) Squad/Controls/Azerty/WHEEL_THROTTLE_DOWN
[LOG 18:58:02.498] Config(WHEEL_THROTTLE_UP) Squad/Controls/Azerty/WHEEL_THROTTLE_UP
[LOG 18:58:02.499] Config(EVA_forward) Squad/Controls/Azerty/EVA_forward
[LOG 18:58:02.499] Config(EVA_back) Squad/Controls/Azerty/EVA_back
[LOG 18:58:02.499] Config(EVA_left) Squad/Controls/Azerty/EVA_left
[LOG 18:58:02.499] Config(EVA_right) Squad/Controls/Azerty/EVA_right
[LOG 18:58:02.499] Config(EVA_yaw_left) Squad/Controls/Azerty/EVA_yaw_left
[LOG 18:58:02.499] Config(EVA_yaw_right) Squad/Controls/Azerty/EVA_yaw_right
[LOG 18:58:02.499] Config(EVA_Pack_forward) Squad/Controls/Azerty/EVA_Pack_forward
[LOG 18:58:02.499] Config(EVA_Pack_back) Squad/Controls/Azerty/EVA_Pack_back
[LOG 18:58:02.499] Config(EVA_Pack_left) Squad/Controls/Azerty/EVA_Pack_left
[LOG 18:58:02.499] Config(EVA_Pack_right) Squad/Controls/Azerty/EVA_Pack_right
[LOG 18:58:02.499] Config(EVA_Pack_up) Squad/Controls/Azerty/EVA_Pack_up
[LOG 18:58:02.499] Config(EVA_Pack_down) Squad/Controls/Azerty/EVA_Pack_down
[LOG 18:58:02.499] Config(EVA_Jump) Squad/Controls/Azerty/EVA_Jump
[LOG 18:58:02.499] Config(EVA_Run) Squad/Controls/Azerty/EVA_Run
[LOG 18:58:02.499] Config(EVA_ToggleMovementMode) Squad/Controls/Azerty/EVA_ToggleMovementMode
[LOG 18:58:02.499] Config(EVA_TogglePack) Squad/Controls/Azerty/EVA_TogglePack
[LOG 18:58:02.499] Config(EVA_Use) Squad/Controls/Azerty/EVA_Use
[LOG 18:58:02.499] Config(EVA_Board) Squad/Controls/Azerty/EVA_Board
[LOG 18:58:02.499] Config(EVA_Orient) Squad/Controls/Azerty/EVA_Orient
[LOG 18:58:02.499] Config(EVA_Lights) Squad/Controls/Azerty/EVA_Lights
[LOG 18:58:02.499] Config(EVA_ChuteDeploy) Squad/Controls/Azerty/EVA_ChuteDeploy
[LOG 18:58:02.499] Config(Editor_pitchUp) Squad/Controls/Azerty/Editor_pitchUp
[LOG 18:58:02.499] Config(Editor_pitchDown) Squad/Controls/Azerty/Editor_pitchDown
[LOG 18:58:02.499] Config(Editor_yawLeft) Squad/Controls/Azerty/Editor_yawLeft
[LOG 18:58:02.499] Config(Editor_yawRight) Squad/Controls/Azerty/Editor_yawRight
[LOG 18:58:02.499] Config(Editor_rollLeft) Squad/Controls/Azerty/Editor_rollLeft
[LOG 18:58:02.499] Config(Editor_rollRight) Squad/Controls/Azerty/Editor_rollRight
[LOG 18:58:02.499] Config(Editor_resetRotation) Squad/Controls/Azerty/Editor_resetRotation
[LOG 18:58:02.499] Config(Editor_modePlace) Squad/Controls/Azerty/Editor_modePlace
[LOG 18:58:02.500] Config(Editor_modeOffset) Squad/Controls/Azerty/Editor_modeOffset
[LOG 18:58:02.500] Config(Editor_modeRotate) Squad/Controls/Azerty/Editor_modeRotate
[LOG 18:58:02.500] Config(Editor_modeRoot) Squad/Controls/Azerty/Editor_modeRoot
[LOG 18:58:02.500] Config(Editor_coordSystem) Squad/Controls/Azerty/Editor_coordSystem
[LOG 18:58:02.500] Config(Editor_toggleSymMethod) Squad/Controls/Azerty/Editor_toggleSymMethod
[LOG 18:58:02.500] Config(Editor_toggleSymMode) Squad/Controls/Azerty/Editor_toggleSymMode
[LOG 18:58:02.500] Config(Editor_toggleAngleSnap) Squad/Controls/Azerty/Editor_toggleAngleSnap
[LOG 18:58:02.500] Config(Editor_fineTweak) Squad/Controls/Azerty/Editor_fineTweak
[LOG 18:58:02.500] Config(Editor_partSearch) Squad/Controls/Azerty/Editor_partSearch
[LOG 18:58:02.500] Config(Editor_zoomScrollModifier) Squad/Controls/Azerty/Editor_zoomScrollModifier
[LOG 18:58:02.500] Config(MODIFIER_KEY) Squad/Controls/Azerty/MODIFIER_KEY
[LOG 18:58:02.500] Config(AbortActionGroup) Squad/Controls/Azerty/AbortActionGroup
[LOG 18:58:02.500] Config(CustomActionGroup1) Squad/Controls/Azerty/CustomActionGroup1
[LOG 18:58:02.500] Config(CustomActionGroup2) Squad/Controls/Azerty/CustomActionGroup2
[LOG 18:58:02.500] Config(CustomActionGroup3) Squad/Controls/Azerty/CustomActionGroup3
[LOG 18:58:02.500] Config(CustomActionGroup4) Squad/Controls/Azerty/CustomActionGroup4
[LOG 18:58:02.500] Config(CustomActionGroup5) Squad/Controls/Azerty/CustomActionGroup5
[LOG 18:58:02.500] Config(CustomActionGroup6) Squad/Controls/Azerty/CustomActionGroup6
[LOG 18:58:02.500] Config(CustomActionGroup7) Squad/Controls/Azerty/CustomActionGroup7
[LOG 18:58:02.500] Config(CustomActionGroup8) Squad/Controls/Azerty/CustomActionGroup8
[LOG 18:58:02.500] Config(CustomActionGroup9) Squad/Controls/Azerty/CustomActionGroup9
[LOG 18:58:02.500] Config(CustomActionGroup10) Squad/Controls/Azerty/CustomActionGroup10
[LOG 18:58:02.500] Config(KEY_MAP) Squad/Controls/Azerty/KEY_MAP
[LOG 18:58:02.500] Config(KEYBOARD_LAYOUT) Squad/Controls/Dvorak/#autoLOC_6001234
[LOG 18:58:02.500] Config(PITCH_DOWN) Squad/Controls/Dvorak/PITCH_DOWN
[LOG 18:58:02.500] Config(PITCH_UP) Squad/Controls/Dvorak/PITCH_UP
[LOG 18:58:02.500] Config(YAW_LEFT) Squad/Controls/Dvorak/YAW_LEFT
[LOG 18:58:02.500] Config(YAW_RIGHT) Squad/Controls/Dvorak/YAW_RIGHT
[LOG 18:58:02.500] Config(ROLL_LEFT) Squad/Controls/Dvorak/ROLL_LEFT
[LOG 18:58:02.501] Config(ROLL_RIGHT) Squad/Controls/Dvorak/ROLL_RIGHT
[LOG 18:58:02.501] Config(THROTTLE_UP) Squad/Controls/Dvorak/THROTTLE_UP
[LOG 18:58:02.501] Config(THROTTLE_DOWN) Squad/Controls/Dvorak/THROTTLE_DOWN
[LOG 18:58:02.501] Config(SAS_HOLD) Squad/Controls/Dvorak/SAS_HOLD
[LOG 18:58:02.501] Config(SAS_TOGGLE) Squad/Controls/Dvorak/SAS_TOGGLE
[LOG 18:58:02.501] Config(LAUNCH_STAGES) Squad/Controls/Dvorak/LAUNCH_STAGES
[LOG 18:58:02.501] Config(Docking_toggleRotLin) Squad/Controls/Dvorak/Docking_toggleRotLin
[LOG 18:58:02.501] Config(CAMERA_MODE) Squad/Controls/Dvorak/CAMERA_MODE
[LOG 18:58:02.501] Config(CAMERA_NEXT) Squad/Controls/Dvorak/CAMERA_NEXT
[LOG 18:58:02.501] Config(PAUSE) Squad/Controls/Dvorak/PAUSE
[LOG 18:58:02.501] Config(PRECISION_CTRL) Squad/Controls/Dvorak/PRECISION_CTRL
[LOG 18:58:02.501] Config(ZOOM_IN) Squad/Controls/Dvorak/ZOOM_IN
[LOG 18:58:02.501] Config(ZOOM_OUT) Squad/Controls/Dvorak/ZOOM_OUT
[LOG 18:58:02.501] Config(SCROLL_VIEW_UP) Squad/Controls/Dvorak/SCROLL_VIEW_UP
[LOG 18:58:02.501] Config(SCROLL_VIEW_DOWN) Squad/Controls/Dvorak/SCROLL_VIEW_DOWN
[LOG 18:58:02.501] Config(SCROLL_ICONS_UP) Squad/Controls/Dvorak/SCROLL_ICONS_UP
[LOG 18:58:02.501] Config(SCROLL_ICONS_DOWN) Squad/Controls/Dvorak/SCROLL_ICONS_DOWN
[LOG 18:58:02.501] Config(CAMERA_ORBIT_UP) Squad/Controls/Dvorak/CAMERA_ORBIT_UP
[LOG 18:58:02.501] Config(CAMERA_ORBIT_DOWN) Squad/Controls/Dvorak/CAMERA_ORBIT_DOWN
[LOG 18:58:02.501] Config(CAMERA_ORBIT_LEFT) Squad/Controls/Dvorak/CAMERA_ORBIT_LEFT
[LOG 18:58:02.501] Config(CAMERA_ORBIT_RIGHT) Squad/Controls/Dvorak/CAMERA_ORBIT_RIGHT
[LOG 18:58:02.501] Config(CAMERA_RESET) Squad/Controls/Dvorak/CAMERA_RESET
[LOG 18:58:02.501] Config(CAMERA_MOUSE_TOGGLE) Squad/Controls/Dvorak/CAMERA_MOUSE_TOGGLE
[LOG 18:58:02.501] Config(TIME_WARP_INCREASE) Squad/Controls/Dvorak/TIME_WARP_INCREASE
[LOG 18:58:02.501] Config(TIME_WARP_DECREASE) Squad/Controls/Dvorak/TIME_WARP_DECREASE
[LOG 18:58:02.501] Config(TIME_WARP_STOP) Squad/Controls/Dvorak/TIME_WARP_STOP
[LOG 18:58:02.501] Config(MAP_VIEW_TOGGLE) Squad/Controls/Dvorak/MAP_VIEW_TOGGLE
[LOG 18:58:02.502] Config(NAVBALL_TOGGLE) Squad/Controls/Dvorak/NAVBALL_TOGGLE
[LOG 18:58:02.502] Config(UIMODE_STAGING) Squad/Controls/Dvorak/UIMODE_STAGING
[LOG 18:58:02.502] Config(UIMODE_DOCKING) Squad/Controls/Dvorak/UIMODE_DOCKING
[LOG 18:58:02.502] Config(TRANSLATE_DOWN) Squad/Controls/Dvorak/TRANSLATE_DOWN
[LOG 18:58:02.502] Config(TRANSLATE_UP) Squad/Controls/Dvorak/TRANSLATE_UP
[LOG 18:58:02.502] Config(TRANSLATE_LEFT) Squad/Controls/Dvorak/TRANSLATE_LEFT
[LOG 18:58:02.502] Config(TRANSLATE_RIGHT) Squad/Controls/Dvorak/TRANSLATE_RIGHT
[LOG 18:58:02.502] Config(TRANSLATE_FWD) Squad/Controls/Dvorak/TRANSLATE_FWD
[LOG 18:58:02.502] Config(TRANSLATE_BACK) Squad/Controls/Dvorak/TRANSLATE_BACK
[LOG 18:58:02.502] Config(RCS_TOGGLE) Squad/Controls/Dvorak/RCS_TOGGLE
[LOG 18:58:02.502] Config(FOCUS_NEXT_VESSEL) Squad/Controls/Dvorak/FOCUS_NEXT_VESSEL
[LOG 18:58:02.502] Config(FOCUS_PREV_VESSEL) Squad/Controls/Dvorak/FOCUS_PREV_VESSEL
[LOG 18:58:02.502] Config(TOGGLE_UI) Squad/Controls/Dvorak/TOGGLE_UI
[LOG 18:58:02.502] Config(TOGGLE_STATUS_SCREEN) Squad/Controls/Dvorak/TOGGLE_STATUS_SCREEN
[LOG 18:58:02.502] Config(TAKE_SCREENSHOT) Squad/Controls/Dvorak/TAKE_SCREENSHOT
[LOG 18:58:02.502] Config(TOGGLE_LABELS) Squad/Controls/Dvorak/TOGGLE_LABELS
[LOG 18:58:02.502] Config(TOGGLE_TEMP_GAUGES) Squad/Controls/Dvorak/TOGGLE_TEMP_GAUGES
[LOG 18:58:02.502] Config(TOGGLE_TEMP_OVERLAY) Squad/Controls/Dvorak/TOGGLE_TEMP_OVERLAY
[LOG 18:58:02.502] Config(TOGGLE_FLIGHT_FORCES) Squad/Controls/Dvorak/TOGGLE_FLIGHT_FORCES
[LOG 18:58:02.502] Config(QUICKSAVE) Squad/Controls/Dvorak/QUICKSAVE
[LOG 18:58:02.502] Config(QUICKLOAD) Squad/Controls/Dvorak/QUICKLOAD
[LOG 18:58:02.502] Config(THROTTLE_CUTOFF) Squad/Controls/Dvorak/THROTTLE_CUTOFF
[LOG 18:58:02.502] Config(THROTTLE_FULL) Squad/Controls/Dvorak/THROTTLE_FULL
[LOG 18:58:02.502] Config(LANDING_GEAR) Squad/Controls/Dvorak/LANDING_GEAR
[LOG 18:58:02.502] Config(HEADLIGHT_TOGGLE) Squad/Controls/Dvorak/HEADLIGHT_TOGGLE
[LOG 18:58:02.502] Config(BRAKES) Squad/Controls/Dvorak/BRAKES
[LOG 18:58:02.502] Config(TOGGLE_SPACENAV_FLIGHT_CONTROL) Squad/Controls/Dvorak/TOGGLE_SPACENAV_FLIGHT_CONTROL
[LOG 18:58:02.502] Config(TOGGLE_SPACENAV_ROLL_LOCK) Squad/Controls/Dvorak/TOGGLE_SPACENAV_ROLL_LOCK
[LOG 18:58:02.502] Config(WHEEL_STEER_LEFT) Squad/Controls/Dvorak/WHEEL_STEER_LEFT
[LOG 18:58:02.502] Config(WHEEL_STEER_RIGHT) Squad/Controls/Dvorak/WHEEL_STEER_RIGHT
[LOG 18:58:02.502] Config(WHEEL_THROTTLE_DOWN) Squad/Controls/Dvorak/WHEEL_THROTTLE_DOWN
[LOG 18:58:02.503] Config(WHEEL_THROTTLE_UP) Squad/Controls/Dvorak/WHEEL_THROTTLE_UP
[LOG 18:58:02.503] Config(EVA_forward) Squad/Controls/Dvorak/EVA_forward
[LOG 18:58:02.503] Config(EVA_back) Squad/Controls/Dvorak/EVA_back
[LOG 18:58:02.503] Config(EVA_left) Squad/Controls/Dvorak/EVA_left
[LOG 18:58:02.503] Config(EVA_right) Squad/Controls/Dvorak/EVA_right
[LOG 18:58:02.503] Config(EVA_yaw_left) Squad/Controls/Dvorak/EVA_yaw_left
[LOG 18:58:02.503] Config(EVA_yaw_right) Squad/Controls/Dvorak/EVA_yaw_right
[LOG 18:58:02.503] Config(EVA_Pack_forward) Squad/Controls/Dvorak/EVA_Pack_forward
[LOG 18:58:02.503] Config(EVA_Pack_back) Squad/Controls/Dvorak/EVA_Pack_back
[LOG 18:58:02.503] Config(EVA_Pack_left) Squad/Controls/Dvorak/EVA_Pack_left
[LOG 18:58:02.503] Config(EVA_Pack_right) Squad/Controls/Dvorak/EVA_Pack_right
[LOG 18:58:02.503] Config(EVA_Pack_up) Squad/Controls/Dvorak/EVA_Pack_up
[LOG 18:58:02.503] Config(EVA_Pack_down) Squad/Controls/Dvorak/EVA_Pack_down
[LOG 18:58:02.503] Config(EVA_Jump) Squad/Controls/Dvorak/EVA_Jump
[LOG 18:58:02.503] Config(EVA_Run) Squad/Controls/Dvorak/EVA_Run
[LOG 18:58:02.503] Config(EVA_ToggleMovementMode) Squad/Controls/Dvorak/EVA_ToggleMovementMode
[LOG 18:58:02.503] Config(EVA_TogglePack) Squad/Controls/Dvorak/EVA_TogglePack
[LOG 18:58:02.503] Config(EVA_Use) Squad/Controls/Dvorak/EVA_Use
[LOG 18:58:02.503] Config(EVA_Board) Squad/Controls/Dvorak/EVA_Board
[LOG 18:58:02.503] Config(EVA_Orient) Squad/Controls/Dvorak/EVA_Orient
[LOG 18:58:02.503] Config(EVA_Lights) Squad/Controls/Dvorak/EVA_Lights
[LOG 18:58:02.503] Config(EVA_ChuteDeploy) Squad/Controls/Dvorak/EVA_ChuteDeploy
[LOG 18:58:02.503] Config(Editor_pitchUp) Squad/Controls/Dvorak/Editor_pitchUp
[LOG 18:58:02.503] Config(Editor_pitchDown) Squad/Controls/Dvorak/Editor_pitchDown
[LOG 18:58:02.503] Config(Editor_yawLeft) Squad/Controls/Dvorak/Editor_yawLeft
[LOG 18:58:02.503] Config(Editor_yawRight) Squad/Controls/Dvorak/Editor_yawRight
[LOG 18:58:02.503] Config(Editor_rollLeft) Squad/Controls/Dvorak/Editor_rollLeft
[LOG 18:58:02.503] Config(Editor_rollRight) Squad/Controls/Dvorak/Editor_rollRight
[LOG 18:58:02.503] Config(Editor_resetRotation) Squad/Controls/Dvorak/Editor_resetRotation
[LOG 18:58:02.503] Config(Editor_modePlace) Squad/Controls/Dvorak/Editor_modePlace
[LOG 18:58:02.504] Config(Editor_modeOffset) Squad/Controls/Dvorak/Editor_modeOffset
[LOG 18:58:02.504] Config(Editor_modeRotate) Squad/Controls/Dvorak/Editor_modeRotate
[LOG 18:58:02.504] Config(Editor_modeRoot) Squad/Controls/Dvorak/Editor_modeRoot
[LOG 18:58:02.504] Config(Editor_coordSystem) Squad/Controls/Dvorak/Editor_coordSystem
[LOG 18:58:02.504] Config(Editor_toggleSymMethod) Squad/Controls/Dvorak/Editor_toggleSymMethod
[LOG 18:58:02.504] Config(Editor_toggleSymMode) Squad/Controls/Dvorak/Editor_toggleSymMode
[LOG 18:58:02.504] Config(Editor_toggleAngleSnap) Squad/Controls/Dvorak/Editor_toggleAngleSnap
[LOG 18:58:02.504] Config(Editor_fineTweak) Squad/Controls/Dvorak/Editor_fineTweak
[LOG 18:58:02.504] Config(Editor_partSearch) Squad/Controls/Dvorak/Editor_partSearch
[LOG 18:58:02.504] Config(Editor_zoomScrollModifier) Squad/Controls/Dvorak/Editor_zoomScrollModifier
[LOG 18:58:02.504] Config(MODIFIER_KEY) Squad/Controls/Dvorak/MODIFIER_KEY
[LOG 18:58:02.504] Config(AbortActionGroup) Squad/Controls/Dvorak/AbortActionGroup
[LOG 18:58:02.504] Config(CustomActionGroup1) Squad/Controls/Dvorak/CustomActionGroup1
[LOG 18:58:02.504] Config(CustomActionGroup2) Squad/Controls/Dvorak/CustomActionGroup2
[LOG 18:58:02.504] Config(CustomActionGroup3) Squad/Controls/Dvorak/CustomActionGroup3
[LOG 18:58:02.504] Config(CustomActionGroup4) Squad/Controls/Dvorak/CustomActionGroup4
[LOG 18:58:02.504] Config(CustomActionGroup5) Squad/Controls/Dvorak/CustomActionGroup5
[LOG 18:58:02.504] Config(CustomActionGroup6) Squad/Controls/Dvorak/CustomActionGroup6
[LOG 18:58:02.504] Config(CustomActionGroup7) Squad/Controls/Dvorak/CustomActionGroup7
[LOG 18:58:02.504] Config(CustomActionGroup8) Squad/Controls/Dvorak/CustomActionGroup8
[LOG 18:58:02.504] Config(CustomActionGroup9) Squad/Controls/Dvorak/CustomActionGroup9
[LOG 18:58:02.504] Config(CustomActionGroup10) Squad/Controls/Dvorak/CustomActionGroup10
[LOG 18:58:02.504] Config(KEY_MAP) Squad/Controls/Dvorak/KEY_MAP
[LOG 18:58:02.504] Config(KEYBOARD_LAYOUT) Squad/Controls/Qwerty/#autoLOC_6001227
[LOG 18:58:02.505] Config(PITCH_DOWN) Squad/Controls/Qwerty/PITCH_DOWN
[LOG 18:58:02.505] Config(PITCH_UP) Squad/Controls/Qwerty/PITCH_UP
[LOG 18:58:02.505] Config(YAW_LEFT) Squad/Controls/Qwerty/YAW_LEFT
[LOG 18:58:02.505] Config(YAW_RIGHT) Squad/Controls/Qwerty/YAW_RIGHT
[LOG 18:58:02.505] Config(ROLL_LEFT) Squad/Controls/Qwerty/ROLL_LEFT
[LOG 18:58:02.505] Config(ROLL_RIGHT) Squad/Controls/Qwerty/ROLL_RIGHT
[LOG 18:58:02.505] Config(THROTTLE_UP) Squad/Controls/Qwerty/THROTTLE_UP
[LOG 18:58:02.505] Config(THROTTLE_DOWN) Squad/Controls/Qwerty/THROTTLE_DOWN
[LOG 18:58:02.505] Config(SAS_HOLD) Squad/Controls/Qwerty/SAS_HOLD
[LOG 18:58:02.505] Config(SAS_TOGGLE) Squad/Controls/Qwerty/SAS_TOGGLE
[LOG 18:58:02.505] Config(LAUNCH_STAGES) Squad/Controls/Qwerty/LAUNCH_STAGES
[LOG 18:58:02.505] Config(Docking_toggleRotLin) Squad/Controls/Qwerty/Docking_toggleRotLin
[LOG 18:58:02.505] Config(CAMERA_MODE) Squad/Controls/Qwerty/CAMERA_MODE
[LOG 18:58:02.505] Config(CAMERA_NEXT) Squad/Controls/Qwerty/CAMERA_NEXT
[LOG 18:58:02.505] Config(PAUSE) Squad/Controls/Qwerty/PAUSE
[LOG 18:58:02.505] Config(PRECISION_CTRL) Squad/Controls/Qwerty/PRECISION_CTRL
[LOG 18:58:02.505] Config(ZOOM_IN) Squad/Controls/Qwerty/ZOOM_IN
[LOG 18:58:02.505] Config(ZOOM_OUT) Squad/Controls/Qwerty/ZOOM_OUT
[LOG 18:58:02.505] Config(SCROLL_VIEW_UP) Squad/Controls/Qwerty/SCROLL_VIEW_UP
[LOG 18:58:02.505] Config(SCROLL_VIEW_DOWN) Squad/Controls/Qwerty/SCROLL_VIEW_DOWN
[LOG 18:58:02.505] Config(SCROLL_ICONS_UP) Squad/Controls/Qwerty/SCROLL_ICONS_UP
[LOG 18:58:02.505] Config(SCROLL_ICONS_DOWN) Squad/Controls/Qwerty/SCROLL_ICONS_DOWN
[LOG 18:58:02.505] Config(CAMERA_ORBIT_UP) Squad/Controls/Qwerty/CAMERA_ORBIT_UP
[LOG 18:58:02.505] Config(CAMERA_ORBIT_DOWN) Squad/Controls/Qwerty/CAMERA_ORBIT_DOWN
[LOG 18:58:02.505] Config(CAMERA_ORBIT_LEFT) Squad/Controls/Qwerty/CAMERA_ORBIT_LEFT
[LOG 18:58:02.505] Config(CAMERA_ORBIT_RIGHT) Squad/Controls/Qwerty/CAMERA_ORBIT_RIGHT
[LOG 18:58:02.505] Config(CAMERA_RESET) Squad/Controls/Qwerty/CAMERA_RESET
[LOG 18:58:02.505] Config(CAMERA_MOUSE_TOGGLE) Squad/Controls/Qwerty/CAMERA_MOUSE_TOGGLE
[LOG 18:58:02.505] Config(TIME_WARP_INCREASE) Squad/Controls/Qwerty/TIME_WARP_INCREASE
[LOG 18:58:02.506] Config(TIME_WARP_DECREASE) Squad/Controls/Qwerty/TIME_WARP_DECREASE
[LOG 18:58:02.506] Config(TIME_WARP_STOP) Squad/Controls/Qwerty/TIME_WARP_STOP
[LOG 18:58:02.506] Config(MAP_VIEW_TOGGLE) Squad/Controls/Qwerty/MAP_VIEW_TOGGLE
[LOG 18:58:02.506] Config(NAVBALL_TOGGLE) Squad/Controls/Qwerty/NAVBALL_TOGGLE
[LOG 18:58:02.506] Config(UIMODE_STAGING) Squad/Controls/Qwerty/UIMODE_STAGING
[LOG 18:58:02.506] Config(UIMODE_DOCKING) Squad/Controls/Qwerty/UIMODE_DOCKING
[LOG 18:58:02.506] Config(TRANSLATE_DOWN) Squad/Controls/Qwerty/TRANSLATE_DOWN
[LOG 18:58:02.506] Config(TRANSLATE_UP) Squad/Controls/Qwerty/TRANSLATE_UP
[LOG 18:58:02.506] Config(TRANSLATE_LEFT) Squad/Controls/Qwerty/TRANSLATE_LEFT
[LOG 18:58:02.506] Config(TRANSLATE_RIGHT) Squad/Controls/Qwerty/TRANSLATE_RIGHT
[LOG 18:58:02.506] Config(TRANSLATE_FWD) Squad/Controls/Qwerty/TRANSLATE_FWD
[LOG 18:58:02.506] Config(TRANSLATE_BACK) Squad/Controls/Qwerty/TRANSLATE_BACK
[LOG 18:58:02.506] Config(RCS_TOGGLE) Squad/Controls/Qwerty/RCS_TOGGLE
[LOG 18:58:02.506] Config(FOCUS_NEXT_VESSEL) Squad/Controls/Qwerty/FOCUS_NEXT_VESSEL
[LOG 18:58:02.506] Config(FOCUS_PREV_VESSEL) Squad/Controls/Qwerty/FOCUS_PREV_VESSEL
[LOG 18:58:02.506] Config(TOGGLE_UI) Squad/Controls/Qwerty/TOGGLE_UI
[LOG 18:58:02.506] Config(TOGGLE_STATUS_SCREEN) Squad/Controls/Qwerty/TOGGLE_STATUS_SCREEN
[LOG 18:58:02.506] Config(TAKE_SCREENSHOT) Squad/Controls/Qwerty/TAKE_SCREENSHOT
[LOG 18:58:02.506] Config(TOGGLE_LABELS) Squad/Controls/Qwerty/TOGGLE_LABELS
[LOG 18:58:02.506] Config(TOGGLE_TEMP_GAUGES) Squad/Controls/Qwerty/TOGGLE_TEMP_GAUGES
[LOG 18:58:02.506] Config(TOGGLE_TEMP_OVERLAY) Squad/Controls/Qwerty/TOGGLE_TEMP_OVERLAY
[LOG 18:58:02.506] Config(TOGGLE_FLIGHT_FORCES) Squad/Controls/Qwerty/TOGGLE_FLIGHT_FORCES
[LOG 18:58:02.506] Config(QUICKSAVE) Squad/Controls/Qwerty/QUICKSAVE
[LOG 18:58:02.507] Config(QUICKLOAD) Squad/Controls/Qwerty/QUICKLOAD
[LOG 18:58:02.507] Config(THROTTLE_CUTOFF) Squad/Controls/Qwerty/THROTTLE_CUTOFF
[LOG 18:58:02.507] Config(THROTTLE_FULL) Squad/Controls/Qwerty/THROTTLE_FULL
[LOG 18:58:02.507] Config(LANDING_GEAR) Squad/Controls/Qwerty/LANDING_GEAR
[LOG 18:58:02.507] Config(HEADLIGHT_TOGGLE) Squad/Controls/Qwerty/HEADLIGHT_TOGGLE
[LOG 18:58:02.507] Config(BRAKES) Squad/Controls/Qwerty/BRAKES
[LOG 18:58:02.507] Config(TOGGLE_SPACENAV_FLIGHT_CONTROL) Squad/Controls/Qwerty/TOGGLE_SPACENAV_FLIGHT_CONTROL
[LOG 18:58:02.507] Config(TOGGLE_SPACENAV_ROLL_LOCK) Squad/Controls/Qwerty/TOGGLE_SPACENAV_ROLL_LOCK
[LOG 18:58:02.507] Config(WHEEL_STEER_LEFT) Squad/Controls/Qwerty/WHEEL_STEER_LEFT
[LOG 18:58:02.507] Config(WHEEL_STEER_RIGHT) Squad/Controls/Qwerty/WHEEL_STEER_RIGHT
[LOG 18:58:02.507] Config(WHEEL_THROTTLE_DOWN) Squad/Controls/Qwerty/WHEEL_THROTTLE_DOWN
[LOG 18:58:02.507] Config(WHEEL_THROTTLE_UP) Squad/Controls/Qwerty/WHEEL_THROTTLE_UP
[LOG 18:58:02.507] Config(EVA_forward) Squad/Controls/Qwerty/EVA_forward
[LOG 18:58:02.507] Config(EVA_back) Squad/Controls/Qwerty/EVA_back
[LOG 18:58:02.507] Config(EVA_left) Squad/Controls/Qwerty/EVA_left
[LOG 18:58:02.507] Config(EVA_right) Squad/Controls/Qwerty/EVA_right
[LOG 18:58:02.507] Config(EVA_yaw_left) Squad/Controls/Qwerty/EVA_yaw_left
[LOG 18:58:02.507] Config(EVA_yaw_right) Squad/Controls/Qwerty/EVA_yaw_right
[LOG 18:58:02.507] Config(EVA_Pack_forward) Squad/Controls/Qwerty/EVA_Pack_forward
[LOG 18:58:02.507] Config(EVA_Pack_back) Squad/Controls/Qwerty/EVA_Pack_back
[LOG 18:58:02.507] Config(EVA_Pack_left) Squad/Controls/Qwerty/EVA_Pack_left
[LOG 18:58:02.507] Config(EVA_Pack_right) Squad/Controls/Qwerty/EVA_Pack_right
[LOG 18:58:02.507] Config(EVA_Pack_up) Squad/Controls/Qwerty/EVA_Pack_up
[LOG 18:58:02.507] Config(EVA_Pack_down) Squad/Controls/Qwerty/EVA_Pack_down
[LOG 18:58:02.507] Config(EVA_Jump) Squad/Controls/Qwerty/EVA_Jump
[LOG 18:58:02.507] Config(EVA_Run) Squad/Controls/Qwerty/EVA_Run
[LOG 18:58:02.507] Config(EVA_ToggleMovementMode) Squad/Controls/Qwerty/EVA_ToggleMovementMode
[LOG 18:58:02.507] Config(EVA_TogglePack) Squad/Controls/Qwerty/EVA_TogglePack
[LOG 18:58:02.507] Config(EVA_Use) Squad/Controls/Qwerty/EVA_Use
[LOG 18:58:02.507] Config(EVA_Board) Squad/Controls/Qwerty/EVA_Board
[LOG 18:58:02.508] Config(EVA_Orient) Squad/Controls/Qwerty/EVA_Orient
[LOG 18:58:02.508] Config(EVA_Lights) Squad/Controls/Qwerty/EVA_Lights
[LOG 18:58:02.508] Config(EVA_ChuteDeploy) Squad/Controls/Qwerty/EVA_ChuteDeploy
[LOG 18:58:02.508] Config(Editor_pitchUp) Squad/Controls/Qwerty/Editor_pitchUp
[LOG 18:58:02.508] Config(Editor_pitchDown) Squad/Controls/Qwerty/Editor_pitchDown
[LOG 18:58:02.508] Config(Editor_yawLeft) Squad/Controls/Qwerty/Editor_yawLeft
[LOG 18:58:02.508] Config(Editor_yawRight) Squad/Controls/Qwerty/Editor_yawRight
[LOG 18:58:02.508] Config(Editor_rollLeft) Squad/Controls/Qwerty/Editor_rollLeft
[LOG 18:58:02.508] Config(Editor_rollRight) Squad/Controls/Qwerty/Editor_rollRight
[LOG 18:58:02.508] Config(Editor_resetRotation) Squad/Controls/Qwerty/Editor_resetRotation
[LOG 18:58:02.508] Config(Editor_modePlace) Squad/Controls/Qwerty/Editor_modePlace
[LOG 18:58:02.508] Config(Editor_modeOffset) Squad/Controls/Qwerty/Editor_modeOffset
[LOG 18:58:02.508] Config(Editor_modeRotate) Squad/Controls/Qwerty/Editor_modeRotate
[LOG 18:58:02.508] Config(Editor_modeRoot) Squad/Controls/Qwerty/Editor_modeRoot
[LOG 18:58:02.508] Config(Editor_coordSystem) Squad/Controls/Qwerty/Editor_coordSystem
[LOG 18:58:02.508] Config(Editor_toggleSymMethod) Squad/Controls/Qwerty/Editor_toggleSymMethod
[LOG 18:58:02.508] Config(Editor_toggleSymMode) Squad/Controls/Qwerty/Editor_toggleSymMode
[LOG 18:58:02.508] Config(Editor_toggleAngleSnap) Squad/Controls/Qwerty/Editor_toggleAngleSnap
[LOG 18:58:02.508] Config(Editor_fineTweak) Squad/Controls/Qwerty/Editor_fineTweak
[LOG 18:58:02.508] Config(Editor_partSearch) Squad/Controls/Qwerty/Editor_partSearch
[LOG 18:58:02.508] Config(Editor_zoomScrollModifier) Squad/Controls/Qwerty/Editor_zoomScrollModifier
[LOG 18:58:02.508] Config(MODIFIER_KEY) Squad/Controls/Qwerty/MODIFIER_KEY
[LOG 18:58:02.508] Config(AbortActionGroup) Squad/Controls/Qwerty/AbortActionGroup
[LOG 18:58:02.508] Config(CustomActionGroup1) Squad/Controls/Qwerty/CustomActionGroup1
[LOG 18:58:02.508] Config(CustomActionGroup2) Squad/Controls/Qwerty/CustomActionGroup2
[LOG 18:58:02.508] Config(CustomActionGroup3) Squad/Controls/Qwerty/CustomActionGroup3
[LOG 18:58:02.508] Config(CustomActionGroup4) Squad/Controls/Qwerty/CustomActionGroup4
[LOG 18:58:02.508] Config(CustomActionGroup5) Squad/Controls/Qwerty/CustomActionGroup5
[LOG 18:58:02.508] Config(CustomActionGroup6) Squad/Controls/Qwerty/CustomActionGroup6
[LOG 18:58:02.508] Config(CustomActionGroup7) Squad/Controls/Qwerty/CustomActionGroup7
[LOG 18:58:02.508] Config(CustomActionGroup8) Squad/Controls/Qwerty/CustomActionGroup8
[LOG 18:58:02.509] Config(CustomActionGroup9) Squad/Controls/Qwerty/CustomActionGroup9
[LOG 18:58:02.509] Config(CustomActionGroup10) Squad/Controls/Qwerty/CustomActionGroup10
[LOG 18:58:02.509] Config(KEY_MAP) Squad/Controls/Qwerty/KEY_MAP
[LOG 18:58:02.509] Config(KEYBOARD_LAYOUT) Squad/Controls/Qwerty_en-GB/#autoLOC_6001228
[LOG 18:58:02.509] Config(KEY_MAP) Squad/Controls/Qwerty_en-GB/KEY_MAP
[LOG 18:58:02.509] Config(KEYBOARD_LAYOUT) Squad/Controls/Qwerty_es-LA/#autoLOC_6001229
[LOG 18:58:02.509] Config(CAMERA_MOUSE_TOGGLE) Squad/Controls/Qwerty_es-LA/CAMERA_MOUSE_TOGGLE
[LOG 18:58:02.509] Config(TIME_WARP_STOP) Squad/Controls/Qwerty_es-LA/TIME_WARP_STOP
[LOG 18:58:02.509] Config(FOCUS_NEXT_VESSEL) Squad/Controls/Qwerty_es-LA/FOCUS_NEXT_VESSEL
[LOG 18:58:02.509] Config(FOCUS_PREV_VESSEL) Squad/Controls/Qwerty_es-LA/FOCUS_PREV_VESSEL
[LOG 18:58:02.509] Config(CAMERA_RESET) Squad/Controls/Qwerty_es-LA/CAMERA_RESET
[LOG 18:58:02.509] Config(Editor_partSearch) Squad/Controls/Qwerty_es-LA/Editor_partSearch
[LOG 18:58:02.509] Config(KEY_MAP) Squad/Controls/Qwerty_es-LA/KEY_MAP
[LOG 18:58:02.509] Config(KEYBOARD_LAYOUT) Squad/Controls/Qwerty_it-IT/#autoLOC_6001230
[LOG 18:58:02.509] Config(FOCUS_NEXT_VESSEL) Squad/Controls/Qwerty_it-IT/FOCUS_NEXT_VESSEL
[LOG 18:58:02.509] Config(FOCUS_PREV_VESSEL) Squad/Controls/Qwerty_it-IT/FOCUS_PREV_VESSEL
[LOG 18:58:02.509] Config(CAMERA_MOUSE_TOGGLE) Squad/Controls/Qwerty_it-IT/CAMERA_MOUSE_TOGGLE
[LOG 18:58:02.509] Config(TIME_WARP_STOP) Squad/Controls/Qwerty_it-IT/TIME_WARP_STOP
[LOG 18:58:02.509] Config(CAMERA_RESET) Squad/Controls/Qwerty_it-IT/CAMERA_RESET
[LOG 18:58:02.509] Config(Editor_partSearch) Squad/Controls/Qwerty_it-IT/Editor_partSearch
[LOG 18:58:02.509] Config(KEY_MAP) Squad/Controls/Qwerty_it-IT/KEY_MAP
[LOG 18:58:02.509] Config(KEYBOARD_LAYOUT) Squad/Controls/Qwerty_ja-JP/#autoLOC_6001231
[LOG 18:58:02.509] Config(FOCUS_NEXT_VESSEL) Squad/Controls/Qwerty_ja-JP/FOCUS_NEXT_VESSEL
[LOG 18:58:02.509] Config(FOCUS_PREV_VESSEL) Squad/Controls/Qwerty_ja-JP/FOCUS_PREV_VESSEL
[LOG 18:58:02.509] Config(PRECISION_CTRL) Squad/Controls/Qwerty_ja-JP/PRECISION_CTRL
[LOG 18:58:02.509] Config(CAMERA_MOUSE_TOGGLE) Squad/Controls/Qwerty_ja-JP/CAMERA_MOUSE_TOGGLE
[LOG 18:58:02.509] Config(Editor_partSearch) Squad/Controls/Qwerty_ja-JP/Editor_partSearch
[LOG 18:58:02.509] Config(CAMERA_RESET) Squad/Controls/Qwerty_ja-JP/CAMERA_RESET
[LOG 18:58:02.509] Config(KEY_MAP) Squad/Controls/Qwerty_ja-JP/KEY_MAP
[LOG 18:58:02.510] Config(KEYBOARD_LAYOUT) Squad/Controls/Qwerty_pt-PT/#autoLOC_6001230
[LOG 18:58:02.510] Config(FOCUS_NEXT_VESSEL) Squad/Controls/Qwerty_pt-PT/FOCUS_NEXT_VESSEL
[LOG 18:58:02.510] Config(FOCUS_PREV_VESSEL) Squad/Controls/Qwerty_pt-PT/FOCUS_PREV_VESSEL
[LOG 18:58:02.510] Config(CAMERA_MOUSE_TOGGLE) Squad/Controls/Qwerty_pt-PT/CAMERA_MOUSE_TOGGLE
[LOG 18:58:02.510] Config(TIME_WARP_STOP) Squad/Controls/Qwerty_pt-PT/TIME_WARP_STOP
[LOG 18:58:02.510] Config(CAMERA_RESET) Squad/Controls/Qwerty_pt-PT/CAMERA_RESET
[LOG 18:58:02.510] Config(Editor_partSearch) Squad/Controls/Qwerty_pt-PT/Editor_partSearch
[LOG 18:58:02.510] Config(KEY_MAP) Squad/Controls/Qwerty_pt-PT/KEY_MAP
[LOG 18:58:02.510] Config(KEYBOARD_LAYOUT) Squad/Controls/Qwertz/#autoLOC_6001232
[LOG 18:58:02.510] Config(PITCH_DOWN) Squad/Controls/Qwertz/PITCH_DOWN
[LOG 18:58:02.510] Config(PITCH_UP) Squad/Controls/Qwertz/PITCH_UP
[LOG 18:58:02.510] Config(YAW_LEFT) Squad/Controls/Qwertz/YAW_LEFT
[LOG 18:58:02.510] Config(YAW_RIGHT) Squad/Controls/Qwertz/YAW_RIGHT
[LOG 18:58:02.510] Config(ROLL_LEFT) Squad/Controls/Qwertz/ROLL_LEFT
[LOG 18:58:02.510] Config(ROLL_RIGHT) Squad/Controls/Qwertz/ROLL_RIGHT
[LOG 18:58:02.510] Config(THROTTLE_UP) Squad/Controls/Qwertz/THROTTLE_UP
[LOG 18:58:02.510] Config(THROTTLE_DOWN) Squad/Controls/Qwertz/THROTTLE_DOWN
[LOG 18:58:02.510] Config(SAS_HOLD) Squad/Controls/Qwertz/SAS_HOLD
[LOG 18:58:02.510] Config(SAS_TOGGLE) Squad/Controls/Qwertz/SAS_TOGGLE
[LOG 18:58:02.510] Config(LAUNCH_STAGES) Squad/Controls/Qwertz/LAUNCH_STAGES
[LOG 18:58:02.510] Config(Docking_toggleRotLin) Squad/Controls/Qwertz/Docking_toggleRotLin
[LOG 18:58:02.510] Config(CAMERA_MODE) Squad/Controls/Qwertz/CAMERA_MODE
[LOG 18:58:02.510] Config(CAMERA_NEXT) Squad/Controls/Qwertz/CAMERA_NEXT
[LOG 18:58:02.510] Config(PAUSE) Squad/Controls/Qwertz/PAUSE
[LOG 18:58:02.510] Config(PRECISION_CTRL) Squad/Controls/Qwertz/PRECISION_CTRL
[LOG 18:58:02.510] Config(ZOOM_IN) Squad/Controls/Qwertz/ZOOM_IN
[LOG 18:58:02.510] Config(ZOOM_OUT) Squad/Controls/Qwertz/ZOOM_OUT
[LOG 18:58:02.510] Config(SCROLL_VIEW_UP) Squad/Controls/Qwertz/SCROLL_VIEW_UP
[LOG 18:58:02.510] Config(SCROLL_VIEW_DOWN) Squad/Controls/Qwertz/SCROLL_VIEW_DOWN
[LOG 18:58:02.510] Config(SCROLL_ICONS_UP) Squad/Controls/Qwertz/SCROLL_ICONS_UP
[LOG 18:58:02.511] Config(SCROLL_ICONS_DOWN) Squad/Controls/Qwertz/SCROLL_ICONS_DOWN
[LOG 18:58:02.511] Config(CAMERA_ORBIT_UP) Squad/Controls/Qwertz/CAMERA_ORBIT_UP
[LOG 18:58:02.511] Config(CAMERA_ORBIT_DOWN) Squad/Controls/Qwertz/CAMERA_ORBIT_DOWN
[LOG 18:58:02.511] Config(CAMERA_ORBIT_LEFT) Squad/Controls/Qwertz/CAMERA_ORBIT_LEFT
[LOG 18:58:02.511] Config(CAMERA_ORBIT_RIGHT) Squad/Controls/Qwertz/CAMERA_ORBIT_RIGHT
[LOG 18:58:02.511] Config(CAMERA_RESET) Squad/Controls/Qwertz/CAMERA_RESET
[LOG 18:58:02.511] Config(CAMERA_MOUSE_TOGGLE) Squad/Controls/Qwertz/CAMERA_MOUSE_TOGGLE
[LOG 18:58:02.511] Config(TIME_WARP_INCREASE) Squad/Controls/Qwertz/TIME_WARP_INCREASE
[LOG 18:58:02.511] Config(TIME_WARP_DECREASE) Squad/Controls/Qwertz/TIME_WARP_DECREASE
[LOG 18:58:02.511] Config(TIME_WARP_STOP) Squad/Controls/Qwertz/TIME_WARP_STOP
[LOG 18:58:02.511] Config(MAP_VIEW_TOGGLE) Squad/Controls/Qwertz/MAP_VIEW_TOGGLE
[LOG 18:58:02.511] Config(NAVBALL_TOGGLE) Squad/Controls/Qwertz/NAVBALL_TOGGLE
[LOG 18:58:02.511] Config(UIMODE_STAGING) Squad/Controls/Qwertz/UIMODE_STAGING
[LOG 18:58:02.511] Config(UIMODE_DOCKING) Squad/Controls/Qwertz/UIMODE_DOCKING
[LOG 18:58:02.511] Config(TRANSLATE_DOWN) Squad/Controls/Qwertz/TRANSLATE_DOWN
[LOG 18:58:02.511] Config(TRANSLATE_UP) Squad/Controls/Qwertz/TRANSLATE_UP
[LOG 18:58:02.511] Config(TRANSLATE_LEFT) Squad/Controls/Qwertz/TRANSLATE_LEFT
[LOG 18:58:02.511] Config(TRANSLATE_RIGHT) Squad/Controls/Qwertz/TRANSLATE_RIGHT
[LOG 18:58:02.511] Config(TRANSLATE_FWD) Squad/Controls/Qwertz/TRANSLATE_FWD
[LOG 18:58:02.511] Config(TRANSLATE_BACK) Squad/Controls/Qwertz/TRANSLATE_BACK
[LOG 18:58:02.511] Config(RCS_TOGGLE) Squad/Controls/Qwertz/RCS_TOGGLE
[LOG 18:58:02.511] Config(FOCUS_NEXT_VESSEL) Squad/Controls/Qwertz/FOCUS_NEXT_VESSEL
[LOG 18:58:02.511] Config(FOCUS_PREV_VESSEL) Squad/Controls/Qwertz/FOCUS_PREV_VESSEL
[LOG 18:58:02.511] Config(TOGGLE_UI) Squad/Controls/Qwertz/TOGGLE_UI
[LOG 18:58:02.511] Config(TOGGLE_STATUS_SCREEN) Squad/Controls/Qwertz/TOGGLE_STATUS_SCREEN
[LOG 18:58:02.511] Config(TAKE_SCREENSHOT) Squad/Controls/Qwertz/TAKE_SCREENSHOT
[LOG 18:58:02.511] Config(TOGGLE_LABELS) Squad/Controls/Qwertz/TOGGLE_LABELS
[LOG 18:58:02.511] Config(TOGGLE_TEMP_GAUGES) Squad/Controls/Qwertz/TOGGLE_TEMP_GAUGES
[LOG 18:58:02.511] Config(TOGGLE_TEMP_OVERLAY) Squad/Controls/Qwertz/TOGGLE_TEMP_OVERLAY
[LOG 18:58:02.511] Config(TOGGLE_FLIGHT_FORCES) Squad/Controls/Qwertz/TOGGLE_FLIGHT_FORCES
[LOG 18:58:02.511] Config(QUICKSAVE) Squad/Controls/Qwertz/QUICKSAVE
[LOG 18:58:02.512] Config(QUICKLOAD) Squad/Controls/Qwertz/QUICKLOAD
[LOG 18:58:02.512] Config(THROTTLE_CUTOFF) Squad/Controls/Qwertz/THROTTLE_CUTOFF
[LOG 18:58:02.512] Config(THROTTLE_FULL) Squad/Controls/Qwertz/THROTTLE_FULL
[LOG 18:58:02.512] Config(LANDING_GEAR) Squad/Controls/Qwertz/LANDING_GEAR
[LOG 18:58:02.512] Config(HEADLIGHT_TOGGLE) Squad/Controls/Qwertz/HEADLIGHT_TOGGLE
[LOG 18:58:02.512] Config(BRAKES) Squad/Controls/Qwertz/BRAKES
[LOG 18:58:02.512] Config(TOGGLE_SPACENAV_FLIGHT_CONTROL) Squad/Controls/Qwertz/TOGGLE_SPACENAV_FLIGHT_CONTROL
[LOG 18:58:02.512] Config(TOGGLE_SPACENAV_ROLL_LOCK) Squad/Controls/Qwertz/TOGGLE_SPACENAV_ROLL_LOCK
[LOG 18:58:02.512] Config(WHEEL_STEER_LEFT) Squad/Controls/Qwertz/WHEEL_STEER_LEFT
[LOG 18:58:02.512] Config(WHEEL_STEER_RIGHT) Squad/Controls/Qwertz/WHEEL_STEER_RIGHT
[LOG 18:58:02.512] Config(WHEEL_THROTTLE_DOWN) Squad/Controls/Qwertz/WHEEL_THROTTLE_DOWN
[LOG 18:58:02.512] Config(WHEEL_THROTTLE_UP) Squad/Controls/Qwertz/WHEEL_THROTTLE_UP
[LOG 18:58:02.512] Config(EVA_forward) Squad/Controls/Qwertz/EVA_forward
[LOG 18:58:02.512] Config(EVA_back) Squad/Controls/Qwertz/EVA_back
[LOG 18:58:02.512] Config(EVA_left) Squad/Controls/Qwertz/EVA_left
[LOG 18:58:02.512] Config(EVA_right) Squad/Controls/Qwertz/EVA_right
[LOG 18:58:02.512] Config(EVA_yaw_left) Squad/Controls/Qwertz/EVA_yaw_left
[LOG 18:58:02.512] Config(EVA_yaw_right) Squad/Controls/Qwertz/EVA_yaw_right
[LOG 18:58:02.512] Config(EVA_Pack_forward) Squad/Controls/Qwertz/EVA_Pack_forward
[LOG 18:58:02.512] Config(EVA_Pack_back) Squad/Controls/Qwertz/EVA_Pack_back
[LOG 18:58:02.512] Config(EVA_Pack_left) Squad/Controls/Qwertz/EVA_Pack_left
[LOG 18:58:02.512] Config(EVA_Pack_right) Squad/Controls/Qwertz/EVA_Pack_right
[LOG 18:58:02.512] Config(EVA_Pack_up) Squad/Controls/Qwertz/EVA_Pack_up
[LOG 18:58:02.512] Config(EVA_Pack_down) Squad/Controls/Qwertz/EVA_Pack_down
[LOG 18:58:02.512] Config(EVA_Jump) Squad/Controls/Qwertz/EVA_Jump
[LOG 18:58:02.512] Config(EVA_Run) Squad/Controls/Qwertz/EVA_Run
[LOG 18:58:02.512] Config(EVA_ToggleMovementMode) Squad/Controls/Qwertz/EVA_ToggleMovementMode
[LOG 18:58:02.512] Config(EVA_TogglePack) Squad/Controls/Qwertz/EVA_TogglePack
[LOG 18:58:02.512] Config(EVA_Use) Squad/Controls/Qwertz/EVA_Use
[LOG 18:58:02.512] Config(EVA_Board) Squad/Controls/Qwertz/EVA_Board
[LOG 18:58:02.512] Config(EVA_Orient) Squad/Controls/Qwertz/EVA_Orient
[LOG 18:58:02.513] Config(EVA_Lights) Squad/Controls/Qwertz/EVA_Lights
[LOG 18:58:02.513] Config(Editor_pitchUp) Squad/Controls/Qwertz/Editor_pitchUp
[LOG 18:58:02.513] Config(Editor_pitchDown) Squad/Controls/Qwertz/Editor_pitchDown
[LOG 18:58:02.513] Config(Editor_yawLeft) Squad/Controls/Qwertz/Editor_yawLeft
[LOG 18:58:02.513] Config(Editor_yawRight) Squad/Controls/Qwertz/Editor_yawRight
[LOG 18:58:02.513] Config(Editor_rollLeft) Squad/Controls/Qwertz/Editor_rollLeft
[LOG 18:58:02.513] Config(Editor_rollRight) Squad/Controls/Qwertz/Editor_rollRight
[LOG 18:58:02.513] Config(Editor_resetRotation) Squad/Controls/Qwertz/Editor_resetRotation
[LOG 18:58:02.513] Config(Editor_modePlace) Squad/Controls/Qwertz/Editor_modePlace
[LOG 18:58:02.513] Config(Editor_modeOffset) Squad/Controls/Qwertz/Editor_modeOffset
[LOG 18:58:02.513] Config(Editor_modeRotate) Squad/Controls/Qwertz/Editor_modeRotate
[LOG 18:58:02.513] Config(Editor_modeRoot) Squad/Controls/Qwertz/Editor_modeRoot
[LOG 18:58:02.513] Config(Editor_coordSystem) Squad/Controls/Qwertz/Editor_coordSystem
[LOG 18:58:02.513] Config(Editor_toggleSymMethod) Squad/Controls/Qwertz/Editor_toggleSymMethod
[LOG 18:58:02.513] Config(Editor_toggleSymMode) Squad/Controls/Qwertz/Editor_toggleSymMode
[LOG 18:58:02.513] Config(Editor_toggleAngleSnap) Squad/Controls/Qwertz/Editor_toggleAngleSnap
[LOG 18:58:02.513] Config(Editor_fineTweak) Squad/Controls/Qwertz/Editor_fineTweak
[LOG 18:58:02.513] Config(Editor_partSearch) Squad/Controls/Qwertz/Editor_partSearch
[LOG 18:58:02.513] Config(Editor_zoomScrollModifier) Squad/Controls/Qwertz/Editor_zoomScrollModifier
[LOG 18:58:02.513] Config(MODIFIER_KEY) Squad/Controls/Qwertz/MODIFIER_KEY
[LOG 18:58:02.513] Config(AbortActionGroup) Squad/Controls/Qwertz/AbortActionGroup
[LOG 18:58:02.513] Config(CustomActionGroup1) Squad/Controls/Qwertz/CustomActionGroup1
[LOG 18:58:02.513] Config(CustomActionGroup2) Squad/Controls/Qwertz/CustomActionGroup2
[LOG 18:58:02.513] Config(CustomActionGroup3) Squad/Controls/Qwertz/CustomActionGroup3
[LOG 18:58:02.513] Config(CustomActionGroup4) Squad/Controls/Qwertz/CustomActionGroup4
[LOG 18:58:02.513] Config(CustomActionGroup5) Squad/Controls/Qwertz/CustomActionGroup5
[LOG 18:58:02.513] Config(CustomActionGroup6) Squad/Controls/Qwertz/CustomActionGroup6
[LOG 18:58:02.513] Config(CustomActionGroup7) Squad/Controls/Qwertz/CustomActionGroup7
[LOG 18:58:02.513] Config(CustomActionGroup8) Squad/Controls/Qwertz/CustomActionGroup8
[LOG 18:58:02.513] Config(CustomActionGroup9) Squad/Controls/Qwertz/CustomActionGroup9
[LOG 18:58:02.513] Config(CustomActionGroup10) Squad/Controls/Qwertz/CustomActionGroup10
[LOG 18:58:02.514] Config(KEY_MAP) Squad/Controls/Qwertz/KEY_MAP
[LOG 18:58:02.514] Config(EXPERIENCE_TRAIT) Squad/Experience/Traits/Pilot
[LOG 18:58:02.514] Config(EXPERIENCE_TRAIT) Squad/Experience/Traits/Engineer
[LOG 18:58:02.514] Config(EXPERIENCE_TRAIT) Squad/Experience/Traits/Scientist
[LOG 18:58:02.514] Config(EXPERIENCE_TRAIT) Squad/Experience/Traits/Tourist
[LOG 18:58:02.514] Config(Localization) Squad/Localization/dictionary/Localization
[LOG 18:58:02.514] Config(MISSIONPACK) Squad/Missions/MissionPacks/squad_ESA
[LOG 18:58:02.514] Config(VARIANTTHEME) Squad/Parts/VariantThemes/White
[LOG 18:58:02.514] Config(VARIANTTHEME) Squad/Parts/VariantThemes/BlackAndWhite
[LOG 18:58:02.514] Config(VARIANTTHEME) Squad/Parts/VariantThemes/GrayAndOrange
[LOG 18:58:02.514] Config(VARIANTTHEME) Squad/Parts/VariantThemes/Dark
[LOG 18:58:02.514] Config(VARIANTTHEME) Squad/Parts/VariantThemes/Gray
[LOG 18:58:02.515] Config(VARIANTTHEME) Squad/Parts/VariantThemes/Orange
[LOG 18:58:02.515] Config(VARIANTTHEME) Squad/Parts/VariantThemes/Gold
[LOG 18:58:02.515] Config(VARIANTTHEME) Squad/Parts/VariantThemes/Bare
[LOG 18:58:02.515] Config(VARIANTTHEME) Squad/Parts/VariantThemes/Shroud
[LOG 18:58:02.515] Config(VARIANTTHEME) Squad/Parts/VariantThemes/GrayAndWhite
[LOG 18:58:02.515] Config(VARIANTTHEME) Squad/Parts/VariantThemes/YellowAndWhite
[LOG 18:58:02.515] Config(VARIANTTHEME) Squad/Parts/VariantThemes/Silver
[LOG 18:58:02.515] Config(VARIANTTHEME) Squad/Parts/VariantThemes/Gray with Stripes
[LOG 18:58:02.515] Config(PART) Squad/Parts/Aero/aerodynamicNoseCone/aerodynamicNoseCone/noseCone
[LOG 18:58:02.515] Config(PART) Squad/Parts/Aero/airbrake/Airbrake/airbrake1
[LOG 18:58:02.515] Config(PART) Squad/Parts/Aero/airIntakeRadialXM-G50/airIntakeRadialXM-G50/airScoop
[LOG 18:58:02.515] Config(PART) Squad/Parts/Aero/airlinerWings/ControlSurface/airlinerCtrlSrf
[LOG 18:58:02.515] Config(PART) Squad/Parts/Aero/airlinerWings/MainWing/airlinerMainWing
[LOG 18:58:02.515] Config(PART) Squad/Parts/Aero/airlinerWings/TailFin/airlinerTailFin
[LOG 18:58:02.515] Config(PART) Squad/Parts/Aero/airplaneFins/advancedCanard/AdvancedCanard
[LOG 18:58:02.515] Config(PART) Squad/Parts/Aero/airplaneFins/standardCanard/CanardController
[LOG 18:58:02.515] Config(PART) Squad/Parts/Aero/airplaneFins/sweptWing/sweptWing
[LOG 18:58:02.515] Config(PART) Squad/Parts/Aero/airplaneFins/tailfin/tailfin
[LOG 18:58:02.515] Config(PART) Squad/Parts/Aero/basicFin/basicFin/basicFin
[LOG 18:58:02.515] Config(PART) Squad/Parts/Aero/circularIntake/circularIntake/CircularIntake
[LOG 18:58:02.515] Config(PART) Squad/Parts/Aero/circularIntake/intakeShockCone/shockConeIntake
[LOG 18:58:02.515] Config(PART) Squad/Parts/Aero/cones/avionicsNoseCone/avionicsNoseCone
[LOG 18:58:02.515] Config(PART) Squad/Parts/Aero/cones/ConeA/pointyNoseConeA
[LOG 18:58:02.515] Config(PART) Squad/Parts/Aero/cones/ConeB/pointyNoseConeB
[LOG 18:58:02.515] Config(PART) Squad/Parts/Aero/cones/noseConeAdapter/noseConeAdapter
[LOG 18:58:02.515] Config(PART) Squad/Parts/Aero/cones/protectiveRocketNoseMk7_v2/rocketNoseCone_v2
[LOG 18:58:02.516] Config(PART) Squad/Parts/Aero/cones/protectiveRocketNoseMk7_v3/rocketNoseCone_v3
[LOG 18:58:02.516] Config(PART) Squad/Parts/Aero/cones/rocketNoseCone_size3/rocketNoseConeSize3
[LOG 18:58:02.516] Config(PART) Squad/Parts/Aero/cones/smallNoseCone/standardNoseCone
[LOG 18:58:02.516] Config(PART) Squad/Parts/Aero/cones/tailConnectorA/airplaneTail
[LOG 18:58:02.516] Config(PART) Squad/Parts/Aero/cones/tailConnectorB/airplaneTailB
[LOG 18:58:02.516] Config(PART) Squad/Parts/Aero/fairings/fairingSize1/fairingSize1
[LOG 18:58:02.516] Config(PART) Squad/Parts/Aero/fairings/fairingSize2/fairingSize2
[LOG 18:58:02.516] Config(PART) Squad/Parts/Aero/fairings/fairingSize3/fairingSize3
[LOG 18:58:02.516] Config(PART) Squad/Parts/Aero/HeatShield/HeatShield0/HeatShield0
[LOG 18:58:02.516] Config(PART) Squad/Parts/Aero/HeatShield/HeatShield1/HeatShield1
[LOG 18:58:02.516] Config(PART) Squad/Parts/Aero/HeatShield/HeatShield2/HeatShield2
[LOG 18:58:02.516] Config(PART) Squad/Parts/Aero/HeatShield/HeatShield3/HeatShield3
[LOG 18:58:02.516] Config(PART) Squad/Parts/Aero/InflatableHeatShield/HeatShield/InflatableHeatShield
[LOG 18:58:02.516] Config(PART) Squad/Parts/Aero/intakeRadialLong/intakeRadialLong/IntakeRadialLong
[LOG 18:58:02.516] Config(PART) Squad/Parts/Aero/miniIntake/SmallIntake/miniIntake
[LOG 18:58:02.516] Config(PART) Squad/Parts/Aero/ramAirIntake/ramAirIntake/ramAirIntake
[LOG 18:58:02.516] Config(PART) Squad/Parts/Aero/shuttleWings/delta/wingShuttleDelta
[LOG 18:58:02.516] Config(PART) Squad/Parts/Aero/shuttleWings/elevon1/wingShuttleElevon1
[LOG 18:58:02.516] Config(PART) Squad/Parts/Aero/shuttleWings/elevon2/wingShuttleElevon2
[LOG 18:58:02.516] Config(PART) Squad/Parts/Aero/shuttleWings/rudder/wingShuttleRudder
[LOG 18:58:02.516] Config(PART) Squad/Parts/Aero/shuttleWings/strake/wingShuttleStrake
[LOG 18:58:02.516] Config(PART) Squad/Parts/Aero/wingletAV-R8/wingletAV-R8/R8winglet
[LOG 18:58:02.516] Config(PART) Squad/Parts/Aero/wingletAV-T1/wingletAV-T1/winglet
[LOG 18:58:02.516] Config(PART) Squad/Parts/Aero/wingletDeltaDeluxe/wingletDeltaDeluxe/winglet3
[LOG 18:58:02.516] Config(PART) Squad/Parts/Aero/wings/connector1/wingConnector
[LOG 18:58:02.517] Config(PART) Squad/Parts/Aero/wings/connector2/wingConnector2
[LOG 18:58:02.517] Config(PART) Squad/Parts/Aero/wings/connector3/wingConnector3
[LOG 18:58:02.517] Config(PART) Squad/Parts/Aero/wings/connector4/wingConnector4
[LOG 18:58:02.517] Config(PART) Squad/Parts/Aero/wings/connector5/wingConnector5
[LOG 18:58:02.517] Config(PART) Squad/Parts/Aero/wings/delta/deltaWing
[LOG 18:58:02.517] Config(PART) Squad/Parts/Aero/wings/delta_small/delta_small
[LOG 18:58:02.517] Config(PART) Squad/Parts/Aero/wings/elevon1/StandardCtrlSrf
[LOG 18:58:02.517] Config(PART) Squad/Parts/Aero/wings/elevon2/elevon2
[LOG 18:58:02.517] Config(PART) Squad/Parts/Aero/wings/elevon3/elevon3
[LOG 18:58:02.517] Config(PART) Squad/Parts/Aero/wings/elevon4/smallCtrlSrf
[LOG 18:58:02.517] Config(PART) Squad/Parts/Aero/wings/elevon5/elevon5
[LOG 18:58:02.517] Config(PART) Squad/Parts/Aero/wings/strake/wingStrake
[LOG 18:58:02.517] Config(PART) Squad/Parts/Aero/wings/structural1/structuralWing
[LOG 18:58:02.517] Config(PART) Squad/Parts/Aero/wings/structural2/structuralWing2
[LOG 18:58:02.517] Config(PART) Squad/Parts/Aero/wings/structural3/structuralWing3
[LOG 18:58:02.517] Config(PART) Squad/Parts/Aero/wings/structural4/structuralWing4
[LOG 18:58:02.517] Config(PART) Squad/Parts/Aero/wings/swept1/sweptWing1
[LOG 18:58:02.517] Config(PART) Squad/Parts/Aero/wings/swept2/sweptWing2
[LOG 18:58:02.517] Config(PART) Squad/Parts/Cargo/CargoContainers/cargoContainer/cargoContainer
[LOG 18:58:02.517] Config(PART) Squad/Parts/Cargo/CargoContainers/smallCargoContainer/smallCargoContainer
[LOG 18:58:02.517] Config(PART) Squad/Parts/Cargo/Cylinder/Cylinder/evaCylinder
[LOG 18:58:02.517] Config(PART) Squad/Parts/Cargo/GroundAnchor/groundAnchor/groundAnchor
[LOG 18:58:02.517] Config(PART) Squad/Parts/Cargo/Jetpack/Jetpack/evaJetpack
[LOG 18:58:02.517] Config(PART) Squad/Parts/Cargo/Parachute/Parachute/evaChute
[LOG 18:58:02.517] Config(PART) Squad/Parts/Cargo/RepairKit/RepairKit/evaRepairKit
[LOG 18:58:02.517] Config(PART) Squad/Parts/Cargo/ScienceKit/evaScienceKit/evaScienceKit
[LOG 18:58:02.518] Config(PART) Squad/Parts/Cargo/StorageUnits/CargoStorageUnit/CargoStorageUnit
[LOG 18:58:02.518] Config(PART) Squad/Parts/Cargo/StorageUnits/ConformalStorageUnit/ConformalStorageUnit
[LOG 18:58:02.518] Config(PART) Squad/Parts/Command/advancedSasModuleLarge/advSasModuleLarge/asasmodule1-2
[LOG 18:58:02.518] Config(PART) Squad/Parts/Command/cupola/cupola/cupola
[LOG 18:58:02.518] Config(PART) Squad/Parts/Command/externalCommandSeat/externalCommandSeat/seatExternalCmd
[LOG 18:58:02.518] Config(PART) Squad/Parts/Command/hitchhikerStorageContainer/hitchikerStorageContainer/crewCabin
[LOG 18:58:02.518] Config(PART) Squad/Parts/Command/inlineAdvancedStabilizer/inlineAdvancedStabilizer/advSasModule
[LOG 18:58:02.518] Config(PART) Squad/Parts/Command/inlineReactionWheel/inlineReactionWheel/sasModule
[LOG 18:58:02.518] Config(PART) Squad/Parts/Command/Mk1-3Pod/mk1-3/mk1-3pod
[LOG 18:58:02.518] Config(PART) Squad/Parts/Command/mk1Cockpits/mk1Cockpit/Mark1Cockpit
[LOG 18:58:02.518] Config(PART) Squad/Parts/Command/mk1Cockpits/mk1CrewCabin/MK1CrewCabin
[LOG 18:58:02.518] Config(PART) Squad/Parts/Command/mk1Cockpits/mk1InlineCockpit/Mark2Cockpit
[LOG 18:58:02.518] Config(PART) Squad/Parts/Command/mk1LanderCan/mk1LanderCan/landerCabinSmall
[LOG 18:58:02.518] Config(PART) Squad/Parts/Command/mk1pod_v2/mk1Pod_v2/mk1pod_v2
[LOG 18:58:02.518] Config(PART) Squad/Parts/Command/mk2CockpitInline/mk2CockpitInline/mk2Cockpit_Inline
[LOG 18:58:02.518] Config(PART) Squad/Parts/Command/mk2CockpitStandard/mk2CockpitStandard/mk2Cockpit_Standard
[LOG 18:58:02.518] Config(PART) Squad/Parts/Command/mk2DroneCore/mk2Dronecore/mk2DroneCore
[LOG 18:58:02.518] Config(PART) Squad/Parts/Command/mk2LanderCan/mk2LanderCan/mk2LanderCabin
[LOG 18:58:02.518] Config(PART) Squad/Parts/Command/mk2LanderCan_v2/mk2LanderCan_v2/mk2LanderCabin_v2
[LOG 18:58:02.518] Config(PART) Squad/Parts/Command/mk3CockpitShuttle/mk3CockpitShuttle/mk3Cockpit_Shuttle
[LOG 18:58:02.518] Config(PART) Squad/Parts/Command/MpoProbe/MpoProbe/MpoProbe
[LOG 18:58:02.518] Config(PART) Squad/Parts/Command/MtmStage/MTM_Stage/MtmStage
[LOG 18:58:02.518] Config(PART) Squad/Parts/Command/probeCoreCube/probeCoreCube/probeCoreCube
[LOG 18:58:02.518] Config(PART) Squad/Parts/Command/probeCoreHex/probeCoreHex/probeCoreHex
[LOG 18:58:02.518] Config(PART) Squad/Parts/Command/probeCoreHex_v2/probeCoreHex_v2/probeCoreHex_v2
[LOG 18:58:02.519] Config(PART) Squad/Parts/Command/probeCoreOcto2_v2/probeCoreOcto2_v2/probeCoreOcto2_v2
[LOG 18:58:02.519] Config(PART) Squad/Parts/Command/probeCoreOcto_v2/probeCoreOcto_v2/probeCoreOcto_v2
[LOG 18:58:02.519] Config(PART) Squad/Parts/Command/probeRoverBody/probeRoverBody/roverBody
[LOG 18:58:02.519] Config(PART) Squad/Parts/Command/probeRoverBody_v2/probeRoverBody_v2/roverBody_v2
[LOG 18:58:02.519] Config(PART) Squad/Parts/Command/probeStackLarge/probeStackLarge/probeStackLarge
[LOG 18:58:02.519] Config(PART) Squad/Parts/Command/probeStackSmall/probeStackSmall/probeStackSmall
[LOG 18:58:02.519] Config(PART) Squad/Parts/Command/probeStackSphere_v2/probeStackSphere_v2/probeCoreSphere_v2
[LOG 18:58:02.519] Config(PART) Squad/Parts/CompoundParts/FuelLine/fuelLine/fuelLine
[LOG 18:58:02.519] Config(PART) Squad/Parts/CompoundParts/strutConnector/strutConnector/strutConnector
[LOG 18:58:02.519] Config(PART) Squad/Parts/Coupling/Decoupler_0/Decoupler_0
[LOG 18:58:02.519] Config(PART) Squad/Parts/Coupling/Decoupler_1/Decoupler_1
[LOG 18:58:02.519] Config(PART) Squad/Parts/Coupling/Decoupler_2/Decoupler_2
[LOG 18:58:02.519] Config(PART) Squad/Parts/Coupling/Decoupler_3/Decoupler_3
[LOG 18:58:02.519] Config(PART) Squad/Parts/Coupling/Separator_0/Separator_0
[LOG 18:58:02.519] Config(PART) Squad/Parts/Coupling/Separator_1/Separator_1
[LOG 18:58:02.519] Config(PART) Squad/Parts/Coupling/Separator_2/Separator_2
[LOG 18:58:02.519] Config(PART) Squad/Parts/Coupling/Separator_3/Separator_3
[LOG 18:58:02.519] Config(PART) Squad/Parts/Electrical/10CSolarPanels/OX-10C/solarPanelOX10C
[LOG 18:58:02.519] Config(PART) Squad/Parts/Electrical/10CSolarPanels/SP-10C/solarPanelSP10C
[LOG 18:58:02.519] Config(PART) Squad/Parts/Electrical/10LSolarPanels/OX-10L/solarPanelOX10L
[LOG 18:58:02.519] Config(PART) Squad/Parts/Electrical/10LSolarPanels/SP-10L/solarPanelSP10L
[LOG 18:58:02.519] Config(PART) Squad/Parts/Electrical/1x6ShroudSolarPanels/1x6ShroudSolarPanels/solarPanels2
[LOG 18:58:02.519] Config(PART) Squad/Parts/Electrical/1x6SolarPanels/1x6SolarPanels/solarPanels4
[LOG 18:58:02.519] Config(PART) Squad/Parts/Electrical/3x2ShroudSolarPanels/3x2ShroudSolarPanels/solarPanels1
[LOG 18:58:02.519] Config(PART) Squad/Parts/Electrical/3x2SolarPanels/3x2SolarPanels/solarPanels3
[LOG 18:58:02.519] Config(PART) Squad/Parts/Electrical/gigantorXlSolarArray/gigantorXlSolarArray/largeSolarPanel
[LOG 18:58:02.520] Config(PART) Squad/Parts/Electrical/radialFlatSolarPanel/radialFlatSolarPanel/solarPanels5
[LOG 18:58:02.520] Config(PART) Squad/Parts/Electrical/RTG/RTG/rtg
[LOG 18:58:02.520] Config(PART) Squad/Parts/Electrical/z-100Battery/z-100Battery/batteryPack
[LOG 18:58:02.520] Config(PART) Squad/Parts/Electrical/z-1kBattery/z-1kBattery/batteryBank
[LOG 18:58:02.520] Config(PART) Squad/Parts/Electrical/z-200Battery/z-200Battery/batteryBankMini
[LOG 18:58:02.520] Config(PART) Squad/Parts/Electrical/z-400Battery/z-400Battery/ksp_r_largeBatteryPack
[LOG 18:58:02.520] Config(PART) Squad/Parts/Electrical/z-4kBattery/z-4kBattery/batteryBankLarge
[LOG 18:58:02.520] Config(PART) Squad/Parts/Engine/ionEngine/ionEngine/ionEngine
[LOG 18:58:02.520] Config(PART) Squad/Parts/Engine/jetEngines/jetEngineAfterburning/turboJet
[LOG 18:58:02.520] Config(PART) Squad/Parts/Engine/jetEngines/jetEngineBasic/JetEngine
[LOG 18:58:02.520] Config(PART) Squad/Parts/Engine/jetEngines/jetEngineBig/turboFanSize2
[LOG 18:58:02.520] Config(PART) Squad/Parts/Engine/jetEngines/jetEngineTurbo/turboFanEngine
[LOG 18:58:02.520] Config(PART) Squad/Parts/Engine/liquidEngine24-77/liquidEngine24-77/smallRadialEngine
[LOG 18:58:02.520] Config(PART) Squad/Parts/Engine/liquidEngine24-77_v2/liquidEngine24-77_v2/smallRadialEngine_v2
[LOG 18:58:02.520] Config(PART) Squad/Parts/Engine/liquidEngine48-7S_v2/liquidEngine48-7S_v2/liquidEngineMini_v2
[LOG 18:58:02.520] Config(PART) Squad/Parts/Engine/liquidEngineAerospike/liquidEngineAerospike/toroidalAerospike
[LOG 18:58:02.521] Config(PART) Squad/Parts/Engine/liquidEngineLV-1_v2/liquidEngineLV-1R _v2/radialEngineMini_v2
[LOG 18:58:02.521] Config(PART) Squad/Parts/Engine/liquidEngineLV-1_v2/liquidEngineLV-1_v2/microEngine_v2
[LOG 18:58:02.521] Config(PART) Squad/Parts/Engine/liquidEngineLV-909_v2/liquidEngineLV-909_v2/liquidEngine3_v2
[LOG 18:58:02.521] Config(PART) Squad/Parts/Engine/liquidEngineLV-N/liquidEngineLV-N/nuclearEngine
[LOG 18:58:02.521] Config(PART) Squad/Parts/Engine/liquidEngineLV-T30/liquidEngineLV-T30/liquidEngine
[LOG 18:58:02.521] Config(PART) Squad/Parts/Engine/liquidEngineLV-T30_v2/liquidEngineLV-T30_v2/liquidEngine_v2
[LOG 18:58:02.521] Config(PART) Squad/Parts/Engine/liquidEngineLV-T45/liquidEngineLV-T45/liquidEngine2
[LOG 18:58:02.521] Config(PART) Squad/Parts/Engine/liquidEngineLV-T45_v2/liquidEngineLV-T45_v2/liquidEngine2_v2
[LOG 18:58:02.521] Config(PART) Squad/Parts/Engine/liquidEngineMainsail_v2/liquidEngineMainsail_v2/liquidEngineMainsail_v2
[LOG 18:58:02.521] Config(PART) Squad/Parts/Engine/liquidEngineMk55/liquidEngineMk55/radialLiquidEngine1-2
[LOG 18:58:02.521] Config(PART) Squad/Parts/Engine/liquidEnginePoodle_v2/liquidEnginePoodle_v2/liquidEngine2-2_v2
[LOG 18:58:02.521] Config(PART) Squad/Parts/Engine/liquidEngineSkipper_v2/skipperLiquidEngine_v2/engineLargeSkipper_v2
[LOG 18:58:02.521] Config(PART) Squad/Parts/Engine/liquidEngineSSME/SSME/SSME
[LOG 18:58:02.521] Config(PART) Squad/Parts/Engine/MassiveSRB/part/MassiveBooster
[LOG 18:58:02.521] Config(PART) Squad/Parts/Engine/miniJet/SmallJetEngine/miniJetEngine
[LOG 18:58:02.521] Config(PART) Squad/Parts/Engine/OMSEngine/omsEngine/omsEngine
[LOG 18:58:02.521] Config(PART) Squad/Parts/Engine/rapierEngine/rapierEngine/RAPIER
[LOG 18:58:02.521] Config(PART) Squad/Parts/Engine/Size1_SRBs/solidBoosterRT-10_v2/solidBooster_v2
[LOG 18:58:02.522] Config(PART) Squad/Parts/Engine/Size1_SRBs/solidBoosterRT-5_v2/solidBooster_sm_v2
[LOG 18:58:02.522] Config(PART) Squad/Parts/Engine/Size2LFB/part/Size2LFB
[LOG 18:58:02.522] Config(PART) Squad/Parts/Engine/Size2LFB_v2/part/Size2LFB_v2
[LOG 18:58:02.522] Config(PART) Squad/Parts/Engine/Size3AdvancedEngine/part/Size3AdvancedEngine
[LOG 18:58:02.522] Config(PART) Squad/Parts/Engine/Size3EngineCluster/part/Size3EngineCluster
[LOG 18:58:02.522] Config(PART) Squad/Parts/Engine/solidBoosterBACC/solidBoosterBACC/solidBooster1-1
[LOG 18:58:02.522] Config(PART) Squad/Parts/Engine/solidBoosterS2-17/solidBoosterS2-17/Thoroughbred
[LOG 18:58:02.522] Config(PART) Squad/Parts/Engine/solidBoosterS2-33/solidBoosterS2-33/Clydesdale
[LOG 18:58:02.522] Config(PART) Squad/Parts/Engine/solidBoosterSep/solidBoosterSep/sepMotor1
[LOG 18:58:02.522] Config(PART) Squad/Parts/Engine/SolidBoostersF/SolidBoosterF3S0/Shrimp
[LOG 18:58:02.522] Config(PART) Squad/Parts/Engine/SolidBoostersF/SolidBoosterFM1/Mite
[LOG 18:58:02.522] Config(PART) Squad/Parts/FuelTank/adapterTanks/Mk3-Mk2/adapterMk3-Mk2
[LOG 18:58:02.522] Config(PART) Squad/Parts/FuelTank/adapterTanks/Mk3-ShuttleAdapter/adapterEngines
[LOG 18:58:02.522] Config(PART) Squad/Parts/FuelTank/adapterTanks/Mk3-Size2/adapterMk3-Size2
[LOG 18:58:02.522] Config(PART) Squad/Parts/FuelTank/adapterTanks/Mk3-Size2Slant/adapterMk3-Size2Slant
[LOG 18:58:02.522] Config(PART) Squad/Parts/FuelTank/adapterTanks/Size2-Mk2/adapterSize2-Mk2
[LOG 18:58:02.522] Config(PART) Squad/Parts/FuelTank/adapterTanks/Size2-Size1/adapterSize2-Size1
[LOG 18:58:02.522] Config(PART) Squad/Parts/FuelTank/adapterTanks/Size2-Size1Slant/adapterSize2-Size1Slant
[LOG 18:58:02.522] Config(PART) Squad/Parts/FuelTank/adapterTanks/Size3-Mk3/adapterSize3-Mk3
[LOG 18:58:02.522] Config(PART) Squad/Parts/FuelTank/drainTankFTE-1/ReleaseValve/ReleaseValve
[LOG 18:58:02.522] Config(PART) Squad/Parts/FuelTank/FoilTanks/RadialTank_Capsule/externalTankCapsule
[LOG 18:58:02.523] Config(PART) Squad/Parts/FuelTank/FoilTanks/RadialTank_Round/externalTankRound
[LOG 18:58:02.523] Config(PART) Squad/Parts/FuelTank/FoilTanks/ToroidTank/externalTankToroid
[LOG 18:58:02.523] Config(PART) Squad/Parts/FuelTank/fuelTankOscarB/fuelTankOscarB/miniFuelTank
[LOG 18:58:02.523] Config(PART) Squad/Parts/FuelTank/miniFuselage/miniFuselage/miniFuselage
[LOG 18:58:02.523] Config(PART) Squad/Parts/FuelTank/mk2Adapters/bicoupler/mk2_1m_Bicoupler
[LOG 18:58:02.523] Config(PART) Squad/Parts/FuelTank/mk2Adapters/long/mk2_1m_AdapterLong
[LOG 18:58:02.523] Config(PART) Squad/Parts/FuelTank/mk2Adapters/standard/mk2SpacePlaneAdapter
[LOG 18:58:02.523] Config(PART) Squad/Parts/FuelTank/mk2FuselageLong/LFO_long/mk2FuselageLongLFO
[LOG 18:58:02.523] Config(PART) Squad/Parts/FuelTank/mk2FuselageLong/L_long/mk2Fuselage
[LOG 18:58:02.523] Config(PART) Squad/Parts/FuelTank/mk2FuselageShort/LFO_short/mk2FuselageShortLFO
[LOG 18:58:02.523] Config(PART) Squad/Parts/FuelTank/mk2FuselageShort/L_short/mk2FuselageShortLiquid
[LOG 18:58:02.523] Config(PART) Squad/Parts/FuelTank/mk2FuselageShort/Mono_short/mk2FuselageShortMono
[LOG 18:58:02.523] Config(PART) Squad/Parts/FuelTank/mk3Fuselage/CREW/mk3CrewCabin
[LOG 18:58:02.523] Config(PART) Squad/Parts/FuelTank/mk3Fuselage/LFO_100/mk3FuselageLFO_100
[LOG 18:58:02.523] Config(PART) Squad/Parts/FuelTank/mk3Fuselage/LFO_25/mk3FuselageLFO_25
[LOG 18:58:02.523] Config(PART) Squad/Parts/FuelTank/mk3Fuselage/LFO_50/mk3FuselageLFO_50
[LOG 18:58:02.524] Config(PART) Squad/Parts/FuelTank/mk3Fuselage/LF_100/mk3FuselageLF_100
[LOG 18:58:02.524] Config(PART) Squad/Parts/FuelTank/mk3Fuselage/LF_25/mk3FuselageLF_25
[LOG 18:58:02.524] Config(PART) Squad/Parts/FuelTank/mk3Fuselage/LF_50/mk3FuselageLF_50
[LOG 18:58:02.524] Config(PART) Squad/Parts/FuelTank/mk3Fuselage/MONO/mk3FuselageMONO
[LOG 18:58:02.524] Config(PART) Squad/Parts/FuelTank/RCSFuelTankR1/RCSFuelTankR1/RCSTank1-2
[LOG 18:58:02.524] Config(PART) Squad/Parts/FuelTank/RCSFuelTankR10/RCSFuelTankR10/rcsTankMini
[LOG 18:58:02.524] Config(PART) Squad/Parts/FuelTank/RCSFuelTankR25/RCSFuelTankR25/RCSFuelTank
[LOG 18:58:02.524] Config(PART) Squad/Parts/FuelTank/RCSTankRadial/radialRCSTank/radialRCSTank
[LOG 18:58:02.524] Config(PART) Squad/Parts/FuelTank/RCStankRadialLong/RCSTankRadialLong/rcsTankRadialLong
[LOG 18:58:02.524] Config(PART) Squad/Parts/FuelTank/RockomaxTanks/Rockomax16/Rockomax16_BW
[LOG 18:58:02.524] Config(PART) Squad/Parts/FuelTank/RockomaxTanks/Rockomax32/Rockomax32_BW
[LOG 18:58:02.524] Config(PART) Squad/Parts/FuelTank/RockomaxTanks/Rockomax64/Rockomax64_BW
[LOG 18:58:02.524] Config(PART) Squad/Parts/FuelTank/RockomaxTanks/Rockomax8/Rockomax8BW
[LOG 18:58:02.524] Config(PART) Squad/Parts/FuelTank/Size1_Tanks/fuelTankT100/fuelTankSmallFlat
[LOG 18:58:02.524] Config(PART) Squad/Parts/FuelTank/Size1_Tanks/fuelTankT200/fuelTankSmall
[LOG 18:58:02.524] Config(PART) Squad/Parts/FuelTank/Size1_Tanks/fuelTankT400/fuelTank
[LOG 18:58:02.524] Config(PART) Squad/Parts/FuelTank/Size1_Tanks/fuelTankT800/fuelTank_long
[LOG 18:58:02.524] Config(PART) Squad/Parts/FuelTank/Size3Tanks/large/Size3LargeTank
[LOG 18:58:02.524] Config(PART) Squad/Parts/FuelTank/Size3Tanks/medium/Size3MediumTank
[LOG 18:58:02.524] Config(PART) Squad/Parts/FuelTank/Size3Tanks/small/Size3SmallTank
[LOG 18:58:02.524] Config(PART) Squad/Parts/FuelTank/xenonTank/xenonTank/xenonTank
[LOG 18:58:02.524] Config(PART) Squad/Parts/FuelTank/xenonTankLarge/xenonTankLarge/xenonTankLarge
[LOG 18:58:02.524] Config(PART) Squad/Parts/FuelTank/xenonTankRadial/xenonTankRadial/xenonTankRadial
[LOG 18:58:02.525] Config(PART) Squad/Parts/Misc/AsteroidDay/CamSat/InfraredTelescope
[LOG 18:58:02.525] Config(PART) Squad/Parts/Misc/AsteroidDay/HECS2/HECS2_ProbeCore
[LOG 18:58:02.525] Config(PART) Squad/Parts/Misc/AsteroidDay/HighGainAntenna/HighGainAntenna
[LOG 18:58:02.525] Config(PART) Squad/Parts/Misc/AsteroidDay/LgRadialSolar/LgRadialSolarPanel
[LOG 18:58:02.525] Config(PART) Squad/Parts/Misc/PotatoComet/part/PotatoComet
[LOG 18:58:02.525] Config(PART) Squad/Parts/Misc/PotatoRoid/part/PotatoRoid
[LOG 18:58:02.525] Config(PART) Squad/Parts/Prebuilt/flag/flag
[LOG 18:58:02.525] Config(PART) Squad/Parts/Prebuilt/kerbalEVA/kerbalEVA
[LOG 18:58:02.525] Config(PART) Squad/Parts/Prebuilt/kerbalEVAfemale/kerbalEVAfemale
[LOG 18:58:02.525] Config(PART) Squad/Parts/Prebuilt/kerbalEVASlimSuit/kerbalEVASlimSuit
[LOG 18:58:02.525] Config(PART) Squad/Parts/Prebuilt/kerbalEVASlimSuitFemale/kerbalEVASlimSuitFemale
[LOG 18:58:02.525] Config(PART) Squad/Parts/Resources/FuelCell/FuelCell/FuelCell
[LOG 18:58:02.525] Config(PART) Squad/Parts/Resources/FuelCell/FuelCellArray/FuelCellArray
[LOG 18:58:02.525] Config(PART) Squad/Parts/Resources/ISRU/ISRU/ISRU
[LOG 18:58:02.525] Config(PART) Squad/Parts/Resources/LargeTank/LargeTank/LargeTank
[LOG 18:58:02.525] Config(PART) Squad/Parts/Resources/MiniDrill/MiniDrill/MiniDrill
[LOG 18:58:02.525] Config(PART) Squad/Parts/Resources/MiniISRU/MiniISRU/MiniISRU
[LOG 18:58:02.525] Config(PART) Squad/Parts/Resources/OrbitalScanner/OrbitalScanner/OrbitalScanner
[LOG 18:58:02.525] Config(PART) Squad/Parts/Resources/RadialDrill/RadialDrill/RadialDrill
[LOG 18:58:02.525] Config(PART) Squad/Parts/Resources/RadialTank/RadialTank/RadialOreTank
[LOG 18:58:02.525] Config(PART) Squad/Parts/Resources/SmallTank/SmallTank/SmallTank
[LOG 18:58:02.525] Config(PART) Squad/Parts/Resources/SurfaceScanner/SurfaceScanner/SurfaceScanner
[LOG 18:58:02.525] Config(PART) Squad/Parts/Resources/SurveyScanner/SurveyScanner/SurveyScanner
[LOG 18:58:02.525] Config(PART) Squad/Parts/Science/AtmosphereSensor/sensorAtmosphere/sensorAtmosphere
[LOG 18:58:02.525] Config(PART) Squad/Parts/Science/GooExperiment/gooExperiment/GooExperiment
[LOG 18:58:02.525] Config(PART) Squad/Parts/Science/LargeCrewedLab/largeCrewedLab/Large_Crewed_Lab
[LOG 18:58:02.525] Config(PART) Squad/Parts/Science/Magnetometer/Magnetometer/Magnetometer
[LOG 18:58:02.526] Config(PART) Squad/Parts/Science/MaterialBay/materialBay/science_module
[LOG 18:58:02.526] Config(PART) Squad/Parts/Science/ScienceBox/ScienceBox/ScienceBox
[LOG 18:58:02.526] Config(PART) Squad/Parts/Science/sensorAccelerometer/sensorAccelerometer/sensorAccelerometer
[LOG 18:58:02.526] Config(PART) Squad/Parts/Science/sensorBarometer/sensorBarometer/sensorBarometer
[LOG 18:58:02.526] Config(PART) Squad/Parts/Science/sensorGravimeter/sensorGravimeter/sensorGravimeter
[LOG 18:58:02.526] Config(PART) Squad/Parts/Science/sensorThermometer/sensorThermometer/sensorThermometer
[LOG 18:58:02.526] Config(PART) Squad/Parts/Structural/FLAdapters/adapterSmallMiniShort/adapterSmallMiniShort
[LOG 18:58:02.526] Config(PART) Squad/Parts/Structural/FLAdapters/adapterSmallMiniTall/adapterSmallMiniTall
[LOG 18:58:02.526] Config(PART) Squad/Parts/Structural/mk1Parts/engineBodyRadial/radialEngineBody
[LOG 18:58:02.526] Config(PART) Squad/Parts/Structural/mk1Parts/engineNacelle/nacelleBody
[LOG 18:58:02.526] Config(PART) Squad/Parts/Structural/mk1Parts/mk1Fuselage/MK1Fuselage
[LOG 18:58:02.526] Config(PART) Squad/Parts/Structural/mk1Parts/mk1FuselageIntake/MK1IntakeFuselage
[LOG 18:58:02.526] Config(PART) Squad/Parts/Structural/mk1Parts/mk1Structural/Mk1FuselageStructural
[LOG 18:58:02.526] Config(PART) Squad/Parts/Structural/Size3To2Adapter_v2/Size2to3_v2/Size3To2Adapter_v2
[LOG 18:58:02.526] Config(PART) Squad/Parts/Structural/stackAdapters/adapterLargeSmallBi/adapterLargeSmallBi
[LOG 18:58:02.526] Config(PART) Squad/Parts/Structural/stackAdapters/adapterLargeSmallQuad/adapterLargeSmallQuad
[LOG 18:58:02.526] Config(PART) Squad/Parts/Structural/stackAdapters/adapterLargeSmallTri/adapterLargeSmallTri
[LOG 18:58:02.526] Config(PART) Squad/Parts/Structural/stationHub/stationHub/stationHub
[LOG 18:58:02.526] Config(PART) Squad/Parts/Structural/structuralIBeam200/structuralIBeam200/structuralIBeam2
[LOG 18:58:02.526] Config(PART) Squad/Parts/Structural/structuralIBeam200Pocket/structuralIBeam200Pocket/structuralIBeam3
[LOG 18:58:02.526] Config(PART) Squad/Parts/Structural/structuralIBeam650/structuralIBeam650/structuralIBeam1
[LOG 18:58:02.526] Config(PART) Squad/Parts/Structural/structuralMicronode/structuralMicronode/structuralMiniNode
[LOG 18:58:02.526] Config(PART) Squad/Parts/Structural/structuralPanel1x1/structuralPanel1x1/structuralPanel1
[LOG 18:58:02.526] Config(PART) Squad/Parts/Structural/structuralPanel2x2/structuralPanel2x2/structuralPanel2
[LOG 18:58:02.526] Config(PART) Squad/Parts/Structural/structuralPylons/smallHardpoint/smallHardpoint
[LOG 18:58:02.526] Config(PART) Squad/Parts/Structural/structuralPylons/structuralPylon/structuralPylon
[LOG 18:58:02.526] Config(PART) Squad/Parts/Structural/strutCubicOcto/strutCubicOcto/strutCube
[LOG 18:58:02.527] Config(PART) Squad/Parts/Structural/strutOcto/strutOcto/strutOcto
[LOG 18:58:02.527] Config(PART) Squad/Parts/Structural/trussGirderAdapter/trussGirderAdapter/trussAdapter
[LOG 18:58:02.527] Config(PART) Squad/Parts/Structural/trussGirderL/trussGirderL/trussPiece1x
[LOG 18:58:02.527] Config(PART) Squad/Parts/Structural/trussGirderXL/trussGirderXL/trussPiece3x
[LOG 18:58:02.527] Config(PART) Squad/Parts/Thermal/FoldingRadiators/foldingRadLarge/foldingRadLarge
[LOG 18:58:02.527] Config(PART) Squad/Parts/Thermal/FoldingRadiators/foldingRadMed/foldingRadMed
[LOG 18:58:02.527] Config(PART) Squad/Parts/Thermal/FoldingRadiators/foldingRadSmall/foldingRadSmall
[LOG 18:58:02.527] Config(PART) Squad/Parts/Thermal/RadiatorPanels/radPanelEdge/radPanelEdge
[LOG 18:58:02.527] Config(PART) Squad/Parts/Thermal/RadiatorPanels/radPanelLg/radPanelLg
[LOG 18:58:02.527] Config(PART) Squad/Parts/Thermal/RadiatorPanels/radPanelSm/radPanelSm
[LOG 18:58:02.527] Config(PART) Squad/Parts/Utility/commDish88-88/commDish88-88/commDish
[LOG 18:58:02.527] Config(PART) Squad/Parts/Utility/commsAntennaDTS-M1/commsAntennaDTS-M1/mediumDishAntenna
[LOG 18:58:02.527] Config(PART) Squad/Parts/Utility/commsDish16/commsAntenna16/longAntenna
[LOG 18:58:02.527] Config(PART) Squad/Parts/Utility/decouplerRadialHDM/decouplerRadialHDM/radialDecoupler1-2
[LOG 18:58:02.527] Config(PART) Squad/Parts/Utility/decouplerRadialTT-38K/decouplerRadialTT-38K/radialDecoupler
[LOG 18:58:02.527] Config(PART) Squad/Parts/Utility/decouplerRadialTT-70/decouplerRadialTT-70/radialDecoupler2
[LOG 18:58:02.527] Config(PART) Squad/Parts/Utility/DirectAntennas/C16S/SurfAntenna
[LOG 18:58:02.527] Config(PART) Squad/Parts/Utility/DirectAntennas/HG-5/HighGainAntenna5
[LOG 18:58:02.527] Config(PART) Squad/Parts/Utility/DirectAntennas/HG-5_v2/HighGainAntenna5_v2
[LOG 18:58:02.527] Config(PART) Squad/Parts/Utility/dockingPort/dockingPort/dockingPort2
[LOG 18:58:02.527] Config(PART) Squad/Parts/Utility/dockingPortInline/dockingPortInline/dockingPortLateral
[LOG 18:58:02.527] Config(PART) Squad/Parts/Utility/dockingPortJr/dockingPortJr/dockingPort3
[LOG 18:58:02.527] Config(PART) Squad/Parts/Utility/dockingPortShielded/dockingPortShielded/dockingPort1
[LOG 18:58:02.527] Config(PART) Squad/Parts/Utility/dockingPortSr/dockingPortSr/dockingPortLarge
[LOG 18:58:02.527] Config(PART) Squad/Parts/Utility/Fireworks/fireworksLauncherBig/fireworksLauncherBig
[LOG 18:58:02.527] Config(PART) Squad/Parts/Utility/Fireworks/fireworksLauncherSmall/fireworksLauncherSmall
[LOG 18:58:02.527] Config(PART) Squad/Parts/Utility/flags/flagFlat/flagFlat/flagPartFlat
[LOG 18:58:02.528] Config(PART) Squad/Parts/Utility/flags/flagSize0/flagSize0/flagPartSize0
[LOG 18:58:02.528] Config(PART) Squad/Parts/Utility/flags/flagSize1/flagSize1/flagPartSize1
[LOG 18:58:02.528] Config(PART) Squad/Parts/Utility/flags/flagSize2/flagSize2/flagPartSize2
[LOG 18:58:02.528] Config(PART) Squad/Parts/Utility/flags/flagSize3/flagSize3/flagPartSize3
[LOG 18:58:02.528] Config(PART) Squad/Parts/Utility/GrapplingDevice/part/GrapplingDevice
[LOG 18:58:02.528] Config(PART) Squad/Parts/Utility/ladderRadial/ladderRadial/ladder1
[LOG 18:58:02.528] Config(PART) Squad/Parts/Utility/ladderTelescopic/ladderTelescopic/telescopicLadder
[LOG 18:58:02.528] Config(PART) Squad/Parts/Utility/ladderTelescopicBay/ladderTelescopicBay/telescopicLadderBay
[LOG 18:58:02.528] Config(PART) Squad/Parts/Utility/landingLegLT-1/landingLegLT-1/landingLeg1
[LOG 18:58:02.528] Config(PART) Squad/Parts/Utility/landingLegLT-2/landingLegLT-2/landingLeg1-2
[LOG 18:58:02.528] Config(PART) Squad/Parts/Utility/landingLegLT-5/landingLegLT-5/miniLandingLeg
[LOG 18:58:02.528] Config(PART) Squad/Parts/Utility/launchClamp1/launchClamp1/launchClamp1
[LOG 18:58:02.528] Config(PART) Squad/Parts/Utility/launchEscapeSystem/part/LaunchEscapeSystem
[LOG 18:58:02.528] Config(PART) Squad/Parts/Utility/Lights/domeLight1/domeLight1
[LOG 18:58:02.528] Config(PART) Squad/Parts/Utility/Lights/groundLight1/groundLight1
[LOG 18:58:02.528] Config(PART) Squad/Parts/Utility/Lights/groundLight2/groundLight2
[LOG 18:58:02.528] Config(PART) Squad/Parts/Utility/Lights/navLight1/navLight1
[LOG 18:58:02.528] Config(PART) Squad/Parts/Utility/Lights/spotLight1/spotLight3
[LOG 18:58:02.528] Config(PART) Squad/Parts/Utility/Lights/stripLight1/stripLight1
[LOG 18:58:02.528] Config(PART) Squad/Parts/Utility/linearVernorRCS/linearRCS/linearRcs
[LOG 18:58:02.528] Config(PART) Squad/Parts/Utility/linearVernorRCS/vernorEngine/vernierEngine
[LOG 18:58:02.528] Config(PART) Squad/Parts/Utility/mk2CargoBay/BayL/mk2CargoBayL
[LOG 18:58:02.528] Config(PART) Squad/Parts/Utility/mk2CargoBay/BayS/mk2CargoBayS
[LOG 18:58:02.528] Config(PART) Squad/Parts/Utility/mk2CrewCabin/mk2CrewCabin/mk2CrewCabin
[LOG 18:58:02.528] Config(PART) Squad/Parts/Utility/mk2DockingPort/mk2DockingPort/mk2DockingPort
[LOG 18:58:02.528] Config(PART) Squad/Parts/Utility/mk3CargoBay/long/mk3CargoBayL
[LOG 18:58:02.529] Config(PART) Squad/Parts/Utility/mk3CargoBay/medium/mk3CargoBayM
[LOG 18:58:02.529] Config(PART) Squad/Parts/Utility/mk3CargoBay/ramp/mk3CargoRamp
[LOG 18:58:02.529] Config(PART) Squad/Parts/Utility/mk3CargoBay/short/mk3CargoBayS
[LOG 18:58:02.529] Config(PART) Squad/Parts/Utility/parachuteMk1/parachuteMk1/parachuteSingle
[LOG 18:58:02.529] Config(PART) Squad/Parts/Utility/parachuteMk12-R/parachuteMk12-R/radialDrogue
[LOG 18:58:02.529] Config(PART) Squad/Parts/Utility/parachuteMk16-XL/parachuteMk16-XL/parachuteLarge
[LOG 18:58:02.529] Config(PART) Squad/Parts/Utility/parachuteMk2-R/parachuteMk2-R/parachuteRadial
[LOG 18:58:02.529] Config(PART) Squad/Parts/Utility/parachuteMk25/parachuteMk25/parachuteDrogue
[LOG 18:58:02.529] Config(PART) Squad/Parts/Utility/radialAttachmentPoint/radialAttachmentPoint/stackPoint1
[LOG 18:58:02.529] Config(PART) Squad/Parts/Utility/rcsBlockRV-105_v2/rcsBlockRV-105/RCSBlock_v2
[LOG 18:58:02.529] Config(PART) Squad/Parts/Utility/rcsBlockRV-105_v2/RCSblock_01_small/RCSblock_01_small
[LOG 18:58:02.529] Config(PART) Squad/Parts/Utility/rcsSmallLinear/RCSLinearSmall/RCSLinearSmall
[LOG 18:58:02.529] Config(PART) Squad/Parts/Utility/RelayAntennas/RA-100/RelayAntenna100
[LOG 18:58:02.529] Config(PART) Squad/Parts/Utility/RelayAntennas/RA-5/RelayAntenna5
[LOG 18:58:02.529] Config(PART) Squad/Parts/Utility/RelayAntennas/RA-50/RelayAntenna50
[LOG 18:58:02.529] Config(PART) Squad/Parts/Utility/rockomaxAdapters/largeAdapter/largeAdapter
[LOG 18:58:02.529] Config(PART) Squad/Parts/Utility/rockomaxAdapters/largeAdapterShort/largeAdapter2
[LOG 18:58:02.529] Config(PART) Squad/Parts/Utility/ServiceBay_v2/ServiceBay_125_v2/ServiceBay_125_v2
[LOG 18:58:02.529] Config(PART) Squad/Parts/Utility/ServiceBay_v2/ServiceBay_250_v2/ServiceBay_250_v2
[LOG 18:58:02.529] Config(PART) Squad/Parts/Utility/smallClaw/smallClaw/smallClaw
[LOG 18:58:02.529] Config(PART) Squad/Parts/Utility/spotLightMk1/spotLightMk1/spotLight1
[LOG 18:58:02.529] Config(PART) Squad/Parts/Utility/spotLightMk1_v2/spotLightMk1_v2/spotLight1_v2
[LOG 18:58:02.529] Config(PART) Squad/Parts/Utility/spotLightMk2/spotLightMk2/spotLight2
[LOG 18:58:02.529] Config(PART) Squad/Parts/Utility/spotLightMk2_v2/spotLightMk2_v2/spotLight2_v2
[LOG 18:58:02.529] Config(PART) Squad/Parts/Utility/stackCouplers/stackBiCoupler_v2/stackBiCoupler_v2
[LOG 18:58:02.529] Config(PART) Squad/Parts/Utility/stackCouplers/stackQuadCoupler/stackQuadCoupler
[LOG 18:58:02.529] Config(PART) Squad/Parts/Utility/stackCouplers/stackTriCoupler_v2/stackTriCoupler_v2
[LOG 18:58:02.530] Config(PART) Squad/Parts/Wheel/LandingGear/GearExtraLarge/GearLarge
[LOG 18:58:02.530] Config(PART) Squad/Parts/Wheel/LandingGear/GearFixed/GearFixed
[LOG 18:58:02.530] Config(PART) Squad/Parts/Wheel/LandingGear/GearFree/GearFree
[LOG 18:58:02.530] Config(PART) Squad/Parts/Wheel/LandingGear/GearLarge/GearMedium
[LOG 18:58:02.530] Config(PART) Squad/Parts/Wheel/LandingGear/GearMedium/GearSmall
[LOG 18:58:02.530] Config(PART) Squad/Parts/Wheel/LandingGear/GearSmall/SmallGearBay
[LOG 18:58:02.530] Config(PART) Squad/Parts/Wheel/roverWheelM1/roverWheelM1/roverWheel1
[LOG 18:58:02.530] Config(PART) Squad/Parts/Wheel/roverWheelS2/roverWheelS2/roverWheel2
[LOG 18:58:02.530] Config(PART) Squad/Parts/Wheel/roverWheelTR-2L/roverWheelTR-2L/wheelMed
[LOG 18:58:02.530] Config(PART) Squad/Parts/Wheel/roverWheelXL3/roverWheelXL3/roverWheel3
[LOG 18:58:02.530] Config(PROP) Squad/Props/AltimeterThreeHands/prop/AltimeterThreeHands
[LOG 18:58:02.530] Config(PROP) Squad/Props/AtmosphereDepth/prop/AtmosphereDepth
[LOG 18:58:02.530] Config(PROP) Squad/Props/AxisIndicator/pitchConfig/AxisIndicatorPitch
[LOG 18:58:02.530] Config(PROP) Squad/Props/AxisIndicator/rollConfig/AxisIndicatorRoll
[LOG 18:58:02.530] Config(PROP) Squad/Props/AxisIndicator/yawConfig/AxisIndicatorYaw
[LOG 18:58:02.530] Config(PROP) Squad/Props/buttonsGeneric/circularButton/genericCircularButton
[LOG 18:58:02.530] Config(PROP) Squad/Props/buttonsGeneric/clusterButtons/genericClusterButtons
[LOG 18:58:02.530] Config(PROP) Squad/Props/buttonsGeneric/clusterButtons2/genericClusterButtons2
[LOG 18:58:02.530] Config(PROP) Squad/Props/buttonsGeneric/clusterKnob/genericClusterKnobs
[LOG 18:58:02.530] Config(PROP) Squad/Props/buttonsGeneric/clusterKnob2/genericClusterKnobs2
[LOG 18:58:02.530] Config(PROP) Squad/Props/buttonsGeneric/clusterMixed/genericClusterMixed
[LOG 18:58:02.530] Config(PROP) Squad/Props/buttonsGeneric/clusterSwitches01/genericClusterSwitches01
[LOG 18:58:02.530] Config(PROP) Squad/Props/buttonsGeneric/clusterSwitches02/genericClusterSwitches02
[LOG 18:58:02.531] Config(PROP) Squad/Props/buttonsGeneric/clusterSwitches03/genericClusterSwitches03
[LOG 18:58:02.531] Config(PROP) Squad/Props/buttonsGeneric/clusterSwitches04/genericClusterSwitches04
[LOG 18:58:02.531] Config(PROP) Squad/Props/buttonsGeneric/clusterSwitches05/genericClusterSwitches05
[LOG 18:58:02.531] Config(PROP) Squad/Props/buttonsGeneric/clusterSwitches06/genericClusterSwitches06
[LOG 18:58:02.531] Config(PROP) Squad/Props/buttonsGeneric/clusterSwitches07/genericClusterSwitches07
[LOG 18:58:02.531] Config(PROP) Squad/Props/buttonsGeneric/directionalKnob/genericDirectionalKnob
[LOG 18:58:02.531] Config(PROP) Squad/Props/buttonsGeneric/directionalKnob2/genericDirectionalKnob2
[LOG 18:58:02.531] Config(PROP) Squad/Props/buttonsGeneric/pullSwitch/genericPullSwitch
[LOG 18:58:02.531] Config(PROP) Squad/Props/buttonsGeneric/squareButton/genericSquareButton
[LOG 18:58:02.531] Config(PROP) Squad/Props/buttonsGeneric/standingSwitch/genericStandingSwitch
[LOG 18:58:02.531] Config(PROP) Squad/Props/buttonsGeneric/switch/genericSwitch
[LOG 18:58:02.531] Config(PROP) Squad/Props/buttonsGeneric/switchWithGuards/genericSwitchWithGuards
[LOG 18:58:02.531] Config(PROP) Squad/Props/ButtonSquare/prop/ButtonSquare
[LOG 18:58:02.531] Config(PROP) Squad/Props/circularButton/prop/circularButton
[LOG 18:58:02.531] Config(PROP) Squad/Props/Compass/prop/Compass
[LOG 18:58:02.531] Config(PROP) Squad/Props/directionalKnob/prop/directionalKnob
[LOG 18:58:02.531] Config(PROP) Squad/Props/directionalKnob2/prop/directionalKnob2
[LOG 18:58:02.531] Config(PROP) Squad/Props/IndicatorPanel/prop/IndicatorPanel
[LOG 18:58:02.531] Config(PROP) Squad/Props/IVANavBall/prop/NavBall
[LOG 18:58:02.531] Config(PROP) Squad/Props/IVANavBallNoBase/prop/NavBallNoBase
[LOG 18:58:02.531] Config(PROP) Squad/Props/ledPanelSpeed/prop/ledPanelSpeed
[LOG 18:58:02.531] Config(PROP) Squad/Props/Monitor/DockingMode/MonitorDockingMode
[LOG 18:58:02.532] Config(PROP) Squad/Props/NavBall/prop/NavBall
[LOG 18:58:02.532] Config(PROP) Squad/Props/PropsGeneric/Button_DockingMode/Button_DockingMode
[LOG 18:58:02.532] Config(PROP) Squad/Props/PropsGeneric/CargoBagA/CargoBagA
[LOG 18:58:02.532] Config(PROP) Squad/Props/PropsGeneric/CargoBagB/CargoBagB
[LOG 18:58:02.532] Config(PROP) Squad/Props/PropsGeneric/CargoBagC/CargoBagC
[LOG 18:58:02.532] Config(PROP) Squad/Props/PropsGeneric/Hatch_Plane/Hatch_Plane
[LOG 18:58:02.532] Config(PROP) Squad/Props/PropsGeneric/Hatch_Plane_Curve90/Hatch_Plane_Curve90
[LOG 18:58:02.532] Config(PROP) Squad/Props/PropsGeneric/Hatch_Plane_Frame/Hatch_Plane_Frame
[LOG 18:58:02.532] Config(PROP) Squad/Props/PropsGeneric/Seat_Passenger/Seat_Passenger
[LOG 18:58:02.532] Config(PROP) Squad/Props/PropsGeneric/Seat_Pilot/Seat_Pilot
[LOG 18:58:02.532] Config(PROP) Squad/Props/PropsGeneric/Seat_Pilot_Helmet/Seat_Pilot_Helmet
[LOG 18:58:02.532] Config(PROP) Squad/Props/PropsGeneric/SideStick/SideStick
[LOG 18:58:02.532] Config(PROP) Squad/Props/pullSwitch/prop/pullSwitch
[LOG 18:58:02.532] Config(PROP) Squad/Props/radarAltitude/prop/RadarAltimeter
[LOG 18:58:02.532] Config(PROP) Squad/Props/squareButton/prop/squareButton
[LOG 18:58:02.532] Config(PROP) Squad/Props/standingSwitch/prop/standingSwitch
[LOG 18:58:02.532] Config(PROP) Squad/Props/switch/prop/switch
[LOG 18:58:02.532] Config(PROP) Squad/Props/switchGuard/prop/switchGuard
[LOG 18:58:02.532] Config(PROP) Squad/Props/switchWithGuards/prop/switchWithGuards
[LOG 18:58:02.532] Config(PROP) Squad/Props/throttle/prop/throttle
[LOG 18:58:02.532] Config(PROP) Squad/Props/VSI/prop/VSI
[LOG 18:58:02.532] Config(SPACEOBJECTS_LIMITS) Squad/Resources/CometDefs/SPACEOBJECTS_LIMITS
[LOG 18:58:02.532] Config(COMET_MANAGER) Squad/Resources/CometDefs/COMET_MANAGER
[LOG 18:58:02.532] Config(COMET_ORBIT_TYPE) Squad/Resources/CometDefs/short
[LOG 18:58:02.532] Config(COMET_ORBIT_TYPE) Squad/Resources/CometDefs/intermediate
[LOG 18:58:02.532] Config(COMET_ORBIT_TYPE) Squad/Resources/CometDefs/long
[LOG 18:58:02.532] Config(COMET_ORBIT_TYPE) Squad/Resources/CometDefs/interstellar
[LOG 18:58:02.533] Config(FIREWORKFX_DEFINITION) Squad/Resources/FireworkFXDefinitions/classicTrail
[LOG 18:58:02.533] Config(FIREWORKFX_DEFINITION) Squad/Resources/FireworkFXDefinitions/whirlyTrail
[LOG 18:58:02.533] Config(FIREWORKFX_DEFINITION) Squad/Resources/FireworkFXDefinitions/strobeTrail
[LOG 18:58:02.533] Config(FIREWORKFX_DEFINITION) Squad/Resources/FireworkFXDefinitions/bareTrail
[LOG 18:58:02.533] Config(FIREWORKFX_DEFINITION) Squad/Resources/FireworkFXDefinitions/classicBurst
[LOG 18:58:02.533] Config(FIREWORKFX_DEFINITION) Squad/Resources/FireworkFXDefinitions/chrysBurst
[LOG 18:58:02.533] Config(FIREWORKFX_DEFINITION) Squad/Resources/FireworkFXDefinitions/palmBurst
[LOG 18:58:02.533] Config(FIREWORKFX_DEFINITION) Squad/Resources/FireworkFXDefinitions/ringBurst
[LOG 18:58:02.533] Config(FIREWORKFX_DEFINITION) Squad/Resources/FireworkFXDefinitions/crosetteBurst
[LOG 18:58:02.533] Config(FIREWORKFX_DEFINITION) Squad/Resources/FireworkFXDefinitions/willowBurst
[LOG 18:58:02.533] Config(FIREWORKFX_DEFINITION) Squad/Resources/FireworkFXDefinitions/crackeBurst
[LOG 18:58:02.533] Config(FIREWORKFX_DEFINITION) Squad/Resources/FireworkFXDefinitions/palmCrackleBurst
[LOG 18:58:02.533] Config(FIREWORKFX_DEFINITION) Squad/Resources/FireworkFXDefinitions/dragonBurst
[LOG 18:58:02.533] Config(GLOBAL_RESOURCE) Squad/Resources/Ore/GLOBAL_RESOURCE
[LOG 18:58:02.533] Config(PLANETARY_RESOURCE) Squad/Resources/Ore/PLANETARY_RESOURCE
[LOG 18:58:02.533] Config(PLANETARY_RESOURCE) Squad/Resources/Ore/PLANETARY_RESOURCE
[LOG 18:58:02.533] Config(RESOURCE_OVERLAY_CONFIGURATION_SOLID) Squad/Resources/Overlay/RESOURCE_OVERLAY_CONFIGURATION_SOLID
[LOG 18:58:02.533] Config(RESOURCE_OVERLAY_CONFIGURATION_LINES) Squad/Resources/Overlay/RESOURCE_OVERLAY_CONFIGURATION_LINES
[LOG 18:58:02.533] Config(RESOURCE_OVERLAY_CONFIGURATION_DOTS) Squad/Resources/Overlay/RESOURCE_OVERLAY_CONFIGURATION_DOTS
[LOG 18:58:02.533] Config(RESOURCE_CONFIGURATION) Squad/Resources/ResourceDefaults/RESOURCE_CONFIGURATION
[LOG 18:58:02.533] Config(RESOURCE_DEFINITION) Squad/Resources/ResourcesGeneric/LiquidFuel
[LOG 18:58:02.533] Config(RESOURCE_DEFINITION) Squad/Resources/ResourcesGeneric/Oxidizer
[LOG 18:58:02.533] Config(RESOURCE_DEFINITION) Squad/Resources/ResourcesGeneric/SolidFuel
[LOG 18:58:02.533] Config(RESOURCE_DEFINITION) Squad/Resources/ResourcesGeneric/MonoPropellant
[LOG 18:58:02.533] Config(RESOURCE_DEFINITION) Squad/Resources/ResourcesGeneric/XenonGas
[LOG 18:58:02.533] Config(RESOURCE_DEFINITION) Squad/Resources/ResourcesGeneric/ElectricCharge
[LOG 18:58:02.533] Config(RESOURCE_DEFINITION) Squad/Resources/ResourcesGeneric/IntakeAir
[LOG 18:58:02.533] Config(RESOURCE_DEFINITION) Squad/Resources/ResourcesGeneric/EVA Propellant
[LOG 18:58:02.533] Config(RESOURCE_DEFINITION) Squad/Resources/ResourcesGeneric/Ore
[LOG 18:58:02.534] Config(RESOURCE_DEFINITION) Squad/Resources/ResourcesGeneric/Ablator
[LOG 18:58:02.534] Config(EXPERIMENT_DEFINITION) Squad/Resources/ScienceDefs/EXPERIMENT_DEFINITION
[LOG 18:58:02.534] Config(EXPERIMENT_DEFINITION) Squad/Resources/ScienceDefs/EXPERIMENT_DEFINITION
[LOG 18:58:02.534] Config(EXPERIMENT_DEFINITION) Squad/Resources/ScienceDefs/EXPERIMENT_DEFINITION
[LOG 18:58:02.534] Config(EXPERIMENT_DEFINITION) Squad/Resources/ScienceDefs/EXPERIMENT_DEFINITION
[LOG 18:58:02.534] Config(EXPERIMENT_DEFINITION) Squad/Resources/ScienceDefs/EXPERIMENT_DEFINITION
[LOG 18:58:02.534] Config(EXPERIMENT_DEFINITION) Squad/Resources/ScienceDefs/EXPERIMENT_DEFINITION
[LOG 18:58:02.534] Config(EXPERIMENT_DEFINITION) Squad/Resources/ScienceDefs/EXPERIMENT_DEFINITION
[LOG 18:58:02.534] Config(EXPERIMENT_DEFINITION) Squad/Resources/ScienceDefs/EXPERIMENT_DEFINITION
[LOG 18:58:02.534] Config(EXPERIMENT_DEFINITION) Squad/Resources/ScienceDefs/EXPERIMENT_DEFINITION
[LOG 18:58:02.534] Config(EXPERIMENT_DEFINITION) Squad/Resources/ScienceDefs/EXPERIMENT_DEFINITION
[LOG 18:58:02.534] Config(EXPERIMENT_DEFINITION) Squad/Resources/ScienceDefs/EXPERIMENT_DEFINITION
[LOG 18:58:02.534] Config(EXPERIMENT_DEFINITION) Squad/Resources/ScienceDefs/EXPERIMENT_DEFINITION
[LOG 18:58:02.534] Config(EXPERIMENT_DEFINITION) Squad/Resources/ScienceDefs/EXPERIMENT_DEFINITION
[LOG 18:58:02.534] Config(EXPERIMENT_DEFINITION) Squad/Resources/ScienceDefs/EXPERIMENT_DEFINITION
[LOG 18:58:02.534] Config(EXPERIMENT_DEFINITION) Squad/Resources/ScienceDefs/EXPERIMENT_DEFINITION
[LOG 18:58:02.534] Config(EXPERIMENT_DEFINITION) Squad/Resources/ScienceDefs/EXPERIMENT_DEFINITION
[LOG 18:58:02.534] Config(EXPERIMENT_DEFINITION) Squad/Resources/ScienceDefs/EXPERIMENT_DEFINITION
[LOG 18:58:02.534] Config(EXPERIMENT_DEFINITION) Squad/Resources/ScienceDefs/EXPERIMENT_DEFINITION
[LOG 18:58:02.534] Config(STORY_DEF) Squad/Resources/StoryDefs/STORY_DEF
[LOG 18:58:02.534] Config(TechTree) Squad/Resources/TechTree/TechTree
[LOG 18:58:02.534] Config(INTERNAL) Squad/Spaces/crewCabinInternals/internal/crewCabinInternals
[LOG 18:58:02.534] Config(INTERNAL) Squad/Spaces/cupolaInternal/internal/cupolaInternal
[LOG 18:58:02.534] Config(INTERNAL) Squad/Spaces/GenericSpace1/internal/GenericSpace1
[LOG 18:58:02.534] Config(INTERNAL) Squad/Spaces/GenericSpace3/internal/GenericSpace3
[LOG 18:58:02.534] Config(INTERNAL) Squad/Spaces/landerCabinInternals/internal/landerCabinInternals
[LOG 18:58:02.534] Config(INTERNAL) Squad/Spaces/landerCabinSmallInternal/internal/landerCabinSmallInternal
[LOG 18:58:02.535] Config(INTERNAL) Squad/Spaces/LargeCrewedLabInternals/internal/Mobile_Processing_Lab_Int
[LOG 18:58:02.535] Config(INTERNAL) Squad/Spaces/Mk1-3/internal/Mk1-3
[LOG 18:58:02.535] Config(INTERNAL) Squad/Spaces/mk1CabinInternal/internal/mk1CabinInternal
[LOG 18:58:02.535] Config(INTERNAL) Squad/Spaces/mk1CockpitInternal/internal/mk1CockpitInternal
[LOG 18:58:02.535] Config(INTERNAL) Squad/Spaces/mk1InlineInternal/internal/mk1InlineInternal
[LOG 18:58:02.535] Config(INTERNAL) Squad/Spaces/mk1PodCockpit/internal/mk1PodCockpit
[LOG 18:58:02.535] Config(INTERNAL) Squad/Spaces/mk1pod_IVA/mk1pod_Internal/mk1pod_IVA
[LOG 18:58:02.535] Config(INTERNAL) Squad/Spaces/mk2CockpitStandardInternal/internal/mk2CockpitStandardInternals
[LOG 18:58:02.535] Config(INTERNAL) Squad/Spaces/Mk2CrewCabinInternal/internal_MK2_CrewCab/MK2_CrewCab_Int
[LOG 18:58:02.535] Config(INTERNAL) Squad/Spaces/mk2InlineInternal/internal/mk2InlineInternal
[LOG 18:58:02.535] Config(INTERNAL) Squad/Spaces/mk2LanderCanInternal/internal/mk2LanderCanInternal
[LOG 18:58:02.535] Config(INTERNAL) Squad/Spaces/MK3CockpitInternal/internal_MK3/MK3_Cockpit_Int
[LOG 18:58:02.535] Config(INTERNAL) Squad/Spaces/MK3_CrewCab_Int/internal_MK3_CrewCab/MK3_CrewCab_Int
[LOG 18:58:02.535] Config(INTERNAL) Squad/Spaces/Placeholder/internal/Placeholder
[LOG 18:58:02.535] Config(INTERNAL) Squad/Spaces/PodCockpit/internal/PodCockpit
[LOG 18:58:02.535] Config(STRATEGY_DEPARTMENT) Squad/Strategies/Departments/Finances
[LOG 18:58:02.535] Config(STRATEGY_DEPARTMENT) Squad/Strategies/Departments/Science
[LOG 18:58:02.535] Config(STRATEGY_DEPARTMENT) Squad/Strategies/Departments/Public Relations
[LOG 18:58:02.535] Config(STRATEGY_DEPARTMENT) Squad/Strategies/Departments/Operations
[LOG 18:58:02.535] Config(STRATEGY) Squad/Strategies/Strategies/AppreciationCampaignCfg
[LOG 18:58:02.535] Config(STRATEGY) Squad/Strategies/Strategies/FundraisingCampaignCfg
[LOG 18:58:02.535] Config(STRATEGY) Squad/Strategies/Strategies/OpenSourceTechProgramCfg
[LOG 18:58:02.535] Config(STRATEGY) Squad/Strategies/Strategies/UnpaidResearchProgramCfg
[LOG 18:58:02.535] Config(STRATEGY) Squad/Strategies/Strategies/OutsourcedResearchCfg
[LOG 18:58:02.535] Config(STRATEGY) Squad/Strategies/Strategies/PatentsLicensingCfg
[LOG 18:58:02.536] Config(STRATEGY) Squad/Strategies/Strategies/AgressiveNegotiations
[LOG 18:58:02.536] Config(STRATEGY) Squad/Strategies/Strategies/RecoveryTransponders
[LOG 18:58:02.536] Config(STRATEGY) Squad/Strategies/Strategies/BailoutGrant
[LOG 18:58:02.536] Config(STRATEGY) Squad/Strategies/Strategies/researchIPsellout
[LOG 18:58:02.536] Config(STRATEGY) Squad/Strategies/Strategies/LeadershipInitiative
[LOG 18:58:02.536] Config(TUTORIAL) Squad/Tutorials/FlightSuborbital/FlightSuborbital
[LOG 18:58:02.536] Config(TUTORIAL) Squad/Tutorials/FromMun/FromMun
[LOG 18:58:02.536] Config(TUTORIAL) Squad/Tutorials/GoForOrbit/GoForOrbit
[LOG 18:58:02.536] Config(MISSIONPACK) SquadExpansion/MakingHistory/Missions/MissionPacks/squad_MakingHistory
[LOG 18:58:02.536] Config(MISSIONPACK) SquadExpansion/MakingHistory/Missions/MissionPacks/squad_MakingHistory_Other
[LOG 18:58:02.536] Config(MISSIONPACK) SquadExpansion/MakingHistory/Missions/MissionPacks/squad_MakingHistory_Tutorial
[LOG 18:58:02.536] Config(MEBASICNODE) SquadExpansion/MakingHistory/Nodes/AccuracyLogic/TestAccuracyLogic
[LOG 18:58:02.536] Config(MEBASICNODE) SquadExpansion/MakingHistory/Nodes/ActionChancePartResourceLevels/ActionPartResourceAmount
[LOG 18:58:02.536] Config(MEBASICNODE) SquadExpansion/MakingHistory/Nodes/ActionExplode/ActionVesselExplode
[LOG 18:58:02.536] Config(MEBASICNODE) SquadExpansion/MakingHistory/Nodes/ActionMissionScore/MissionScore
[LOG 18:58:02.536] Config(MEBASICNODE) SquadExpansion/MakingHistory/Nodes/ActionModifierFunds/ModifyFunds
[LOG 18:58:02.536] Config(MEBASICNODE) SquadExpansion/MakingHistory/Nodes/ActionModifierScore/MissionScore
[LOG 18:58:02.536] Config(MEBASICNODE) SquadExpansion/MakingHistory/Nodes/ActionPartExplode/ActionPartExplode
[LOG 18:58:02.536] Config(MEBASICNODE) SquadExpansion/MakingHistory/Nodes/ActionPartResourceDrain/ActionPartResourceDrain
[LOG 18:58:02.536] Config(MEBASICNODE) SquadExpansion/MakingHistory/Nodes/ActionVesselActionGroup/ActionVesselActionGroup
[LOG 18:58:02.536] Config(MEBASICNODE) SquadExpansion/MakingHistory/Nodes/ActionVesselStage/ActionVesselStage
[LOG 18:58:02.536] Config(MEBASICNODE) SquadExpansion/MakingHistory/Nodes/CreateAsteroid/CreateAsteroid
[LOG 18:58:02.536] Config(MEBASICNODE) SquadExpansion/MakingHistory/Nodes/CreateComet/CreateComet
[LOG 18:58:02.536] Config(MEBASICNODE) SquadExpansion/MakingHistory/Nodes/CreateFlag/CreateFlag
[LOG 18:58:02.536] Config(MEBASICNODE) SquadExpansion/MakingHistory/Nodes/CreateLaunchSite/CreateLaunchSite
[LOG 18:58:02.536] Config(MEBASICNODE) SquadExpansion/MakingHistory/Nodes/CreateVessel/CreateVessel
[LOG 18:58:02.536] Config(MEBASICNODE) SquadExpansion/MakingHistory/Nodes/CrewAssignment/TestCrewAssignment
[LOG 18:58:02.537] Config(MEBASICNODE) SquadExpansion/MakingHistory/Nodes/Destroyed/Crashed
[LOG 18:58:02.537] Config(MEBASICNODE) SquadExpansion/MakingHistory/Nodes/DialogMessage/DialogMessage
[LOG 18:58:02.537] Config(MEBASICNODE) SquadExpansion/MakingHistory/Nodes/Distance/Distance
[LOG 18:58:02.537] Config(MEBASICNODE) SquadExpansion/MakingHistory/Nodes/EmptyFalse/EmptyFalse
[LOG 18:58:02.537] Config(MEBASICNODE) SquadExpansion/MakingHistory/Nodes/EmptyTrue/EmptyTrue
[LOG 18:58:02.537] Config(MEBASICNODE) SquadExpansion/MakingHistory/Nodes/EscapeSOI/SOILeft
[LOG 18:58:02.537] Config(MEBASICNODE) SquadExpansion/MakingHistory/Nodes/EVA/EVA
[LOG 18:58:02.537] Config(MEBASICNODE) SquadExpansion/MakingHistory/Nodes/Flying/Flying
[LOG 18:58:02.537] Config(MEBASICNODE) SquadExpansion/MakingHistory/Nodes/FundsRecovery/FundsRecovery
[LOG 18:58:02.537] Config(MEBASICNODE) SquadExpansion/MakingHistory/Nodes/KerbalBoarded/TestKerbalBoarded
[LOG 18:58:02.537] Config(MEBASICNODE) SquadExpansion/MakingHistory/Nodes/KerbalKilled/EVA
[LOG 18:58:02.537] Config(MEBASICNODE) SquadExpansion/MakingHistory/Nodes/KerbalRecovery/KerbalRecovery
[LOG 18:58:02.537] Config(MEBASICNODE) SquadExpansion/MakingHistory/Nodes/KerbalRescue/KerbalRescue
[LOG 18:58:02.537] Config(MEBASICNODE) SquadExpansion/MakingHistory/Nodes/Landed/Landed
[LOG 18:58:02.537] Config(MEBASICNODE) SquadExpansion/MakingHistory/Nodes/Message/Message
[LOG 18:58:02.537] Config(MEBASICNODE) SquadExpansion/MakingHistory/Nodes/MissionFunds/MissionFunds
[LOG 18:58:02.537] Config(MEBASICNODE) SquadExpansion/MakingHistory/Nodes/MissionScore/MissionScore
[LOG 18:58:02.537] Config(MEBASICNODE) SquadExpansion/MakingHistory/Nodes/Orbit/Orbit
[LOG 18:58:02.537] Config(MEBASICNODE) SquadExpansion/MakingHistory/Nodes/OrbitParams/OrbitParams
[LOG 18:58:02.537] Config(MEBASICNODE) SquadExpansion/MakingHistory/Nodes/PartDocking/TestPartDocking
[LOG 18:58:02.537] Config(MEBASICNODE) SquadExpansion/MakingHistory/Nodes/PartFailure/PartFailure
[LOG 18:58:02.537] Config(MEBASICNODE) SquadExpansion/MakingHistory/Nodes/PartGrapple/TestGrapple
[LOG 18:58:02.537] Config(MEBASICNODE) SquadExpansion/MakingHistory/Nodes/PartRepair/PartRepair
[LOG 18:58:02.537] Config(MEBASICNODE) SquadExpansion/MakingHistory/Nodes/PlaceKerbal/CreateKerbal
[LOG 18:58:02.537] Config(MEBASICNODE) SquadExpansion/MakingHistory/Nodes/PlantFlag/PlantFlag
[LOG 18:58:02.537] Config(MEBASICNODE) SquadExpansion/MakingHistory/Nodes/ReachSOI/ReachSOI
[LOG 18:58:02.537] Config(MEBASICNODE) SquadExpansion/MakingHistory/Nodes/Resource/ResourceAmount
[LOG 18:58:02.538] Config(MEBASICNODE) SquadExpansion/MakingHistory/Nodes/ResourceRecovery/TestResourcesRecovery
[LOG 18:58:02.538] Config(MEBASICNODE) SquadExpansion/MakingHistory/Nodes/ScienceExperiment/ScienceExperiment
[LOG 18:58:02.538] Config(MEBASICNODE) SquadExpansion/MakingHistory/Nodes/SetCamera/SetCamera
[LOG 18:58:02.538] Config(MEBASICNODE) SquadExpansion/MakingHistory/Nodes/SplashDown/SplashDown
[LOG 18:58:02.538] Config(MEBASICNODE) SquadExpansion/MakingHistory/Nodes/StageActivated/TestVesselStageActivated
[LOG 18:58:02.538] Config(MEBASICNODE) SquadExpansion/MakingHistory/Nodes/TakeKerbal/TestTakeKerbal
[LOG 18:58:02.538] Config(MEBASICNODE) SquadExpansion/MakingHistory/Nodes/TestFlyThrough/TestFlyThrough
[LOG 18:58:02.538] Config(MEBASICNODE) SquadExpansion/MakingHistory/Nodes/TestGoTo/TestGoTo
[LOG 18:58:02.538] Config(MEBASICNODE) SquadExpansion/MakingHistory/Nodes/TimeMET/TimeMET
[LOG 18:58:02.538] Config(MEBASICNODE) SquadExpansion/MakingHistory/Nodes/TimeOfMission/TimeOfMission
[LOG 18:58:02.538] Config(MEBASICNODE) SquadExpansion/MakingHistory/Nodes/TimeSinceNode/TestTimeSinceNode
[LOG 18:58:02.538] Config(MEBASICNODE) SquadExpansion/MakingHistory/Nodes/VesselActiveCount/TestVesselActiveCount
[LOG 18:58:02.538] Config(MEBASICNODE) SquadExpansion/MakingHistory/Nodes/VesselAltitudeGoal/VesselAltitudeGoal
[LOG 18:58:02.538] Config(MEBASICNODE) SquadExpansion/MakingHistory/Nodes/VesselCrewCount/VeselCrewCount
[LOG 18:58:02.538] Config(MEBASICNODE) SquadExpansion/MakingHistory/Nodes/VesselMassLogic/VesselMass
[LOG 18:58:02.538] Config(MEBASICNODE) SquadExpansion/MakingHistory/Nodes/VesselPartCount/PartCount
[LOG 18:58:02.538] Config(MEBASICNODE) SquadExpansion/MakingHistory/Nodes/VesselRecovery/TestVesselRecovery
[LOG 18:58:02.538] Config(MEBASICNODE) SquadExpansion/MakingHistory/Nodes/VesselStage/TestVesselStage
[LOG 18:58:02.538] Config(MEBASICNODE) SquadExpansion/MakingHistory/Nodes/VesselVelocity/VesselVelocity
[LOG 18:58:02.538] Config(PART) SquadExpansion/MakingHistory/Parts/Aero/protectiveRocketNoseMk16/rocketNoseCone_size4/rocketNoseConeSize4
[LOG 18:58:02.538] Config(PART) SquadExpansion/MakingHistory/Parts/Aero/protectiveRocketNoseMk5A/Size_1_5_Cone/Size_1_5_Cone
[LOG 18:58:02.538] Config(PART) SquadExpansion/MakingHistory/Parts/Coupling/Decoupler_1p5/Decoupler_1p5
[LOG 18:58:02.538] Config(PART) SquadExpansion/MakingHistory/Parts/Coupling/Decoupler_4/Decoupler_4
[LOG 18:58:02.538] Config(PART) SquadExpansion/MakingHistory/Parts/Coupling/EnginePlate_1p5/EnginePlate1p5
[LOG 18:58:02.538] Config(PART) SquadExpansion/MakingHistory/Parts/Coupling/EnginePlate_2/EnginePlate2
[LOG 18:58:02.538] Config(PART) SquadExpansion/MakingHistory/Parts/Coupling/EnginePlate_3/EnginePlate3
[LOG 18:58:02.539] Config(PART) SquadExpansion/MakingHistory/Parts/Coupling/EnginePlate_4/EnginePlate4
[LOG 18:58:02.539] Config(PART) SquadExpansion/MakingHistory/Parts/Coupling/EnginePlate_5/EnginePlate5
[LOG 18:58:02.539] Config(PART) SquadExpansion/MakingHistory/Parts/Coupling/InflatableAirlock/InflatableAirlock
[LOG 18:58:02.539] Config(PART) SquadExpansion/MakingHistory/Parts/Coupling/Separator_1p5/Separator_1p5
[LOG 18:58:02.539] Config(PART) SquadExpansion/MakingHistory/Parts/Coupling/Separator_4/Separator_4
[LOG 18:58:02.539] Config(PART) SquadExpansion/MakingHistory/Parts/Coupling/Size1p5_Strut_Decoupler/Size1p5_Strut_Decoupler
[LOG 18:58:02.539] Config(PART) SquadExpansion/MakingHistory/Parts/Engine/LiquidEngineKE-1/LiquidEngineKE-1
[LOG 18:58:02.539] Config(PART) SquadExpansion/MakingHistory/Parts/Engine/LiquidEngineLV-T91/LiquidEngineLV-T91
[LOG 18:58:02.539] Config(PART) SquadExpansion/MakingHistory/Parts/Engine/LiquidEngineLV-TX87/LiquidEngineLV-TX87
[LOG 18:58:02.539] Config(PART) SquadExpansion/MakingHistory/Parts/Engine/LiquidEngineRE-I2/LiquidEngineRE-I2
[LOG 18:58:02.539] Config(PART) SquadExpansion/MakingHistory/Parts/Engine/LiquidEngineRE-J10/LiquidEngineRE-J10
[LOG 18:58:02.539] Config(PART) SquadExpansion/MakingHistory/Parts/Engine/LiquidEngineRK-7/LiquidEngineRK-7
[LOG 18:58:02.539] Config(PART) SquadExpansion/MakingHistory/Parts/Engine/LiquidEngineRV-1/LiquidEngineRV-1
[LOG 18:58:02.539] Config(PART) SquadExpansion/MakingHistory/Parts/Engine/solidBoosterTHK/solidBoosterTHK/Pollux
[LOG 18:58:02.539] Config(PART) SquadExpansion/MakingHistory/Parts/FuelTank/MonoPropMini/monopropMiniSphere
[LOG 18:58:02.539] Config(PART) SquadExpansion/MakingHistory/Parts/FuelTank/Size1p5_Monoprop/Size1p5_Monoprop
[LOG 18:58:02.539] Config(PART) SquadExpansion/MakingHistory/Parts/FuelTank/Size1p5_Size0_Adapter_01/Size1p5_Size0_Adapter_01
[LOG 18:58:02.540] Config(PART) SquadExpansion/MakingHistory/Parts/FuelTank/Size1p5_Size1_Adapter_01/Size1p5_Size1_Adapter_01
[LOG 18:58:02.540] Config(PART) SquadExpansion/MakingHistory/Parts/FuelTank/Size1p5_Size1_Adapter_02/Size1p5_Size1_Adapter_02
[LOG 18:58:02.540] Config(PART) SquadExpansion/MakingHistory/Parts/FuelTank/Size1p5_Size2_Adapter_01/Size1p5_Size2_Adapter_01
[LOG 18:58:02.540] Config(PART) SquadExpansion/MakingHistory/Parts/FuelTank/Size1p5_Tank_01/Size1p5_Tank_01
[LOG 18:58:02.540] Config(PART) SquadExpansion/MakingHistory/Parts/FuelTank/Size1p5_Tank_02/Size1p5_Tank_02
[LOG 18:58:02.540] Config(PART) SquadExpansion/MakingHistory/Parts/FuelTank/Size1p5_Tank_03/Size1p5_Tank_03
[LOG 18:58:02.540] Config(PART) SquadExpansion/MakingHistory/Parts/FuelTank/Size1p5_Tank_04/Size1p5_Tank_04
[LOG 18:58:02.540] Config(PART) SquadExpansion/MakingHistory/Parts/FuelTank/Size1p5_Tank_05/Size1p5_Tank_05
[LOG 18:58:02.540] Config(PART) SquadExpansion/MakingHistory/Parts/FuelTank/Size3_Size4_Adapter_01/Size3_Size4_Adapter_01
[LOG 18:58:02.540] Config(PART) SquadExpansion/MakingHistory/Parts/FuelTank/Size4_EngineAdapter_01/Size4_EngineAdapter_01
[LOG 18:58:02.540] Config(PART) SquadExpansion/MakingHistory/Parts/FuelTank/Size4_Tank_01/Size4_Tank_01
[LOG 18:58:02.540] Config(PART) SquadExpansion/MakingHistory/Parts/FuelTank/Size4_Tank_02/Size4_Tank_02
[LOG 18:58:02.540] Config(PART) SquadExpansion/MakingHistory/Parts/FuelTank/Size4_Tank_03/Size4_Tank_03
[LOG 18:58:02.540] Config(PART) SquadExpansion/MakingHistory/Parts/FuelTank/Size4_Tank_04/Size4_Tank_04
[LOG 18:58:02.540] Config(PART) SquadExpansion/MakingHistory/Parts/Ground/RoverWheel/roverWheelM1-F
[LOG 18:58:02.540] Config(PART) SquadExpansion/MakingHistory/Parts/Payload/fairingSize1p5/fairingSize1p5
[LOG 18:58:02.540] Config(PART) SquadExpansion/MakingHistory/Parts/Payload/fairingSize4/fairingSize4
[LOG 18:58:02.540] Config(PART) SquadExpansion/MakingHistory/Parts/Payload/Size1to0ServiceModule/Size1to0ServiceModule
[LOG 18:58:02.540] Config(PART) SquadExpansion/MakingHistory/Parts/Payload/SM18/ServiceModule18
[LOG 18:58:02.540] Config(PART) SquadExpansion/MakingHistory/Parts/Payload/SM25/ServiceModule25
[LOG 18:58:02.540] Config(PART) SquadExpansion/MakingHistory/Parts/Pods/KV1Pod/kv1Pod
[LOG 18:58:02.540] Config(PART) SquadExpansion/MakingHistory/Parts/Pods/KV2Pod/kv2Pod
[LOG 18:58:02.541] Config(PART) SquadExpansion/MakingHistory/Parts/Pods/KV3Pod/kv3Pod
[LOG 18:58:02.541] Config(PART) SquadExpansion/MakingHistory/Parts/Pods/Mk2Pod/Mk2Pod
[LOG 18:58:02.541] Config(PART) SquadExpansion/MakingHistory/Parts/Pods/Size1_5_Lander/MEMLander
[LOG 18:58:02.541] Config(PART) SquadExpansion/MakingHistory/Parts/Prebuilt/kerbalEVAfemaleVintage/kerbalEVAfemaleVintage
[LOG 18:58:02.541] Config(PART) SquadExpansion/MakingHistory/Parts/Prebuilt/kerbalEVAVintage/kerbalEVAVintage
[LOG 18:58:02.541] Config(PART) SquadExpansion/MakingHistory/Parts/Structural/EquiTriangle0/EquiTriangle0
[LOG 18:58:02.541] Config(PART) SquadExpansion/MakingHistory/Parts/Structural/EquiTriangle1/EquiTriangle1
[LOG 18:58:02.541] Config(PART) SquadExpansion/MakingHistory/Parts/Structural/EquiTriangle1p5/EquiTriangle1p5
[LOG 18:58:02.541] Config(PART) SquadExpansion/MakingHistory/Parts/Structural/EquiTriangle2/EquiTriangle2
[LOG 18:58:02.541] Config(PART) SquadExpansion/MakingHistory/Parts/Structural/Panel0/Panel0
[LOG 18:58:02.541] Config(PART) SquadExpansion/MakingHistory/Parts/Structural/Panel1/Panel1
[LOG 18:58:02.541] Config(PART) SquadExpansion/MakingHistory/Parts/Structural/Panel1p5/Panel1p5
[LOG 18:58:02.541] Config(PART) SquadExpansion/MakingHistory/Parts/Structural/Panel2/Panel2
[LOG 18:58:02.541] Config(PART) SquadExpansion/MakingHistory/Parts/Structural/Triangle0/Triangle0
[LOG 18:58:02.541] Config(PART) SquadExpansion/MakingHistory/Parts/Structural/Triangle1/Triangle1
[LOG 18:58:02.541] Config(PART) SquadExpansion/MakingHistory/Parts/Structural/Triangle1p5/Triangle1p5
[LOG 18:58:02.541] Config(PART) SquadExpansion/MakingHistory/Parts/Structural/Triangle2/Triangle2
[LOG 18:58:02.541] Config(PART) SquadExpansion/MakingHistory/Parts/Structural/Tube1/Tube1
[LOG 18:58:02.541] Config(PART) SquadExpansion/MakingHistory/Parts/Structural/Tube1p5/Tube1p5
[LOG 18:58:02.541] Config(PART) SquadExpansion/MakingHistory/Parts/Structural/Tube2/Tube2
[LOG 18:58:02.541] Config(PART) SquadExpansion/MakingHistory/Parts/Structural/Tube3/Tube3
[LOG 18:58:02.541] Config(PART) SquadExpansion/MakingHistory/Parts/Structural/Tube4/Tube4
[LOG 18:58:02.541] Config(PART) SquadExpansion/MakingHistory/Parts/Thermal/HeatShield1p5/HeatShield1p5
[LOG 18:58:02.541] Config(PART) SquadExpansion/MakingHistory/Parts/Utility/flags/flagSize1p5/flagSize1p5/flagPartSize1p5
[LOG 18:58:02.541] Config(PART) SquadExpansion/MakingHistory/Parts/Utility/flags/flagSize4/flagSize4/flagPartSize4
[LOG 18:58:02.542] Config(INTERNAL) SquadExpansion/MakingHistory/Spaces/KVPods/Airlock_Internal/Airlock_IVA
[LOG 18:58:02.542] Config(INTERNAL) SquadExpansion/MakingHistory/Spaces/KVPods/KV1_Internal/KV1_IVA
[LOG 18:58:02.542] Config(INTERNAL) SquadExpansion/MakingHistory/Spaces/KVPods/KV2_Internal/KV2_IVA
[LOG 18:58:02.542] Config(INTERNAL) SquadExpansion/MakingHistory/Spaces/KVPods/KV3_Internal/KV3_IVA
[LOG 18:58:02.542] Config(INTERNAL) SquadExpansion/MakingHistory/Spaces/MEM/MEM_IVA/MEM_IVA
[LOG 18:58:02.542] Config(INTERNAL) SquadExpansion/MakingHistory/Spaces/Mk2Pod/Mk2Pod_Internal/MK2POD_IVA
[LOG 18:58:02.542] Config(Contracts) SquadExpansion/Serenity/Contracts/contracts/Contracts
[LOG 18:58:02.542] Config(EXPERIENCE_TRAIT) SquadExpansion/Serenity/Experience/Traits/Engineer
[LOG 18:58:02.542] Config(EXPERIENCE_TRAIT) SquadExpansion/Serenity/Experience/Traits/Scientist
[LOG 18:58:02.542] Config(Localization) SquadExpansion/Serenity/Localization/dictionary/Localization
[LOG 18:58:02.542] Config(PART) SquadExpansion/Serenity/Parts/Aero/FanShroud_01/FanShroud_01
[LOG 18:58:02.542] Config(PART) SquadExpansion/Serenity/Parts/Aero/FanShroud_02/FanShroud_02
[LOG 18:58:02.542] Config(PART) SquadExpansion/Serenity/Parts/Aero/FanShroud_03/FanShroud_03
[LOG 18:58:02.542] Config(PART) SquadExpansion/Serenity/Parts/Aero/noseconeTiny/noseconeTiny
[LOG 18:58:02.542] Config(PART) SquadExpansion/Serenity/Parts/Aero/noseconeVS/noseconeVS
[LOG 18:58:02.542] Config(PART) SquadExpansion/Serenity/Parts/DeployedScience/centralStation/DeployedCentralStation
[LOG 18:58:02.542] Config(PART) SquadExpansion/Serenity/Parts/DeployedScience/gooObservation/DeployedGoExOb
[LOG 18:58:02.542] Config(PART) SquadExpansion/Serenity/Parts/DeployedScience/ionCollector/DeployedIONExp
[LOG 18:58:02.542] Config(PART) SquadExpansion/Serenity/Parts/DeployedScience/rtg/DeployedRTG
[LOG 18:58:02.542] Config(PART) SquadExpansion/Serenity/Parts/DeployedScience/satDish/DeployedSatDish
[LOG 18:58:02.542] Config(PART) SquadExpansion/Serenity/Parts/DeployedScience/seismicSensor/DeployedSeismicSensor
[LOG 18:58:02.542] Config(PART) SquadExpansion/Serenity/Parts/DeployedScience/solarPanel/DeployedSolarPanel
[LOG 18:58:02.542] Config(PART) SquadExpansion/Serenity/Parts/DeployedScience/weatherStation/DeployedWeatherStn
[LOG 18:58:02.542] Config(PART) SquadExpansion/Serenity/Parts/Prebuilt/kerbalEVA/kerbalEVA
[LOG 18:58:02.542] Config(PART) SquadExpansion/Serenity/Parts/Prebuilt/kerbalEVAfemale/kerbalEVAfemale
[LOG 18:58:02.542] Config(PART) SquadExpansion/Serenity/Parts/Prebuilt/kerbalEVAfemaleFuture/kerbalEVAfemaleFuture
[LOG 18:58:02.543] Config(PART) SquadExpansion/Serenity/Parts/Prebuilt/kerbalEVAfemaleVintage/kerbalEVAfemaleVintage
[LOG 18:58:02.543] Config(PART) SquadExpansion/Serenity/Parts/Prebuilt/kerbalEVAFuture/kerbalEVAFuture
[LOG 18:58:02.543] Config(PART) SquadExpansion/Serenity/Parts/Prebuilt/kerbalEVASlimSuit/kerbalEVASlimSuit
[LOG 18:58:02.543] Config(PART) SquadExpansion/Serenity/Parts/Prebuilt/kerbalEVASlimSuitFemale/kerbalEVASlimSuitFemale
[LOG 18:58:02.543] Config(PART) SquadExpansion/Serenity/Parts/Prebuilt/kerbalEVAVintage/kerbalEVAVintage
[LOG 18:58:02.543] Config(PART) SquadExpansion/Serenity/Parts/Propellers/largeFanBlade/largeFanBlade
[LOG 18:58:02.543] Config(PART) SquadExpansion/Serenity/Parts/Propellers/largeHeliBlade/largeHeliBlade
[LOG 18:58:02.543] Config(PART) SquadExpansion/Serenity/Parts/Propellers/largePropeller/largePropeller
[LOG 18:58:02.543] Config(PART) SquadExpansion/Serenity/Parts/Propellers/mediumFanBlade/mediumFanBlade
[LOG 18:58:02.543] Config(PART) SquadExpansion/Serenity/Parts/Propellers/mediumHeliBlade/mediumHeliBlade
[LOG 18:58:02.543] Config(PART) SquadExpansion/Serenity/Parts/Propellers/mediumPropeller/mediumPropeller
[LOG 18:58:02.543] Config(PART) SquadExpansion/Serenity/Parts/Propellers/smallFanBlade/smallFanBlade
[LOG 18:58:02.543] Config(PART) SquadExpansion/Serenity/Parts/Propellers/smallHeliBlade/smallHeliBlade
[LOG 18:58:02.543] Config(PART) SquadExpansion/Serenity/Parts/Propellers/smallPropeller/smallPropeller
[LOG 18:58:02.543] Config(PART) SquadExpansion/Serenity/Parts/Robotics/hinge_01/hinge_01
[LOG 18:58:02.543] Config(PART) SquadExpansion/Serenity/Parts/Robotics/hinge_01_s/hinge_01_s
[LOG 18:58:02.543] Config(PART) SquadExpansion/Serenity/Parts/Robotics/hinge_03/hinge_03
[LOG 18:58:02.543] Config(PART) SquadExpansion/Serenity/Parts/Robotics/hinge_03_s/hinge_03_s
[LOG 18:58:02.543] Config(PART) SquadExpansion/Serenity/Parts/Robotics/hinge_04/hinge_04
[LOG 18:58:02.543] Config(PART) SquadExpansion/Serenity/Parts/Robotics/piston_01/piston_01
[LOG 18:58:02.543] Config(PART) SquadExpansion/Serenity/Parts/Robotics/piston_02/piston_02
[LOG 18:58:02.543] Config(PART) SquadExpansion/Serenity/Parts/Robotics/piston_03/piston_03
[LOG 18:58:02.543] Config(PART) SquadExpansion/Serenity/Parts/Robotics/piston_04/piston_04
[LOG 18:58:02.543] Config(PART) SquadExpansion/Serenity/Parts/Robotics/RotorEngine_02/RotorEngine_02
[LOG 18:58:02.543] Config(PART) SquadExpansion/Serenity/Parts/Robotics/RotorEngine_03/RotorEngine_03
[LOG 18:58:02.543] Config(PART) SquadExpansion/Serenity/Parts/Robotics/rotor_01/rotor_01
[LOG 18:58:02.543] Config(PART) SquadExpansion/Serenity/Parts/Robotics/rotor_01s/rotor_01s
[LOG 18:58:02.544] Config(PART) SquadExpansion/Serenity/Parts/Robotics/rotor_02/rotor_02
[LOG 18:58:02.544] Config(PART) SquadExpansion/Serenity/Parts/Robotics/rotor_02s/rotor_02s
[LOG 18:58:02.544] Config(PART) SquadExpansion/Serenity/Parts/Robotics/rotor_03/rotor_03
[LOG 18:58:02.544] Config(PART) SquadExpansion/Serenity/Parts/Robotics/rotor_03s/rotor_03s
[LOG 18:58:02.544] Config(PART) SquadExpansion/Serenity/Parts/Robotics/rotoServo_00/rotoServo_00
[LOG 18:58:02.544] Config(PART) SquadExpansion/Serenity/Parts/Robotics/rotoServo_02/rotoServo_02
[LOG 18:58:02.544] Config(PART) SquadExpansion/Serenity/Parts/Robotics/rotoServo_03/rotoServo_03
[LOG 18:58:02.544] Config(PART) SquadExpansion/Serenity/Parts/Robotics/rotoServo_04/rotoServo_04
[LOG 18:58:02.544] Config(PART) SquadExpansion/Serenity/Parts/Robotics/Controllers/KAL1000/controller1000
[LOG 18:58:02.544] Config(PART) SquadExpansion/Serenity/Parts/Science/RobotArmScanner/RobotArmScanner_S1/RobotArmScanner_S1
[LOG 18:58:02.544] Config(PART) SquadExpansion/Serenity/Parts/Science/RobotArmScanner/RobotArmScanner_S2/RobotArmScanner_S2
[LOG 18:58:02.544] Config(PART) SquadExpansion/Serenity/Parts/Science/RobotArmScanner/RobotArmScanner_S3/RobotArmScanner_S3
[LOG 18:58:02.544] Config(PART) SquadExpansion/Serenity/Parts/Structural/gripPads/lGripPad/lGripPad
[LOG 18:58:02.544] Config(PART) SquadExpansion/Serenity/Parts/Structural/gripPads/lGripStrip/lGripStrip
[LOG 18:58:02.544] Config(PART) SquadExpansion/Serenity/Parts/Structural/gripPads/mGripPad/mGripPad
[LOG 18:58:02.544] Config(PART) SquadExpansion/Serenity/Parts/Structural/gripPads/sGripPad/sGripPad
[LOG 18:58:02.544] Config(PART) SquadExpansion/Serenity/Parts/Structural/gripPads/sGripStrip/sGripStrip
[LOG 18:58:02.544] Config(DEPLOYEDSCIENCE) SquadExpansion/Serenity/Resources/DeployedScience/DEPLOYEDSCIENCE
[LOG 18:58:02.544] Config(PHYSICMATERIAL_DEFINITION) SquadExpansion/Serenity/Resources/PhysicsMaterials/MediumGrip
[LOG 18:58:02.544] Config(PHYSICMATERIAL_DEFINITION) SquadExpansion/Serenity/Resources/PhysicsMaterials/HighGrip
[LOG 18:58:02.544] Config(PHYSICMATERIAL_DEFINITION) SquadExpansion/Serenity/Resources/PhysicsMaterials/ExtremeGrip
[LOG 18:58:02.544] Config(PHYSICMATERIAL_DEFINITION) SquadExpansion/Serenity/Resources/PhysicsMaterials/LowGrip
[LOG 18:58:02.544] Config(PHYSICMATERIAL_DEFINITION) SquadExpansion/Serenity/Resources/PhysicsMaterials/Default
[LOG 18:58:02.544] Config(ROC_DEFINITION) SquadExpansion/Serenity/Resources/rocsdef/ROC_DEFINITION
[LOG 18:58:02.544] Config(ROC_DEFINITION) SquadExpansion/Serenity/Resources/rocsdef/ROC_DEFINITION
[LOG 18:58:02.544] Config(ROC_DEFINITION) SquadExpansion/Serenity/Resources/rocsdef/ROC_DEFINITION
[LOG 18:58:02.545] Config(ROC_DEFINITION) SquadExpansion/Serenity/Resources/rocsdef/ROC_DEFINITION
[LOG 18:58:02.545] Config(ROC_DEFINITION) SquadExpansion/Serenity/Resources/rocsdef/ROC_DEFINITION
[LOG 18:58:02.545] Config(ROC_DEFINITION) SquadExpansion/Serenity/Resources/rocsdef/ROC_DEFINITION
[LOG 18:58:02.545] Config(ROC_DEFINITION) SquadExpansion/Serenity/Resources/rocsdef/ROC_DEFINITION
[LOG 18:58:02.545] Config(ROC_DEFINITION) SquadExpansion/Serenity/Resources/rocsdef/ROC_DEFINITION
[LOG 18:58:02.545] Config(ROC_DEFINITION) SquadExpansion/Serenity/Resources/rocsdef/ROC_DEFINITION
[LOG 18:58:02.545] Config(ROC_DEFINITION) SquadExpansion/Serenity/Resources/rocsdef/ROC_DEFINITION
[LOG 18:58:02.545] Config(ROC_DEFINITION) SquadExpansion/Serenity/Resources/rocsdef/ROC_DEFINITION
[LOG 18:58:02.545] Config(ROC_DEFINITION) SquadExpansion/Serenity/Resources/rocsdef/ROC_DEFINITION
[LOG 18:58:02.545] Config(ROC_DEFINITION) SquadExpansion/Serenity/Resources/rocsdef/ROC_DEFINITION
[LOG 18:58:02.545] Config(ROC_DEFINITION) SquadExpansion/Serenity/Resources/rocsdef/ROC_DEFINITION
[LOG 18:58:02.545] Config(ROC_DEFINITION) SquadExpansion/Serenity/Resources/rocsdef/ROC_DEFINITION
[LOG 18:58:02.545] Config(ROC_DEFINITION) SquadExpansion/Serenity/Resources/rocsdef/ROC_DEFINITION
[LOG 18:58:02.545] Config(ROC_DEFINITION) SquadExpansion/Serenity/Resources/rocsdef/ROC_DEFINITION
[LOG 18:58:02.545] Config(ROC_DEFINITION) SquadExpansion/Serenity/Resources/rocsdef/ROC_DEFINITION
[LOG 18:58:02.545] Config(ROC_DEFINITION) SquadExpansion/Serenity/Resources/rocsdef/ROC_DEFINITION
[LOG 18:58:02.545] Config(ROC_DEFINITION) SquadExpansion/Serenity/Resources/rocsdef/ROC_DEFINITION
[LOG 18:58:02.545] Config(ROC_DEFINITION) SquadExpansion/Serenity/Resources/rocsdef/ROC_DEFINITION
[LOG 18:58:02.545] Config(ROC_DEFINITION) SquadExpansion/Serenity/Resources/rocsdef/ROC_DEFINITION
[LOG 18:58:02.545] Config(ROC_DEFINITION) SquadExpansion/Serenity/Resources/rocsdef/ROC_DEFINITION
[LOG 18:58:02.545] Config(ROC_DEFINITION) SquadExpansion/Serenity/Resources/rocsdef/ROC_DEFINITION
[LOG 18:58:02.545] Config(ROC_DEFINITION) SquadExpansion/Serenity/Resources/rocsdef/ROC_DEFINITION
[LOG 18:58:02.545] Config(ROC_DEFINITION) SquadExpansion/Serenity/Resources/rocsdef/ROC_DEFINITION
[LOG 18:58:02.545] Config(ROC_DEFINITION) SquadExpansion/Serenity/Resources/rocsdef/ROC_DEFINITION
[LOG 18:58:02.545] Config(ROC_DEFINITION) SquadExpansion/Serenity/Resources/rocsdef/ROC_DEFINITION
[LOG 18:58:02.545] Config(ROC_DEFINITION) SquadExpansion/Serenity/Resources/rocsdef/ROC_DEFINITION
[LOG 18:58:02.545] Config(ROC_DEFINITION) SquadExpansion/Serenity/Resources/rocsdef/ROC_DEFINITION
[LOG 18:58:02.545] Config(ROC_DEFINITION) SquadExpansion/Serenity/Resources/rocsdef/ROC_DEFINITION
[LOG 18:58:02.545] Config(ROC_DEFINITION) SquadExpansion/Serenity/Resources/rocsdef/ROC_DEFINITION
[LOG 18:58:02.546] Config(ROC_DEFINITION) SquadExpansion/Serenity/Resources/rocsdef/ROC_DEFINITION
[LOG 18:58:02.546] Config(ROC_DEFINITION) SquadExpansion/Serenity/Resources/rocsdef/ROC_DEFINITION
[LOG 18:58:02.546] Config(EXPERIMENT_DEFINITION) SquadExpansion/Serenity/Resources/ScienceDefs/EXPERIMENT_DEFINITION
[LOG 18:58:02.546] Config(EXPERIMENT_DEFINITION) SquadExpansion/Serenity/Resources/ScienceDefs/EXPERIMENT_DEFINITION
[LOG 18:58:02.546] Config(EXPERIMENT_DEFINITION) SquadExpansion/Serenity/Resources/ScienceDefs/EXPERIMENT_DEFINITION
[LOG 18:58:02.546] Config(EXPERIMENT_DEFINITION) SquadExpansion/Serenity/Resources/ScienceDefs/EXPERIMENT_DEFINITION
[LOG 18:58:02.546] Config(EXPERIMENT_DEFINITION) SquadExpansion/Serenity/Resources/ScienceDefs/EXPERIMENT_DEFINITION
[LOG 18:58:02.546] Config(EXPERIMENT_DEFINITION) SquadExpansion/Serenity/Resources/ScienceDefs/EXPERIMENT_DEFINITION
[LOG 18:58:02.546] Config(EXPERIMENT_DEFINITION) SquadExpansion/Serenity/Resources/ScienceDefs/EXPERIMENT_DEFINITION
[LOG 18:58:02.546] Config(EXPERIMENT_DEFINITION) SquadExpansion/Serenity/Resources/ScienceDefs/EXPERIMENT_DEFINITION
[LOG 18:58:02.546] Config(EXPERIMENT_DEFINITION) SquadExpansion/Serenity/Resources/ScienceDefs/EXPERIMENT_DEFINITION
[LOG 18:58:02.546] Config(EXPERIMENT_DEFINITION) SquadExpansion/Serenity/Resources/ScienceDefs/EXPERIMENT_DEFINITION
[LOG 18:58:02.546] Config(EXPERIMENT_DEFINITION) SquadExpansion/Serenity/Resources/ScienceDefs/EXPERIMENT_DEFINITION
[LOG 18:58:02.546] Config(EXPERIMENT_DEFINITION) SquadExpansion/Serenity/Resources/ScienceDefs/EXPERIMENT_DEFINITION
[LOG 18:58:02.546] Config(EXPERIMENT_DEFINITION) SquadExpansion/Serenity/Resources/ScienceDefs/EXPERIMENT_DEFINITION
[LOG 18:58:02.546] Config(EXPERIMENT_DEFINITION) SquadExpansion/Serenity/Resources/ScienceDefs/EXPERIMENT_DEFINITION
[LOG 18:58:02.546] Config(EXPERIMENT_DEFINITION) SquadExpansion/Serenity/Resources/ScienceDefs/EXPERIMENT_DEFINITION
[LOG 18:58:02.546] Config(EXPERIMENT_DEFINITION) SquadExpansion/Serenity/Resources/ScienceDefs/EXPERIMENT_DEFINITION
[LOG 18:58:02.546] Config(EXPERIMENT_DEFINITION) SquadExpansion/Serenity/Resources/ScienceDefs/EXPERIMENT_DEFINITION
[LOG 18:58:02.546] Config(EXPERIMENT_DEFINITION) SquadExpansion/Serenity/Resources/ScienceDefs/EXPERIMENT_DEFINITION
[LOG 18:58:02.546] Config(EXPERIMENT_DEFINITION) SquadExpansion/Serenity/Resources/ScienceDefs/EXPERIMENT_DEFINITION
[LOG 18:58:02.546] Config(EXPERIMENT_DEFINITION) SquadExpansion/Serenity/Resources/ScienceDefs/EXPERIMENT_DEFINITION
[LOG 18:58:02.546] Config(EXPERIMENT_DEFINITION) SquadExpansion/Serenity/Resources/ScienceDefs/EXPERIMENT_DEFINITION
[LOG 18:58:02.546] Config(EXPERIMENT_DEFINITION) SquadExpansion/Serenity/Resources/ScienceDefs/EXPERIMENT_DEFINITION
[LOG 18:58:02.546] Config(EXPERIMENT_DEFINITION) SquadExpansion/Serenity/Resources/ScienceDefs/EXPERIMENT_DEFINITION
[LOG 18:58:02.546] Config(EXPERIMENT_DEFINITION) SquadExpansion/Serenity/Resources/ScienceDefs/EXPERIMENT_DEFINITION
[LOG 18:58:02.546] Config(EXPERIMENT_DEFINITION) SquadExpansion/Serenity/Resources/ScienceDefs/EXPERIMENT_DEFINITION
[LOG 18:58:02.546] Config(EXPERIMENT_DEFINITION) SquadExpansion/Serenity/Resources/ScienceDefs/EXPERIMENT_DEFINITION
[LOG 18:58:02.546] Config(EXPERIMENT_DEFINITION) SquadExpansion/Serenity/Resources/ScienceDefs/EXPERIMENT_DEFINITION
[LOG 18:58:02.547] Config(EXPERIMENT_DEFINITION) SquadExpansion/Serenity/Resources/ScienceDefs/EXPERIMENT_DEFINITION
[LOG 18:58:02.547] Config(EXPERIMENT_DEFINITION) SquadExpansion/Serenity/Resources/ScienceDefs/EXPERIMENT_DEFINITION
[LOG 18:58:02.547] Config(EXPERIMENT_DEFINITION) SquadExpansion/Serenity/Resources/ScienceDefs/EXPERIMENT_DEFINITION
[LOG 18:58:02.547] Config(EXPERIMENT_DEFINITION) SquadExpansion/Serenity/Resources/ScienceDefs/EXPERIMENT_DEFINITION
[LOG 18:58:02.547] Config(EXPERIMENT_DEFINITION) SquadExpansion/Serenity/Resources/ScienceDefs/EXPERIMENT_DEFINITION
[LOG 18:58:02.547] Config(EXPERIMENT_DEFINITION) SquadExpansion/Serenity/Resources/ScienceDefs/EXPERIMENT_DEFINITION
[LOG 18:58:02.547] Config(EXPERIMENT_DEFINITION) SquadExpansion/Serenity/Resources/ScienceDefs/EXPERIMENT_DEFINITION
[LOG 18:58:02.547] Config(EXPERIMENT_DEFINITION) SquadExpansion/Serenity/Resources/ScienceDefs/EXPERIMENT_DEFINITION
[LOG 18:58:02.547] Config(EXPERIMENT_DEFINITION) SquadExpansion/Serenity/Resources/ScienceDefs/EXPERIMENT_DEFINITION
[LOG 18:58:02.547] Config(EXPERIMENT_DEFINITION) SquadExpansion/Serenity/Resources/ScienceDefs/EXPERIMENT_DEFINITION
[LOG 18:58:02.547] Config(EXPERIMENT_DEFINITION) SquadExpansion/Serenity/Resources/ScienceDefs/EXPERIMENT_DEFINITION
[LOG 18:58:02.547] Config(STORY_DEF) SquadExpansion/Serenity/Resources/StoryDefs/STORY_DEF
[LOG 18:58:02.547] Compiling Configs Completed.
[LOG 18:58:02.550] Resource LiquidFuel added to database
[LOG 18:58:02.550] Resource Oxidizer added to database
[LOG 18:58:02.550] Resource SolidFuel added to database
[LOG 18:58:02.550] Resource MonoPropellant added to database
[LOG 18:58:02.550] Resource XenonGas added to database
[LOG 18:58:02.550] Resource ElectricCharge added to database
[LOG 18:58:02.550] Resource IntakeAir added to database
[LOG 18:58:02.551] Resource EVA Propellant added to database
[LOG 18:58:02.551] Resource Ore added to database
[LOG 18:58:02.551] Resource Ablator added to database
[LOG 18:58:02.552] Resource MediumGrip added to database
[LOG 18:58:02.552] Resource HighGrip added to database
[LOG 18:58:02.552] Resource ExtremeGrip added to database
[LOG 18:58:02.552] Resource LowGrip added to database
[LOG 18:58:02.552] Resource Default added to database
[LOG 18:58:02.553] CodeAssetLoader: Compiling all code assets
[LOG 18:58:02.557] ExperienceSystemConfig: Added Effect 'DeployedSciencePowerSkill' to Trait 'Ingénieur'
[LOG 18:58:02.557] ExperienceSystemConfig: Added Effect 'DeployedScienceExpSkill' to Trait 'Scientifique'
[LOG 18:58:02.562] ConfigNode[]
[LOG 18:58:02.562] GameDatabase: Assets loaded in 7.329s
[LOG 18:58:02.563] [ModuleManager] Waited 0.000s for patching to finish
[LOG 18:58:02.564] [ModuleManager] Applying patched game database
[LOG 18:58:02.566] [ModuleManager] Dumping ModuleManager log to main log
[LOG 18:58:02.567] [ModuleManager] 
#### BEGIN MODULEMANAGER LOG ####


[LOG 18:57:56.418] Log started at 2026-09-17 18:57:56.418
[LOG 18:57:58.678] Checking Cache
[LOG 18:57:59.008] SHA generated in 0.328s
[LOG 18:57:59.008]       SHA = 1F-41-7E-51-6D-FB-84-62-D4-7D-14-6D-FC-FA-28-B2-94-27-81-8B-91-5E-B8-D0-67-E8-8A-1A-F1-87-BE-51
[LOG 18:57:59.040] Cache SHA = 1F-41-7E-51-6D-FB-84-62-D4-7D-14-6D-FC-FA-28-B2-94-27-81-8B-91-5E-B8-D0-67-E8-8A-1A-F1-87-BE-51
[LOG 18:57:59.040] useCache = True
[LOG 18:57:59.040] Loading from Cache
[LOG 18:57:59.197] Cache Loaded
[LOG 18:57:59.197] Dumping patch log
[LOG 18:57:59.198] 
#### BEGIN PATCH LOG ####


[LOG 18:50:52.387] Log started at 2026-09-17 18:50:52.387
[LOG 18:50:52.387] Pre patch init
[LOG 18:50:52.598] compiling list of loaded mods...
Mod DLLs found:
  Name                                    Assembly Version         Assembly File Version    KSPAssembly Version      SHA256

  Assembly-CSharp                         0.0.0.0                  0.0.0.0                  1.12                     d9e42483f25ee80a9c11d6c1c0a0d29b4ec78c1e08d76c971b71580c9cce51e4
  ModuleManager                           4.2.3.0                  4.2.3.0                  2.5                      95847827ab293b9e82a19b7efb97ffea3e98cc03b181862536ac8eb572e30d7d
  0Harmony                                2.2.1.0                  2.2.1.0                                           19ce60ac3280f72ec1751d36a40cb7e2fece2934df8345969dc7feb83bd633e4
  HarmonyInstallChecker                   2.2.1.0                  2.2.1.0                  1.0                      f11e659e91a52c21c5bda78e52b82a7bdc246bcab6a999733af3c69a11a9dc0e
  0_MultipleModuleInPartAPI               1.0.0.0                  1.0.0.0                  1.0                      df4a22fb0535de7fa154ca234b50dd7c2fc6be879e4a877d9bad1f87bafafcbf
  KSPCommunityFixes                       1.41.0.0                 1.41.1.0                 1.41                     e08ebbec7ab34f4f7ff56d6e900051bb0d259a4bc092881d7db3ca2f9f2e9a11
  PQSBenchMod                             0.1.0.0                  0.1.0.0                                           98d95fcb4f1501297f10479c27a32de944966030cd1bd04fdc31b0cb856642e9
  TerrainPrecisionFixMod                  0.1.0.0                  0.1.0.0                                           98971aa16886042ade0eff9bb685b344d818b81e0d0ed4fc8779643f22ded01a
Non-DLL mods added (:FOR[xxx]):
Mods by directory (sub directories of GameData):
  000_Harmony
  Squad
  SquadExpansion
Mods added by assemblies:

[LOG 18:50:52.612] Extracting patches
[LOG 18:50:52.624] Deleting root node in file KSPCommunityFixes/MMPatches/ModSupport/FixDockingNodes node: @PART[*]:HAS[@MODULE[ModuleDockingNodeFixed]]:NEEDS[FixDockingNodes]:FINAL as it can't satisfy its NEEDS
[LOG 18:50:52.625] Deleting root node in file KSPCommunityFixes/MMPatches/ModSupport/KSPRecall node: @KSP_COMMUNITY_FIXES:NEEDS[AttachedOnEditor] as it can't satisfy its NEEDS
[LOG 18:50:52.625] Deleting root node in file KSPCommunityFixes/MMPatches/ModSupport/UniversalStorage node: @KSP_COMMUNITY_FIXES:NEEDS[UniversalStorage2] as it can't satisfy its NEEDS
[LOG 18:50:52.757] Applying patches
[LOG 18:50:52.759] :INSERT (initial) pass
[LOG 18:50:52.808] :FIRST pass
[LOG 18:50:52.812] Applying update KSPCommunityFixes/MMPatches/StockTweaks/LadderToggleableLight/@PART[telescopicLadderBay]:FIRST to Squad/Parts/Utility/ladderTelescopicBay/ladderTelescopicBay.cfg/PART[telescopicLadderBay]
[LOG 18:50:52.836] Applying update KSPCommunityFixes/MMPatches/StockTweaks/LadderToggleableLight/@PART[telescopicLadderBay]:HAS[#LadderToggleableLight[?rue]]:FIRST to Squad/Parts/Utility/ladderTelescopicBay/ladderTelescopicBay.cfg/PART[telescopicLadderBay]
[LOG 18:50:52.838] Applying update KSPCommunityFixes/MMPatches/StockTweaks/LadderToggleableLight/@PART[telescopicLadderBay]:HAS[#LadderToggleableLight]:FIRST to Squad/Parts/Utility/ladderTelescopicBay/ladderTelescopicBay.cfg/PART[telescopicLadderBay]
[LOG 18:50:52.848] Applying update KSPCommunityFixes/MMPatches/StockTweaks/LandingGearLights/@PART[GearSmall]:FIRST to Squad/Parts/Wheel/LandingGear/GearMedium.cfg/PART[GearSmall]
[LOG 18:50:52.876] Applying update KSPCommunityFixes/MMPatches/StockTweaks/LandingGearLights/@PART[SmallGearBay]:FIRST to Squad/Parts/Wheel/LandingGear/GearSmall.cfg/PART[SmallGearBay]
[LOG 18:50:52.877] :LEGACY (default) pass
[LOG 18:50:52.880] :BEFORE[0_MULTIPLEMODULEINPARTAPI] pass
[LOG 18:50:52.881] :FOR[0_MULTIPLEMODULEINPARTAPI] pass
[LOG 18:50:52.881] :AFTER[0_MULTIPLEMODULEINPARTAPI] pass
[LOG 18:50:52.881] :BEFORE[000_HARMONY] pass
[LOG 18:50:52.881] :FOR[000_HARMONY] pass
[LOG 18:50:52.881] :AFTER[000_HARMONY] pass
[LOG 18:50:52.881] :BEFORE[0HARMONY] pass
[LOG 18:50:52.881] :FOR[0HARMONY] pass
[LOG 18:50:52.881] :AFTER[0HARMONY] pass
[LOG 18:50:52.881] :BEFORE[ASSEMBLY-CSHARP] pass
[LOG 18:50:52.881] :FOR[ASSEMBLY-CSHARP] pass
[LOG 18:50:52.881] :AFTER[ASSEMBLY-CSHARP] pass
[LOG 18:50:52.881] :BEFORE[HARMONYINSTALLCHECKER] pass
[LOG 18:50:52.881] :FOR[HARMONYINSTALLCHECKER] pass
[LOG 18:50:52.881] :AFTER[HARMONYINSTALLCHECKER] pass
[LOG 18:50:52.881] :BEFORE[KSPCOMMUNITYFIXES] pass
[LOG 18:50:52.881] :FOR[KSPCOMMUNITYFIXES] pass
[LOG 18:50:52.881] Applying update KSPCommunityFixes/MMPatches/StockTweaks/ManufacturerFixes/@PART[sasModule]:FOR[KSPCommunityFixes] to Squad/Parts/Command/inlineReactionWheel/inlineReactionWheel.cfg/PART[sasModule]
[LOG 18:50:52.883] Applying update KSPCommunityFixes/MMPatches/StockTweaks/ManufacturerFixes/@PART[xenonTankRadial]:FOR[KSPCommunityFixes] to Squad/Parts/FuelTank/xenonTankRadial/xenonTankRadial.cfg/PART[xenonTankRadial]
[LOG 18:50:52.884] Applying update KSPCommunityFixes/MMPatches/StockTweaks/ManufacturerFixes/@PART[winglet|fireworksLauncherSmall|fireworksLauncherBig]:FOR[KSPCommunityFixes] to Squad/Parts/Aero/wingletAV-T1/wingletAV-T1.cfg/PART[winglet]
[LOG 18:50:52.884] Applying update KSPCommunityFixes/MMPatches/StockTweaks/ManufacturerFixes/@PART[winglet|fireworksLauncherSmall|fireworksLauncherBig]:FOR[KSPCommunityFixes] to Squad/Parts/Utility/Fireworks/fireworksLauncherBig.cfg/PART[fireworksLauncherBig]
[LOG 18:50:52.884] Applying update KSPCommunityFixes/MMPatches/StockTweaks/ManufacturerFixes/@PART[winglet|fireworksLauncherSmall|fireworksLauncherBig]:FOR[KSPCommunityFixes] to Squad/Parts/Utility/Fireworks/fireworksLauncherSmall.cfg/PART[fireworksLauncherSmall]
[LOG 18:50:52.886] Applying update KSPCommunityFixes/MMPatches/StockTweaks/ManufacturerFixes/@PART[solidBooster_sm_v2|solidBooster_v2]:FOR[KSPCommunityFixes] to Squad/Parts/Engine/Size1_SRBs/solidBoosterRT-10_v2.cfg/PART[solidBooster_v2]
[LOG 18:50:52.886] Applying update KSPCommunityFixes/MMPatches/StockTweaks/ManufacturerFixes/@PART[solidBooster_sm_v2|solidBooster_v2]:FOR[KSPCommunityFixes] to Squad/Parts/Engine/Size1_SRBs/solidBoosterRT-5_v2.cfg/PART[solidBooster_sm_v2]
[LOG 18:50:52.888] Applying update KSPCommunityFixes/MMPatches/StockTweaks/ManufacturerFixes/@PART[ServiceBay_125_v2|ServiceBay_250_v2]:FOR[KSPCommunityFixes] to Squad/Parts/Utility/ServiceBay_v2/ServiceBay_125_v2.cfg/PART[ServiceBay_125_v2]
[LOG 18:50:52.888] Applying update KSPCommunityFixes/MMPatches/StockTweaks/ManufacturerFixes/@PART[ServiceBay_125_v2|ServiceBay_250_v2]:FOR[KSPCommunityFixes] to Squad/Parts/Utility/ServiceBay_v2/ServiceBay_250_v2.cfg/PART[ServiceBay_250_v2]
[LOG 18:50:52.889] Applying update KSPCommunityFixes/MMPatches/StockTweaks/ManufacturerFixes/@PART[externalTankCapsule]:FOR[KSPCommunityFixes] to Squad/Parts/FuelTank/FoilTanks/RadialTank_Capsule.cfg/PART[externalTankCapsule]
[LOG 18:50:52.891] Applying update KSPCommunityFixes/MMPatches/StockTweaks/ManufacturerFixes/@PART[RCSFuelTank|rcsTankMini|RCSTank1-2]:FOR[KSPCommunityFixes] to Squad/Parts/FuelTank/RCSFuelTankR1/RCSFuelTankR1.cfg/PART[RCSTank1-2]
[LOG 18:50:52.891] Applying update KSPCommunityFixes/MMPatches/StockTweaks/ManufacturerFixes/@PART[RCSFuelTank|rcsTankMini|RCSTank1-2]:FOR[KSPCommunityFixes] to Squad/Parts/FuelTank/RCSFuelTankR10/RCSFuelTankR10.cfg/PART[rcsTankMini]
[LOG 18:50:52.891] Applying update KSPCommunityFixes/MMPatches/StockTweaks/ManufacturerFixes/@PART[RCSFuelTank|rcsTankMini|RCSTank1-2]:FOR[KSPCommunityFixes] to Squad/Parts/FuelTank/RCSFuelTankR25/RCSFuelTankR25.cfg/PART[RCSFuelTank]
[LOG 18:50:52.898] Applying update KSPCommunityFixes/MMPatches/StockTweaks/ManufacturerFixes/@PART[landerCabinSmall]:FOR[KSPCommunityFixes] to Squad/Parts/Command/mk1LanderCan/mk1LanderCan.cfg/PART[landerCabinSmall]
[LOG 18:50:52.900] Applying update KSPCommunityFixes/MMPatches/StockTweaks/ManufacturerFixes/@PART[dockingPortLateral]:FOR[KSPCommunityFixes] to Squad/Parts/Utility/dockingPortInline/dockingPortInline.cfg/PART[dockingPortLateral]
[LOG 18:50:52.901] Applying update KSPCommunityFixes/MMPatches/StockTweaks/ManufacturerFixes/@PART[EnginePlate4]:FOR[KSPCommunityFixes]:NEEDS[SquadExpansion/MakingHistory] to SquadExpansion/MakingHistory/Parts/Coupling/EnginePlate_4.cfg/PART[EnginePlate4]
[LOG 18:50:52.902] Applying update KSPCommunityFixes/MMPatches/StockTweaks/ManufacturerFixes/@PART[Mk2Pod]:FOR[KSPCommunityFixes]:NEEDS[SquadExpansion/MakingHistory] to SquadExpansion/MakingHistory/Parts/Pods/Mk2Pod.cfg/PART[Mk2Pod]
[LOG 18:50:52.903] Applying update KSPCommunityFixes/MMPatches/StockTweaks/ManufacturerFixes/@PART[evaChute|parachuteSingle|parachuteRadial|radialDrogue|parachuteLarge|parachuteDrogue]:FOR[KSPCommunityFixes] to Squad/Parts/Cargo/Parachute/Parachute.cfg/PART[evaChute]
[LOG 18:50:52.904] Applying update KSPCommunityFixes/MMPatches/StockTweaks/ManufacturerFixes/@PART[evaChute|parachuteSingle|parachuteRadial|radialDrogue|parachuteLarge|parachuteDrogue]:FOR[KSPCommunityFixes] to Squad/Parts/Utility/parachuteMk1/parachuteMk1.cfg/PART[parachuteSingle]
[LOG 18:50:52.904] Applying update KSPCommunityFixes/MMPatches/StockTweaks/ManufacturerFixes/@PART[evaChute|parachuteSingle|parachuteRadial|radialDrogue|parachuteLarge|parachuteDrogue]:FOR[KSPCommunityFixes] to Squad/Parts/Utility/parachuteMk12-R/parachuteMk12-R.cfg/PART[radialDrogue]
[LOG 18:50:52.904] Applying update KSPCommunityFixes/MMPatches/StockTweaks/ManufacturerFixes/@PART[evaChute|parachuteSingle|parachuteRadial|radialDrogue|parachuteLarge|parachuteDrogue]:FOR[KSPCommunityFixes] to Squad/Parts/Utility/parachuteMk16-XL/parachuteMk16-XL.cfg/PART[parachuteLarge]
[LOG 18:50:52.904] Applying update KSPCommunityFixes/MMPatches/StockTweaks/ManufacturerFixes/@PART[evaChute|parachuteSingle|parachuteRadial|radialDrogue|parachuteLarge|parachuteDrogue]:FOR[KSPCommunityFixes] to Squad/Parts/Utility/parachuteMk2-R/parachuteMk2-R.cfg/PART[parachuteRadial]
[LOG 18:50:52.905] Applying update KSPCommunityFixes/MMPatches/StockTweaks/ManufacturerFixes/@PART[evaChute|parachuteSingle|parachuteRadial|radialDrogue|parachuteLarge|parachuteDrogue]:FOR[KSPCommunityFixes] to Squad/Parts/Utility/parachuteMk25/parachuteMk25.cfg/PART[parachuteDrogue]
[LOG 18:50:52.912] Applying update KSPCommunityFixes/MMPatches/StockTweaks/ManufacturerFixes/@PART[stackPoint1|dockingPort1|dockingPort2|dockingPort3|dockingPortLarge]:FOR[KSPCommunityFixes] to Squad/Parts/Utility/dockingPort/dockingPort.cfg/PART[dockingPort2]
[LOG 18:50:52.912] Applying update KSPCommunityFixes/MMPatches/StockTweaks/ManufacturerFixes/@PART[stackPoint1|dockingPort1|dockingPort2|dockingPort3|dockingPortLarge]:FOR[KSPCommunityFixes] to Squad/Parts/Utility/dockingPortJr/dockingPortJr.cfg/PART[dockingPort3]
[LOG 18:50:52.912] Applying update KSPCommunityFixes/MMPatches/StockTweaks/ManufacturerFixes/@PART[stackPoint1|dockingPort1|dockingPort2|dockingPort3|dockingPortLarge]:FOR[KSPCommunityFixes] to Squad/Parts/Utility/dockingPortShielded/dockingPortShielded.cfg/PART[dockingPort1]
[LOG 18:50:52.913] Applying update KSPCommunityFixes/MMPatches/StockTweaks/ManufacturerFixes/@PART[stackPoint1|dockingPort1|dockingPort2|dockingPort3|dockingPortLarge]:FOR[KSPCommunityFixes] to Squad/Parts/Utility/dockingPortSr/dockingPortSr.cfg/PART[dockingPortLarge]
[LOG 18:50:52.913] Applying update KSPCommunityFixes/MMPatches/StockTweaks/ManufacturerFixes/@PART[stackPoint1|dockingPort1|dockingPort2|dockingPort3|dockingPortLarge]:FOR[KSPCommunityFixes] to Squad/Parts/Utility/radialAttachmentPoint/radialAttachmentPoint.cfg/PART[stackPoint1]
[LOG 18:50:52.914] :AFTER[KSPCOMMUNITYFIXES] pass
[LOG 18:50:52.915] :BEFORE[MODULEMANAGER] pass
[LOG 18:50:52.915] :FOR[MODULEMANAGER] pass
[LOG 18:50:52.915] :AFTER[MODULEMANAGER] pass
[LOG 18:50:52.915] :BEFORE[PQSBENCHMOD] pass
[LOG 18:50:52.915] :FOR[PQSBENCHMOD] pass
[LOG 18:50:52.915] :AFTER[PQSBENCHMOD] pass
[LOG 18:50:52.915] :BEFORE[SQUAD] pass
[LOG 18:50:52.915] :FOR[SQUAD] pass
[LOG 18:50:52.915] :AFTER[SQUAD] pass
[LOG 18:50:52.915] :BEFORE[SQUADEXPANSION] pass
[LOG 18:50:52.915] :FOR[SQUADEXPANSION] pass
[LOG 18:50:52.915] :AFTER[SQUADEXPANSION] pass
[LOG 18:50:52.915] :BEFORE[TERRAINPRECISIONFIXMOD] pass
[LOG 18:50:52.915] :FOR[TERRAINPRECISIONFIXMOD] pass
[LOG 18:50:52.915] :AFTER[TERRAINPRECISIONFIXMOD] pass
[LOG 18:50:52.919] :LAST[999_KSP-RECALL] pass
[LOG 18:50:52.965] :FINAL pass
[LOG 18:50:52.965] Done patching
[LOG 18:50:52.966] Saving Cache
[LOG 18:50:53.198] Done!



#### END PATCH LOG ####
[LOG 18:57:59.665] ModuleManager: 33 patches loaded from cache

[LOG 18:57:59.665] Ran in 0.987s
[LOG 18:57:59.707] Done!



#### END MODULEMANAGER LOG ####
[LOG 18:58:02.569] [ModuleManager] Running tests...
[LOG 18:58:02.569] [ModuleManager] tests complete.
[LOG 18:58:02.570] [ModuleManager] Reloading resources definitions
[LOG 18:58:02.570] Resource LiquidFuel added to database
[LOG 18:58:02.570] Resource Oxidizer added to database
[LOG 18:58:02.570] Resource SolidFuel added to database
[LOG 18:58:02.570] Resource MonoPropellant added to database
[LOG 18:58:02.570] Resource XenonGas added to database
[LOG 18:58:02.570] Resource ElectricCharge added to database
[LOG 18:58:02.570] Resource IntakeAir added to database
[LOG 18:58:02.570] Resource EVA Propellant added to database
[LOG 18:58:02.571] Resource Ore added to database
[LOG 18:58:02.571] Resource Ablator added to database
[LOG 18:58:02.571] [ModuleManager] Reloading Trait configs
[LOG 18:58:02.571] ExperienceSystemConfig: Added Effect 'DeployedSciencePowerSkill' to Trait 'Ingénieur'
[LOG 18:58:02.571] ExperienceSystemConfig: Added Effect 'DeployedScienceExpSkill' to Trait 'Scientifique'
[LOG 18:58:02.571] [ModuleManager] Reloading Part Upgrades
[LOG 18:58:02.571] [ModuleManager] Setting modded physics as the active one
[LOG 18:58:02.573] PhysicsGlobals: Loading database
[LOG 18:58:02.575] [ModuleManager] Running post patch callbacks
[LOG 18:58:02.586] [KSPCommunityFixes] Patch AutoStrutDrift applied.
[LOG 18:58:02.590] [KSPCommunityFixes] Patch EditorAnimatedPartsShipModified applied.
[LOG 18:58:02.597] [KSPCommunityFixes] Patch DragCubeLoadException applied.
[LOG 18:58:02.601] [KSPCommunityFixes] Patch DoubleCurvePreserveTangents applied.
[LOG 18:58:02.654] [KSPCommunityFixes] Patch DockingPortRotationDriftAndFixes applied.
[LOG 18:58:02.709] [KSPCommunityFixes] Patch DockingPortConserveMomentum applied.
[LOG 18:58:02.715] [KSPCommunityFixes] Patch DebugConsoleDontStealInput applied.
[LOG 18:58:02.720] [KSPCommunityFixes] Patch CorrectDragForFlags applied.
[LOG 18:58:02.721] [KSPCommunityFixes] Patch CometMiningNotRemovingMass applied.
[LOG 18:58:02.728] [KSPCommunityFixes] Patch ChutePhantomSymmetry applied.
[LOG 18:58:02.731] [KSPCommunityFixes] Patch CometSpawnerUniqueFlightId applied.
[LOG 18:58:02.733] [KSPCommunityFixes] Patch AsteroidSpawnerUniqueFlightId applied.
[LOG 18:58:02.734] [KSPCommunityFixes] Patch AsteroidInfiniteMining applied.
[LOG 18:58:02.750] [KSPCommunityFixes] Patch PersistentIConfigNode applied.
[LOG 18:58:02.752] [KSPCommunityFixes] Patch OnSymmetryFieldChanged not applied (not enabled in Settings.cfg)
[LOG 18:58:02.753] [KSPCommunityFixes] Patch ModUpgradePipeline not applied (not enabled in Settings.cfg)
[LOG 18:58:02.753] [KSPCommunityFixes] Patch KSPFieldEnumDesc not applied (not enabled in Settings.cfg)
[LOG 18:58:02.754] [KSPCommunityFixes] Patch EventProfilerMarkers not applied (not enabled in Settings.cfg)
[LOG 18:58:02.754] [KSPCommunityFixes] Patch DockingPortLockedEvents not applied (not enabled in Settings.cfg)
[LOG 18:58:02.757] [KSPCommunityFixes] Patch DepartmentHeadImage applied.
[LOG 18:58:02.770] [KSPCommunityFixes] Patch BaseFieldListUseFieldHost applied.
[LOG 18:58:02.804] [KSPCommunityFixes] Patch ResourceConverterPerf applied.
[LOG 18:58:02.813] [KSPCommunityFixes] Patch ProgressTrackingSpeedBoost applied.
[LOG 18:58:02.819] [KSPCommunityFixes] Patch PQSUpdateNoMemoryAlloc applied.
[LOG 18:58:02.819] [KSPCommunityFixes] Patch PQSOnlyStartOnce not applied (not enabled in Settings.cfg)
[LOG 18:58:02.838] [KSPCommunityFixes] Patch PQSCoroutineLeak applied.
[LOG 18:58:02.875] [KSPCommunityFixes] Patch PartSystemsFastUpdate applied.
[LOG 18:58:02.898] [KSPCommunityFixes] Patch PartParsingPerf applied.
[LOG 18:58:02.902] [KSPCommunityFixes] Patch EnginePlateAirstreamShieldedTopPart applied.
[LOG 18:58:02.911] [KSPCommunityFixes] Patch EVAConstructionMass applied.
[LOG 18:58:02.919] [KSPCommunityFixes] Patch EVAConstructionUninitializedInventory applied.
[LOG 18:58:02.925] [KSPCommunityFixes] Patch EVAKerbalRecovery applied.
[LOG 18:58:02.931] [KSPCommunityFixes] Patch TimeWarpOrbitShift applied.
[LOG 18:58:02.933] [KSPCommunityFixes] Patch TimeWarpBodyCollision applied.
[LOG 18:58:02.946] [KSPCommunityFixes] Patch ThumbnailSpotlight applied.
[LOG 18:58:02.952] [KSPCommunityFixes] Patch SymmetryReferenceOnDelete applied.
[LOG 18:58:02.952] [KSPCommunityFixes] Patch StrategyDuration not applied (not enabled in Settings.cfg)
[LOG 18:58:02.955] [KSPCommunityFixes] Patch StockAlarmDescPreserveLineBreak applied.
[LOG 18:58:02.986] [KSPCommunityFixes] Patch StickySplashedFixer applied.
[LOG 18:58:02.994] [KSPCommunityFixes] Patch ScatterDistribution applied.
[LOG 18:58:03.028] [KSPCommunityFixes] Patch RoboticsDrift applied.
[LOG 18:58:03.030] [KSPCommunityFixes] Patch RestoreMaxPhysicsDT applied.
[LOG 18:58:03.052] [KSPCommunityFixes] Patch RespawnDeadKerbals applied.
[LOG 18:58:03.056] [KSPCommunityFixes] Patch RescaledRoboticParts applied.
[LOG 18:58:03.060] [KSPCommunityFixes] Patch ReRootPreserveSurfaceAttach applied.
[LOG 18:58:03.085] [KSPCommunityFixes] Patch OptimizedModuleRaycasts applied.
[LOG 18:58:03.093] GetSubclassesOfParentClass: Found 1 types with ModuleInventoryPart parent in 8 assemblies.
[LOG 18:58:03.098] [KSPCommunityFixes] Patch RefundingOnRecovery applied.
[LOG 18:58:03.098] [KSPCommunityFixes] Patch PatchedConicEncounterFlickering applied.
[LOG 18:58:03.116] [KSPCommunityFixes] Patch PartListTooltipIconSpin applied.
[LOG 18:58:03.120] [KSPCommunityFixes] Patch PackedPartsRotation applied.
[LOG 18:58:03.147] [KSPCommunityFixes] Patch ModulePartVariantsNodePersistence applied.
[LOG 18:58:03.151] [KSPCommunityFixes] Patch ModuleAnimateGenericCrewModSpawnIVA applied.
[LOG 18:58:03.153] [KSPCommunityFixes] Patch ModuleActiveRadiatorNoParentException applied.
[LOG 18:58:03.156] [KSPCommunityFixes] Patch MapTargetBodyWithEncounter applied.
[LOG 18:58:03.160] [KSPCommunityFixes] Patch LostSoundAfterSceneSwitch applied.
[LOG 18:58:03.168] [KSPCommunityFixes] Patch LadderToggleableLight applied.
[LOG 18:58:03.183] [KSPCommunityFixes] Patch InventoryPartMass applied.
[LOG 18:58:03.190] [KSPCommunityFixes] Patch HarvesterECConsumption applied.
[LOG 18:58:03.191] [KSPCommunityFixes] Patch FixGetUnivseralTime applied.
[LOG 18:58:03.203] [KSPCommunityFixes] Patch ExtendedDeployableParts applied.
[LOG 18:58:03.205] [KSPCommunityFixes] Patch PropellantFlowDescription applied.
[LOG 18:58:03.229] [KSPCommunityFixes] Patch OptimisedVectorLines applied.
[LOG 18:58:03.237] [KSPCommunityFixes] Patch ModuleDockingNodeFindOtherNodesFaster applied.
[LOG 18:58:03.242] [KSPCommunityFixes] Patch ModuleColorChangerOptimization applied.
[LOG 18:58:03.249] [KSPCommunityFixes] Patch AutoSavedCraftNameAtLaunch applied.
[LOG 18:58:03.276] [KSPCommunityFixes] Patch PAWCollapsedInventories applied.
[LOG 18:58:03.281] [KSPCommunityFixes] Patch UIFloatEditNumericInput applied.
[LOG 18:58:03.310] [KSPCommunityFixes] Patch PAWStockGroups applied.
[LOG 18:58:03.323] [KSPCommunityFixes] Patch AltimeterHorizontalPosition applied.
[LOG 18:58:03.333] [KSPCommunityFixes] Patch SceneLoadSpeedBoost applied.
[LOG 18:58:03.379] [KSPCommunityFixes] Patch OnDemandPartBuoyancy applied.
[LOG 18:58:03.380] [KSPCommunityFixes] Patch ForceSyncSceneSwitch applied.
[LOG 18:58:03.380] [KSPCommunityFixes] Patch FewerSaves not applied (not enabled in Settings.cfg)
[LOG 18:58:03.382] [KSPCommunityFixes] Patch WheelInertiaLimit applied.
[LOG 18:58:03.382] [KSPCommunityFixes] Patch StockAlarmCustomFormatterDate isn't applicable to this KSP version.
[LOG 18:58:03.391] [KSPCommunityFixes] Patch ROCValidationOOR applied.
[LOG 18:58:03.395] [KSPCommunityFixes] Patch ZeroCostTechNodes applied.
[LOG 18:58:03.397] [KSPCommunityFixes] Patch ReactionWheelsPotentialTorque applied.
[LOG 18:58:03.402] [KSPCommunityFixes] Patch PAWGroupMemory applied.
[LOG 18:58:03.467] [KSPCommunityFixes] Patch PartStartStability applied.
[LOG 18:58:03.475] [KSPCommunityFixes] Patch PartBoundsIgnoreDisabledTransforms applied.
[LOG 18:58:03.527] [KSPCommunityFixes] Patch ModuleIndexingMismatch applied.
[LOG 18:58:03.533] [KSPCommunityFixes] Patch MapSOCorrectWrapping applied.
[LOG 18:58:03.534] [KSPCommunityFixes] Patch KerbalTooltipMaxSustainedG applied.
[LOG 18:58:03.537] [KSPCommunityFixes] Patch KerbalInventoryPersistence applied.
[LOG 18:58:03.537] [KSPCommunityFixes] Patch FlightSceneLoadKraken not applied (not enabled in Settings.cfg)
[LOG 18:58:03.541] [KSPCommunityFixes] Patch FIUpdateRadiation applied.
[LOG 18:58:03.543] [KSPCommunityFixes] Patch FastAndFixedEnumExtensions applied.
[LOG 18:58:03.592] [KSPCommunityFixes] Patch DeltaVHideWhenDisabled applied.
[LOG 18:58:03.597] [KSPCommunityFixes] Patch BlockMapViewPartClick applied.
[LOG 18:58:03.602] [KSPCommunityFixes] Patch PAWItemsOrder applied.
[LOG 18:58:03.666] [KSPCommunityFixes] Patch BetterEditorUndoRedo applied.
[LOG 18:58:03.680] [KSPCommunityFixes] Patch AutostrutActions applied.
[LOG 18:58:03.680] [KSPCommunityFixes] Patch DisableNewGameIntro not applied (not enabled in Settings.cfg)
[LOG 18:58:03.722] [KSPCommunityFixes] Patch MinorPerfTweaks applied.
[LOG 18:58:03.832] [KSPCommunityFixes] Patch MemoryLeaks applied.
[LOG 18:58:03.840] [KSPCommunityFixes] Patch LowerMinPhysicsDTPerFrame applied.
[LOG 18:58:03.845] [KSPCommunityFixes] Patch LocalizerPerf applied.
[LOG 18:58:03.847] [KSPCommunityFixes] Patch IMGUIOptimization applied.
[LOG 18:58:03.867] [KSPCommunityFixes] Patch FloatingOriginPerf applied.
[LOG 18:58:03.936] [KSPCommunityFixes] Patch FlightIntegratorPerf applied.
[LOG 18:58:03.942] [KSPCommunityFixes] Patch FasterPartFindTransform applied.
[LOG 18:58:03.959] [KSPCommunityFixes] Patch FasterEditorPartList applied.
[LOG 18:58:03.961] [KSPCommunityFixes] Patch ExpansionBundlePreload applied.
[LOG 18:58:03.975] [KSPCommunityFixes] Patch DragCubeGeneration applied.
[LOG 18:58:03.980] [KSPCommunityFixes] Patch DisableMapUpdateInFlight applied.
[LOG 18:58:03.981] [KSPCommunityFixes] Patch DisableHiddenPortraits applied.
[LOG 18:58:03.983] [KSPCommunityFixes] Patch DisableManeuverTool applied.
[LOG 18:58:04.008] [KSPCommunityFixes] Patch CraftBrowserOptimisations applied.
[LOG 18:58:04.011] [KSPCommunityFixes] Patch CommNetThrottling applied.
[LOG 18:58:04.016] [KSPCommunityFixes] Patch FairingMouseOverPersistence applied.
[LOG 18:58:04.037] [KSPCommunityFixes] Patch OptionalMakingHistoryDLCFeatures applied.
[LOG 18:58:04.041] [KSPCommunityFixes] Patch ResourceLockActions applied.
[LOG 18:58:04.049] [KSPCommunityFixes] Patch ShowContractFinishDates applied.
[LOG 18:58:04.063] [KSPCommunityFixes] Patch TargetParentBody applied.
[LOG 18:58:04.093] [KSPCommunityFixes] Patch ToolbarShowHide applied.
[LOG 18:58:04.096] [KSPCommunityFixes] Patch ContractProgressEnumCache applied.
[LOG 18:58:04.116] [KSPCommunityFixes] Patch ActiveRadiatorPerf applied.
[LOG 18:58:04.121] [KSPCommunityFixes] Patch CargoBayPerf applied.
[LOG 18:58:04.132] [KSPCommunityFixes] Patch CollisionEnhancerFastUpdate applied.
[LOG 18:58:04.137] [KSPCommunityFixes] Patch CollisionManagerFastUpdate applied.
[LOG 18:58:04.144] [KSPCommunityFixes] Patch AsteroidAndCometDrillCache applied.
[LOG 18:58:04.160] [KSPCommunityFixes] Patch TweakableWheelsAutostrut applied.
[LOG 18:58:04.195] [KSPCommunityFixes] Patch PatchSettings applied.
[LOG 18:58:04.248] [KSPCommunityFixes] Patch UpgradeBugs applied.
[LOG 18:58:04.249] [KSPCommunityFixes] Patch PartTooltipUpgradesApplyToSubstituteParts not applied (not enabled in Settings.cfg)
[LOG 18:58:04.329] [ModuleManager] Calling ConfigNodePerf.ModuleManagerPostLoad()
[LOG 18:58:04.330] [ModuleManager] Post patch ran in 1.766s
[LOG 18:58:04.359] PartLoader: Loading part database
[LOG 18:58:04.360] PartLoader: Compiling Part 'Squad/Parts/Aero/aerodynamicNoseCone/aerodynamicNoseCone/noseCone'
[LOG 18:58:04.383] EffectList: Created 15 effect types
[LOG 18:58:04.501] PartLoader: Compiling Part 'Squad/Parts/Aero/airbrake/Airbrake/airbrake1'
[LOG 18:58:04.551] PartLoader: Compiling Part 'Squad/Parts/Aero/airIntakeRadialXM-G50/airIntakeRadialXM-G50/airScoop'
[LOG 18:58:04.572] PartLoader: Compiling Part 'Squad/Parts/Aero/airlinerWings/ControlSurface/airlinerCtrlSrf'
[LOG 18:58:04.588] PartLoader: Compiling Part 'Squad/Parts/Aero/airlinerWings/MainWing/airlinerMainWing'
[LOG 18:58:04.607] PartLoader: Compiling Part 'Squad/Parts/Aero/airlinerWings/TailFin/airlinerTailFin'
[LOG 18:58:04.619] PartLoader: Compiling Part 'Squad/Parts/Aero/airplaneFins/advancedCanard/AdvancedCanard'
[LOG 18:58:04.625] PartLoader: Compiling Part 'Squad/Parts/Aero/airplaneFins/standardCanard/CanardController'
[LOG 18:58:04.634] PartLoader: Compiling Part 'Squad/Parts/Aero/airplaneFins/sweptWing/sweptWing'
[LOG 18:58:04.644] PartLoader: Compiling Part 'Squad/Parts/Aero/airplaneFins/tailfin/tailfin'
[LOG 18:58:04.652] PartLoader: Compiling Part 'Squad/Parts/Aero/basicFin/basicFin/basicFin'
[LOG 18:58:04.655] PartLoader: Compiling Part 'Squad/Parts/Aero/circularIntake/circularIntake/CircularIntake'
[LOG 18:58:04.668] PartLoader: Compiling Part 'Squad/Parts/Aero/circularIntake/intakeShockCone/shockConeIntake'
[LOG 18:58:04.676] PartLoader: Compiling Part 'Squad/Parts/Aero/cones/avionicsNoseCone/avionicsNoseCone'
[LOG 18:58:04.710] PartLoader: Compiling Part 'Squad/Parts/Aero/cones/ConeA/pointyNoseConeA'
[LOG 18:58:04.714] PartLoader: Compiling Part 'Squad/Parts/Aero/cones/ConeB/pointyNoseConeB'
[LOG 18:58:04.719] PartLoader: Compiling Part 'Squad/Parts/Aero/cones/noseConeAdapter/noseConeAdapter'
[LOG 18:58:04.722] PartLoader: Compiling Part 'Squad/Parts/Aero/cones/protectiveRocketNoseMk7_v2/rocketNoseCone_v2'
[LOG 18:58:04.727] PartLoader: Compiling Part 'Squad/Parts/Aero/cones/protectiveRocketNoseMk7_v3/rocketNoseCone_v3'
[LOG 18:58:04.730] PartLoader: Compiling Part 'Squad/Parts/Aero/cones/rocketNoseCone_size3/rocketNoseConeSize3'
[LOG 18:58:04.736] PartLoader: Compiling Part 'Squad/Parts/Aero/cones/smallNoseCone/standardNoseCone'
[LOG 18:58:04.744] PartLoader: Compiling Part 'Squad/Parts/Aero/cones/tailConnectorA/airplaneTail'
[LOG 18:58:04.748] PartLoader: Compiling Part 'Squad/Parts/Aero/cones/tailConnectorB/airplaneTailB'
[LOG 18:58:04.752] PartLoader: Compiling Part 'Squad/Parts/Aero/fairings/fairingSize1/fairingSize1'
[LOG 18:58:04.812] PartLoader: Compiling Part 'Squad/Parts/Aero/fairings/fairingSize2/fairingSize2'
[LOG 18:58:04.827] PartLoader: Compiling Part 'Squad/Parts/Aero/fairings/fairingSize3/fairingSize3'
[LOG 18:58:04.845] PartLoader: Compiling Part 'Squad/Parts/Aero/HeatShield/HeatShield0/HeatShield0'
[LOG 18:58:04.880] PartLoader: Compiling Part 'Squad/Parts/Aero/HeatShield/HeatShield1/HeatShield1'
[LOG 18:58:04.892] PartLoader: Compiling Part 'Squad/Parts/Aero/HeatShield/HeatShield2/HeatShield2'
[LOG 18:58:04.899] PartLoader: Compiling Part 'Squad/Parts/Aero/HeatShield/HeatShield3/HeatShield3'
[LOG 18:58:04.906] PartLoader: Compiling Part 'Squad/Parts/Aero/InflatableHeatShield/HeatShield/InflatableHeatShield'
[LOG 18:58:04.923] PartLoader: Compiling Part 'Squad/Parts/Aero/intakeRadialLong/intakeRadialLong/IntakeRadialLong'
[LOG 18:58:04.927] PartLoader: Compiling Part 'Squad/Parts/Aero/miniIntake/SmallIntake/miniIntake'
[LOG 18:58:04.931] PartLoader: Compiling Part 'Squad/Parts/Aero/ramAirIntake/ramAirIntake/ramAirIntake'
[LOG 18:58:04.936] PartLoader: Compiling Part 'Squad/Parts/Aero/shuttleWings/delta/wingShuttleDelta'
[LOG 18:58:04.939] PartLoader: Compiling Part 'Squad/Parts/Aero/shuttleWings/elevon1/wingShuttleElevon1'
[LOG 18:58:04.944] PartLoader: Compiling Part 'Squad/Parts/Aero/shuttleWings/elevon2/wingShuttleElevon2'
[LOG 18:58:04.963] PartLoader: Compiling Part 'Squad/Parts/Aero/shuttleWings/rudder/wingShuttleRudder'
[LOG 18:58:04.968] PartLoader: Compiling Part 'Squad/Parts/Aero/shuttleWings/strake/wingShuttleStrake'
[LOG 18:58:04.971] PartLoader: Compiling Part 'Squad/Parts/Aero/wingletAV-R8/wingletAV-R8/R8winglet'
[LOG 18:58:04.976] PartLoader: Compiling Part 'Squad/Parts/Aero/wingletAV-T1/wingletAV-T1/winglet'
[LOG 18:58:04.980] PartLoader: Compiling Part 'Squad/Parts/Aero/wingletDeltaDeluxe/wingletDeltaDeluxe/winglet3'
[LOG 18:58:04.986] PartLoader: Compiling Part 'Squad/Parts/Aero/wings/connector1/wingConnector'
[LOG 18:58:04.989] PartLoader: Compiling Part 'Squad/Parts/Aero/wings/connector2/wingConnector2'
[LOG 18:58:04.993] PartLoader: Compiling Part 'Squad/Parts/Aero/wings/connector3/wingConnector3'
[LOG 18:58:04.998] PartLoader: Compiling Part 'Squad/Parts/Aero/wings/connector4/wingConnector4'
[LOG 18:58:05.002] PartLoader: Compiling Part 'Squad/Parts/Aero/wings/connector5/wingConnector5'
[LOG 18:58:05.005] PartLoader: Compiling Part 'Squad/Parts/Aero/wings/delta/deltaWing'
[LOG 18:58:05.009] PartLoader: Compiling Part 'Squad/Parts/Aero/wings/delta_small/delta_small'
[LOG 18:58:05.011] PartLoader: Compiling Part 'Squad/Parts/Aero/wings/elevon1/StandardCtrlSrf'
[LOG 18:58:05.016] PartLoader: Compiling Part 'Squad/Parts/Aero/wings/elevon2/elevon2'
[LOG 18:58:05.024] PartLoader: Compiling Part 'Squad/Parts/Aero/wings/elevon3/elevon3'
[LOG 18:58:05.030] PartLoader: Compiling Part 'Squad/Parts/Aero/wings/elevon4/smallCtrlSrf'
[LOG 18:58:05.037] PartLoader: Compiling Part 'Squad/Parts/Aero/wings/elevon5/elevon5'
[LOG 18:58:05.045] PartLoader: Compiling Part 'Squad/Parts/Aero/wings/strake/wingStrake'
[LOG 18:58:05.050] PartLoader: Compiling Part 'Squad/Parts/Aero/wings/structural1/structuralWing'
[LOG 18:58:05.055] PartLoader: Compiling Part 'Squad/Parts/Aero/wings/structural2/structuralWing2'
[LOG 18:58:05.061] PartLoader: Compiling Part 'Squad/Parts/Aero/wings/structural3/structuralWing3'
[LOG 18:58:05.066] PartLoader: Compiling Part 'Squad/Parts/Aero/wings/structural4/structuralWing4'
[LOG 18:58:05.072] PartLoader: Compiling Part 'Squad/Parts/Aero/wings/swept1/sweptWing1'
[LOG 18:58:05.076] PartLoader: Compiling Part 'Squad/Parts/Aero/wings/swept2/sweptWing2'
[LOG 18:58:05.080] PartLoader: Compiling Part 'Squad/Parts/Cargo/CargoContainers/cargoContainer/cargoContainer'
[WRN 18:58:05.083] [Part]: Cannot have ModuleCargoPart and ModuleInventoryPart on same Part [cargoContainer'. Removed ModuleCargoPart
[LOG 18:58:05.095] PartLoader: Compiling Part 'Squad/Parts/Cargo/CargoContainers/smallCargoContainer/smallCargoContainer'
[WRN 18:58:05.097] [Part]: Cannot have ModuleCargoPart and ModuleInventoryPart on same Part [smallCargoContainer'. Removed ModuleCargoPart
[LOG 18:58:05.100] PartLoader: Compiling Part 'Squad/Parts/Cargo/Cylinder/Cylinder/evaCylinder'
[LOG 18:58:05.106] PartLoader: Compiling Part 'Squad/Parts/Cargo/GroundAnchor/groundAnchor/groundAnchor'
[LOG 18:58:05.128] PartLoader: Compiling Part 'Squad/Parts/Cargo/Jetpack/Jetpack/evaJetpack'
[LOG 18:58:05.132] PartLoader: Compiling Part 'Squad/Parts/Cargo/Parachute/Parachute/evaChute'
[LOG 18:58:05.135] PartLoader: Compiling Part 'Squad/Parts/Cargo/RepairKit/RepairKit/evaRepairKit'
[LOG 18:58:05.139] PartLoader: Compiling Part 'Squad/Parts/Cargo/ScienceKit/evaScienceKit/evaScienceKit'
[LOG 18:58:05.144] PartLoader: Compiling Part 'Squad/Parts/Cargo/StorageUnits/CargoStorageUnit/CargoStorageUnit'
[WRN 18:58:05.146] [Part]: Cannot have ModuleCargoPart and ModuleInventoryPart on same Part [CargoStorageUnit'. Removed ModuleCargoPart
[LOG 18:58:05.147] PartLoader: Compiling Part 'Squad/Parts/Cargo/StorageUnits/ConformalStorageUnit/ConformalStorageUnit'
[WRN 18:58:05.149] [Part]: Cannot have ModuleCargoPart and ModuleInventoryPart on same Part [ConformalStorageUnit'. Removed ModuleCargoPart
[LOG 18:58:05.153] PartLoader: Compiling Part 'Squad/Parts/Command/advancedSasModuleLarge/advSasModuleLarge/asasmodule1-2'
[LOG 18:58:05.164] PartLoader: Compiling Part 'Squad/Parts/Command/cupola/cupola/cupola'
[LOG 18:58:05.209] PartLoader: Compiling Part 'Squad/Parts/Command/externalCommandSeat/externalCommandSeat/seatExternalCmd'
[LOG 18:58:05.216] PartLoader: Compiling Part 'Squad/Parts/Command/hitchhikerStorageContainer/hitchikerStorageContainer/crewCabin'
[LOG 18:58:05.221] PartLoader: Compiling Part 'Squad/Parts/Command/inlineAdvancedStabilizer/inlineAdvancedStabilizer/advSasModule'
[LOG 18:58:05.226] PartLoader: Compiling Part 'Squad/Parts/Command/inlineReactionWheel/inlineReactionWheel/sasModule'
[LOG 18:58:05.232] PartLoader: Compiling Part 'Squad/Parts/Command/Mk1-3Pod/mk1-3/mk1-3pod'
[LOG 18:58:05.266] PartLoader: Compiling Part 'Squad/Parts/Command/mk1Cockpits/mk1Cockpit/Mark1Cockpit'
[WRN 18:58:05.270] [Part]: Cannot have ModuleCargoPart and ModuleInventoryPart on same Part [Mark1Cockpit'. Removed ModuleCargoPart
[LOG 18:58:05.277] PartLoader: Compiling Part 'Squad/Parts/Command/mk1Cockpits/mk1CrewCabin/MK1CrewCabin'
[WRN 18:58:05.281] [Part]: Cannot have ModuleCargoPart and ModuleInventoryPart on same Part [MK1CrewCabin'. Removed ModuleCargoPart
[LOG 18:58:05.286] PartLoader: Compiling Part 'Squad/Parts/Command/mk1Cockpits/mk1InlineCockpit/Mark2Cockpit'
[WRN 18:58:05.290] [Part]: Cannot have ModuleCargoPart and ModuleInventoryPart on same Part [Mark2Cockpit'. Removed ModuleCargoPart
[LOG 18:58:05.302] PartLoader: Compiling Part 'Squad/Parts/Command/mk1LanderCan/mk1LanderCan/landerCabinSmall'
[WRN 18:58:05.306] [Part]: Cannot have ModuleCargoPart and ModuleInventoryPart on same Part [landerCabinSmall'. Removed ModuleCargoPart
[LOG 18:58:05.314] PartLoader: Compiling Part 'Squad/Parts/Command/mk1pod_v2/mk1Pod_v2/mk1pod_v2'
[WRN 18:58:05.318] [Part]: Cannot have ModuleCargoPart and ModuleInventoryPart on same Part [mk1pod.v2'. Removed ModuleCargoPart
[LOG 18:58:05.324] PartLoader: Compiling Part 'Squad/Parts/Command/mk2CockpitInline/mk2CockpitInline/mk2Cockpit_Inline'
[WRN 18:58:05.328] [Part]: Cannot have ModuleCargoPart and ModuleInventoryPart on same Part [mk2Cockpit.Inline'. Removed ModuleCargoPart
[LOG 18:58:05.334] PartLoader: Compiling Part 'Squad/Parts/Command/mk2CockpitStandard/mk2CockpitStandard/mk2Cockpit_Standard'
[WRN 18:58:05.337] [Part]: Cannot have ModuleCargoPart and ModuleInventoryPart on same Part [mk2Cockpit.Standard'. Removed ModuleCargoPart
[LOG 18:58:05.344] PartLoader: Compiling Part 'Squad/Parts/Command/mk2DroneCore/mk2Dronecore/mk2DroneCore'
[LOG 18:58:05.353] PartLoader: Compiling Part 'Squad/Parts/Command/mk2LanderCan/mk2LanderCan/mk2LanderCabin'
[WRN 18:58:05.359] [Part]: Cannot have ModuleCargoPart and ModuleInventoryPart on same Part [mk2LanderCabin'. Removed ModuleCargoPart
[LOG 18:58:05.367] PartLoader: Compiling Part 'Squad/Parts/Command/mk2LanderCan_v2/mk2LanderCan_v2/mk2LanderCabin_v2'
[WRN 18:58:05.371] [Part]: Cannot have ModuleCargoPart and ModuleInventoryPart on same Part [mk2LanderCabin.v2'. Removed ModuleCargoPart
[LOG 18:58:05.380] PartLoader: Compiling Part 'Squad/Parts/Command/mk3CockpitShuttle/mk3CockpitShuttle/mk3Cockpit_Shuttle'
[LOG 18:58:05.388] PartLoader: Compiling Part 'Squad/Parts/Command/MpoProbe/MpoProbe/MpoProbe'
[LOG 18:58:05.396] PartLoader: Compiling Part 'Squad/Parts/Command/MtmStage/MTM_Stage/MtmStage'
[LOG 18:58:05.403] PartLoader: Compiling Part 'Squad/Parts/Command/probeCoreCube/probeCoreCube/probeCoreCube'
[LOG 18:58:05.411] PartLoader: Compiling Part 'Squad/Parts/Command/probeCoreHex/probeCoreHex/probeCoreHex'
[LOG 18:58:05.422] PartLoader: Compiling Part 'Squad/Parts/Command/probeCoreHex_v2/probeCoreHex_v2/probeCoreHex_v2'
[LOG 18:58:05.429] PartLoader: Compiling Part 'Squad/Parts/Command/probeCoreOcto2_v2/probeCoreOcto2_v2/probeCoreOcto2_v2'
[LOG 18:58:05.439] PartLoader: Compiling Part 'Squad/Parts/Command/probeCoreOcto_v2/probeCoreOcto_v2/probeCoreOcto_v2'
[LOG 18:58:05.448] PartLoader: Compiling Part 'Squad/Parts/Command/probeRoverBody/probeRoverBody/roverBody'
[LOG 18:58:05.458] PartLoader: Compiling Part 'Squad/Parts/Command/probeRoverBody_v2/probeRoverBody_v2/roverBody_v2'
[LOG 18:58:05.467] PartLoader: Compiling Part 'Squad/Parts/Command/probeStackLarge/probeStackLarge/probeStackLarge'
[LOG 18:58:05.476] PartLoader: Compiling Part 'Squad/Parts/Command/probeStackSmall/probeStackSmall/probeStackSmall'
[LOG 18:58:05.486] PartLoader: Compiling Part 'Squad/Parts/Command/probeStackSphere_v2/probeStackSphere_v2/probeCoreSphere_v2'
[LOG 18:58:05.493] PartLoader: Compiling Part 'Squad/Parts/CompoundParts/FuelLine/fuelLine/fuelLine'
[LOG 18:58:05.519] PartLoader: Compiling Part 'Squad/Parts/CompoundParts/strutConnector/strutConnector/strutConnector'
[LOG 18:58:05.531] PartLoader: Compiling Part 'Squad/Parts/Coupling/Decoupler_0/Decoupler_0'
[LOG 18:58:05.542] PartLoader: Compiling Part 'Squad/Parts/Coupling/Decoupler_1/Decoupler_1'
[LOG 18:58:05.548] PartLoader: Compiling Part 'Squad/Parts/Coupling/Decoupler_2/Decoupler_2'
[LOG 18:58:05.553] PartLoader: Compiling Part 'Squad/Parts/Coupling/Decoupler_3/Decoupler_3'
[LOG 18:58:05.559] PartLoader: Compiling Part 'Squad/Parts/Coupling/Separator_0/Separator_0'
[LOG 18:58:05.564] PartLoader: Compiling Part 'Squad/Parts/Coupling/Separator_1/Separator_1'
[LOG 18:58:05.570] PartLoader: Compiling Part 'Squad/Parts/Coupling/Separator_2/Separator_2'
[LOG 18:58:05.576] PartLoader: Compiling Part 'Squad/Parts/Coupling/Separator_3/Separator_3'
[LOG 18:58:05.580] PartLoader: Compiling Part 'Squad/Parts/Electrical/10CSolarPanels/OX-10C/solarPanelOX10C'
[LOG 18:58:05.595] PartLoader: Compiling Part 'Squad/Parts/Electrical/10CSolarPanels/SP-10C/solarPanelSP10C'
[LOG 18:58:05.601] PartLoader: Compiling Part 'Squad/Parts/Electrical/10LSolarPanels/OX-10L/solarPanelOX10L'
[LOG 18:58:05.605] PartLoader: Compiling Part 'Squad/Parts/Electrical/10LSolarPanels/SP-10L/solarPanelSP10L'
[LOG 18:58:05.613] PartLoader: Compiling Part 'Squad/Parts/Electrical/1x6ShroudSolarPanels/1x6ShroudSolarPanels/solarPanels2'
[LOG 18:58:05.619] PartLoader: Compiling Part 'Squad/Parts/Electrical/1x6SolarPanels/1x6SolarPanels/solarPanels4'
[LOG 18:58:05.624] PartLoader: Compiling Part 'Squad/Parts/Electrical/3x2ShroudSolarPanels/3x2ShroudSolarPanels/solarPanels1'
[LOG 18:58:05.630] PartLoader: Compiling Part 'Squad/Parts/Electrical/3x2SolarPanels/3x2SolarPanels/solarPanels3'
[LOG 18:58:05.635] PartLoader: Compiling Part 'Squad/Parts/Electrical/gigantorXlSolarArray/gigantorXlSolarArray/largeSolarPanel'
[LOG 18:58:05.639] PartLoader: Compiling Part 'Squad/Parts/Electrical/radialFlatSolarPanel/radialFlatSolarPanel/solarPanels5'
[LOG 18:58:05.643] PartLoader: Compiling Part 'Squad/Parts/Electrical/RTG/RTG/rtg'
[LOG 18:58:05.655] PartLoader: Compiling Part 'Squad/Parts/Electrical/z-100Battery/z-100Battery/batteryPack'
[LOG 18:58:05.659] PartLoader: Compiling Part 'Squad/Parts/Electrical/z-1kBattery/z-1kBattery/batteryBank'
[LOG 18:58:05.662] PartLoader: Compiling Part 'Squad/Parts/Electrical/z-200Battery/z-200Battery/batteryBankMini'
[LOG 18:58:05.667] PartLoader: Compiling Part 'Squad/Parts/Electrical/z-400Battery/z-400Battery/ksp_r_largeBatteryPack'
[LOG 18:58:05.673] PartLoader: Compiling Part 'Squad/Parts/Electrical/z-4kBattery/z-4kBattery/batteryBankLarge'
[LOG 18:58:05.676] PartLoader: Compiling Part 'Squad/Parts/Engine/ionEngine/ionEngine/ionEngine'
[LOG 18:58:05.700] PartLoader: Compiling Part 'Squad/Parts/Engine/jetEngines/jetEngineAfterburning/turboJet'
[LOG 18:58:05.751] PartLoader: Compiling Part 'Squad/Parts/Engine/jetEngines/jetEngineBasic/JetEngine'
[LOG 18:58:05.764] PartLoader: Compiling Part 'Squad/Parts/Engine/jetEngines/jetEngineBig/turboFanSize2'
[LOG 18:58:05.791] PartLoader: Compiling Part 'Squad/Parts/Engine/jetEngines/jetEngineTurbo/turboFanEngine'
[LOG 18:58:05.806] PartLoader: Compiling Part 'Squad/Parts/Engine/liquidEngine24-77/liquidEngine24-77/smallRadialEngine'
[LOG 18:58:05.818] PartLoader: Compiling Part 'Squad/Parts/Engine/liquidEngine24-77_v2/liquidEngine24-77_v2/smallRadialEngine_v2'
[LOG 18:58:05.831] PartLoader: Compiling Part 'Squad/Parts/Engine/liquidEngine48-7S_v2/liquidEngine48-7S_v2/liquidEngineMini_v2'
[LOG 18:58:05.845] PartLoader: Compiling Part 'Squad/Parts/Engine/liquidEngineAerospike/liquidEngineAerospike/toroidalAerospike'
[LOG 18:58:05.869] PartLoader: Compiling Part 'Squad/Parts/Engine/liquidEngineLV-1_v2/liquidEngineLV-1R _v2/radialEngineMini_v2'
[LOG 18:58:05.884] PartLoader: Compiling Part 'Squad/Parts/Engine/liquidEngineLV-1_v2/liquidEngineLV-1_v2/microEngine_v2'
[LOG 18:58:05.894] PartLoader: Compiling Part 'Squad/Parts/Engine/liquidEngineLV-909_v2/liquidEngineLV-909_v2/liquidEngine3_v2'
[LOG 18:58:05.910] PartLoader: Compiling Part 'Squad/Parts/Engine/liquidEngineLV-N/liquidEngineLV-N/nuclearEngine'
[LOG 18:58:05.920] PartLoader: Compiling Part 'Squad/Parts/Engine/liquidEngineLV-T30/liquidEngineLV-T30/liquidEngine'
[LOG 18:58:05.929] PartLoader: Compiling Part 'Squad/Parts/Engine/liquidEngineLV-T30_v2/liquidEngineLV-T30_v2/liquidEngine_v2'
[LOG 18:58:05.938] PartLoader: Compiling Part 'Squad/Parts/Engine/liquidEngineLV-T45/liquidEngineLV-T45/liquidEngine2'
[LOG 18:58:05.948] PartLoader: Compiling Part 'Squad/Parts/Engine/liquidEngineLV-T45_v2/liquidEngineLV-T45_v2/liquidEngine2_v2'
[LOG 18:58:05.960] PartLoader: Compiling Part 'Squad/Parts/Engine/liquidEngineMainsail_v2/liquidEngineMainsail_v2/liquidEngineMainsail_v2'
[LOG 18:58:05.977] PartLoader: Compiling Part 'Squad/Parts/Engine/liquidEngineMk55/liquidEngineMk55/radialLiquidEngine1-2'
[LOG 18:58:05.987] PartLoader: Compiling Part 'Squad/Parts/Engine/liquidEnginePoodle_v2/liquidEnginePoodle_v2/liquidEngine2-2_v2'
[LOG 18:58:06.000] PartLoader: Compiling Part 'Squad/Parts/Engine/liquidEngineSkipper_v2/skipperLiquidEngine_v2/engineLargeSkipper_v2'
[LOG 18:58:06.016] PartLoader: Compiling Part 'Squad/Parts/Engine/liquidEngineSSME/SSME/SSME'
[LOG 18:58:06.028] PartLoader: Compiling Part 'Squad/Parts/Engine/MassiveSRB/part/MassiveBooster'
[LOG 18:58:06.041] PartLoader: Compiling Part 'Squad/Parts/Engine/miniJet/SmallJetEngine/miniJetEngine'
[LOG 18:58:06.049] PartLoader: Compiling Part 'Squad/Parts/Engine/OMSEngine/omsEngine/omsEngine'
[LOG 18:58:06.058] PartLoader: Compiling Part 'Squad/Parts/Engine/rapierEngine/rapierEngine/RAPIER'
[LOG 18:58:06.073] PartLoader: Compiling Part 'Squad/Parts/Engine/Size1_SRBs/solidBoosterRT-10_v2/solidBooster_v2'
[LOG 18:58:06.082] PartLoader: Compiling Part 'Squad/Parts/Engine/Size1_SRBs/solidBoosterRT-5_v2/solidBooster_sm_v2'
[LOG 18:58:06.090] PartLoader: Compiling Part 'Squad/Parts/Engine/Size2LFB/part/Size2LFB'
[LOG 18:58:06.098] PartLoader: Compiling Part 'Squad/Parts/Engine/Size2LFB_v2/part/Size2LFB_v2'
[LOG 18:58:06.108] PartLoader: Compiling Part 'Squad/Parts/Engine/Size3AdvancedEngine/part/Size3AdvancedEngine'
[LOG 18:58:06.118] PartLoader: Compiling Part 'Squad/Parts/Engine/Size3EngineCluster/part/Size3EngineCluster'
[LOG 18:58:06.130] PartLoader: Compiling Part 'Squad/Parts/Engine/solidBoosterBACC/solidBoosterBACC/solidBooster1-1'
[LOG 18:58:06.136] PartLoader: Compiling Part 'Squad/Parts/Engine/solidBoosterS2-17/solidBoosterS2-17/Thoroughbred'
[LOG 18:58:06.148] PartLoader: Compiling Part 'Squad/Parts/Engine/solidBoosterS2-33/solidBoosterS2-33/Clydesdale'
[LOG 18:58:06.155] PartLoader: Compiling Part 'Squad/Parts/Engine/solidBoosterSep/solidBoosterSep/sepMotor1'
[LOG 18:58:06.158] [ModuleCargoPart]: Setting stackableQuantity to 1 as sepMotor1 contains resources
[LOG 18:58:06.161] PartLoader: Compiling Part 'Squad/Parts/Engine/SolidBoostersF/SolidBoosterF3S0/Shrimp'
[LOG 18:58:06.169] PartLoader: Compiling Part 'Squad/Parts/Engine/SolidBoostersF/SolidBoosterFM1/Mite'
[LOG 18:58:06.176] PartLoader: Compiling Part 'Squad/Parts/FuelTank/adapterTanks/Mk3-Mk2/adapterMk3-Mk2'
[LOG 18:58:06.178] PartLoader: Compiling Part 'Squad/Parts/FuelTank/adapterTanks/Mk3-ShuttleAdapter/adapterEngines'
[LOG 18:58:06.182] PartLoader: Compiling Part 'Squad/Parts/FuelTank/adapterTanks/Mk3-Size2/adapterMk3-Size2'
[LOG 18:58:06.186] PartLoader: Compiling Part 'Squad/Parts/FuelTank/adapterTanks/Mk3-Size2Slant/adapterMk3-Size2Slant'
[LOG 18:58:06.189] PartLoader: Compiling Part 'Squad/Parts/FuelTank/adapterTanks/Size2-Mk2/adapterSize2-Mk2'
[LOG 18:58:06.192] PartLoader: Compiling Part 'Squad/Parts/FuelTank/adapterTanks/Size2-Size1/adapterSize2-Size1'
[LOG 18:58:06.195] PartLoader: Compiling Part 'Squad/Parts/FuelTank/adapterTanks/Size2-Size1Slant/adapterSize2-Size1Slant'
[LOG 18:58:06.197] PartLoader: Compiling Part 'Squad/Parts/FuelTank/adapterTanks/Size3-Mk3/adapterSize3-Mk3'
[LOG 18:58:06.201] PartLoader: Compiling Part 'Squad/Parts/FuelTank/drainTankFTE-1/ReleaseValve/ReleaseValve'
[LOG 18:58:06.212] PartLoader: Compiling Part 'Squad/Parts/FuelTank/FoilTanks/RadialTank_Capsule/externalTankCapsule'
[LOG 18:58:06.218] PartLoader: Compiling Part 'Squad/Parts/FuelTank/FoilTanks/RadialTank_Round/externalTankRound'
[LOG 18:58:06.222] PartLoader: Compiling Part 'Squad/Parts/FuelTank/FoilTanks/ToroidTank/externalTankToroid'
[LOG 18:58:06.226] PartLoader: Compiling Part 'Squad/Parts/FuelTank/fuelTankOscarB/fuelTankOscarB/miniFuelTank'
[LOG 18:58:06.229] PartLoader: Compiling Part 'Squad/Parts/FuelTank/miniFuselage/miniFuselage/miniFuselage'
[LOG 18:58:06.232] PartLoader: Compiling Part 'Squad/Parts/FuelTank/mk2Adapters/bicoupler/mk2_1m_Bicoupler'
[LOG 18:58:06.235] PartLoader: Compiling Part 'Squad/Parts/FuelTank/mk2Adapters/long/mk2_1m_AdapterLong'
[LOG 18:58:06.238] PartLoader: Compiling Part 'Squad/Parts/FuelTank/mk2Adapters/standard/mk2SpacePlaneAdapter'
[LOG 18:58:06.242] PartLoader: Compiling Part 'Squad/Parts/FuelTank/mk2FuselageLong/LFO_long/mk2FuselageLongLFO'
[LOG 18:58:06.245] PartLoader: Compiling Part 'Squad/Parts/FuelTank/mk2FuselageLong/L_long/mk2Fuselage'
[LOG 18:58:06.248] PartLoader: Compiling Part 'Squad/Parts/FuelTank/mk2FuselageShort/LFO_short/mk2FuselageShortLFO'
[LOG 18:58:06.253] PartLoader: Compiling Part 'Squad/Parts/FuelTank/mk2FuselageShort/L_short/mk2FuselageShortLiquid'
[LOG 18:58:06.257] PartLoader: Compiling Part 'Squad/Parts/FuelTank/mk2FuselageShort/Mono_short/mk2FuselageShortMono'
[LOG 18:58:06.261] PartLoader: Compiling Part 'Squad/Parts/FuelTank/mk3Fuselage/CREW/mk3CrewCabin'
[LOG 18:58:06.266] PartLoader: Compiling Part 'Squad/Parts/FuelTank/mk3Fuselage/LFO_100/mk3FuselageLFO_100'
[LOG 18:58:06.269] PartLoader: Compiling Part 'Squad/Parts/FuelTank/mk3Fuselage/LFO_25/mk3FuselageLFO_25'
[LOG 18:58:06.272] PartLoader: Compiling Part 'Squad/Parts/FuelTank/mk3Fuselage/LFO_50/mk3FuselageLFO_50'
[LOG 18:58:06.275] PartLoader: Compiling Part 'Squad/Parts/FuelTank/mk3Fuselage/LF_100/mk3FuselageLF_100'
[LOG 18:58:06.277] PartLoader: Compiling Part 'Squad/Parts/FuelTank/mk3Fuselage/LF_25/mk3FuselageLF_25'
[LOG 18:58:06.279] PartLoader: Compiling Part 'Squad/Parts/FuelTank/mk3Fuselage/LF_50/mk3FuselageLF_50'
[LOG 18:58:06.281] PartLoader: Compiling Part 'Squad/Parts/FuelTank/mk3Fuselage/MONO/mk3FuselageMONO'
[LOG 18:58:06.284] PartLoader: Compiling Part 'Squad/Parts/FuelTank/RCSFuelTankR1/RCSFuelTankR1/RCSTank1-2'
[LOG 18:58:06.288] PartLoader: Compiling Part 'Squad/Parts/FuelTank/RCSFuelTankR10/RCSFuelTankR10/rcsTankMini'
[LOG 18:58:06.292] PartLoader: Compiling Part 'Squad/Parts/FuelTank/RCSFuelTankR25/RCSFuelTankR25/RCSFuelTank'
[LOG 18:58:06.296] PartLoader: Compiling Part 'Squad/Parts/FuelTank/RCSTankRadial/radialRCSTank/radialRCSTank'
[LOG 18:58:06.300] PartLoader: Compiling Part 'Squad/Parts/FuelTank/RCStankRadialLong/RCSTankRadialLong/rcsTankRadialLong'
[LOG 18:58:06.302] PartLoader: Compiling Part 'Squad/Parts/FuelTank/RockomaxTanks/Rockomax16/Rockomax16_BW'
[LOG 18:58:06.305] PartLoader: Compiling Part 'Squad/Parts/FuelTank/RockomaxTanks/Rockomax32/Rockomax32_BW'
[LOG 18:58:06.308] PartLoader: Compiling Part 'Squad/Parts/FuelTank/RockomaxTanks/Rockomax64/Rockomax64_BW'
[LOG 18:58:06.311] PartLoader: Compiling Part 'Squad/Parts/FuelTank/RockomaxTanks/Rockomax8/Rockomax8BW'
[LOG 18:58:06.314] PartLoader: Compiling Part 'Squad/Parts/FuelTank/Size1_Tanks/fuelTankT100/fuelTankSmallFlat'
[LOG 18:58:06.318] PartLoader: Compiling Part 'Squad/Parts/FuelTank/Size1_Tanks/fuelTankT200/fuelTankSmall'
[LOG 18:58:06.323] PartLoader: Compiling Part 'Squad/Parts/FuelTank/Size1_Tanks/fuelTankT400/fuelTank'
[LOG 18:58:06.326] PartLoader: Compiling Part 'Squad/Parts/FuelTank/Size1_Tanks/fuelTankT800/fuelTank_long'
[LOG 18:58:06.329] PartLoader: Compiling Part 'Squad/Parts/FuelTank/Size3Tanks/large/Size3LargeTank'
[LOG 18:58:06.333] PartLoader: Compiling Part 'Squad/Parts/FuelTank/Size3Tanks/medium/Size3MediumTank'
[LOG 18:58:06.336] PartLoader: Compiling Part 'Squad/Parts/FuelTank/Size3Tanks/small/Size3SmallTank'
[LOG 18:58:06.339] PartLoader: Compiling Part 'Squad/Parts/FuelTank/xenonTank/xenonTank/xenonTank'
[LOG 18:58:06.342] PartLoader: Compiling Part 'Squad/Parts/FuelTank/xenonTankLarge/xenonTankLarge/xenonTankLarge'
[LOG 18:58:06.344] PartLoader: Compiling Part 'Squad/Parts/FuelTank/xenonTankRadial/xenonTankRadial/xenonTankRadial'
[LOG 18:58:06.347] PartLoader: Compiling Part 'Squad/Parts/Misc/AsteroidDay/CamSat/InfraredTelescope'
[LOG 18:58:06.353] PartLoader: Compiling Part 'Squad/Parts/Misc/AsteroidDay/HECS2/HECS2_ProbeCore'
[LOG 18:58:06.363] PartLoader: Compiling Part 'Squad/Parts/Misc/AsteroidDay/HighGainAntenna/HighGainAntenna'
[LOG 18:58:06.374] PartLoader: Compiling Part 'Squad/Parts/Misc/AsteroidDay/LgRadialSolar/LgRadialSolarPanel'
[LOG 18:58:06.378] PartLoader: Compiling Part 'Squad/Parts/Misc/PotatoComet/part/PotatoComet'
[LOG 18:58:06.390] PartLoader: Compiling Part 'Squad/Parts/Misc/PotatoRoid/part/PotatoRoid'
[LOG 18:58:06.402] PartLoader: Compiling Part 'Squad/Parts/Prebuilt/flag/flag'
[LOG 18:58:06.405] PartLoader: Compiling Part 'Squad/Parts/Prebuilt/kerbalEVA/kerbalEVA'
[LOG 18:58:06.426] PartLoader: Compiling Part 'Squad/Parts/Prebuilt/kerbalEVAfemale/kerbalEVAfemale'
[LOG 18:58:06.433] PartLoader: Compiling Part 'Squad/Parts/Prebuilt/kerbalEVASlimSuit/kerbalEVASlimSuit'
[LOG 18:58:06.440] PartLoader: Compiling Part 'Squad/Parts/Prebuilt/kerbalEVASlimSuitFemale/kerbalEVASlimSuitFemale'
[LOG 18:58:06.447] PartLoader: Compiling Part 'Squad/Parts/Resources/FuelCell/FuelCell/FuelCell'
[LOG 18:58:06.459] PartLoader: Compiling Part 'Squad/Parts/Resources/FuelCell/FuelCellArray/FuelCellArray'
[LOG 18:58:06.462] PartLoader: Compiling Part 'Squad/Parts/Resources/ISRU/ISRU/ISRU'
[LOG 18:58:06.474] PartLoader: Compiling Part 'Squad/Parts/Resources/LargeTank/LargeTank/LargeTank'
[LOG 18:58:06.482] PartLoader: Compiling Part 'Squad/Parts/Resources/MiniDrill/MiniDrill/MiniDrill'
[LOG 18:58:06.505] PartLoader: Compiling Part 'Squad/Parts/Resources/MiniISRU/MiniISRU/MiniISRU'
[LOG 18:58:06.513] PartLoader: Compiling Part 'Squad/Parts/Resources/OrbitalScanner/OrbitalScanner/OrbitalScanner'
[LOG 18:58:06.529] PartLoader: Compiling Part 'Squad/Parts/Resources/RadialDrill/RadialDrill/RadialDrill'
[LOG 18:58:06.547] PartLoader: Compiling Part 'Squad/Parts/Resources/RadialTank/RadialTank/RadialOreTank'
[LOG 18:58:06.551] PartLoader: Compiling Part 'Squad/Parts/Resources/SmallTank/SmallTank/SmallTank'
[LOG 18:58:06.554] PartLoader: Compiling Part 'Squad/Parts/Resources/SurfaceScanner/SurfaceScanner/SurfaceScanner'
[LOG 18:58:06.588] PartLoader: Compiling Part 'Squad/Parts/Resources/SurveyScanner/SurveyScanner/SurveyScanner'
[LOG 18:58:06.598] PartLoader: Compiling Part 'Squad/Parts/Science/AtmosphereSensor/sensorAtmosphere/sensorAtmosphere'
[LOG 18:58:06.602] PartLoader: Compiling Part 'Squad/Parts/Science/GooExperiment/gooExperiment/GooExperiment'
[LOG 18:58:06.606] PartLoader: Compiling Part 'Squad/Parts/Science/LargeCrewedLab/largeCrewedLab/Large_Crewed_Lab'
[LOG 18:58:06.625] PartLoader: Compiling Part 'Squad/Parts/Science/Magnetometer/Magnetometer/Magnetometer'
[LOG 18:58:06.637] PartLoader: Compiling Part 'Squad/Parts/Science/MaterialBay/materialBay/science_module'
[LOG 18:58:06.644] PartLoader: Compiling Part 'Squad/Parts/Science/ScienceBox/ScienceBox/ScienceBox'
[LOG 18:58:06.650] PartLoader: Compiling Part 'Squad/Parts/Science/sensorAccelerometer/sensorAccelerometer/sensorAccelerometer'
[LOG 18:58:06.659] PartLoader: Compiling Part 'Squad/Parts/Science/sensorBarometer/sensorBarometer/sensorBarometer'
[LOG 18:58:06.663] PartLoader: Compiling Part 'Squad/Parts/Science/sensorGravimeter/sensorGravimeter/sensorGravimeter'
[LOG 18:58:06.667] PartLoader: Compiling Part 'Squad/Parts/Science/sensorThermometer/sensorThermometer/sensorThermometer'
[LOG 18:58:06.671] PartLoader: Compiling Part 'Squad/Parts/Structural/FLAdapters/adapterSmallMiniShort/adapterSmallMiniShort'
[LOG 18:58:06.675] PartLoader: Compiling Part 'Squad/Parts/Structural/FLAdapters/adapterSmallMiniTall/adapterSmallMiniTall'
[LOG 18:58:06.680] PartLoader: Compiling Part 'Squad/Parts/Structural/mk1Parts/engineBodyRadial/radialEngineBody'
[LOG 18:58:06.685] PartLoader: Compiling Part 'Squad/Parts/Structural/mk1Parts/engineNacelle/nacelleBody'
[LOG 18:58:06.688] PartLoader: Compiling Part 'Squad/Parts/Structural/mk1Parts/mk1Fuselage/MK1Fuselage'
[LOG 18:58:06.692] PartLoader: Compiling Part 'Squad/Parts/Structural/mk1Parts/mk1FuselageIntake/MK1IntakeFuselage'
[LOG 18:58:06.698] PartLoader: Compiling Part 'Squad/Parts/Structural/mk1Parts/mk1Structural/Mk1FuselageStructural'
[LOG 18:58:06.703] PartLoader: Compiling Part 'Squad/Parts/Structural/Size3To2Adapter_v2/Size2to3_v2/Size3To2Adapter_v2'
[LOG 18:58:06.707] PartLoader: Compiling Part 'Squad/Parts/Structural/stackAdapters/adapterLargeSmallBi/adapterLargeSmallBi'
[LOG 18:58:06.710] PartLoader: Compiling Part 'Squad/Parts/Structural/stackAdapters/adapterLargeSmallQuad/adapterLargeSmallQuad'
[LOG 18:58:06.713] PartLoader: Compiling Part 'Squad/Parts/Structural/stackAdapters/adapterLargeSmallTri/adapterLargeSmallTri'
[LOG 18:58:06.716] PartLoader: Compiling Part 'Squad/Parts/Structural/stationHub/stationHub/stationHub'
[LOG 18:58:06.718] PartLoader: Compiling Part 'Squad/Parts/Structural/structuralIBeam200/structuralIBeam200/structuralIBeam2'
[LOG 18:58:06.720] PartLoader: Compiling Part 'Squad/Parts/Structural/structuralIBeam200Pocket/structuralIBeam200Pocket/structuralIBeam3'
[LOG 18:58:06.723] PartLoader: Compiling Part 'Squad/Parts/Structural/structuralIBeam650/structuralIBeam650/structuralIBeam1'
[LOG 18:58:06.728] PartLoader: Compiling Part 'Squad/Parts/Structural/structuralMicronode/structuralMicronode/structuralMiniNode'
[LOG 18:58:06.733] PartLoader: Compiling Part 'Squad/Parts/Structural/structuralPanel1x1/structuralPanel1x1/structuralPanel1'
[LOG 18:58:06.735] PartLoader: Compiling Part 'Squad/Parts/Structural/structuralPanel2x2/structuralPanel2x2/structuralPanel2'
[LOG 18:58:06.738] PartLoader: Compiling Part 'Squad/Parts/Structural/structuralPylons/smallHardpoint/smallHardpoint'
[LOG 18:58:06.743] PartLoader: Compiling Part 'Squad/Parts/Structural/structuralPylons/structuralPylon/structuralPylon'
[LOG 18:58:06.748] PartLoader: Compiling Part 'Squad/Parts/Structural/strutCubicOcto/strutCubicOcto/strutCube'
[LOG 18:58:06.751] PartLoader: Compiling Part 'Squad/Parts/Structural/strutOcto/strutOcto/strutOcto'
[LOG 18:58:06.754] PartLoader: Compiling Part 'Squad/Parts/Structural/trussGirderAdapter/trussGirderAdapter/trussAdapter'
[LOG 18:58:06.757] PartLoader: Compiling Part 'Squad/Parts/Structural/trussGirderL/trussGirderL/trussPiece1x'
[LOG 18:58:06.760] PartLoader: Compiling Part 'Squad/Parts/Structural/trussGirderXL/trussGirderXL/trussPiece3x'
[LOG 18:58:06.762] PartLoader: Compiling Part 'Squad/Parts/Thermal/FoldingRadiators/foldingRadLarge/foldingRadLarge'
[LOG 18:58:06.777] PartLoader: Compiling Part 'Squad/Parts/Thermal/FoldingRadiators/foldingRadMed/foldingRadMed'
[LOG 18:58:06.783] PartLoader: Compiling Part 'Squad/Parts/Thermal/FoldingRadiators/foldingRadSmall/foldingRadSmall'
[LOG 18:58:06.790] PartLoader: Compiling Part 'Squad/Parts/Thermal/RadiatorPanels/radPanelEdge/radPanelEdge'
[LOG 18:58:06.793] PartLoader: Compiling Part 'Squad/Parts/Thermal/RadiatorPanels/radPanelLg/radPanelLg'
[LOG 18:58:06.798] PartLoader: Compiling Part 'Squad/Parts/Thermal/RadiatorPanels/radPanelSm/radPanelSm'
[LOG 18:58:06.802] PartLoader: Compiling Part 'Squad/Parts/Utility/commDish88-88/commDish88-88/commDish'
[LOG 18:58:06.810] PartLoader: Compiling Part 'Squad/Parts/Utility/commsAntennaDTS-M1/commsAntennaDTS-M1/mediumDishAntenna'
[LOG 18:58:06.816] PartLoader: Compiling Part 'Squad/Parts/Utility/commsDish16/commsAntenna16/longAntenna'
[LOG 18:58:06.821] PartLoader: Compiling Part 'Squad/Parts/Utility/decouplerRadialHDM/decouplerRadialHDM/radialDecoupler1-2'
[LOG 18:58:06.829] PartLoader: Compiling Part 'Squad/Parts/Utility/decouplerRadialTT-38K/decouplerRadialTT-38K/radialDecoupler'
[LOG 18:58:06.835] PartLoader: Compiling Part 'Squad/Parts/Utility/decouplerRadialTT-70/decouplerRadialTT-70/radialDecoupler2'
[LOG 18:58:06.840] PartLoader: Compiling Part 'Squad/Parts/Utility/DirectAntennas/C16S/SurfAntenna'
[LOG 18:58:06.844] PartLoader: Compiling Part 'Squad/Parts/Utility/DirectAntennas/HG-5/HighGainAntenna5'
[LOG 18:58:06.849] PartLoader: Compiling Part 'Squad/Parts/Utility/DirectAntennas/HG-5_v2/HighGainAntenna5_v2'
[LOG 18:58:06.854] PartLoader: Compiling Part 'Squad/Parts/Utility/dockingPort/dockingPort/dockingPort2'
[LOG 18:58:06.864] PartLoader: Compiling Part 'Squad/Parts/Utility/dockingPortInline/dockingPortInline/dockingPortLateral'
[LOG 18:58:06.871] PartLoader: Compiling Part 'Squad/Parts/Utility/dockingPortJr/dockingPortJr/dockingPort3'
[LOG 18:58:06.875] PartLoader: Compiling Part 'Squad/Parts/Utility/dockingPortShielded/dockingPortShielded/dockingPort1'
[LOG 18:58:06.881] PartLoader: Compiling Part 'Squad/Parts/Utility/dockingPortSr/dockingPortSr/dockingPortLarge'
[LOG 18:58:06.887] PartLoader: Compiling Part 'Squad/Parts/Utility/Fireworks/fireworksLauncherBig/fireworksLauncherBig'
[LOG 18:58:06.908] PartLoader: Compiling Part 'Squad/Parts/Utility/Fireworks/fireworksLauncherSmall/fireworksLauncherSmall'
[LOG 18:58:06.915] PartLoader: Compiling Part 'Squad/Parts/Utility/flags/flagFlat/flagFlat/flagPartFlat'
[LOG 18:58:06.925] PartLoader: Compiling Part 'Squad/Parts/Utility/flags/flagSize0/flagSize0/flagPartSize0'
[LOG 18:58:06.933] PartLoader: Compiling Part 'Squad/Parts/Utility/flags/flagSize1/flagSize1/flagPartSize1'
[LOG 18:58:06.941] PartLoader: Compiling Part 'Squad/Parts/Utility/flags/flagSize2/flagSize2/flagPartSize2'
[LOG 18:58:06.946] PartLoader: Compiling Part 'Squad/Parts/Utility/flags/flagSize3/flagSize3/flagPartSize3'
[LOG 18:58:06.952] PartLoader: Compiling Part 'Squad/Parts/Utility/GrapplingDevice/part/GrapplingDevice'
[LOG 18:58:06.968] PartLoader: Compiling Part 'Squad/Parts/Utility/ladderRadial/ladderRadial/ladder1'
[LOG 18:58:06.971] PartLoader: Compiling Part 'Squad/Parts/Utility/ladderTelescopic/ladderTelescopic/telescopicLadder'
[LOG 18:58:06.978] PartLoader: Compiling Part 'Squad/Parts/Utility/ladderTelescopicBay/ladderTelescopicBay/telescopicLadderBay'
[LOG 18:58:06.992] PartLoader: Compiling Part 'Squad/Parts/Utility/landingLegLT-1/landingLegLT-1/landingLeg1'
[LOG 18:58:07.021] PartLoader: Compiling Part 'Squad/Parts/Utility/landingLegLT-2/landingLegLT-2/landingLeg1-2'
[LOG 18:58:07.029] PartLoader: Compiling Part 'Squad/Parts/Utility/landingLegLT-5/landingLegLT-5/miniLandingLeg'
[LOG 18:58:07.036] PartLoader: Compiling Part 'Squad/Parts/Utility/launchClamp1/launchClamp1/launchClamp1'
[LOG 18:58:07.044] PartLoader: Compiling Part 'Squad/Parts/Utility/launchEscapeSystem/part/LaunchEscapeSystem'
[LOG 18:58:07.054] PartLoader: Compiling Part 'Squad/Parts/Utility/Lights/domeLight1/domeLight1'
[LOG 18:58:07.061] PartLoader: Compiling Part 'Squad/Parts/Utility/Lights/groundLight1/groundLight1'
[LOG 18:58:07.067] PartLoader: Compiling Part 'Squad/Parts/Utility/Lights/groundLight2/groundLight2'
[LOG 18:58:07.071] PartLoader: Compiling Part 'Squad/Parts/Utility/Lights/navLight1/navLight1'
[LOG 18:58:07.076] PartLoader: Compiling Part 'Squad/Parts/Utility/Lights/spotLight1/spotLight3'
[LOG 18:58:07.081] PartLoader: Compiling Part 'Squad/Parts/Utility/Lights/stripLight1/stripLight1'
[LOG 18:58:07.085] PartLoader: Compiling Part 'Squad/Parts/Utility/linearVernorRCS/linearRCS/linearRcs'
[LOG 18:58:07.093] PartLoader: Compiling Part 'Squad/Parts/Utility/linearVernorRCS/vernorEngine/vernierEngine'
[LOG 18:58:07.100] PartLoader: Compiling Part 'Squad/Parts/Utility/mk2CargoBay/BayL/mk2CargoBayL'
[LOG 18:58:07.104] PartLoader: Compiling Part 'Squad/Parts/Utility/mk2CargoBay/BayS/mk2CargoBayS'
[LOG 18:58:07.109] PartLoader: Compiling Part 'Squad/Parts/Utility/mk2CrewCabin/mk2CrewCabin/mk2CrewCabin'
[WRN 18:58:07.111] [Part]: Cannot have ModuleCargoPart and ModuleInventoryPart on same Part [mk2CrewCabin'. Removed ModuleCargoPart
[LOG 18:58:07.115] PartLoader: Compiling Part 'Squad/Parts/Utility/mk2DockingPort/mk2DockingPort/mk2DockingPort'
[LOG 18:58:07.121] PartLoader: Compiling Part 'Squad/Parts/Utility/mk3CargoBay/long/mk3CargoBayL'
[LOG 18:58:07.126] PartLoader: Compiling Part 'Squad/Parts/Utility/mk3CargoBay/medium/mk3CargoBayM'
[LOG 18:58:07.129] PartLoader: Compiling Part 'Squad/Parts/Utility/mk3CargoBay/ramp/mk3CargoRamp'
[LOG 18:58:07.133] PartLoader: Compiling Part 'Squad/Parts/Utility/mk3CargoBay/short/mk3CargoBayS'
[LOG 18:58:07.137] PartLoader: Compiling Part 'Squad/Parts/Utility/parachuteMk1/parachuteMk1/parachuteSingle'
[LOG 18:58:07.151] PartLoader: Compiling Part 'Squad/Parts/Utility/parachuteMk12-R/parachuteMk12-R/radialDrogue'
[LOG 18:58:07.157] PartLoader: Compiling Part 'Squad/Parts/Utility/parachuteMk16-XL/parachuteMk16-XL/parachuteLarge'
[LOG 18:58:07.161] PartLoader: Compiling Part 'Squad/Parts/Utility/parachuteMk2-R/parachuteMk2-R/parachuteRadial'
[LOG 18:58:07.166] PartLoader: Compiling Part 'Squad/Parts/Utility/parachuteMk25/parachuteMk25/parachuteDrogue'
[LOG 18:58:07.170] PartLoader: Compiling Part 'Squad/Parts/Utility/radialAttachmentPoint/radialAttachmentPoint/stackPoint1'
[LOG 18:58:07.173] PartLoader: Compiling Part 'Squad/Parts/Utility/rcsBlockRV-105_v2/rcsBlockRV-105/RCSBlock_v2'
[LOG 18:58:07.179] PartLoader: Compiling Part 'Squad/Parts/Utility/rcsBlockRV-105_v2/RCSblock_01_small/RCSblock_01_small'
[LOG 18:58:07.187] PartLoader: Compiling Part 'Squad/Parts/Utility/rcsSmallLinear/RCSLinearSmall/RCSLinearSmall'
[LOG 18:58:07.193] PartLoader: Compiling Part 'Squad/Parts/Utility/RelayAntennas/RA-100/RelayAntenna100'
[LOG 18:58:07.196] PartLoader: Compiling Part 'Squad/Parts/Utility/RelayAntennas/RA-5/RelayAntenna5'
[LOG 18:58:07.200] PartLoader: Compiling Part 'Squad/Parts/Utility/RelayAntennas/RA-50/RelayAntenna50'
[LOG 18:58:07.204] PartLoader: Compiling Part 'Squad/Parts/Utility/rockomaxAdapters/largeAdapter/largeAdapter'
[LOG 18:58:07.207] PartLoader: Compiling Part 'Squad/Parts/Utility/rockomaxAdapters/largeAdapterShort/largeAdapter2'
[LOG 18:58:07.209] PartLoader: Compiling Part 'Squad/Parts/Utility/ServiceBay_v2/ServiceBay_125_v2/ServiceBay_125_v2'
[LOG 18:58:07.213] PartLoader: Compiling Part 'Squad/Parts/Utility/ServiceBay_v2/ServiceBay_250_v2/ServiceBay_250_v2'
[LOG 18:58:07.218] PartLoader: Compiling Part 'Squad/Parts/Utility/smallClaw/smallClaw/smallClaw'
[LOG 18:58:07.227] PartLoader: Compiling Part 'Squad/Parts/Utility/spotLightMk1/spotLightMk1/spotLight1'
[LOG 18:58:07.231] PartLoader: Compiling Part 'Squad/Parts/Utility/spotLightMk1_v2/spotLightMk1_v2/spotLight1_v2'
[LOG 18:58:07.236] PartLoader: Compiling Part 'Squad/Parts/Utility/spotLightMk2/spotLightMk2/spotLight2'
[LOG 18:58:07.240] PartLoader: Compiling Part 'Squad/Parts/Utility/spotLightMk2_v2/spotLightMk2_v2/spotLight2_v2'
[LOG 18:58:07.244] PartLoader: Compiling Part 'Squad/Parts/Utility/stackCouplers/stackBiCoupler_v2/stackBiCoupler_v2'
[LOG 18:58:07.247] PartLoader: Compiling Part 'Squad/Parts/Utility/stackCouplers/stackQuadCoupler/stackQuadCoupler'
[LOG 18:58:07.251] PartLoader: Compiling Part 'Squad/Parts/Utility/stackCouplers/stackTriCoupler_v2/stackTriCoupler_v2'
[LOG 18:58:07.253] PartLoader: Compiling Part 'Squad/Parts/Wheel/LandingGear/GearExtraLarge/GearLarge'
[LOG 18:58:07.270] PartLoader: Compiling Part 'Squad/Parts/Wheel/LandingGear/GearFixed/GearFixed'
[LOG 18:58:07.275] PartLoader: Compiling Part 'Squad/Parts/Wheel/LandingGear/GearFree/GearFree'
[LOG 18:58:07.292] PartLoader: Compiling Part 'Squad/Parts/Wheel/LandingGear/GearLarge/GearMedium'
[LOG 18:58:07.304] PartLoader: Compiling Part 'Squad/Parts/Wheel/LandingGear/GearMedium/GearSmall'
[LOG 18:58:07.317] PartLoader: Compiling Part 'Squad/Parts/Wheel/LandingGear/GearSmall/SmallGearBay'
[LOG 18:58:07.329] PartLoader: Compiling Part 'Squad/Parts/Wheel/roverWheelM1/roverWheelM1/roverWheel1'
[LOG 18:58:07.349] PartLoader: Compiling Part 'Squad/Parts/Wheel/roverWheelS2/roverWheelS2/roverWheel2'
[LOG 18:58:07.359] PartLoader: Compiling Part 'Squad/Parts/Wheel/roverWheelTR-2L/roverWheelTR-2L/wheelMed'
[LOG 18:58:07.369] PartLoader: Compiling Part 'Squad/Parts/Wheel/roverWheelXL3/roverWheelXL3/roverWheel3'
[LOG 18:58:07.387] PartLoader: Compiling Part 'SquadExpansion/MakingHistory/Parts/Aero/protectiveRocketNoseMk16/rocketNoseCone_size4/rocketNoseConeSize4'
[LOG 18:58:07.390] PartLoader: Compiling Part 'SquadExpansion/MakingHistory/Parts/Aero/protectiveRocketNoseMk5A/Size_1_5_Cone/Size_1_5_Cone'
[LOG 18:58:07.393] PartLoader: Compiling Part 'SquadExpansion/MakingHistory/Parts/Coupling/Decoupler_1p5/Decoupler_1p5'
[LOG 18:58:07.400] PartLoader: Compiling Part 'SquadExpansion/MakingHistory/Parts/Coupling/Decoupler_4/Decoupler_4'
[LOG 18:58:07.406] PartLoader: Compiling Part 'SquadExpansion/MakingHistory/Parts/Coupling/EnginePlate_1p5/EnginePlate1p5'
[LOG 18:58:07.428] PartLoader: Compiling Part 'SquadExpansion/MakingHistory/Parts/Coupling/EnginePlate_2/EnginePlate2'
[LOG 18:58:07.438] PartLoader: Compiling Part 'SquadExpansion/MakingHistory/Parts/Coupling/EnginePlate_3/EnginePlate3'
[LOG 18:58:07.448] PartLoader: Compiling Part 'SquadExpansion/MakingHistory/Parts/Coupling/EnginePlate_4/EnginePlate4'
[LOG 18:58:07.456] PartLoader: Compiling Part 'SquadExpansion/MakingHistory/Parts/Coupling/EnginePlate_5/EnginePlate5'
[LOG 18:58:07.464] PartLoader: Compiling Part 'SquadExpansion/MakingHistory/Parts/Coupling/InflatableAirlock/InflatableAirlock'
[LOG 18:58:07.472] PartLoader: Compiling Part 'SquadExpansion/MakingHistory/Parts/Coupling/Separator_1p5/Separator_1p5'
[LOG 18:58:07.480] PartLoader: Compiling Part 'SquadExpansion/MakingHistory/Parts/Coupling/Separator_4/Separator_4'
[LOG 18:58:07.488] PartLoader: Compiling Part 'SquadExpansion/MakingHistory/Parts/Coupling/Size1p5_Strut_Decoupler/Size1p5_Strut_Decoupler'
[LOG 18:58:07.495] PartLoader: Compiling Part 'SquadExpansion/MakingHistory/Parts/Engine/LiquidEngineKE-1/LiquidEngineKE-1'
[LOG 18:58:07.512] PartLoader: Compiling Part 'SquadExpansion/MakingHistory/Parts/Engine/LiquidEngineLV-T91/LiquidEngineLV-T91'
[LOG 18:58:07.522] PartLoader: Compiling Part 'SquadExpansion/MakingHistory/Parts/Engine/LiquidEngineLV-TX87/LiquidEngineLV-TX87'
[LOG 18:58:07.531] PartLoader: Compiling Part 'SquadExpansion/MakingHistory/Parts/Engine/LiquidEngineRE-I2/LiquidEngineRE-I2'
[LOG 18:58:07.544] PartLoader: Compiling Part 'SquadExpansion/MakingHistory/Parts/Engine/LiquidEngineRE-J10/LiquidEngineRE-J10'
[LOG 18:58:07.557] PartLoader: Compiling Part 'SquadExpansion/MakingHistory/Parts/Engine/LiquidEngineRK-7/LiquidEngineRK-7'
[LOG 18:58:07.566] PartLoader: Compiling Part 'SquadExpansion/MakingHistory/Parts/Engine/LiquidEngineRV-1/LiquidEngineRV-1'
[LOG 18:58:07.574] PartLoader: Compiling Part 'SquadExpansion/MakingHistory/Parts/Engine/solidBoosterTHK/solidBoosterTHK/Pollux'
[LOG 18:58:07.580] PartLoader: Compiling Part 'SquadExpansion/MakingHistory/Parts/FuelTank/MonoPropMini/monopropMiniSphere'
[LOG 18:58:07.583] PartLoader: Compiling Part 'SquadExpansion/MakingHistory/Parts/FuelTank/Size1p5_Monoprop/Size1p5_Monoprop'
[LOG 18:58:07.587] PartLoader: Compiling Part 'SquadExpansion/MakingHistory/Parts/FuelTank/Size1p5_Size0_Adapter_01/Size1p5_Size0_Adapter_01'
[LOG 18:58:07.591] PartLoader: Compiling Part 'SquadExpansion/MakingHistory/Parts/FuelTank/Size1p5_Size1_Adapter_01/Size1p5_Size1_Adapter_01'
[LOG 18:58:07.595] PartLoader: Compiling Part 'SquadExpansion/MakingHistory/Parts/FuelTank/Size1p5_Size1_Adapter_02/Size1p5_Size1_Adapter_02'
[LOG 18:58:07.598] PartLoader: Compiling Part 'SquadExpansion/MakingHistory/Parts/FuelTank/Size1p5_Size2_Adapter_01/Size1p5_Size2_Adapter_01'
[LOG 18:58:07.601] PartLoader: Compiling Part 'SquadExpansion/MakingHistory/Parts/FuelTank/Size1p5_Tank_01/Size1p5_Tank_01'
[LOG 18:58:07.604] PartLoader: Compiling Part 'SquadExpansion/MakingHistory/Parts/FuelTank/Size1p5_Tank_02/Size1p5_Tank_02'
[LOG 18:58:07.608] PartLoader: Compiling Part 'SquadExpansion/MakingHistory/Parts/FuelTank/Size1p5_Tank_03/Size1p5_Tank_03'
[LOG 18:58:07.611] PartLoader: Compiling Part 'SquadExpansion/MakingHistory/Parts/FuelTank/Size1p5_Tank_04/Size1p5_Tank_04'
[LOG 18:58:07.613] PartLoader: Compiling Part 'SquadExpansion/MakingHistory/Parts/FuelTank/Size1p5_Tank_05/Size1p5_Tank_05'
[LOG 18:58:07.619] PartLoader: Compiling Part 'SquadExpansion/MakingHistory/Parts/FuelTank/Size3_Size4_Adapter_01/Size3_Size4_Adapter_01'
[LOG 18:58:07.621] PartLoader: Compiling Part 'SquadExpansion/MakingHistory/Parts/FuelTank/Size4_EngineAdapter_01/Size4_EngineAdapter_01'
[LOG 18:58:07.625] PartLoader: Compiling Part 'SquadExpansion/MakingHistory/Parts/FuelTank/Size4_Tank_01/Size4_Tank_01'
[LOG 18:58:07.628] PartLoader: Compiling Part 'SquadExpansion/MakingHistory/Parts/FuelTank/Size4_Tank_02/Size4_Tank_02'
[LOG 18:58:07.630] PartLoader: Compiling Part 'SquadExpansion/MakingHistory/Parts/FuelTank/Size4_Tank_03/Size4_Tank_03'
[LOG 18:58:07.633] PartLoader: Compiling Part 'SquadExpansion/MakingHistory/Parts/FuelTank/Size4_Tank_04/Size4_Tank_04'
[LOG 18:58:07.636] PartLoader: Compiling Part 'SquadExpansion/MakingHistory/Parts/Ground/RoverWheel/roverWheelM1-F'
[LOG 18:58:07.645] PartLoader: Compiling Part 'SquadExpansion/MakingHistory/Parts/Payload/fairingSize1p5/fairingSize1p5'
[LOG 18:58:07.655] PartLoader: Compiling Part 'SquadExpansion/MakingHistory/Parts/Payload/fairingSize4/fairingSize4'
[LOG 18:58:07.667] PartLoader: Compiling Part 'SquadExpansion/MakingHistory/Parts/Payload/Size1to0ServiceModule/Size1to0ServiceModule'
[LOG 18:58:07.676] PartLoader: Compiling Part 'SquadExpansion/MakingHistory/Parts/Payload/SM18/ServiceModule18'
[LOG 18:58:07.682] PartLoader: Compiling Part 'SquadExpansion/MakingHistory/Parts/Payload/SM25/ServiceModule25'
[LOG 18:58:07.688] PartLoader: Compiling Part 'SquadExpansion/MakingHistory/Parts/Pods/KV1Pod/kv1Pod'
[WRN 18:58:07.692] [Part]: Cannot have ModuleCargoPart and ModuleInventoryPart on same Part [kv1Pod'. Removed ModuleCargoPart
[LOG 18:58:07.697] PartLoader: Compiling Part 'SquadExpansion/MakingHistory/Parts/Pods/KV2Pod/kv2Pod'
[WRN 18:58:07.701] [Part]: Cannot have ModuleCargoPart and ModuleInventoryPart on same Part [kv2Pod'. Removed ModuleCargoPart
[LOG 18:58:07.707] PartLoader: Compiling Part 'SquadExpansion/MakingHistory/Parts/Pods/KV3Pod/kv3Pod'
[WRN 18:58:07.711] [Part]: Cannot have ModuleCargoPart and ModuleInventoryPart on same Part [kv3Pod'. Removed ModuleCargoPart
[LOG 18:58:07.717] PartLoader: Compiling Part 'SquadExpansion/MakingHistory/Parts/Pods/Mk2Pod/Mk2Pod'
[WRN 18:58:07.720] [Part]: Cannot have ModuleCargoPart and ModuleInventoryPart on same Part [Mk2Pod'. Removed ModuleCargoPart
[LOG 18:58:07.726] PartLoader: Compiling Part 'SquadExpansion/MakingHistory/Parts/Pods/Size1_5_Lander/MEMLander'
[WRN 18:58:07.731] [Part]: Cannot add ModuleCargoPart as this Part 'MEMLander' already has a ModuleInventoryPart PartModule and they are mutually exclusive.
[LOG 18:58:07.737] PartLoader: Compiling Part 'SquadExpansion/MakingHistory/Parts/Prebuilt/kerbalEVAfemaleVintage/kerbalEVAfemaleVintage'
[LOG 18:58:07.744] PartLoader: Compiling Part 'SquadExpansion/MakingHistory/Parts/Prebuilt/kerbalEVAVintage/kerbalEVAVintage'
[LOG 18:58:07.751] PartLoader: Compiling Part 'SquadExpansion/MakingHistory/Parts/Structural/EquiTriangle0/EquiTriangle0'
[LOG 18:58:07.758] PartLoader: Compiling Part 'SquadExpansion/MakingHistory/Parts/Structural/EquiTriangle1/EquiTriangle1'
[LOG 18:58:07.763] PartLoader: Compiling Part 'SquadExpansion/MakingHistory/Parts/Structural/EquiTriangle1p5/EquiTriangle1p5'
[LOG 18:58:07.767] PartLoader: Compiling Part 'SquadExpansion/MakingHistory/Parts/Structural/EquiTriangle2/EquiTriangle2'
[LOG 18:58:07.770] PartLoader: Compiling Part 'SquadExpansion/MakingHistory/Parts/Structural/Panel0/Panel0'
[LOG 18:58:07.774] PartLoader: Compiling Part 'SquadExpansion/MakingHistory/Parts/Structural/Panel1/Panel1'
[LOG 18:58:07.777] PartLoader: Compiling Part 'SquadExpansion/MakingHistory/Parts/Structural/Panel1p5/Panel1p5'
[LOG 18:58:07.780] PartLoader: Compiling Part 'SquadExpansion/MakingHistory/Parts/Structural/Panel2/Panel2'
[LOG 18:58:07.783] PartLoader: Compiling Part 'SquadExpansion/MakingHistory/Parts/Structural/Triangle0/Triangle0'
[LOG 18:58:07.787] PartLoader: Compiling Part 'SquadExpansion/MakingHistory/Parts/Structural/Triangle1/Triangle1'
[LOG 18:58:07.791] PartLoader: Compiling Part 'SquadExpansion/MakingHistory/Parts/Structural/Triangle1p5/Triangle1p5'
[LOG 18:58:07.795] PartLoader: Compiling Part 'SquadExpansion/MakingHistory/Parts/Structural/Triangle2/Triangle2'
[LOG 18:58:07.798] PartLoader: Compiling Part 'SquadExpansion/MakingHistory/Parts/Structural/Tube1/Tube1'
[LOG 18:58:07.803] PartLoader: Compiling Part 'SquadExpansion/MakingHistory/Parts/Structural/Tube1p5/Tube1p5'
[LOG 18:58:07.807] PartLoader: Compiling Part 'SquadExpansion/MakingHistory/Parts/Structural/Tube2/Tube2'
[LOG 18:58:07.811] PartLoader: Compiling Part 'SquadExpansion/MakingHistory/Parts/Structural/Tube3/Tube3'
[LOG 18:58:07.814] PartLoader: Compiling Part 'SquadExpansion/MakingHistory/Parts/Structural/Tube4/Tube4'
[LOG 18:58:07.818] PartLoader: Compiling Part 'SquadExpansion/MakingHistory/Parts/Thermal/HeatShield1p5/HeatShield1p5'
[LOG 18:58:07.826] PartLoader: Compiling Part 'SquadExpansion/MakingHistory/Parts/Utility/flags/flagSize1p5/flagSize1p5/flagPartSize1p5'
[LOG 18:58:07.832] PartLoader: Compiling Part 'SquadExpansion/MakingHistory/Parts/Utility/flags/flagSize4/flagSize4/flagPartSize4'
[LOG 18:58:07.837] PartLoader: Compiling Part 'SquadExpansion/Serenity/Parts/Aero/FanShroud_01/FanShroud_01'
[LOG 18:58:07.840] PartLoader: Compiling Part 'SquadExpansion/Serenity/Parts/Aero/FanShroud_02/FanShroud_02'
[LOG 18:58:07.843] PartLoader: Compiling Part 'SquadExpansion/Serenity/Parts/Aero/FanShroud_03/FanShroud_03'
[LOG 18:58:07.846] PartLoader: Compiling Part 'SquadExpansion/Serenity/Parts/Aero/noseconeTiny/noseconeTiny'
[LOG 18:58:07.848] PartLoader: Compiling Part 'SquadExpansion/Serenity/Parts/Aero/noseconeVS/noseconeVS'
[LOG 18:58:07.851] PartLoader: Compiling Part 'SquadExpansion/Serenity/Parts/DeployedScience/centralStation/DeployedCentralStation'
[LOG 18:58:07.864] PartLoader: Compiling Part 'SquadExpansion/Serenity/Parts/DeployedScience/gooObservation/DeployedGoExOb'
[LOG 18:58:07.878] PartLoader: Compiling Part 'SquadExpansion/Serenity/Parts/DeployedScience/ionCollector/DeployedIONExp'
[LOG 18:58:07.883] PartLoader: Compiling Part 'SquadExpansion/Serenity/Parts/DeployedScience/rtg/DeployedRTG'
[LOG 18:58:07.892] PartLoader: Compiling Part 'SquadExpansion/Serenity/Parts/DeployedScience/satDish/DeployedSatDish'
[LOG 18:58:07.904] PartLoader: Compiling Part 'SquadExpansion/Serenity/Parts/DeployedScience/seismicSensor/DeployedSeismicSensor'
[LOG 18:58:07.910] PartLoader: Compiling Part 'SquadExpansion/Serenity/Parts/DeployedScience/solarPanel/DeployedSolarPanel'
[LOG 18:58:07.916] PartLoader: Compiling Part 'SquadExpansion/Serenity/Parts/DeployedScience/weatherStation/DeployedWeatherStn'
[LOG 18:58:07.922] PartLoader: Compiling Part 'SquadExpansion/Serenity/Parts/Prebuilt/kerbalEVA/kerbalEVA'
[LOG 18:58:07.924] PartLoader: Compiling Part 'SquadExpansion/Serenity/Parts/Prebuilt/kerbalEVAfemale/kerbalEVAfemale'
[LOG 18:58:07.926] PartLoader: Compiling Part 'SquadExpansion/Serenity/Parts/Prebuilt/kerbalEVAfemaleFuture/kerbalEVAfemaleFuture'
[LOG 18:58:07.932] PartLoader: Compiling Part 'SquadExpansion/Serenity/Parts/Prebuilt/kerbalEVAfemaleVintage/kerbalEVAfemaleVintage'
[LOG 18:58:07.934] PartLoader: Compiling Part 'SquadExpansion/Serenity/Parts/Prebuilt/kerbalEVAFuture/kerbalEVAFuture'
[LOG 18:58:07.941] PartLoader: Compiling Part 'SquadExpansion/Serenity/Parts/Prebuilt/kerbalEVASlimSuit/kerbalEVASlimSuit'
[LOG 18:58:07.942] PartLoader: Compiling Part 'SquadExpansion/Serenity/Parts/Prebuilt/kerbalEVASlimSuitFemale/kerbalEVASlimSuitFemale'
[LOG 18:58:07.944] PartLoader: Compiling Part 'SquadExpansion/Serenity/Parts/Prebuilt/kerbalEVAVintage/kerbalEVAVintage'
[LOG 18:58:07.945] PartLoader: Compiling Part 'SquadExpansion/Serenity/Parts/Propellers/largeFanBlade/largeFanBlade'
[LOG 18:58:07.951] PartLoader: Compiling Part 'SquadExpansion/Serenity/Parts/Propellers/largeHeliBlade/largeHeliBlade'
[LOG 18:58:07.957] PartLoader: Compiling Part 'SquadExpansion/Serenity/Parts/Propellers/largePropeller/largePropeller'
[LOG 18:58:07.962] PartLoader: Compiling Part 'SquadExpansion/Serenity/Parts/Propellers/mediumFanBlade/mediumFanBlade'
[LOG 18:58:07.967] PartLoader: Compiling Part 'SquadExpansion/Serenity/Parts/Propellers/mediumHeliBlade/mediumHeliBlade'
[LOG 18:58:07.973] PartLoader: Compiling Part 'SquadExpansion/Serenity/Parts/Propellers/mediumPropeller/mediumPropeller'
[LOG 18:58:07.978] PartLoader: Compiling Part 'SquadExpansion/Serenity/Parts/Propellers/smallFanBlade/smallFanBlade'
[LOG 18:58:07.985] PartLoader: Compiling Part 'SquadExpansion/Serenity/Parts/Propellers/smallHeliBlade/smallHeliBlade'
[LOG 18:58:07.991] PartLoader: Compiling Part 'SquadExpansion/Serenity/Parts/Propellers/smallPropeller/smallPropeller'
[LOG 18:58:07.999] PartLoader: Compiling Part 'SquadExpansion/Serenity/Parts/Robotics/hinge_01/hinge_01'
[LOG 18:58:08.015] PartLoader: Compiling Part 'SquadExpansion/Serenity/Parts/Robotics/hinge_01_s/hinge_01_s'
[LOG 18:58:08.023] PartLoader: Compiling Part 'SquadExpansion/Serenity/Parts/Robotics/hinge_03/hinge_03'
[LOG 18:58:08.033] PartLoader: Compiling Part 'SquadExpansion/Serenity/Parts/Robotics/hinge_03_s/hinge_03_s'
[LOG 18:58:08.041] PartLoader: Compiling Part 'SquadExpansion/Serenity/Parts/Robotics/hinge_04/hinge_04'
[LOG 18:58:08.047] PartLoader: Compiling Part 'SquadExpansion/Serenity/Parts/Robotics/piston_01/piston_01'
[LOG 18:58:08.063] PartLoader: Compiling Part 'SquadExpansion/Serenity/Parts/Robotics/piston_02/piston_02'
[LOG 18:58:08.070] PartLoader: Compiling Part 'SquadExpansion/Serenity/Parts/Robotics/piston_03/piston_03'
[LOG 18:58:08.077] PartLoader: Compiling Part 'SquadExpansion/Serenity/Parts/Robotics/piston_04/piston_04'
[LOG 18:58:08.083] PartLoader: Compiling Part 'SquadExpansion/Serenity/Parts/Robotics/RotorEngine_02/RotorEngine_02'
[LOG 18:58:08.096] PartLoader: Compiling Part 'SquadExpansion/Serenity/Parts/Robotics/RotorEngine_03/RotorEngine_03'
[LOG 18:58:08.106] PartLoader: Compiling Part 'SquadExpansion/Serenity/Parts/Robotics/rotor_01/rotor_01'
[LOG 18:58:08.113] PartLoader: Compiling Part 'SquadExpansion/Serenity/Parts/Robotics/rotor_01s/rotor_01s'
[LOG 18:58:08.121] PartLoader: Compiling Part 'SquadExpansion/Serenity/Parts/Robotics/rotor_02/rotor_02'
[LOG 18:58:08.128] PartLoader: Compiling Part 'SquadExpansion/Serenity/Parts/Robotics/rotor_02s/rotor_02s'
[LOG 18:58:08.136] PartLoader: Compiling Part 'SquadExpansion/Serenity/Parts/Robotics/rotor_03/rotor_03'
[LOG 18:58:08.147] PartLoader: Compiling Part 'SquadExpansion/Serenity/Parts/Robotics/rotor_03s/rotor_03s'
[LOG 18:58:08.153] PartLoader: Compiling Part 'SquadExpansion/Serenity/Parts/Robotics/rotoServo_00/rotoServo_00'
[LOG 18:58:08.165] PartLoader: Compiling Part 'SquadExpansion/Serenity/Parts/Robotics/rotoServo_02/rotoServo_02'
[LOG 18:58:08.173] PartLoader: Compiling Part 'SquadExpansion/Serenity/Parts/Robotics/rotoServo_03/rotoServo_03'
[LOG 18:58:08.183] PartLoader: Compiling Part 'SquadExpansion/Serenity/Parts/Robotics/rotoServo_04/rotoServo_04'
[LOG 18:58:08.189] PartLoader: Compiling Part 'SquadExpansion/Serenity/Parts/Robotics/Controllers/KAL1000/controller1000'
[LOG 18:58:08.203] PartLoader: Compiling Part 'SquadExpansion/Serenity/Parts/Science/RobotArmScanner/RobotArmScanner_S1/RobotArmScanner_S1'
[LOG 18:58:08.233] PartLoader: Compiling Part 'SquadExpansion/Serenity/Parts/Science/RobotArmScanner/RobotArmScanner_S2/RobotArmScanner_S2'
[LOG 18:58:08.247] PartLoader: Compiling Part 'SquadExpansion/Serenity/Parts/Science/RobotArmScanner/RobotArmScanner_S3/RobotArmScanner_S3'
[LOG 18:58:08.259] PartLoader: Compiling Part 'SquadExpansion/Serenity/Parts/Structural/gripPads/lGripPad/lGripPad'
[LOG 18:58:08.273] PartLoader: Compiling Part 'SquadExpansion/Serenity/Parts/Structural/gripPads/lGripStrip/lGripStrip'
[LOG 18:58:08.277] PartLoader: Compiling Part 'SquadExpansion/Serenity/Parts/Structural/gripPads/mGripPad/mGripPad'
[LOG 18:58:08.282] PartLoader: Compiling Part 'SquadExpansion/Serenity/Parts/Structural/gripPads/sGripPad/sGripPad'
[LOG 18:58:08.287] PartLoader: Compiling Part 'SquadExpansion/Serenity/Parts/Structural/gripPads/sGripStrip/sGripStrip'
[LOG 18:58:08.293] PartLoader: Compiling Internal Prop 'Squad/Props/AltimeterThreeHands/prop/AltimeterThreeHands'
[LOG 18:58:08.296] PartLoader: Compiling Internal Prop 'Squad/Props/AtmosphereDepth/prop/AtmosphereDepth'
[LOG 18:58:08.299] PartLoader: Compiling Internal Prop 'Squad/Props/AxisIndicator/pitchConfig/AxisIndicatorPitch'
[LOG 18:58:08.300] PartLoader: Compiling Internal Prop 'Squad/Props/AxisIndicator/rollConfig/AxisIndicatorRoll'
[LOG 18:58:08.301] PartLoader: Compiling Internal Prop 'Squad/Props/AxisIndicator/yawConfig/AxisIndicatorYaw'
[LOG 18:58:08.303] PartLoader: Compiling Internal Prop 'Squad/Props/buttonsGeneric/circularButton/genericCircularButton'
[LOG 18:58:08.304] PartLoader: Compiling Internal Prop 'Squad/Props/buttonsGeneric/clusterButtons/genericClusterButtons'
[LOG 18:58:08.305] PartLoader: Compiling Internal Prop 'Squad/Props/buttonsGeneric/clusterButtons2/genericClusterButtons2'
[LOG 18:58:08.305] PartLoader: Compiling Internal Prop 'Squad/Props/buttonsGeneric/clusterKnob/genericClusterKnobs'
[LOG 18:58:08.306] PartLoader: Compiling Internal Prop 'Squad/Props/buttonsGeneric/clusterKnob2/genericClusterKnobs2'
[LOG 18:58:08.307] PartLoader: Compiling Internal Prop 'Squad/Props/buttonsGeneric/clusterMixed/genericClusterMixed'
[LOG 18:58:08.308] PartLoader: Compiling Internal Prop 'Squad/Props/buttonsGeneric/clusterSwitches01/genericClusterSwitches01'
[LOG 18:58:08.308] PartLoader: Compiling Internal Prop 'Squad/Props/buttonsGeneric/clusterSwitches02/genericClusterSwitches02'
[LOG 18:58:08.309] PartLoader: Compiling Internal Prop 'Squad/Props/buttonsGeneric/clusterSwitches03/genericClusterSwitches03'
[LOG 18:58:08.309] PartLoader: Compiling Internal Prop 'Squad/Props/buttonsGeneric/clusterSwitches04/genericClusterSwitches04'
[LOG 18:58:08.310] PartLoader: Compiling Internal Prop 'Squad/Props/buttonsGeneric/clusterSwitches05/genericClusterSwitches05'
[LOG 18:58:08.310] PartLoader: Compiling Internal Prop 'Squad/Props/buttonsGeneric/clusterSwitches06/genericClusterSwitches06'
[LOG 18:58:08.311] PartLoader: Compiling Internal Prop 'Squad/Props/buttonsGeneric/clusterSwitches07/genericClusterSwitches07'
[LOG 18:58:08.311] PartLoader: Compiling Internal Prop 'Squad/Props/buttonsGeneric/directionalKnob/genericDirectionalKnob'
[LOG 18:58:08.312] PartLoader: Compiling Internal Prop 'Squad/Props/buttonsGeneric/directionalKnob2/genericDirectionalKnob2'
[LOG 18:58:08.313] PartLoader: Compiling Internal Prop 'Squad/Props/buttonsGeneric/pullSwitch/genericPullSwitch'
[LOG 18:58:08.313] PartLoader: Compiling Internal Prop 'Squad/Props/buttonsGeneric/squareButton/genericSquareButton'
[LOG 18:58:08.314] PartLoader: Compiling Internal Prop 'Squad/Props/buttonsGeneric/standingSwitch/genericStandingSwitch'
[LOG 18:58:08.314] PartLoader: Compiling Internal Prop 'Squad/Props/buttonsGeneric/switch/genericSwitch'
[LOG 18:58:08.315] PartLoader: Compiling Internal Prop 'Squad/Props/buttonsGeneric/switchWithGuards/genericSwitchWithGuards'
[LOG 18:58:08.316] PartLoader: Compiling Internal Prop 'Squad/Props/ButtonSquare/prop/ButtonSquare'
[LOG 18:58:08.318] PartLoader: Compiling Internal Prop 'Squad/Props/circularButton/prop/circularButton'
[LOG 18:58:08.319] PartLoader: Compiling Internal Prop 'Squad/Props/Compass/prop/Compass'
[LOG 18:58:08.320] PartLoader: Compiling Internal Prop 'Squad/Props/directionalKnob/prop/directionalKnob'
[LOG 18:58:08.321] PartLoader: Compiling Internal Prop 'Squad/Props/directionalKnob2/prop/directionalKnob2'
[LOG 18:58:08.321] PartLoader: Compiling Internal Prop 'Squad/Props/IndicatorPanel/prop/IndicatorPanel'
[LOG 18:58:08.324] PartLoader: Compiling Internal Prop 'Squad/Props/IVANavBall/prop/NavBall'
[LOG 18:58:08.328] PartLoader: Compiling Internal Prop 'Squad/Props/IVANavBallNoBase/prop/NavBallNoBase'
[LOG 18:58:08.329] PartLoader: Compiling Internal Prop 'Squad/Props/ledPanelSpeed/prop/ledPanelSpeed'
[LOG 18:58:08.331] PartLoader: Compiling Internal Prop 'Squad/Props/Monitor/DockingMode/MonitorDockingMode'
[LOG 18:58:08.332] PartLoader: Compiling Internal Prop 'Squad/Props/NavBall/prop/NavBall'
[LOG 18:58:08.333] PartLoader: Compiling Internal Prop 'Squad/Props/PropsGeneric/Button_DockingMode/Button_DockingMode'
[LOG 18:58:08.334] PartLoader: Compiling Internal Prop 'Squad/Props/PropsGeneric/CargoBagA/CargoBagA'
[LOG 18:58:08.334] PartLoader: Compiling Internal Prop 'Squad/Props/PropsGeneric/CargoBagB/CargoBagB'
[LOG 18:58:08.335] PartLoader: Compiling Internal Prop 'Squad/Props/PropsGeneric/CargoBagC/CargoBagC'
[LOG 18:58:08.335] PartLoader: Compiling Internal Prop 'Squad/Props/PropsGeneric/Hatch_Plane/Hatch_Plane'
[LOG 18:58:08.336] PartLoader: Compiling Internal Prop 'Squad/Props/PropsGeneric/Hatch_Plane_Curve90/Hatch_Plane_Curve90'
[LOG 18:58:08.336] PartLoader: Compiling Internal Prop 'Squad/Props/PropsGeneric/Hatch_Plane_Frame/Hatch_Plane_Frame'
[LOG 18:58:08.337] PartLoader: Compiling Internal Prop 'Squad/Props/PropsGeneric/Seat_Passenger/Seat_Passenger'
[LOG 18:58:08.338] PartLoader: Compiling Internal Prop 'Squad/Props/PropsGeneric/Seat_Pilot/Seat_Pilot'
[LOG 18:58:08.338] PartLoader: Compiling Internal Prop 'Squad/Props/PropsGeneric/Seat_Pilot_Helmet/Seat_Pilot_Helmet'
[LOG 18:58:08.339] PartLoader: Compiling Internal Prop 'Squad/Props/PropsGeneric/SideStick/SideStick'
[LOG 18:58:08.377] PartLoader: Compiling Internal Prop 'Squad/Props/pullSwitch/prop/pullSwitch'
[LOG 18:58:08.378] PartLoader: Compiling Internal Prop 'Squad/Props/radarAltitude/prop/RadarAltimeter'
[LOG 18:58:08.382] PartLoader: Compiling Internal Prop 'Squad/Props/squareButton/prop/squareButton'
[LOG 18:58:08.383] PartLoader: Compiling Internal Prop 'Squad/Props/standingSwitch/prop/standingSwitch'
[LOG 18:58:08.386] PartLoader: Compiling Internal Prop 'Squad/Props/switch/prop/switch'
[LOG 18:58:08.387] PartLoader: Compiling Internal Prop 'Squad/Props/switchGuard/prop/switchGuard'
[LOG 18:58:08.388] PartLoader: Compiling Internal Prop 'Squad/Props/switchWithGuards/prop/switchWithGuards'
[LOG 18:58:08.389] PartLoader: Compiling Internal Prop 'Squad/Props/throttle/prop/throttle'
[LOG 18:58:08.392] PartLoader: Compiling Internal Prop 'Squad/Props/VSI/prop/VSI'
[LOG 18:58:08.408] PartLoader: Compiling Internal Space 'Squad/Spaces/crewCabinInternals/internal/crewCabinInternals'
[LOG 18:58:08.417] PartLoader: Compiling Internal Space 'Squad/Spaces/cupolaInternal/internal/cupolaInternal'
[LOG 18:58:08.430] PartLoader: Compiling Internal Space 'Squad/Spaces/GenericSpace1/internal/GenericSpace1'
[LOG 18:58:08.431] PartLoader: Compiling Internal Space 'Squad/Spaces/GenericSpace3/internal/GenericSpace3'
[LOG 18:58:08.433] PartLoader: Compiling Internal Space 'Squad/Spaces/landerCabinInternals/internal/landerCabinInternals'
[LOG 18:58:08.435] PartLoader: Compiling Internal Space 'Squad/Spaces/landerCabinSmallInternal/internal/landerCabinSmallInternal'
[LOG 18:58:08.439] PartLoader: Compiling Internal Space 'Squad/Spaces/LargeCrewedLabInternals/internal/Mobile_Processing_Lab_Int'
[LOG 18:58:08.441] PartLoader: Compiling Internal Space 'Squad/Spaces/Mk1-3/internal/Mk1-3'
[LOG 18:58:08.449] PartLoader: Compiling Internal Space 'Squad/Spaces/mk1CabinInternal/internal/mk1CabinInternal'
[LOG 18:58:08.454] PartLoader: Compiling Internal Space 'Squad/Spaces/mk1CockpitInternal/internal/mk1CockpitInternal'
[LOG 18:58:08.461] PartLoader: Compiling Internal Space 'Squad/Spaces/mk1InlineInternal/internal/mk1InlineInternal'
[LOG 18:58:08.467] PartLoader: Compiling Internal Space 'Squad/Spaces/mk1PodCockpit/internal/mk1PodCockpit'
[LOG 18:58:08.470] PartLoader: Compiling Internal Space 'Squad/Spaces/mk1pod_IVA/mk1pod_Internal/mk1pod_IVA'
[LOG 18:58:08.476] PartLoader: Compiling Internal Space 'Squad/Spaces/mk2CockpitStandardInternal/internal/mk2CockpitStandardInternals'
[LOG 18:58:08.484] PartLoader: Compiling Internal Space 'Squad/Spaces/Mk2CrewCabinInternal/internal_MK2_CrewCab/MK2_CrewCab_Int'
[LOG 18:58:08.489] PartLoader: Compiling Internal Space 'Squad/Spaces/mk2InlineInternal/internal/mk2InlineInternal'
[LOG 18:58:08.500] PartLoader: Compiling Internal Space 'Squad/Spaces/mk2LanderCanInternal/internal/mk2LanderCanInternal'
[LOG 18:58:08.506] PartLoader: Compiling Internal Space 'Squad/Spaces/MK3CockpitInternal/internal_MK3/MK3_Cockpit_Int'
[LOG 18:58:08.519] PartLoader: Compiling Internal Space 'Squad/Spaces/MK3_CrewCab_Int/internal_MK3_CrewCab/MK3_CrewCab_Int'
[LOG 18:58:08.522] InternalSeat: Cannot find portraitCamera of name 'Camera_Left003'
[LOG 18:58:08.529] PartLoader: Compiling Internal Space 'Squad/Spaces/Placeholder/internal/Placeholder'
[LOG 18:58:08.538] PartLoader: Compiling Internal Space 'Squad/Spaces/PodCockpit/internal/PodCockpit'
[LOG 18:58:08.545] PartLoader: Compiling Internal Space 'SquadExpansion/MakingHistory/Spaces/KVPods/Airlock_Internal/Airlock_IVA'
[LOG 18:58:08.546] PartLoader: Compiling Internal Space 'SquadExpansion/MakingHistory/Spaces/KVPods/KV1_Internal/KV1_IVA'
[LOG 18:58:08.550] PartLoader: Compiling Internal Space 'SquadExpansion/MakingHistory/Spaces/KVPods/KV2_Internal/KV2_IVA'
[LOG 18:58:08.555] PartLoader: Compiling Internal Space 'SquadExpansion/MakingHistory/Spaces/KVPods/KV3_Internal/KV3_IVA'
[LOG 18:58:08.562] PartLoader: Compiling Internal Space 'SquadExpansion/MakingHistory/Spaces/MEM/MEM_IVA/MEM_IVA'
[LOG 18:58:08.575] PartLoader: Compiling Internal Space 'SquadExpansion/MakingHistory/Spaces/Mk2Pod/Mk2Pod_Internal/MK2POD_IVA'
[LOG 18:58:13.116] Assets:
[LOG 18:58:13.116] anim_missionsapp_idle.anim
[LOG 18:58:13.117] anim_missionsapp_idle_warning.anim
[LOG 18:58:13.117] anim_missionsapp_warning.anim
[LOG 18:58:13.117] anim_missionssapp.anim
[LOG 18:58:13.117] animcontroller_missionsappmaster.controller
[LOG 18:58:13.117] app_bg.tif
[LOG 18:58:13.117] app_bottom_gray.tif
[LOG 18:58:13.117] app_divider_pulldown_body.tif
[LOG 18:58:13.117] app_divider_pulldown_footer.tif
[LOG 18:58:13.117] app_divider_pulldown_header.tif
[LOG 18:58:13.117] app_divider_pulldown_header_over.tif
[LOG 18:58:13.117] app_header_gray.tif
[LOG 18:58:13.117] app_missions_icon_active.tif
[LOG 18:58:13.117] app_missions_icon_complete.tif
[LOG 18:58:13.117] app_missions_icon_failed.tif
[LOG 18:58:13.117] app_missions_icon_inactive.tif
[LOG 18:58:13.117] spritesheet_missionsapp.tif
[LOG 18:58:13.117] spritesheet_missionsappwarning.tif
[LOG 18:58:13.117] missionbriefingdialog.prefab
[LOG 18:58:13.117] missionbriefingtag.prefab
[LOG 18:58:13.117] awardwidget.prefab
[LOG 18:58:13.117] missionenddialog.prefab
[LOG 18:58:13.117] missionitemwidget.prefab
[LOG 18:58:13.118] missionplaybutton.prefab
[LOG 18:58:13.118] missionplaydialog.prefab
[LOG 18:58:13.118] missionsteamitemwidget.prefab
[LOG 18:58:13.118] missionvalidationdialog.prefab
[LOG 18:58:13.118] validationentry.prefab
[LOG 18:58:13.118] comettoken.fbx
[LOG 18:58:13.118] comettoken.jpg
[LOG 18:58:13.118] placementegizmo_comet.mat
[LOG 18:58:13.118] placementegizmo_comet_tail.mat
[LOG 18:58:13.118] femalevintagepreview.prefab
[LOG 18:58:13.118] malevintagepreview.prefab
[LOG 18:58:13.118] checkpointentrywidget.prefab
[LOG 18:58:13.118] crewmanagementdialog.prefab
[LOG 18:58:13.118] listitem_vesseltitle.prefab
[LOG 18:58:13.118] missionbrowser.prefab
[LOG 18:58:13.118] missioncheckpointbrowser.prefab
[LOG 18:58:13.118] missioncrewlistitem.prefab
[LOG 18:58:13.118] missionentrywidget.prefab
[LOG 18:58:13.118] missiontemplateentrywidget.prefab
[LOG 18:58:13.118] partcategorizerbutton.prefab
[LOG 18:58:13.118] partselectorbrowser.prefab
[LOG 18:58:13.118] partselectorentry.prefab
[LOG 18:58:13.118] gaputil_vesselframe.prefab
[LOG 18:58:13.118] meguiconnector.prefab
[LOG 18:58:13.118] meguinode.prefab
[LOG 18:58:13.118] meguinodecategorybutton.prefab
[LOG 18:58:13.118] meguinodeicon.prefab
[LOG 18:58:13.119] meguinodeicongroup.prefab
[LOG 18:58:13.119] meguiscrollviewitem.prefab
[LOG 18:58:13.119] meiconloaderbasicnode.prefab
[LOG 18:58:13.119] meiconloadergap.prefab
[LOG 18:58:13.119] meiconloadernodecategorizer.prefab
[LOG 18:58:13.119] menodecanvas.prefab
[LOG 18:58:13.119] missioneditorscreen.prefab
[LOG 18:58:13.119] nodelisttooltip.prefab
[LOG 18:58:13.119] nodelisttooltipextinfolistspacer.prefab
[LOG 18:58:13.119] orbitgizmo.prefab
[LOG 18:58:13.119] biomeshighlight.shader
[LOG 18:58:13.119] projector-surfacegizmo.shader
[LOG 18:58:13.119] scaledplanetbiomeshighlight.shader
[LOG 18:58:13.119] sprites-alwaysover.shader
[LOG 18:58:13.119] ui-unlit-infinite.shader
[LOG 18:58:13.119] ui-unlit-solid.shader
[LOG 18:58:13.119] assetgraph_connectionpoint_inputmark.png
[LOG 18:58:13.119] assetgraph_inputbg.png
[LOG 18:58:13.119] boldly.png
[LOG 18:58:13.119] carpool.png
[LOG 18:58:13.119] frugal.png
[LOG 18:58:13.119] homesick.png
[LOG 18:58:13.119] keys.png
[LOG 18:58:13.119] saint.png
[LOG 18:58:13.119] sinner.png
[LOG 18:58:13.119] thespot.png
[LOG 18:58:13.119] timekeeper.png
[LOG 18:58:13.120] helmetbronze.png
[LOG 18:58:13.120] helmetgold.png
[LOG 18:58:13.120] helmetsilver.png
[LOG 18:58:13.120] action-part-resource-drain.png
[LOG 18:58:13.120] change-part-resource-levels.png
[LOG 18:58:13.120] create-asteroid.png
[LOG 18:58:13.120] create-kerbal.png
[LOG 18:58:13.120] create-vessel.png
[LOG 18:58:13.120] crew-assignment.png
[LOG 18:58:13.120] dialog-message.png
[LOG 18:58:13.120] display-message.png
[LOG 18:58:13.120] fail-part.png
[LOG 18:58:13.120] fly-through.png
[LOG 18:58:13.120] funds-recovery.png
[LOG 18:58:13.120] generic-node.png
[LOG 18:58:13.120] go-to.png
[LOG 18:58:13.120] kerbal-boarded.png
[LOG 18:58:13.120] kerbal-recovery.png
[LOG 18:58:13.120] kerbal-rescue.png
[LOG 18:58:13.120] launch-site.png
[LOG 18:58:13.120] leave-soi.png
[LOG 18:58:13.120] orbit.png
[LOG 18:58:13.120] part-explode.png
[LOG 18:58:13.120] plant-flag.png
[LOG 18:58:13.120] reach-soi.png
[LOG 18:58:13.120] repair-part.png
[LOG 18:58:13.120] resource-amount.png
[LOG 18:58:13.120] resource-recovery.png
[LOG 18:58:13.120] science-experiment.png
[LOG 18:58:13.121] score.png
[LOG 18:58:13.121] take-tourist.png
[LOG 18:58:13.121] test-altitude.png
[LOG 18:58:13.121] test-eva.png
[LOG 18:58:13.121] test-grapple.png
[LOG 18:58:13.121] time-of-flight.png
[LOG 18:58:13.121] time-of-mission.png
[LOG 18:58:13.121] time-since-node.png
[LOG 18:58:13.121] vessel-crashed.png
[LOG 18:58:13.121] vessel-crew-count.png
[LOG 18:58:13.121] vessel-explode.png
[LOG 18:58:13.121] vessel-flying.png
[LOG 18:58:13.121] vessel-landed.png
[LOG 18:58:13.121] vessel-mass.png
[LOG 18:58:13.121] vessel-splashed.png
[LOG 18:58:13.121] vessel-stage-activated.png
[LOG 18:58:13.121] vessel-stage.png
[LOG 18:58:13.121] arrange-graph.png
[LOG 18:58:13.121] builderbuttons_briefing.png
[LOG 18:58:13.121] builderbuttons_reset.png
[LOG 18:58:13.121] builderbuttons_trackingstation.png
[LOG 18:58:13.121] frame-graph.png
[LOG 18:58:13.121] lock.png
[LOG 18:58:13.121] maximize.png
[LOG 18:58:13.121] minimize.png
[LOG 18:58:13.121] pin.png
[LOG 18:58:13.121] pin_down.png
[LOG 18:58:13.121] redo.png
[LOG 18:58:13.122] reset.png
[LOG 18:58:13.122] tracking-station.png
[LOG 18:58:13.122] undo.png
[LOG 18:58:13.122] visible-in-gap.png
[LOG 18:58:13.122] location.png
[LOG 18:58:13.122] logic.png
[LOG 18:58:13.122] science.png
[LOG 18:58:13.122] utility.png
[LOG 18:58:13.122] vessel.png
[LOG 18:58:13.122] eye.png
[LOG 18:58:13.122] iconmb.png
[LOG 18:58:13.122] me_btn_generic_normal.tif
[LOG 18:58:13.122] me_button_generic_normal.tif
[LOG 18:58:13.122] nodecat_bg.png
[LOG 18:58:13.122] nodecat_divider.tif
[LOG 18:58:13.122] nodecat_divider_bottom.tif
[LOG 18:58:13.122] pholderwarningicon.png
[LOG 18:58:13.122] reseticon.png
[LOG 18:58:13.122] validityindicator.controller
[LOG 18:58:13.122] validtyinidicatorpulse.anim
[LOG 18:58:13.122] broadorbittoggle button.png
[LOG 18:58:13.122] maneuvertoggle button.png
[LOG 18:58:13.122] orbitalgizmoicons.png
[LOG 18:58:13.122] reset orbit button.png
[LOG 18:58:13.122] nodelabel.prefab
[LOG 18:58:13.122] kerbaleva_female_exp.prefab
[LOG 18:58:13.123] kerbaleva_rd_exp.prefab
[LOG 18:58:13.123] missioneditorevabody.mat
[LOG 18:58:13.123] missioneditorevabodyalternate.mat
[LOG 18:58:13.123] missioneditorevabodybrown.mat
[LOG 18:58:13.123] missioneditorevaeyeballs.mat
[LOG 18:58:13.123] missioneditorevaeyes.mat
[LOG 18:58:13.123] missioneditorevahead.mat
[LOG 18:58:13.123] missioneditorevahelmet.mat
[LOG 18:58:13.123] missioneditorevahelmetred.mat
[LOG 18:58:13.123] missioneditorevajetpack.mat
[LOG 18:58:13.123] missioneditorevalight.mat
[LOG 18:58:13.123] kbevafemalevintage.prefab
[LOG 18:58:13.123] kbevavintage.prefab
[LOG 18:58:13.123] evalight.fbx
[LOG 18:58:13.123] kbeva@new.fbx
[LOG 18:58:13.123] kbeva@newfem.fbx
[LOG 18:58:13.123] mevahelmetlight.fbx
[LOG 18:58:13.123] evajetpackscondary.dds
[LOG 18:58:13.124] evajetpacksecondary_n.dds
[LOG 18:58:13.124] evalight.png
[LOG 18:58:13.124] kerbalmainnrm.dds
[LOG 18:58:13.124] me_suit_difuse_blue.dds
[LOG 18:58:13.124] me_suit_difuse_low_polybrown.dds
[LOG 18:58:13.124] me_suit_difuse_orange.dds
[LOG 18:58:13.124] kerbalfemalevintage.prefab
[LOG 18:58:13.124] kerbalmalevintage.prefab
[LOG 18:58:13.124] evahelmet.mat
[LOG 18:58:13.124] evatexture.mat
[LOG 18:58:13.124] kerbalgirl_06_basecolor.mat
[LOG 18:58:13.124] kerbalhead.mat
[LOG 18:58:13.124] lambert6.mat
[LOG 18:58:13.124] mat_eyeballs.mat
[LOG 18:58:13.124] mat_eyes01.mat
[LOG 18:58:13.124] material #4.mat
[LOG 18:58:13.124] mesh_female_kerbalastronaut01_kerbalgirl_export_15_lambert20.mat
[LOG 18:58:13.124] mesh_female_kerbalastronaut01_kerbalgirl_export_15_lambert21.mat
[LOG 18:58:13.124] kbfemale_iva_mecanim.fbx
[LOG 18:58:13.124] kbiva_mecanim.fbx
[LOG 18:58:13.124] kerbalicon_eva_female_vintage.tif
[LOG 18:58:13.124] kerbalicon_eva_vintage.tif
[LOG 18:58:13.124] kerbalicon_suit_female_vintage.tif
[LOG 18:58:13.124] kerbalicon_suit_orange_female_vintage.tif
[LOG 18:58:13.124] kerbalicon_suit_orange_vintage.tif
[LOG 18:58:13.124] kerbalicon_suit_vintage.tif
[LOG 18:58:13.125] gap_celestialbody_camerasetup.prefab
[LOG 18:58:13.125] gap_celestialbody_collisionsphere.prefab
[LOG 18:58:13.125] gap_celestialbody_surfacegizmo_area.prefab
[LOG 18:58:13.125] gap_celestialbody_surfacegizmo_basic.prefab
[LOG 18:58:13.125] gap_celestialbody_surfacegizmo_icon.prefab
[LOG 18:58:13.125] gap_celestialbody_surfacegizmo_vessel.prefab
[LOG 18:58:13.125] gap_celestialbody_surfacegizmo_volume.prefab
[LOG 18:58:13.125] gap_proceduralasteroid.prefab
[LOG 18:58:13.125] gap_proceduralcomet.prefab
[LOG 18:58:13.125] gapbuttonprefab.prefab
[LOG 18:58:13.125] gapkerbal_femaleveteran.prefab
[LOG 18:58:13.125] gapkerbal_femaleveteran_vintage.prefab
[LOG 18:58:13.125] gapkerbal_male_slimsuit.prefab
[LOG 18:58:13.125] gapkerbal_maleveteran.prefab
[LOG 18:58:13.125] gapkerbal_maleveteran_vintage.prefab
[LOG 18:58:13.125] gapscrollablesidebarbutton.prefab
[LOG 18:58:13.125] gapsidebarbutton.prefab
[LOG 18:58:13.125] gaptoggleprefab.prefab
[LOG 18:58:13.125] gaputil_biselector.prefab
[LOG 18:58:13.125] gaputil_celestialbody.prefab
[LOG 18:58:13.125] vesseldisplay_camerasetup.prefab
[LOG 18:58:13.125] desert_airfield.prefab
[LOG 18:58:13.125] desert_groundobjects.prefab
[LOG 18:58:13.125] desert_launch_site.prefab
[LOG 18:58:13.125] larkes.prefab
[LOG 18:58:13.125] floor bottom.mat
[LOG 18:58:13.126] floor top.mat
[LOG 18:58:13.126] legs.mat
[LOG 18:58:13.126] ramp.mat
[LOG 18:58:13.126] stairs grid lights pivot.mat
[LOG 18:58:13.126] supports 1.mat
[LOG 18:58:13.126] supports 2.mat
[LOG 18:58:13.126] tunnels.mat
[LOG 18:58:13.126] floor bottom.dds
[LOG 18:58:13.126] floor top.dds
[LOG 18:58:13.126] floor top_normal.dds
[LOG 18:58:13.126] legs.dds
[LOG 18:58:13.126] ramp.dds
[LOG 18:58:13.126] stairs grid lights pivot.dds
[LOG 18:58:13.126] supports 1.dds
[LOG 18:58:13.126] supports 2.dds
[LOG 18:58:13.126] tunnels.dds
[LOG 18:58:13.126] diffuse.mat
[LOG 18:58:13.126] floor bottom_base_color.mat
[LOG 18:58:13.126] floor top_base_color.mat
[LOG 18:58:13.126] legs_base_color.mat
[LOG 18:58:13.126] ramp_base_color.mat
[LOG 18:58:13.126] stairs grid lights pivot_base_colormodpsd.mat
[LOG 18:58:13.126] stairs_grid_lights_pivot_base_color.mat
[LOG 18:58:13.126] supports 1_base_color.mat
[LOG 18:58:13.126] supports 2_base_color.mat
[LOG 18:58:13.126] tunnels_base_color.mat
[LOG 18:58:13.126] mobilelaunchpad_19.fbx
[LOG 18:58:13.126] pontoons.fbx
[LOG 18:58:13.126] pontoons_diffuse.dds
[LOG 18:58:13.126] ramp_normal.png
[LOG 18:58:13.127] 1001_base_color.mat
[LOG 18:58:13.127] desert groundtransition.mat
[LOG 18:58:13.127] desert groundtransition_highquality.mat
[LOG 18:58:13.127] desert groundtransition_lowquality.mat
[LOG 18:58:13.127] desert groundtransition_mediumquality.mat
[LOG 18:58:13.127] desert groundtransition_ultraquality.mat
[LOG 18:58:13.127] desert runway sand.mat
[LOG 18:58:13.127] desert runway stone.mat
[LOG 18:58:13.127] mobilelaunchpad.prefab
[LOG 18:58:13.127] woomerang_groundobjects.prefab
[LOG 18:58:13.127] woomerang_launch_site.prefab
[LOG 18:58:13.128] Scenes:
[LOG 18:58:13.128] kspMissionEditor.unity
[LOG 18:58:22.271] Assets:
[LOG 18:58:22.271] appanim_missionsapp.prefab
[LOG 18:58:22.271] cascading_body_missionheader.prefab
[LOG 18:58:22.271] cascading_body_missioninfo.prefab
[LOG 18:58:22.271] cascading_body_missionobjective.prefab
[LOG 18:58:22.271] cascading_body_missionsvesselheader.prefab
[LOG 18:58:22.271] cascading_body_missionsvesselitem.prefab
[LOG 18:58:22.271] cascading_body_settingsbutton.prefab
[LOG 18:58:22.271] cascading_body_settingstoggle.prefab
[LOG 18:58:22.271] missionsapp.prefab
[LOG 18:58:22.271] axislimitline.prefab
[LOG 18:58:22.271] controlleraction.prefab
[LOG 18:58:22.271] controlleraxis.prefab
[LOG 18:58:22.271] controllerwindow.prefab
[LOG 18:58:22.271] curvepanelpoint.prefab
[LOG 18:58:22.271] curvepanelpointaction.prefab
[LOG 18:58:22.271] axis_align_ends.png
[LOG 18:58:22.271] axis_clamp_values.png
[LOG 18:58:22.271] axis_copy.png
[LOG 18:58:22.271] axis_flip_horizontal.png
[LOG 18:58:22.271] axis_flip_vertical.png
[LOG 18:58:22.271] axis_move_down-trackrow.png
[LOG 18:58:22.271] axis_move_down.png
[LOG 18:58:22.271] axis_move_up-trackrow.png
[LOG 18:58:22.271] axis_move_up.png
[LOG 18:58:22.271] axis_paste.png
[LOG 18:58:22.271] axis_preset_flat.png
[LOG 18:58:22.272] axis_preset_sawtooth.png
[LOG 18:58:22.272] axis_preset_sine.png
[LOG 18:58:22.272] axis_preset_square.png
[LOG 18:58:22.272] axis_preset_triangle.png
[LOG 18:58:22.272] axis_select_all.png
[LOG 18:58:22.272] background_squared_inset.png
[LOG 18:58:22.272] close.png
[LOG 18:58:22.272] direction_forward.png
[LOG 18:58:22.272] direction_reverse.png
[LOG 18:58:22.272] edit.png
[LOG 18:58:22.272] fieldlimitline.png
[LOG 18:58:22.272] keyframe_add.png
[LOG 18:58:22.272] keyframe_clamp_value.png
[LOG 18:58:22.272] keyframe_delete.png
[LOG 18:58:22.272] keyframe_linear.png
[LOG 18:58:22.272] keyframe_smooth.png
[LOG 18:58:22.272] keyframe_step_backward.png
[LOG 18:58:22.272] keyframe_step_forward.png
[LOG 18:58:22.272] line.png
[LOG 18:58:22.272] line_dashed.png
[LOG 18:58:22.272] loop_pingpong.png
[LOG 18:58:22.272] loop_playonce.png
[LOG 18:58:22.272] loop_repeat.png
[LOG 18:58:22.272] node.png
[LOG 18:58:22.273] node_circle.png
[LOG 18:58:22.273] node_square.png
[LOG 18:58:22.273] pause.png
[LOG 18:58:22.273] play.png
[LOG 18:58:22.273] pointer.png
[LOG 18:58:22.273] remove-axis.png
[LOG 18:58:22.273] remove_key.png
[LOG 18:58:22.273] resize_icon.png
[LOG 18:58:22.273] sequence_resize_button_states.png
[LOG 18:58:22.273] sequence_resize_maintain.png
[LOG 18:58:22.273] sequence_resize_scale.png
[LOG 18:58:22.273] sequence_speed.png
[LOG 18:58:22.273] tracking_editor_button_states.png
[LOG 18:58:22.273] femalefuturepreview.prefab
[LOG 18:58:22.273] malefuturepreview.prefab
[LOG 18:58:22.273] kbfemale@controlpanel_a.fbx
[LOG 18:58:22.273] kbfemale@controlpanel_b.fbx
[LOG 18:58:22.273] kbfemale@controlpanel_c.fbx
[LOG 18:58:22.273] kbfemale@rocksample.fbx
[LOG 18:58:22.274] hammerfemale.fbx
[LOG 18:58:22.274] hammermale.fbx
[LOG 18:58:22.274] kbeva@controlpanel_a.fbx
[LOG 18:58:22.274] kbeva@controlpanel_b.fbx
[LOG 18:58:22.274] kbeva@controlpanel_c.fbx
[LOG 18:58:22.274] kbeva@rocksample.fbx
[LOG 18:58:22.274] kerbaleva_female_future.prefab
[LOG 18:58:22.274] kerbaleva_rd_future.prefab
[LOG 18:58:22.274] futureevabody.mat
[LOG 18:58:22.274] futureevabodyalternate.mat
[LOG 18:58:22.274] futureevajetpack.mat
[LOG 18:58:22.274] futureevalight.mat
[LOG 18:58:22.274] futurehelmet.mat
[LOG 18:58:22.274] kbevafemalefuture.prefab
[LOG 18:58:22.274] kbevafuture.prefab
[LOG 18:58:22.274] kbeva@new.fbx
[LOG 18:58:22.274] kbeva@newfem.fbx
[LOG 18:58:22.274] mevahelmetlight.fbx
[LOG 18:58:22.274] serenityfemaleeva.fbx
[LOG 18:58:22.274] serenityflares.fbx
[LOG 18:58:22.274] serenitymaleeva.fbx
[LOG 18:58:22.274] evajetpacknrm.dds
[LOG 18:58:22.274] futuresuit_diffuse_orange.dds
[LOG 18:58:22.274] futuresuit_diffuse_whiteblue.dds
[LOG 18:58:22.274] futuresuit_diffuse_whiteorange.dds
[LOG 18:58:22.274] futuresuit_emissive.dds
[LOG 18:58:22.274] futuresuit_evalight.png
[LOG 18:58:22.274] futuresuitmainnrm.dds
[LOG 18:58:22.274] ksp_ig_jetpack_diffuse.jpg
[LOG 18:58:22.275] kerbalfemalefuture.prefab
[LOG 18:58:22.275] kerbalmalefuture.prefab
[LOG 18:58:22.275] futuresuit_diffuse.mat
[LOG 18:58:22.275] serenityfemaleiva.fbx
[LOG 18:58:22.275] serenitymaleiva.fbx
[LOG 18:58:22.275] kerbalicon_eva_female_future.tif
[LOG 18:58:22.275] kerbalicon_eva_future.tif
[LOG 18:58:22.275] kerbalicon_suit_female_future.tif
[LOG 18:58:22.275] kerbalicon_suit_future.tif
[LOG 18:58:22.275] kerbalicon_suit_orange_female_future.tif
[LOG 18:58:22.275] kerbalicon_suit_orange_future.tif
[LOG 18:58:22.275] bottom_emissor.mat
[LOG 18:58:22.275] burst_emissor.mat
[LOG 18:58:22.275] burstprojectiles_emissor.mat
[LOG 18:58:22.275] constantburst_emissor.mat
[LOG 18:58:22.275] snowflakes_emissor.mat
[LOG 18:58:22.275] vapor_emissor.mat
[LOG 18:58:22.275] base_0.mat
[LOG 18:58:22.275] base_1.mat
[LOG 18:58:22.275] base_2.mat
[LOG 18:58:22.275] base_3_1.mat
[LOG 18:58:22.275] base_3_2.mat
[LOG 18:58:22.275] vapor.mat
[LOG 18:58:22.275] burst.png
[LOG 18:58:22.275] cloud2.png
[LOG 18:58:22.275] v1.png
[LOG 18:58:22.275] v2.png
[LOG 18:58:22.275] v3.png
[LOG 18:58:22.275] v5.png
[LOG 18:58:22.276] gapkerbal_female_future.prefab
[LOG 18:58:22.276] gapkerbal_male_future.prefab
[LOG 18:58:22.276] hammerfemale.prefab
[LOG 18:58:22.276] hammermale.prefab
[LOG 18:58:22.276] bopgravelpile.prefab
[LOG 18:58:22.276] bopgravelpile.fbx
[LOG 18:58:22.276] bop_gravel pile_d.mat
[LOG 18:58:22.276] lambert1.mat
[LOG 18:58:22.276] bop_gravel pile_d.png
[LOG 18:58:22.276] bop_gravel pile_d.tga
[LOG 18:58:22.276] bop_gravel pile_n.png
[LOG 18:58:22.276] bop_gravel pile_s.png
[LOG 18:58:22.276] drescrater.prefab
[LOG 18:58:22.276] dresmeteorite.prefab
[LOG 18:58:22.276] drescrater.fbx
[LOG 18:58:22.276] dresmeteorite.fbx
[LOG 18:58:22.276] dres_crater_d.mat
[LOG 18:58:22.276] dres_meteorite_d.mat
[LOG 18:58:22.276] lambert1.mat
[LOG 18:58:22.276] dres_crater_d.tga
[LOG 18:58:22.276] dres_crater_n.png
[LOG 18:58:22.276] dres_meteorite_d.tga
[LOG 18:58:22.276] dres_meteorite_n.png
[LOG 18:58:22.276] dunablueberries.prefab
[LOG 18:58:22.276] dunadune.prefab
[LOG 18:58:22.276] dunameteorite.prefab
[LOG 18:58:22.276] dunastone.prefab
[LOG 18:58:22.276] dunaasteroid.fbx
[LOG 18:58:22.276] dunablueberries.fbx
[LOG 18:58:22.277] dunadune.fbx
[LOG 18:58:22.277] dunastone.fbx
[LOG 18:58:22.277] duna_asteroid_d.mat
[LOG 18:58:22.277] duna_dune_d.mat
[LOG 18:58:22.277] duna_stone_d.mat
[LOG 18:58:22.277] dune_blueberries_d.mat
[LOG 18:58:22.277] lambert1.mat
[LOG 18:58:22.277] duna_asteroid_d.tga
[LOG 18:58:22.277] duna_asteroid_n.png
[LOG 18:58:22.277] duna_dune_d.tga
[LOG 18:58:22.277] duna_dune_n.tga
[LOG 18:58:22.277] duna_stone_d.tga
[LOG 18:58:22.277] duna_stone_n.png
[LOG 18:58:22.277] dune_blueberries_d.tga
[LOG 18:58:22.277] dune_blueberries_n.png
[LOG 18:58:22.277] eelooberg.prefab
[LOG 18:58:22.277] eeloobrownboulder.prefab
[LOG 18:58:22.277] eelooicechunk.prefab
[LOG 18:58:22.277] eelooberg.fbx
[LOG 18:58:22.277] eelooboulder.fbx
[LOG 18:58:22.277] eelooicechunk.fbx
[LOG 18:58:22.277] eeloo_alien_glacier_d.mat
[LOG 18:58:22.277] eeloo_brown_ boulder_d.mat
[LOG 18:58:22.277] eeloo_ice chunk_d.mat
[LOG 18:58:22.277] lambert1.mat
[LOG 18:58:22.277] eeloo_alien_glacier_d.tga
[LOG 18:58:22.277] eeloo_alien_glacier_e.tga
[LOG 18:58:22.277] eeloo_alien_glacier_n.png
[LOG 18:58:22.277] eeloo_brown_ boulder_d.tga
[LOG 18:58:22.277] eeloo_brown_ boulder_n.png
[LOG 18:58:22.278] eeloo_ice chunk_d.tga
[LOG 18:58:22.278] eeloo_ice chunk_e.tga
[LOG 18:58:22.278] eeloo_ice chunk_n.png
[LOG 18:58:22.278] eeloo_ice chunk_s.tga
[LOG 18:58:22.278] evebasaltformation.prefab
[LOG 18:58:22.278] evepancakedome.prefab
[LOG 18:58:22.278] evevolcanicrock.prefab
[LOG 18:58:22.278] evebasaltformation.fbx
[LOG 18:58:22.278] evepancakeformation.fbx
[LOG 18:58:22.278] evevolcanicrock.fbx
[LOG 18:58:22.278] eve basalt formation_d.mat
[LOG 18:58:22.278] eve pancake formation_d.mat
[LOG 18:58:22.278] eve volcanic rock_d.mat
[LOG 18:58:22.278] lambert1.mat
[LOG 18:58:22.278] eve basalt formation_d.tga
[LOG 18:58:22.278] eve basalt formation_n.tga
[LOG 18:58:22.278] eve pancake formation_d.tga
[LOG 18:58:22.278] eve pancake formation_e.png
[LOG 18:58:22.278] eve pancake formation_n.png
[LOG 18:58:22.278] eve volcanic rock_d.tga
[LOG 18:58:22.278] eve volcanic rock_n.png
[LOG 18:58:22.278] gillyridgeline.fbx
[LOG 18:58:22.278] gilly ridegeline_d.mat
[LOG 18:58:22.278] lambert1.mat
[LOG 18:58:22.278] gillyridgeline.prefab
[LOG 18:58:22.278] gilly ridegeline_d.tga
[LOG 18:58:22.278] gilly ridegeline_n.png
[LOG 18:58:22.278] dunaejecta.prefab
[LOG 18:58:22.278] ikedunaejecta.fbx
[LOG 18:58:22.278] ike_duna_ejecta_mat.mat
[LOG 18:58:22.279] ike duna ejecta_d.tga
[LOG 18:58:22.279] ike duna ejecta_n.png
[LOG 18:58:22.279] kerbinbaobabtree.fbx
[LOG 18:58:22.279] kerbinquartz.fbx
[LOG 18:58:22.279] baobaptree.mat
[LOG 18:58:22.279] kerbin_baobab_tree_d.mat
[LOG 18:58:22.279] kerbin_boabob_tree_d.mat
[LOG 18:58:22.279] kerbin_giant_quartz_d.mat
[LOG 18:58:22.279] lambert1.mat
[LOG 18:58:22.279] lambert2.mat
[LOG 18:58:22.279] kerbinbaobabtree.prefab
[LOG 18:58:22.279] kerbinquartz.prefab
[LOG 18:58:22.279] kerbin_baobab_tree_alpha.png
[LOG 18:58:22.279] kerbin_baobab_tree_d.tga
[LOG 18:58:22.279] kerbin_baobab_tree_n.png
[LOG 18:58:22.279] kerbin_giant_quartz_d.tga
[LOG 18:58:22.279] kerbin_giant_quartz_e.tga
[LOG 18:58:22.279] kerbin_giant_quartz_n.tga
[LOG 18:58:22.279] kerbin_giant_quartz_s.tga
[LOG 18:58:22.279] laytheboulder.fbx
[LOG 18:58:22.279] laythegeyser.fbx
[LOG 18:58:22.279] laythestone.fbx
[LOG 18:58:22.279] lambert1.mat
[LOG 18:58:22.279] laythe_boulder_d.mat
[LOG 18:58:22.279] laythe_geyser_d.mat
[LOG 18:58:22.279] laythe_stone_d.mat
[LOG 18:58:22.279] laytheboulder.prefab
[LOG 18:58:22.279] laythegeyser.prefab
[LOG 18:58:22.279] laythestone.prefab
[LOG 18:58:22.280] laythe_boulder_d.tga
[LOG 18:58:22.280] laythe_boulder_n.png
[LOG 18:58:22.280] laythe_geyser_d.tga
[LOG 18:58:22.280] laythe_geyser_n.png
[LOG 18:58:22.280] laythe_stone_d.tga
[LOG 18:58:22.280] laythe_stone_n.png
[LOG 18:58:22.280] greensandstone.fbx
[LOG 18:58:22.280] lambert1.mat
[LOG 18:58:22.280] minmus_green_sandstone_d.mat
[LOG 18:58:22.280] minmus_olivine_formation_d.mat
[LOG 18:58:22.280] minmusolivineformation.fbx
[LOG 18:58:22.280] minmus_greensandstone.prefab
[LOG 18:58:22.280] minmus_olivineformation.prefab
[LOG 18:58:22.280] minmus_green_sandstone_d.tga
[LOG 18:58:22.280] minmus_green_sandstone_n.png
[LOG 18:58:22.280] minmus_olivine_formation_d.tga
[LOG 18:58:22.280] minmus_olivine_formation_n.png
[LOG 18:58:22.280] lambert1.mat
[LOG 18:58:22.280] moho wrinkleridge_d.mat
[LOG 18:58:22.280] moho_stone_d.mat
[LOG 18:58:22.280] mohostone.fbx
[LOG 18:58:22.280] mohowrinkleridge.fbx
[LOG 18:58:22.280] mohostone.prefab
[LOG 18:58:22.280] mohowrinkleridge.prefab
[LOG 18:58:22.280] moho wrinkleridge_d.tga
[LOG 18:58:22.280] moho wrinkleridge_e.png
[LOG 18:58:22.280] moho wrinkleridge_n.png
[LOG 18:58:22.280] moho_stone_d.tga
[LOG 18:58:22.280] moho_stone_n.png
[LOG 18:58:22.280] lambert1.mat
[LOG 18:58:22.281] mun_crater_d.mat
[LOG 18:58:22.281] mun_large_crater_d.mat
[LOG 18:58:22.281] mun_stone_d.mat
[LOG 18:58:22.281] muncrater.fbx
[LOG 18:58:22.281] munlargecrater.fbx
[LOG 18:58:22.281] munstone.fbx
[LOG 18:58:22.281] muncrater.prefab
[LOG 18:58:22.281] munlargecrater.prefab
[LOG 18:58:22.281] munstone.prefab
[LOG 18:58:22.281] mun_crater_d.tga
[LOG 18:58:22.281] mun_crater_n.png
[LOG 18:58:22.281] mun_large_crater_d.tga
[LOG 18:58:22.281] mun_large_crater_n.png
[LOG 18:58:22.281] mun_stone_d.tga
[LOG 18:58:22.281] mun_stone_n.png
[LOG 18:58:22.281] lambert1.mat
[LOG 18:58:22.281] pol_yellowstone_d.mat
[LOG 18:58:22.281] polyellowstone.fbx
[LOG 18:58:22.281] pol_yellowstones.prefab
[LOG 18:58:22.281] pol_yellowstone_d.png
[LOG 18:58:22.281] pol_yellowstone_n.png
[LOG 18:58:22.281] lambert1.mat
[LOG 18:58:22.281] tylo_checkerboard_d.mat
[LOG 18:58:22.281] tylo_dark boulder_d.mat
[LOG 18:58:22.281] tylo_light_d.mat
[LOG 18:58:22.282] tyloboulder.fbx
[LOG 18:58:22.282] tylocheckerboard.fbx
[LOG 18:58:22.282] tylolightstone.fbx
[LOG 18:58:22.282] tylo_ checkerboard_n.png
[LOG 18:58:22.282] tylo_checkerboard_d.png
[LOG 18:58:22.282] tylo_dark boulder_d.tga
[LOG 18:58:22.282] tylo_dark boulder_n.png
[LOG 18:58:22.282] tylo_light_d.tga
[LOG 18:58:22.282] tylo_light_n.png
[LOG 18:58:22.282] tylocheckerboard.prefab
[LOG 18:58:22.282] tylodarkboulder.prefab
[LOG 18:58:22.282] tylolightstone.prefab
[LOG 18:58:22.282] cryovolcano_d.mat
[LOG 18:58:22.282] lambert1.mat
[LOG 18:58:22.282] vallicechunk_d.mat
[LOG 18:58:22.282] vallstone_d.mat
[LOG 18:58:22.282] vall_cryovolcano.fbx
[LOG 18:58:22.282] vall_icechunk.fbx
[LOG 18:58:22.282] vall_stone.fbx
[LOG 18:58:22.282] cryovolcano_d.tga
[LOG 18:58:22.282] cryovolcano_e.png
[LOG 18:58:22.282] cryovolcano_n.jpg
[LOG 18:58:22.282] cryovolcano_s.jpg
[LOG 18:58:22.282] vallicechunk_d.jpg
[LOG 18:58:22.282] vallicechunk_e.jpg
[LOG 18:58:22.282] vallicechunk_n.jpg
[LOG 18:58:22.282] vallicechunk_s.jpg
[LOG 18:58:22.282] vallstone_d.jpg
[LOG 18:58:22.282] vallstone_e.jpg
[LOG 18:58:22.282] vallstone_n.jpg
[LOG 18:58:22.283] vallstone_s.jpg
[LOG 18:58:22.283] vallcryovolcano.prefab
[LOG 18:58:22.283] vallicechunk.prefab
[LOG 18:58:22.283] vallstone.prefab
[LOG 18:58:22.283] vfx_spark.mat
[LOG 18:58:22.283] vfx_welding_flare.mat
[LOG 18:58:22.283] cometdustmaterial.mat
[LOG 18:58:22.283] cometgeysermat.mat
[LOG 18:58:22.291] GetTypesOfModulesImplementingInterface2: Found 69 types with IPartModuleAdjuster interface in 8 assemblies.
[LOG 18:58:22.300] GetSubclassesOfParentClass: Found 0 types with ModuleActiveRadiator parent in 8 assemblies.
[LOG 18:58:22.309] GetSubclassesOfParentClass: Found 0 types with ModuleAlternator parent in 8 assemblies.
[LOG 18:58:22.316] GetSubclassesOfParentClass: Found 1 types with ModuleControlSurface parent in 8 assemblies.
[LOG 18:58:22.325] GetSubclassesOfParentClass: Found 0 types with ModuleDataTransmitter parent in 8 assemblies.
[LOG 18:58:22.333] GetSubclassesOfParentClass: Found 0 types with ModuleDeployableSolarPanel parent in 8 assemblies.
[LOG 18:58:22.341] GetSubclassesOfParentClass: Found 1 types with ModuleEngines parent in 8 assemblies.
[LOG 18:58:22.349] GetSubclassesOfParentClass: Found 0 types with ModuleGenerator parent in 8 assemblies.
[LOG 18:58:22.357] GetSubclassesOfParentClass: Found 0 types with ModuleGimbal parent in 8 assemblies.
[LOG 18:58:22.365] GetSubclassesOfParentClass: Found 2 types with ModuleLiftingSurface parent in 8 assemblies.
[LOG 18:58:22.372] GetSubclassesOfParentClass: Found 0 types with ModuleLight parent in 8 assemblies.
[LOG 18:58:22.380] GetSubclassesOfParentClass: Found 0 types with ModuleReactionWheel parent in 8 assemblies.
[LOG 18:58:22.388] GetSubclassesOfParentClass: Found 0 types with ModuleSAS parent in 8 assemblies.
[LOG 18:58:22.395] GetSubclassesOfParentClass: Found 0 types with ModuleWheelBrakes parent in 8 assemblies.
[LOG 18:58:22.403] GetSubclassesOfParentClass: Found 1 types with ModuleWheelMotor parent in 8 assemblies.
[LOG 18:58:22.403] GetSubclassesOfParentClass: Using cached results for ModuleActiveRadiator
[LOG 18:58:22.411] GetSubclassesOfParentClass: Found 0 types with ModuleAnchoredDecoupler parent in 8 assemblies.
[LOG 18:58:22.418] GetSubclassesOfParentClass: Found 0 types with ModuleCargoBay parent in 8 assemblies.
[LOG 18:58:22.419] GetSubclassesOfParentClass: Using cached results for ModuleControlSurface
[LOG 18:58:22.419] GetSubclassesOfParentClass: Using cached results for ModuleDataTransmitter
[LOG 18:58:22.427] GetSubclassesOfParentClass: Found 0 types with ModuleDecouple parent in 8 assemblies.
[LOG 18:58:22.435] GetSubclassesOfParentClass: Found 4 types with ModuleDeployablePart parent in 8 assemblies.
[LOG 18:58:22.443] GetSubclassesOfParentClass: Found 0 types with ModuleDockingNode parent in 8 assemblies.
[LOG 18:58:22.443] GetSubclassesOfParentClass: Using cached results for ModuleEngines
[LOG 18:58:22.451] GetSubclassesOfParentClass: Found 0 types with CModuleFuelLine parent in 8 assemblies.
[LOG 18:58:22.459] GetSubclassesOfParentClass: Found 0 types with ModuleGPS parent in 8 assemblies.
[LOG 18:58:22.466] GetSubclassesOfParentClass: Found 0 types with ModuleGrappleNode parent in 8 assemblies.
[LOG 18:58:22.466] GetSubclassesOfParentClass: Using cached results for ModuleGrappleNode
[LOG 18:58:22.473] GetSubclassesOfParentClass: Found 0 types with ModuleKerbNetAccess parent in 8 assemblies.
[LOG 18:58:22.474] GetSubclassesOfParentClass: Using cached results for ModuleLight
[LOG 18:58:22.474] GetSubclassesOfParentClass: Using cached results for ModuleLight
[LOG 18:58:22.480] GetSubclassesOfParentClass: Found 0 types with ModuleProbeControlPoint parent in 8 assemblies.
[LOG 18:58:22.488] GetSubclassesOfParentClass: Found 1 types with ModuleRCS parent in 8 assemblies.
[LOG 18:58:22.488] GetSubclassesOfParentClass: Using cached results for ModuleRCS
[LOG 18:58:22.488] GetSubclassesOfParentClass: Using cached results for ModuleReactionWheel
[LOG 18:58:22.488] GetSubclassesOfParentClass: Using cached results for ModuleReactionWheel
[LOG 18:58:22.495] GetSubclassesOfParentClass: Found 0 types with ModuleResourceIntake parent in 8 assemblies.
[LOG 18:58:22.503] GetSubclassesOfParentClass: Found 0 types with ModuleScienceExperiment parent in 8 assemblies.
[LOG 18:58:22.510] GetSubclassesOfParentClass: Found 0 types with ModuleToggleCrossfeed parent in 8 assemblies.
[LOG 18:58:22.517] GetSubclassesOfParentClass: Found 0 types with ModuleWheelDeployment parent in 8 assemblies.
[LOG 18:58:22.536] ExpansionsLoader: Expansions loaded in 13.877s
[LOG 18:58:22.537] Loading Systems: Elapsed time is 27.54626s
[LOG 18:58:25.917] [AddonLoader]: Instantiating addon 'KSPCFFastLoaderPSystemSetup' from assembly 'KSPCommunityFixes'
[LOG 18:58:26.257] [Agent]: Found 19 agent mentality types
[LOG 18:58:26.259] [AgentList]: 31 agents parsed and loaded.
[LOG 18:58:26.297] [UIMasterController]: HideUI
[LOG 18:58:26.392] [CelestialBody]: Kerbin's solar day length is 1d, 0h, 0m long. sidereal day length is 5h, 59m, 9s long
[LOG 18:58:26.639] [TerrainPrecisionFix] Kerbin: terrain placed in double precision (first quad corrected by 11.32 mm)
[LOG 18:58:32.314] [UIMasterController]: HideUI
[LOG 18:58:32.321] [HighLogic]: =========================== Scene Change : From LOADING to MAINMENU =====================
[LOG 18:58:32.897] [AddonLoader]: Instantiating addon 'ContractDefs' from assembly 'KSP'
[LOG 18:58:32.927] [AddonLoader]: Instantiating addon 'KSPCFFastLoaderReport' from assembly 'KSPCommunityFixes'
[LOG 18:58:32.955] [UIMasterController]: ShowUI
[LOG 18:58:33.227] [GameParameters]: Loaded custom parameter class CommNetParams.
[LOG 18:58:33.228] [GameParameters]: Loaded custom parameter class MissionParamsGeneral.
[LOG 18:58:33.228] [GameParameters]: Loaded custom parameter class MissionParamsFacilities.
[LOG 18:58:33.228] [GameParameters]: Loaded custom parameter class MissionParamsExtras.
[LOG 18:58:33.229] [GameParameters]: Loaded custom parameter class AdvancedParams.
[LOG 18:58:33.251] [ReflectionUtil]: Found 40 types with UpgradeModule attribute in 8 assemblies.
[LOG 18:58:33.270] [KSPCF:FastLoader] Intel(R) Core(TM) i7-4790K CPU @ 4.00GHz | 32687 MB | NVIDIA GeForce GTX 1060 6GB (6029 MB)
Total loading time to main menu : 41.840s
- Configs and assemblies loaded in 5.248s
- Configs reload done in 1.195s
- Configs translated in 0.018s
- 2331 assets loaded in 3.458s :
  - 86 audio assets (79.689 MiB) in 0.675s, 118.138 MiB/s
  - 1618 texture assets (1.293 GiB) in 2.243s, 590.218 MiB/s
  - 626 model assets (64.41 MiB) in 0.538s, 119.661 MiB/s
- Asset bundles loaded in 0.501s
- GameDatabase (configs, resources, traits, upgrades...) loaded in 0.069s
- Built-in parts copied in 0.023s
- Part and internal configs extracted in 0.001s
- 483 parts and 1927 modules compiled in 3.933s
  - 4.0 modules/part, 8.143 ms/part, 2.041 ms/module
  - PartIcon compilation : 1.210s
- 27 internal spaces and 56 props compiled in 0.290s
- 2 DLC (Making History, Breaking Ground) loaded in 13.924s
- Planetary system loaded in 7.767s
[LOG 18:58:33.270] Texture queries : 1709, slow path : 1 (0.06 %)
[LOG 18:58:33.274] [ModuleManager] Total loading Time = 36.863s
[LOG 18:58:33.321] [ScenarioTypes]: List Created 23 scenario types loaded from 8 loaded assemblies.
[WRN 18:58:33.329] File 'D:/KSP-Dev/KSP_x64_Data/../Missions/MissionScoreInfo.cfg' does not exist
[LOG 18:58:33.333] [ApplicationLauncher] Awake False
[LOG 18:58:33.333] [ApplicationLauncher] SpawnSimpleLayout: VerticalTopDown
[LOG 18:58:33.349] [UiApp] Awake: 
[LOG 18:58:33.349] [ApplicationLauncher] OnSceneLoadedGUIReady: scene MAINMENU ShouldBeVisible() True ShouldBeOnTop() True iIsPositionedAtTop True
[LOG 18:58:33.372] [UIApp] Adding  to Application Launcher
[LOG 18:58:33.375] [ApplicationLauncher] SetHidden: 
[LOG 18:58:33.380] [MessageSystem] OnAppInitialized
[LOG 18:58:33.381] [MessageSystem] Reposition 0.0410148 36445
[LOG 18:58:39.850] [KSPUpgradePipeline]: claude (1.12.5) is up to date.
[LOG 18:58:39.859] [ExperienceSystem]: Found 0 trait types
[LOG 18:58:39.865] [ExperienceSystem]: Found 20 effect types
[LOG 18:58:39.897] [ScenarioTypes]: List Created 23 scenario types loaded from 8 loaded assemblies.
[LOG 18:58:39.916] Game State Saved to saves/claude/persistent
[LOG 18:58:39.926] [MessageSystem] Load Messages
[LOG 18:58:39.929] [UIMasterController]: HideUI
[LOG 18:58:39.931] [HighLogic]: =========================== Scene Change : From MAINMENU to SPACECENTER =====================
[LOG 18:58:40.271] [AddonLoader]: Instantiating addon 'CustomConfigsManager' from assembly 'ModuleManager'
[LOG 18:58:43.339] [UIMasterController]: ShowUI
[LOG 18:58:43.649] [SceneLoadSpeedBoost] Save loaded from disk in 1ms
[LOG 18:58:43.662] GetSubclassesOfParentClass: Found 7 types with AlarmTypeBase parent in 8 assemblies.
[LOG 18:58:43.671] Loading Depletion Nodes
[LOG 18:58:43.671] DepNodeCount:  0
[LOG 18:58:43.671] Loading Biome Nodes
[LOG 18:58:43.672] BiomeNodeCount:  0
[LOG 18:58:43.672] Loading Planet Nodes
[LOG 18:58:43.672] PlanetNodeCount:  0
[LOG 18:58:43.688] [ScenarioDestructibles]: Loading... 0 objects registered
[LOG 18:58:43.812] [UiApp] Awake: KSPedia
[LOG 18:58:43.812] [UiApp] Awake: Missions App
[LOG 18:58:43.812] [UiApp] Awake: AlarmClock
[LOG 18:58:43.813] [GenericAppFrame] Reposition 0 38754
[LOG 18:58:43.814] [ApplicationLauncher] OnSceneLoadedGUIReady: scene SPACECENTER ShouldBeVisible() True ShouldBeOnTop() False iIsPositionedAtTop True
[LOG 18:58:43.814] [ApplicationLauncher] SpawnSimpleLayout: HorizontalRightLeft
[LOG 18:58:43.816] [ApplicationLauncher] SetVisible: 
[LOG 18:58:43.864] [UIApp] OnDestroy: Contracts
[LOG 18:58:43.872] [MessageSystem] Reposition 0.02 38755
[LOG 18:58:43.872] [GenericAppFrame] Reposition 0.02 38755
[LOG 18:58:43.872] [GenericAppFrame] Reposition 0.02 38755
[LOG 18:58:44.006] [UIApp] Adding AlarmClock to Application Launcher
[LOG 18:58:44.008] [UIApp] Adding Missions App to Application Launcher
[LOG 18:58:44.036] [GenericAppFrame] Reposition 0.0964039 38761
[LOG 18:58:44.040] [MissionsApp] OnAppStarted(): id: -362670
[LOG 18:58:44.040] MissionsApp does not execute in this game mode, destroying this instance
[LOG 18:58:44.040] [UIApp] OnDestroy: Missions App
[LOG 18:58:44.053] [UIApp] Adding KSPedia to Application Launcher
[LOG 18:58:45.652] Game Paused!
[LOG 18:58:45.653] [UIMasterController]: ShowUI
[LOG 18:58:48.712] [KSPUpgradePipeline]: claude (1.12.5) is up to date.
[LOG 18:58:48.722] [ScenarioTypes]: List Created 23 scenario types loaded from 8 loaded assemblies.
[LOG 18:58:48.722] [MessageSystem] Load Messages
[LOG 18:58:48.726] [UIMasterController]: HideUI
[LOG 18:58:48.735] [HighLogic]: =========================== Scene Change : From SPACECENTER to FLIGHT =====================
[LOG 18:58:48.738] Game Unpaused!
[LOG 18:58:49.055] [UIApp] OnDestroy: KSPedia
[LOG 18:58:49.055] [UIApp] OnDestroy: AlarmClock
[LOG 18:58:49.061] [KSPCF:MemoryLeaks] Removed a onPlanetariumTargetChange callback owned by a destroyed Assembly-CSharp:CommNetVessel instance
[LOG 18:58:49.072] [KSPCF:MemoryLeaks] Leaving scene "SpaceCenter", cleaned 5 memory leaks in 0.015s. GameEvents callbacks : 469. Allocated memory : 658.152 MiB (managed heap), 2.175 GiB (unmanaged)
[LOG 18:58:49.083] UICanvasPrefabSpawner FlightUI spawning Flight
[LOG 18:58:49.119] UICanvasPrefabSpawner FlightUI spawning VesselLabels
[LOG 18:58:49.119] [UiApp] Awake: ResourceDisplay
[LOG 18:58:49.212] [AddonLoader]: Instantiating addon 'AeroGUI' from assembly 'KSP'
[LOG 18:58:49.228] [PlanetariumCamera]: Focus: Kerbin
[LOG 18:58:49.229] [UIMasterController]: HideUI
[LOG 18:58:49.542] [UIMasterController]: HideUI
[LOG 18:58:49.542] ------------------- initializing flight mode... ------------------
[LOG 18:58:49.544] GetSubclassesOfParentClass: Using cached results for AlarmTypeBase
[LOG 18:58:49.544] Loading Depletion Nodes
[LOG 18:58:49.544] DepNodeCount:  0
[LOG 18:58:49.544] Loading Biome Nodes
[LOG 18:58:49.544] BiomeNodeCount:  0
[LOG 18:58:49.544] Loading Planet Nodes
[LOG 18:58:49.544] PlanetNodeCount:  0
[LOG 18:58:49.546] [ScenarioDestructibles]: Loading... 0 objects registered
[LOG 18:58:49.578] Target vessel index: 1  vessel count: 3
[LOG 18:58:49.579] [FLIGHT GLOBALS]: Switching To Vessel Vaisseau sans nom ---------------------- 
[LOG 18:58:49.580] setting new dominant body: Mun
FlightGlobals.mainBody: Mun
[LOG 18:58:49.582] Reference Frame: Rotating
[WRN 18:58:49.593] [Part]: Cannot have ModuleCargoPart and ModuleInventoryPart on same Part [Vaisseau sans nom (unloaded)'. Removed ModuleCargoPart
[LOG 18:58:49.617] Camera Mode: AUTO
[LOG 18:58:49.666] [TerrainPrecisionFix] Mun: terrain placed in double precision (first quad corrected by 12.98 mm)
[LOG 18:58:53.164] all systems started
[LOG 18:58:53.164] [UIMasterController]: ShowUI
[LOG 18:58:53.296] [AsteroidSpawner]: No new objects this time. (Odds are 1:2)
[LOG 18:58:53.426] [UiApp] Awake: CurrencyWidgetsApp
[LOG 18:58:53.426] [UiApp] Awake: ResourceDisplay
[LOG 18:58:53.426] [UiApp] Awake: KSPedia
[LOG 18:58:53.426] [UiApp] Awake: Missions App
[LOG 18:58:53.426] [UiApp] Awake: DeltaVApp
[LOG 18:58:53.426] [UiApp] Awake: ActionGroupsApp
[LOG 18:58:53.426] [UiApp] Awake: Construction
[LOG 18:58:53.426] [UiApp] Awake: Cargo
[LOG 18:58:53.426] [UiApp] Awake: AlarmClock
[LOG 18:58:53.426] [UiApp] Awake: ManeuverTool
[LOG 18:58:53.426] [ApplicationLauncher] OnSceneLoadedGUIReady: scene FLIGHT ShouldBeVisible() True ShouldBeOnTop() True iIsPositionedAtTop False
[LOG 18:58:53.427] [ApplicationLauncher] SpawnSimpleLayout: VerticalTopDown
[LOG 18:58:53.430] [KnowledgeBase] OnAppLauncherReady 39635
[LOG 18:58:53.442] [UIApp] OnDestroy: Contracts
[LOG 18:58:53.522] [FlightIntegrator]: Reloaded drag cube for zeroed cube root part mk1pod.v2 (Vaisseau sans nom) on vessel Vaisseau sans nom
[LOG 18:58:53.537] [MessageSystem] Reposition 0.02 39636
[LOG 18:58:53.537] [GenericAppFrame] Reposition 0.02 39636
[LOG 18:58:53.537] [GenericAppFrame] Reposition 0.02 39636
[LOG 18:58:53.634] [PlanetariumCamera]: Focus: Vaisseau sans nom
[LOG 18:58:53.659] [UIApp] Adding ResourceDisplay to Application Launcher
[LOG 18:58:53.661] [UIApp] Adding ResourceDisplay to Application Launcher
[LOG 18:58:53.671] [ResourceDisplay] OnAppStarted(): id: -397398
[LOG 18:58:53.672] [GenericAppFrame] Reposition 0.1382253 39640
[LOG 18:58:53.672] [ResourceDisplay] OnAppStarted(): id: 264296
[LOG 18:58:53.672] ResourceDisplay already exist, destroying this instance
[LOG 18:58:53.673] [UIApp] OnDestroy: ResourceDisplay
[LOG 18:58:53.686] [UIApp] Adding AlarmClock to Application Launcher
[LOG 18:58:53.687] [UIApp] Adding ActionGroupsApp to Application Launcher
[LOG 18:58:53.688] [UIApp] Adding Missions App to Application Launcher
[LOG 18:58:53.689] CURRENCY WIDGET False False False
[LOG 18:58:53.691] [UIApp] OnDestroy: CurrencyWidgetsApp
[LOG 18:58:53.713] [GenericAppFrame] Reposition 0.167157 39642
[LOG 18:58:53.717] [ActionGroupsApp] OnAppStarted(): id: -397422
[LOG 18:58:53.718] [GenericAppFrame] Reposition 0.167157 39642
[LOG 18:58:53.718] [UIApp] Adding DeltaVApp to Application Launcher
[LOG 18:58:53.719] [MissionsApp] OnAppStarted(): id: -397410
[LOG 18:58:53.719] MissionsApp does not execute in this game mode, destroying this instance
[LOG 18:58:53.719] [UIApp] OnDestroy: Missions App
[LOG 18:58:53.733] [GenericAppFrame] Reposition 0.1968171 39643
[LOG 18:58:53.743] [UIApp] Adding Cargo to Application Launcher
[LOG 18:58:53.744] [UIApp] Adding Construction to Application Launcher
[LOG 18:58:53.745] [UIApp] Adding KSPedia to Application Launcher
[WRN 18:58:53.753] HighlightingSystem : Framebuffer depth data is not available and can't be used to occlude highlighting. Highlighting occluders enabled.
[LOG 18:58:53.767] [UIApp] Adding ManeuverTool to Application Launcher
[LOG 18:58:53.769] [ApplicationLauncher] SetHidden: 
[LOG 18:58:53.811] [GenericAppFrame] Reposition 0.2728947 39646
[LOG 18:58:53.821] [ManeuverTool]: Found 1 transfer types
[LOG 18:58:53.891] Flight State Captured
[LOG 18:58:53.895] Saving Achievements Tree...
[LOG 18:58:53.895] Saving Achievements Tree...
[LOG 18:58:53.895] Saving Achievements Tree...
[LOG 18:58:53.898] [MessageSystem] Save Messages
[LOG 18:58:53.910] Game State Saved as persistent
[LOG 18:58:54.533] Unpacking Vaisseau sans nom
[LOG 18:58:54.547] [UIMasterController]: ShowUI
[LOG 18:59:08.619] [Comet Manager]:Generated Comet Type:short
[LOG 18:59:08.627] [CometSpawner]: New object found near Kerbin
[LOG 18:59:08.709] [CometManager]: Generated Dust Tail Color: #0 = RGBA(0.991, 0.943, 0.743, 0.031)
[LOG 18:59:08.709] [CometManager]: Generated Ion Tail Color: #2 = RGBA(0.107, 0.139, 0.906, 0.451)
[LOG 18:59:21.636] [PQSBench] BENCH reset
[LOG 18:59:23.662] [AsteroidSpawner]: New object found near Kerbin: Ast. IRB-365!
[LOG 18:59:38.689] [AsteroidSpawner]: No new objects this time. (Odds are 1:2)
[LOG 18:59:53.718] [AsteroidSpawner]: New object found near Kerbin: Ast. YBH-821!
[LOG 19:00:08.755] [AsteroidSpawner]: No new objects this time. (Odds are 1:2)
[LOG 19:00:23.788] [AsteroidSpawner]: New object found near Kerbin: Ast. LFJ-514!
[LOG 19:01:08.813] [AsteroidSpawner]: New object found near Kerbin: Ast. JHD-840!
[LOG 19:01:23.815] [AsteroidSpawner]: No new objects this time. (Odds are 1:2)
[LOG 19:01:38.832] [AsteroidSpawner]: No new objects this time. (Odds are 1:2)
[LOG 19:01:51.677] [PQSBench] BENCH begin;mode=Counters;vertexPlacementPatchedBy=com.github.lhervier.ksp.terrainprecisionfix;quadBuildPatchedBy=com.github.lhervier.ksp.pqsbench+com.github.lhervier.ksp.terrainprecisionfix
[LOG 19:01:51.678] [PQSBench] BENCH machine;cpu=Intel(R) Core(TM) i7-4790K CPU @ 4.00GHz;logicalCores=8;memoryMb=32687;gpu=NVIDIA GeForce GTX 1060 6GB;os=Windows 10  (10.0.0) 64bit
[LOG 19:01:51.678] [PQSBench] BENCH run;save=claude (SANDBOX);vessel=Vaisseau sans nom;body=Mun;terrainPreset=High;terrainPresetIndex=2;verticesPerQuad=225;utStart=54.76;utEnd=204.62;utSpan=149.86;realSeconds=150.03;altitudeStart=4999.9;altitude=4999.7;speed=554.4
[LOG 19:01:51.679] [PQSBench] BENCH sphere;name=Mun;radius=200000;minLevel=2;maxLevel=9;highestLevelUnder=6250;subdivisionOffAbove=20000000;maxAnglePerSample=9.204E-005;speedCapAt60Fps=1104
[LOG 19:01:51.680] [PQSBench] BENCH colliders;name=Mun;maxLevelOffset=0;lowestLevelWithCollider=9
[LOG 19:01:51.681] [PQSBench] BENCH counters;samples=148
[LOG 19:01:51.681] [PQSBench] BENCH;sample;ut;utSpan;realSeconds;frames;fps;altitude;speed;quads;topLevelQuads;vertices;buildMs;topLevelBuildMs;updateMs;subdivisionAvg;subdivisionMax;speedLevelCap;maxLevel
[LOG 19:01:51.681] [PQSBench] BENCH;0;54.76;1.000;1.018;87;85.5;4999.9;554.4;52;16;11700;141.968;45.075;220.128;7.77;9;8;9
[LOG 19:01:51.681] [PQSBench] BENCH;1;55.76;1.000;1.009;99;98.1;4999.9;554.4;32;16;7200;88.534;44.836;166.246;8.25;9;9;9
[LOG 19:01:51.681] [PQSBench] BENCH;2;56.76;1.000;0.990;108;109.1;4999.9;554.4;18;16;4050;50.578;45.186;134.610;8.78;9;9;9
[LOG 19:01:51.681] [PQSBench] BENCH;3;57.76;1.000;1.006;95;94.4;4999.9;554.4;42;16;9450;115.271;44.787;195.587;7.76;9;9;9
[LOG 19:01:51.681] [PQSBench] BENCH;4;58.76;1.000;1.000;109;109.1;4999.9;554.4;18;8;4050;49.918;22.703;124.449;7.00;9;9;9
[LOG 19:01:51.681] [PQSBench] BENCH;5;59.76;1.000;1.009;102;101.1;4999.9;554.4;34;8;7650;92.470;22.242;169.834;7.47;9;9;9
[LOG 19:01:51.681] [PQSBench] BENCH;6;60.76;1.000;1.014;111;109.5;4999.9;554.4;18;8;4050;48.881;22.306;129.877;8.33;9;9;9
[LOG 19:01:51.681] [PQSBench] BENCH;7;61.76;1.000;1.001;100;99.9;4999.9;554.4;36;8;8100;97.401;22.160;173.664;7.67;9;9;9
[LOG 19:01:51.682] [PQSBench] BENCH;8;62.76;1.000;0.999;111;111.1;4999.9;554.4;26;8;5850;70.891;22.266;151.457;7.92;9;9;9
[LOG 19:01:51.682] [PQSBench] BENCH;9;63.76;1.020;1.018;116;113.9;4999.9;554.4;10;8;2250;27.708;22.237;108.881;8.60;9;9;9
[LOG 19:01:51.682] [PQSBench] BENCH;10;64.78;1.020;1.022;109;106.7;4999.9;554.4;28;16;6300;77.189;44.715;160.703;8.43;9;9;9
[LOG 19:01:51.682] [PQSBench] BENCH;11;65.80;1.020;1.023;124;121.2;4999.9;554.4;10;0;2250;27.151;0.000;107.643;7.80;8;9;9
[LOG 19:01:51.682] [PQSBench] BENCH;12;66.82;1.020;1.020;113;110.8;4999.9;554.4;28;8;6300;76.644;22.231;155.943;7.57;9;8;9
[LOG 19:01:51.682] [PQSBench] BENCH;13;67.84;1.020;1.015;118;116.2;4999.9;554.4;18;8;4050;49.925;22.900;128.690;7.89;9;9;9
[LOG 19:01:51.682] [PQSBench] BENCH;14;68.86;1.020;1.023;112;109.5;4999.9;554.4;26;16;5850;72.618;45.725;155.874;8.54;9;9;9
[LOG 19:01:51.682] [PQSBench] BENCH;15;69.88;1.020;1.025;103;100.5;4999.9;554.4;52;16;11700;142.431;44.561;223.778;7.62;9;8;9
[LOG 19:01:51.682] [PQSBench] BENCH;16;70.90;1.020;1.016;122;120.1;4999.9;554.4;10;0;2250;26.986;0.000;104.760;7.00;7;9;9
[LOG 19:01:51.682] [PQSBench] BENCH;17;71.92;1.020;1.021;112;109.6;4999.9;554.4;34;16;7650;93.545;44.504;177.950;7.71;9;9;9
[LOG 19:01:51.682] [PQSBench] BENCH;18;72.94;1.020;1.019;117;114.8;4999.9;554.4;18;0;4050;49.192;0.000;125.739;7.00;8;9;9
[LOG 19:01:51.682] [PQSBench] BENCH;19;73.96;1.020;1.023;110;107.6;4999.9;554.4;34;16;7650;93.890;44.668;176.740;7.71;9;9;9
[LOG 19:01:51.682] [PQSBench] BENCH;20;74.98;1.020;1.017;107;105.2;4999.9;554.4;40;16;9000;110.205;45.246;192.786;8.00;9;9;9
[LOG 19:01:51.682] [PQSBench] BENCH;21;76.00;1.020;1.023;125;122.2;4999.9;554.4;10;0;2250;27.175;0.000;109.096;7.80;8;9;9
[LOG 19:01:51.682] [PQSBench] BENCH;22;77.02;1.020;1.035;108;104.3;4999.9;554.4;44;16;9900;120.414;44.289;204.315;7.36;9;8;9
[LOG 19:01:51.682] [PQSBench] BENCH;23;78.04;1.020;1.023;115;112.5;4999.9;554.4;32;16;7200;89.215;46.164;177.362;8.25;9;9;9
[LOG 19:01:51.682] [PQSBench] BENCH;24;79.06;1.020;1.020;108;105.9;4999.9;554.4;37;16;8325;103.348;45.705;184.055;7.46;9;8;9
[LOG 19:01:51.682] [PQSBench] BENCH;25;80.08;1.020;1.020;113;110.8;4999.9;554.4;24;8;5400;65.596;22.328;146.398;7.67;9;9;9
[LOG 19:01:51.682] [PQSBench] BENCH;26;81.10;1.020;1.017;101;99.3;4999.9;554.4;44;16;9900;120.436;44.515;201.059;8.09;9;9;9
[LOG 19:01:51.682] [PQSBench] BENCH;27;82.12;1.020;1.023;111;108.5;4999.9;554.4;24;8;5400;65.081;21.934;145.097;7.67;9;9;9
[LOG 19:01:51.682] [PQSBench] BENCH;28;83.14;1.020;1.021;106;103.8;4999.9;554.4;32;16;7200;88.955;44.647;175.040;7.25;9;9;9
[LOG 19:01:51.682] [PQSBench] BENCH;29;84.16;1.020;1.016;100;98.4;4999.9;554.4;48;8;10800;131.212;22.967;211.581;7.50;9;8;9
[LOG 19:01:51.682] [PQSBench] BENCH;30;85.18;1.020;1.025;118;115.1;4999.9;554.4;8;8;1800;22.004;22.004;106.066;9.00;9;9;9
[LOG 19:01:51.682] [PQSBench] BENCH;31;86.20;1.020;1.017;112;110.2;4999.9;554.4;16;8;3600;43.730;22.206;124.034;8.50;9;9;9
[LOG 19:01:51.683] [PQSBench] BENCH;32;87.22;1.020;1.018;107;105.1;4999.9;554.4;34;16;7650;92.901;44.319;182.183;8.35;9;9;9
[LOG 19:01:51.683] [PQSBench] BENCH;33;88.24;1.020;1.024;109;106.4;4999.9;554.4;34;16;7650;92.870;44.429;181.960;7.65;9;9;9
[LOG 19:01:51.683] [PQSBench] BENCH;34;89.26;1.020;1.019;109;107.0;4999.9;554.4;24;16;5400;66.692;45.283;151.908;8.67;9;9;9
[LOG 19:01:51.683] [PQSBench] BENCH;35;90.28;1.020;1.022;104;101.8;4999.9;554.4;32;8;7200;87.795;22.615;170.941;8.00;9;9;9
[LOG 19:01:51.683] [PQSBench] BENCH;36;91.30;1.020;1.016;96;94.4;4999.9;554.4;42;24;9450;117.318;67.941;205.864;7.95;9;9;9
[LOG 19:01:51.683] [PQSBench] BENCH;37;92.32;1.020;1.041;111;106.6;4999.9;554.4;26;16;5850;72.646;45.189;160.526;8.46;9;9;9
[LOG 19:01:51.683] [PQSBench] BENCH;38;93.34;1.020;1.022;115;112.5;4999.9;554.4;8;8;1800;23.179;23.179;108.751;9.00;9;9;9
[LOG 19:01:51.683] [PQSBench] BENCH;39;94.36;1.020;1.015;108;106.4;4999.9;554.4;26;8;5850;70.506;22.025;155.467;8.15;9;9;9
[LOG 19:01:51.683] [PQSBench] BENCH;40;95.38;1.020;1.020;116;113.8;4999.9;554.4;10;8;2250;27.496;22.244;110.478;8.40;9;9;9
[LOG 19:01:51.683] [PQSBench] BENCH;41;96.40;1.020;1.019;107;105.0;4999.9;554.4;26;8;5850;71.827;22.698;154.449;7.85;9;9;9
[LOG 19:01:51.683] [PQSBench] BENCH;42;97.42;1.020;1.022;105;102.7;4999.9;554.4;32;8;7200;87.320;22.190;166.720;6.00;9;9;9
[LOG 19:01:51.683] [PQSBench] BENCH;43;98.44;1.020;1.023;106;103.6;4999.9;554.4;32;8;7200;87.164;22.296;169.417;8.00;9;9;9
[LOG 19:01:51.683] [PQSBench] BENCH;44;99.46;1.020;1.036;110;106.2;4999.8;554.4;26;8;5850;72.565;22.836;158.512;7.23;9;9;9
[LOG 19:01:51.683] [PQSBench] BENCH;45;100.48;1.020;1.023;104;101.7;4999.8;554.4;32;16;7200;88.677;45.421;176.379;7.75;9;9;9
[LOG 19:01:51.683] [PQSBench] BENCH;46;101.50;1.020;1.022;116;113.5;4999.8;554.4;10;8;2250;27.911;22.473;109.577;8.40;9;9;9
[LOG 19:01:51.683] [PQSBench] BENCH;47;102.52;1.020;1.039;97;93.3;4999.8;554.4;52;8;11700;142.765;22.171;226.898;6.62;9;8;9
[LOG 19:01:51.683] [PQSBench] BENCH;48;103.54;1.020;1.023;116;113.4;4999.8;554.4;8;8;1800;22.703;22.703;103.539;9.00;9;9;9
[LOG 19:01:51.683] [PQSBench] BENCH;49;104.56;1.020;1.017;106;104.2;4999.8;554.4;26;8;5850;70.396;22.256;155.328;7.85;9;9;9
[LOG 19:01:51.683] [PQSBench] BENCH;50;105.58;1.020;1.022;109;106.7;4999.8;554.4;24;8;5400;65.768;22.421;150.004;7.67;9;9;9
[LOG 19:01:51.683] [PQSBench] BENCH;51;106.60;1.020;1.017;109;107.1;4999.8;554.4;26;8;5850;70.687;22.127;154.981;7.85;9;9;9
[LOG 19:01:51.683] [PQSBench] BENCH;52;107.62;1.020;1.025;115;112.2;4999.8;554.4;16;8;3600;44.415;22.736;130.753;8.00;9;9;9
[LOG 19:01:51.683] [PQSBench] BENCH;53;108.64;1.020;1.019;113;110.9;4999.8;554.4;18;8;4050;49.842;22.687;135.000;8.22;9;9;9
[LOG 19:01:51.683] [PQSBench] BENCH;54;109.66;1.020;1.020;114;111.8;4999.8;554.4;18;8;4050;49.384;22.422;135.792;8.22;9;9;9
[LOG 19:01:51.683] [PQSBench] BENCH;55;110.68;1.020;1.018;113;111.0;4999.8;554.4;18;8;4050;49.669;22.345;135.912;8.22;9;9;9
[LOG 19:01:51.684] [PQSBench] BENCH;56;111.70;1.020;1.019;116;113.8;4999.8;554.4;24;8;5400;65.990;22.357;149.686;7.33;9;9;9
[LOG 19:01:51.684] [PQSBench] BENCH;57;112.72;1.020;1.023;117;114.3;4999.8;554.4;16;8;3600;43.732;22.308;128.956;8.00;9;9;9
[LOG 19:01:51.684] [PQSBench] BENCH;58;113.74;1.020;1.017;111;109.1;4999.8;554.4;26;16;5850;75.252;47.321;162.395;8.46;9;9;9
[LOG 19:01:51.684] [PQSBench] BENCH;59;114.76;1.020;1.019;117;114.8;4999.8;554.4;18;0;4050;48.824;0.000;132.040;6.00;8;9;9
[LOG 19:01:51.684] [PQSBench] BENCH;60;115.78;1.020;1.024;102;99.6;4999.8;554.4;42;16;9450;114.721;44.666;197.820;7.90;9;9;9
[LOG 19:01:51.684] [PQSBench] BENCH;61;116.80;1.020;1.022;120;117.5;4999.8;554.4;8;8;1800;23.018;23.018;109.769;9.00;9;9;9
[LOG 19:01:51.684] [PQSBench] BENCH;62;117.82;1.020;1.019;105;103.0;4999.8;554.4;34;8;7650;93.347;22.486;179.539;7.65;9;9;9
[LOG 19:01:51.684] [PQSBench] BENCH;63;118.84;1.020;1.017;124;121.9;4999.8;554.4;8;8;1800;22.043;22.043;107.076;9.00;9;9;9
[LOG 19:01:51.684] [PQSBench] BENCH;64;119.86;1.020;1.026;111;108.2;4999.8;554.4;28;8;6300;82.441;22.318;166.711;7.00;9;9;9
[LOG 19:01:51.684] [PQSBench] BENCH;65;120.88;1.020;1.022;114;111.5;4999.8;554.4;26;8;5850;72.542;22.725;159.564;7.23;9;9;9
[LOG 19:01:51.684] [PQSBench] BENCH;66;121.90;1.020;1.018;107;105.1;4999.8;554.4;34;8;7650;93.845;22.289;177.546;7.41;9;9;9
[LOG 19:01:51.684] [PQSBench] BENCH;67;122.92;1.020;1.023;118;115.4;4999.8;554.4;10;8;2250;27.998;22.357;110.038;8.40;9;9;9
[LOG 19:01:51.684] [PQSBench] BENCH;68;123.94;1.020;1.021;102;99.9;4999.8;554.4;44;8;9900;124.482;22.796;206.871;6.95;9;9;9
[LOG 19:01:51.684] [PQSBench] BENCH;69;124.96;1.020;1.025;115;112.2;4999.8;554.4;18;16;4050;50.458;45.038;139.038;8.67;9;9;9
[LOG 19:01:51.684] [PQSBench] BENCH;70;125.98;1.020;1.013;115;113.6;4999.8;554.4;18;0;4050;49.118;0.000;130.233;7.33;8;9;9
[LOG 19:01:51.684] [PQSBench] BENCH;71;127.00;1.020;1.020;113;110.8;4999.8;554.4;18;16;4050;51.198;45.190;134.497;8.67;9;9;9
[LOG 19:01:51.684] [PQSBench] BENCH;72;128.02;1.000;1.001;122;121.9;4999.8;554.4;8;0;1800;21.461;0.000;110.524;8.00;8;9;9
[LOG 19:01:51.684] [PQSBench] BENCH;73;129.02;1.000;1.000;118;118.0;4999.8;554.4;12;8;2700;33.126;22.161;118.952;8.00;9;9;9
[LOG 19:01:51.684] [PQSBench] BENCH;74;130.02;1.000;1.002;109;108.7;4999.8;554.4;24;8;5400;66.169;22.921;145.572;8.00;9;9;9
[LOG 19:01:51.684] [PQSBench] BENCH;75;131.02;1.000;0.999;111;111.1;4999.8;554.4;16;8;3600;44.074;22.227;127.384;8.50;9;9;9
[LOG 19:01:51.684] [PQSBench] BENCH;76;132.02;1.000;1.000;118;118.0;4999.8;554.4;8;8;1800;22.437;22.437;104.718;9.00;9;9;9
[LOG 19:01:51.684] [PQSBench] BENCH;77;133.02;1.000;0.996;109;109.4;4999.8;554.4;26;8;5850;70.894;22.248;150.338;7.85;9;9;9
[LOG 19:01:51.684] [PQSBench] BENCH;78;134.02;1.000;1.001;109;108.9;4999.8;554.4;24;8;5400;65.904;22.529;143.739;8.00;9;9;9
[LOG 19:01:51.684] [PQSBench] BENCH;79;135.02;1.000;1.002;110;109.8;4999.8;554.4;22;8;4950;60.422;22.312;145.087;7.55;9;9;9
[LOG 19:01:51.685] [PQSBench] BENCH;80;136.02;1.000;1.001;117;116.9;4999.8;554.4;8;8;1800;22.631;22.631;102.723;9.00;9;9;9
[LOG 19:01:51.685] [PQSBench] BENCH;81;137.02;1.000;1.002;111;110.8;4999.8;554.4;24;8;5400;65.824;22.464;148.174;7.67;9;9;9
[LOG 19:01:51.685] [PQSBench] BENCH;82;138.02;1.000;1.000;119;119.0;4999.8;554.4;8;8;1800;22.233;22.233;105.688;9.00;9;9;9
[LOG 19:01:51.685] [PQSBench] BENCH;83;139.02;1.000;0.998;100;100.2;4999.8;554.4;40;8;9000;110.000;22.466;187.355;7.20;9;9;9
[LOG 19:01:51.685] [PQSBench] BENCH;84;140.02;1.000;1.002;119;118.8;4999.8;554.4;10;8;2250;27.667;22.275;112.251;8.40;9;9;9
[LOG 19:01:51.685] [PQSBench] BENCH;85;141.02;1.000;0.995;105;105.5;4999.8;554.4;28;0;6300;76.626;0.000;152.037;6.21;8;9;9
[LOG 19:01:51.685] [PQSBench] BENCH;86;142.02;1.000;1.004;107;106.5;4999.8;554.4;24;16;5400;66.953;45.106;153.992;8.33;9;9;9
[LOG 19:01:51.685] [PQSBench] BENCH;87;143.02;1.000;0.998;115;115.2;4999.8;554.4;18;0;4050;49.268;0.000;125.585;7.22;8;9;9
[LOG 19:01:51.685] [PQSBench] BENCH;88;144.02;1.000;1.000;106;106.0;4999.8;554.4;32;16;7200;89.258;45.250;175.412;8.00;9;9;9
[LOG 19:01:51.685] [PQSBench] BENCH;89;145.02;1.000;0.997;111;111.3;4999.8;554.4;16;0;3600;43.662;0.000;121.543;6.50;8;9;9
[LOG 19:01:51.685] [PQSBench] BENCH;90;146.02;1.000;1.004;119;118.6;4999.8;554.4;8;8;1800;22.486;22.486;105.369;9.00;9;9;9
[LOG 19:01:51.685] [PQSBench] BENCH;91;147.02;1.000;1.002;113;112.8;4999.8;554.4;10;8;2250;27.051;21.717;107.353;8.40;9;9;9
[LOG 19:01:51.685] [PQSBench] BENCH;92;148.02;1.000;0.996;110;110.4;4999.8;554.4;16;8;3600;44.146;22.292;125.200;8.50;9;9;9
[LOG 19:01:51.685] [PQSBench] BENCH;93;149.02;1.000;0.999;107;107.2;4999.8;554.4;24;8;5400;66.506;22.476;142.787;8.00;9;9;9
[LOG 19:01:51.685] [PQSBench] BENCH;94;150.02;1.000;1.007;116;115.2;4999.8;554.4;16;8;3600;44.139;22.826;132.304;8.50;9;9;9
[LOG 19:01:51.685] [PQSBench] BENCH;95;151.02;1.000;0.998;121;121.2;4999.8;554.4;8;8;1800;22.503;22.503;105.634;9.00;9;9;9
[LOG 19:01:51.685] [PQSBench] BENCH;96;152.02;1.000;1.001;112;111.9;4999.8;554.4;24;0;5400;64.904;0.000;143.190;7.33;8;9;9
[LOG 19:01:51.685] [PQSBench] BENCH;97;153.02;1.000;0.994;110;110.6;4999.8;554.4;24;16;5400;66.256;44.587;149.305;8.67;9;9;9
[LOG 19:01:51.685] [PQSBench] BENCH;98;154.02;1.000;1.004;112;111.5;4999.8;554.4;18;8;4050;49.202;22.281;128.629;8.11;9;9;9
[LOG 19:01:51.685] [PQSBench] BENCH;99;155.02;1.000;0.998;120;120.3;4999.8;554.4;8;8;1800;22.356;22.356;104.874;9.00;9;9;9
[LOG 19:01:51.685] [PQSBench] BENCH;100;156.02;1.000;1.002;115;114.8;4999.8;554.4;16;0;3600;44.184;0.000;122.859;6.50;8;9;9
[LOG 19:01:51.686] [PQSBench] BENCH;101;157.02;1.000;0.997;121;121.4;4999.8;554.4;8;8;1800;22.171;22.171;105.801;9.00;9;9;9
[LOG 19:01:51.686] [PQSBench] BENCH;102;158.02;1.000;1.003;106;105.7;4999.8;554.4;34;8;7650;93.773;22.347;172.184;7.35;9;9;9
[LOG 19:01:51.686] [PQSBench] BENCH;103;159.02;1.000;0.999;115;115.1;4999.8;554.4;16;8;3600;44.266;22.322;125.557;8.50;9;9;9
[LOG 19:01:51.686] [PQSBench] BENCH;104;160.02;1.000;0.997;120;120.4;4999.8;554.4;10;8;2250;27.887;22.303;108.679;8.20;9;9;9
[LOG 19:01:51.686] [PQSBench] BENCH;105;161.02;1.000;1.002;109;108.8;4999.8;554.4;32;8;7200;88.250;22.666;168.204;7.75;9;9;9
[LOG 19:01:51.686] [PQSBench] BENCH;106;162.02;1.000;1.004;115;114.6;4999.8;554.4;24;8;5400;65.234;22.230;146.714;7.67;9;8;9
[LOG 19:01:51.686] [PQSBench] BENCH;107;163.02;1.000;1.000;114;114.1;4999.8;554.4;16;8;3600;43.656;22.131;121.708;8.50;9;9;9
[LOG 19:01:51.686] [PQSBench] BENCH;108;164.02;1.000;0.996;121;121.4;4999.8;554.4;8;8;1800;22.843;22.843;103.382;9.00;9;9;9
[LOG 19:01:51.686] [PQSBench] BENCH;109;165.02;1.000;1.001;112;111.9;4999.8;554.4;24;8;5400;66.131;22.302;150.602;7.67;9;9;9
[LOG 19:01:51.686] [PQSBench] BENCH;110;166.02;1.000;0.997;117;117.4;4999.8;554.4;16;8;3600;44.656;23.007;123.538;8.50;9;9;9
[LOG 19:01:51.686] [PQSBench] BENCH;111;167.02;1.000;1.000;119;119.0;4999.8;554.4;8;0;1800;21.551;0.000;99.635;7.00;7;9;9
[LOG 19:01:51.686] [PQSBench] BENCH;112;168.02;1.000;1.004;113;112.6;4999.8;554.4;16;8;3600;44.935;22.537;119.465;8.50;9;9;9
[LOG 19:01:51.686] [PQSBench] BENCH;113;169.02;1.000;0.997;118;118.4;4999.8;554.4;8;8;1800;22.494;22.494;103.156;9.00;9;9;9
[LOG 19:01:51.686] [PQSBench] BENCH;114;170.02;1.000;1.005;111;110.5;4999.8;554.4;26;8;5850;70.866;22.310;148.055;7.77;9;8;9
[LOG 19:01:51.686] [PQSBench] BENCH;115;171.02;1.000;1.000;110;110.0;4999.8;554.4;24;8;5400;65.724;22.155;141.831;8.00;9;9;9
[LOG 19:01:51.686] [PQSBench] BENCH;116;172.02;1.000;0.997;119;119.4;4999.8;554.4;8;8;1800;22.207;22.207;102.997;9.00;9;9;9
[LOG 19:01:51.686] [PQSBench] BENCH;117;173.02;1.000;0.998;116;116.2;4999.8;554.4;16;8;3600;43.841;22.340;119.344;8.50;9;9;9
[LOG 19:01:51.686] [PQSBench] BENCH;118;174.02;1.000;1.015;127;125.2;4999.8;554.4;10;8;2250;27.992;22.325;108.612;8.20;9;9;9
[LOG 19:01:51.686] [PQSBench] BENCH;119;175.02;1.000;0.989;107;108.2;4999.8;554.4;24;8;5400;65.834;22.343;141.617;8.33;9;9;9
[LOG 19:01:51.686] [PQSBench] BENCH;120;176.02;1.000;1.000;123;123.1;4999.8;554.4;2;0;450;5.391;0.000;81.995;5.00;5;9;9
[LOG 19:01:51.686] [PQSBench] BENCH;121;177.02;1.000;1.002;114;113.8;4999.8;554.4;24;8;5400;66.103;22.582;142.612;8.00;9;9;9
[LOG 19:01:51.686] [PQSBench] BENCH;122;178.02;1.000;0.995;116;116.6;4999.8;554.4;16;8;3600;44.601;22.971;122.902;7.50;9;9;9
[LOG 19:01:51.687] [PQSBench] BENCH;123;179.02;1.000;1.000;114;114.0;4999.8;554.4;20;8;4500;55.386;22.269;133.390;7.40;9;9;9
[LOG 19:01:51.687] [PQSBench] BENCH;124;180.02;1.000;1.023;115;112.5;4999.8;554.4;26;8;5850;70.672;22.391;150.617;7.77;9;9;9
[LOG 19:01:51.687] [PQSBench] BENCH;125;181.02;1.000;0.995;117;117.6;4999.8;554.4;16;8;3600;44.071;22.064;122.451;8.00;9;9;9
[LOG 19:01:51.687] [PQSBench] BENCH;126;182.02;1.000;1.002;115;114.8;4999.8;554.4;16;8;3600;44.124;22.434;117.907;8.50;9;9;9
[LOG 19:01:51.687] [PQSBench] BENCH;127;183.02;1.000;1.001;120;119.9;4999.8;554.4;8;0;1800;21.503;0.000;96.995;6.00;6;9;9
[LOG 19:01:51.687] [PQSBench] BENCH;128;184.02;1.000;1.003;115;114.7;4999.8;554.4;18;8;4050;50.147;22.888;126.600;7.89;9;9;9
[LOG 19:01:51.687] [PQSBench] BENCH;129;185.02;1.000;0.997;116;116.4;4999.8;554.4;16;8;3600;44.051;22.523;121.969;8.50;9;9;9
[LOG 19:01:51.687] [PQSBench] BENCH;130;186.02;1.000;1.003;115;114.7;4999.8;554.4;26;8;5850;71.185;22.296;147.032;6.54;9;9;9
[LOG 19:01:51.687] [PQSBench] BENCH;131;187.02;1.000;0.998;114;114.2;4999.8;554.4;24;8;5400;65.768;22.450;144.591;8.00;9;9;9
[LOG 19:01:51.687] [PQSBench] BENCH;132;188.02;1.000;1.004;123;122.5;4999.8;554.4;8;8;1800;22.388;22.388;100.712;9.00;9;9;9
[LOG 19:01:51.687] [PQSBench] BENCH;133;189.02;1.000;0.995;113;113.6;4999.8;554.4;18;0;4050;49.287;0.000;123.290;5.89;8;9;9
[LOG 19:01:51.687] [PQSBench] BENCH;134;190.02;1.000;1.004;116;115.6;4999.7;554.4;24;8;5400;66.011;22.749;143.760;8.00;9;9;9
[LOG 19:01:51.687] [PQSBench] BENCH;135;191.02;1.000;0.999;114;114.1;4999.7;554.4;18;8;4050;49.145;22.376;124.599;7.67;9;9;9
[LOG 19:01:51.687] [PQSBench] BENCH;136;192.02;1.000;1.001;112;111.9;4999.7;554.4;24;8;5400;66.602;23.046;143.716;7.33;9;9;9
[LOG 19:01:51.687] [PQSBench] BENCH;137;193.02;1.000;0.996;126;126.5;4999.8;554.4;0;0;0;0.000;0.000;75.720;0.00;0;-1;0
[LOG 19:01:51.687] [PQSBench] BENCH;138;194.02;1.000;1.001;124;123.8;4999.8;554.4;10;8;2250;27.505;22.139;110.240;8.20;9;9;9
[LOG 19:01:51.687] [PQSBench] BENCH;139;195.02;1.000;1.002;113;112.8;4999.7;554.4;26;8;5850;71.793;22.408;144.991;6.69;9;9;9
[LOG 19:01:51.687] [PQSBench] BENCH;140;196.02;1.000;0.996;115;115.5;4999.7;554.4;16;8;3600;44.801;23.148;121.450;8.50;9;9;9
[LOG 19:01:51.687] [PQSBench] BENCH;141;197.02;1.000;1.000;122;121.9;4999.7;554.4;24;8;5400;65.292;22.246;145.203;8.00;9;9;9
[LOG 19:01:51.687] [PQSBench] BENCH;142;198.02;1.000;1.000;123;123.0;4999.7;554.4;0;0;0;0.000;0.000;75.180;0.00;0;-1;0
[LOG 19:01:51.687] [PQSBench] BENCH;143;199.02;1.000;1.000;122;121.9;4999.7;554.4;10;8;2250;27.701;22.240;103.405;8.20;9;9;9
[LOG 19:01:51.687] [PQSBench] BENCH;144;200.02;1.000;0.999;112;112.1;4999.7;554.4;24;8;5400;65.856;22.434;142.234;7.67;9;9;9
[LOG 19:01:51.688] [PQSBench] BENCH;145;201.02;1.000;1.002;109;108.8;4999.7;554.4;32;8;7200;88.807;22.457;165.301;7.00;9;9;9
[LOG 19:01:51.688] [PQSBench] BENCH;146;202.02;1.000;1.004;112;111.6;4999.7;554.4;32;8;7200;88.965;22.471;167.119;7.25;9;9;9
[LOG 19:01:51.688] [PQSBench] BENCH;147;203.02;1.000;0.998;122;122.3;4999.7;554.4;10;8;2250;29.357;23.551;107.839;8.20;9;9;9
[LOG 19:01:51.688] [PQSBench] BENCH end
[LOG 19:01:53.427] Game Paused!
[LOG 19:01:53.428] [UIMasterController]: ShowUI
[LOG 19:01:54.318] Flight State Captured
[LOG 19:01:54.318] Saving Achievements Tree...
[LOG 19:01:54.318] Saving Achievements Tree...
[LOG 19:01:54.318] Saving Achievements Tree...
[LOG 19:01:54.319] [MessageSystem] Save Messages
[LOG 19:01:54.334] Game State Saved to saves/claude/persistent
[LOG 19:01:54.345] [UIMasterController]: HideUI
[LOG 19:01:54.355] [HighLogic]: =========================== Scene Change : From FLIGHT to MAINMENU =====================
[WRN 19:01:54.355] [PQSBench] Flight scene left, the run no longer follows the protocol: the sample it interrupted is dropped and nothing more is recorded. Dump what was (Alt+F8) and start again (Alt+F7)
[LOG 19:01:54.874] [UIApp] OnDestroy: AlarmClock
[LOG 19:01:54.875] KbApp.OnDestroy Vessel Info
[LOG 19:01:54.875] [UIApp] OnDestroy: ResourceDisplay
[LOG 19:01:54.876] [UIApp] OnDestroy: ManeuverTool
[LOG 19:01:54.878] [UIApp] OnDestroy: Cargo
[LOG 19:01:54.878] [UIApp] OnDestroy: Construction
[LOG 19:01:54.878] KbApp.OnDestroy NullName
[LOG 19:01:54.878] KbApp.OnDestroy Planet Info
[LOG 19:01:54.881] KbApp.OnDestroy Planet Resources
[LOG 19:01:54.881] [UIApp] OnDestroy: ActionGroupsApp
[LOG 19:01:54.882] [UIApp] OnDestroy: KSPedia
[LOG 19:01:54.882] [UIApp] OnDestroy: DeltaVApp
[LOG 19:01:54.885] KbApp.OnDestroy Planet Parameters
[LOG 19:01:54.885] KbApp.OnDestroy Unowned Info
[LOG 19:01:54.885] KbApp.OnDestroy Vessel Crew
[LOG 19:01:54.889] [KSPCF:MemoryLeaks] Removed a OnMapExited callback owned by a destroyed Assembly-CSharp:NavBallToggle instance
[LOG 19:01:54.889] [KSPCF:MemoryLeaks] Removed a OnGameSettingsApplied callback owned by a destroyed Assembly-CSharp:VesselAutopilotUI instance
[LOG 19:01:54.890] [KSPCF:MemoryLeaks] Removed a onPartActionUICreate callback owned by a destroyed Assembly-CSharp:ModuleInventoryPart instance
[LOG 19:01:54.890] [KSPCF:MemoryLeaks] Removed a onModuleInventoryChanged callback owned by a destroyed Assembly-CSharp:ModuleInventoryPart instance
[LOG 19:01:54.890] [KSPCF:MemoryLeaks] Removed a OnDestructibleLoaded callback owned by a destroyed Assembly-CSharp:RunwayCollisionHandler instance
[LOG 19:01:54.891] [KSPCF:MemoryLeaks] Removed a OnClick callback owned by a destroyed Assembly-CSharp:EVAConstructionModeEditor instance
[LOG 19:01:54.891] [KSPCF:MemoryLeaks] Removed a TimingManager.Instance.timing5.onLateUpdate callback owned by a destroyed Assembly-CSharp:MapView instance
[LOG 19:01:54.891] [KSPCF:MemoryLeaks] Leaving scene "Flight", cleaned 23 memory leaks in 0.003s. GameEvents callbacks : 805. Allocated memory : 684.914 MiB (managed heap), 2.165 GiB (unmanaged)
[LOG 19:01:55.030] [UIMasterController]: ShowUI
[LOG 19:01:55.371] [ScenarioTypes]: List Created 23 scenario types loaded from 8 loaded assemblies.
[WRN 19:01:55.376] File 'D:/KSP-Dev/KSP_x64_Data/../Missions/MissionScoreInfo.cfg' does not exist
[LOG 19:01:55.376] [ApplicationLauncher] OnSceneLoadedGUIReady: scene MAINMENU ShouldBeVisible() True ShouldBeOnTop() True iIsPositionedAtTop True
[LOG 19:01:55.376] [ApplicationLauncher] SetHidden: 
[LOG 19:01:55.381] [MessageSystem] Reposition 0.02 59704
[LOG 19:01:55.381] [GenericAppFrame] Reposition 0.02 59704
[LOG 19:01:55.382] [GenericAppFrame] Reposition 0.02 59704
