[LOG 18:45:09.976] ******* Log Initiated for Kerbal Space Program - 1.12.5.3190 (WindowsPlayer x64) fr-fr *******
Kerbal Space Program - 1.12.5.3190 (WindowsPlayer x64) fr-fr


OS: Windows 10  (10.0.0) 64bit
CPU: Intel(R) Core(TM) i7-4790K CPU @ 4.00GHz (8)
RAM: 32687
GPU: NVIDIA GeForce GTX 1060 6GB (6029MB)
SM: 50 (Direct3D 11.0 [level 11.1])
RT Formats: ARGB32, Depth, ARGBHalf, Shadowmap, RGB565, ARGB4444, ARGB1555, Default, ARGB2101010, DefaultHDR, ARGB64, ARGBFloat, RGFloat, RGHalf, RFloat, RHalf, R8, ARGBInt, RGInt, RInt, BGRA32, RGB111110Float, RG32, RGBAUShort, RG16, BGRA10101010_XR, BGR101010_XR, R16


Log started: Thu, Sep 17, 2026 18:45:09


[LOG 18:45:09.995] ActionCanvas MASK: 3458764513820540928
[LOG 18:45:09.996] AppCanvas MASK: 3458764513820540928
[LOG 18:45:09.998] MainCanvas MASK: 3458764513820540928
[LOG 18:45:11.175] Load(Assembly): /ModuleManager.4.2.3
[LOG 18:45:11.176] AssemblyLoader: Loading assembly at D:\KSP-Dev\GameData\ModuleManager.4.2.3.dll
[LOG 18:45:11.199] AssemblyLoader: KSPAssembly 'ModuleManager' V2.5.0
[LOG 18:45:11.199] Load(Assembly): 000_Harmony/0Harmony
[LOG 18:45:11.199] AssemblyLoader: Loading assembly at D:\KSP-Dev\GameData\000_Harmony\0Harmony.dll
[LOG 18:45:11.201] Load(Assembly): 000_Harmony/HarmonyInstallChecker
[LOG 18:45:11.201] AssemblyLoader: Loading assembly at D:\KSP-Dev\GameData\000_Harmony\HarmonyInstallChecker.dll
[LOG 18:45:11.202] AssemblyLoader: KSPAssembly 'HarmonyKSP' V1.0.0
[LOG 18:45:11.202] Load(Assembly): KSPCommunityFixes/Plugins/0_MultipleModuleInPartAPI
[LOG 18:45:11.202] AssemblyLoader: Loading assembly at D:\KSP-Dev\GameData\KSPCommunityFixes\Plugins\0_MultipleModuleInPartAPI.dll
[LOG 18:45:11.203] AssemblyLoader: KSPAssembly 'MultipleModulePartAPI' V1.0.0
[LOG 18:45:11.203] Load(Assembly): KSPCommunityFixes/Plugins/KSPCommunityFixes
[LOG 18:45:11.203] AssemblyLoader: Loading assembly at D:\KSP-Dev\GameData\KSPCommunityFixes\Plugins\KSPCommunityFixes.dll
[LOG 18:45:11.212] AssemblyLoader: KSPAssembly 'KSPCommunityFixes' V1.41.1
[LOG 18:45:11.213] AssemblyLoader: KSPAssemblyDependency 'HarmonyKSP' V1.0.0
[LOG 18:45:11.213] AssemblyLoader: KSPAssemblyDependency 'ModuleManager' V1.0.0
[LOG 18:45:11.213] AssemblyLoader: KSPAssemblyDependency 'MultipleModulePartAPI' V1.0.0
[LOG 18:45:11.213] Load(Assembly): PQSBenchMod/PQSBenchMod
[LOG 18:45:11.213] AssemblyLoader: Loading assembly at D:\KSP-Dev\GameData\PQSBenchMod\PQSBenchMod.dll
[LOG 18:45:11.214] Load(Assembly): RockPrecisionFixMod/RockPrecisionFixMod
[LOG 18:45:11.214] AssemblyLoader: Loading assembly at D:\KSP-Dev\GameData\RockPrecisionFixMod\RockPrecisionFixMod.dll
[LOG 18:45:11.215] Load(Assembly): TerrainPrecisionFixMod/TerrainPrecisionFixMod
[LOG 18:45:11.215] AssemblyLoader: Loading assembly at D:\KSP-Dev\GameData\TerrainPrecisionFixMod\TerrainPrecisionFixMod.dll
[LOG 18:45:11.217] AssemblyLoader: Loading assemblies
[LOG 18:45:11.309] VesselModules: Found VesselModule of type AxisGroupsModule with order 999
[LOG 18:45:11.353] VesselModules: Found VesselModule of type CometVessel with order 999
[LOG 18:45:11.355] VesselModules: Found VesselModule of type SuspensionLoadBalancer with order 999
[LOG 18:45:11.357] VesselModules: Found VesselModule of type FlightIntegrator with order 0
[LOG 18:45:11.360] VesselModules: Found VesselModule of type CommNetVessel with order 999
[LOG 18:45:11.365] VesselModules: Found 5 VesselModule types
[LOG 18:45:11.372] 
************************************************************************

Environment Info
Win32NT 7FFFFFFFFFFFFFFF  Args: KSP_x64.exe 

Mod DLLs found:
Stock assembly: Assembly-CSharp v0.0.0.0
ModuleManager v4.2.3.0
0Harmony v2.2.1.0
HarmonyInstallChecker v2.2.1.0
0_MultipleModuleInPartAPI v1.0.0.0 / v1.0.0+7969fdc50bf4e350193abe5ba2e89533b12ca02f
KSPCommunityFixes v1.41.0.0 / v1.41.1+7969fdc50bf4e350193abe5ba2e89533b12ca02f / v1.41.1.0
PQSBenchMod v0.1.0.0 / v0.1.0+fb458cb417ba9a2e238082f8cbf79416943fc462
RockPrecisionFixMod v0.1.0.0 / v0.1.0+d811c8701bbf8d2d3fd58bd80f2783f56cc0c5da
TerrainPrecisionFixMod v0.1.0.0 / v0.1.0+34aa73cc4ab2d0436abe4fa2b18c47112922467e

Folders and files in GameData:
000_Harmony
KSPCommunityFixes
PQSBenchMod
RockPrecisionFixMod
Stock folder: Squad

Stock folder: SquadExpansion

TerrainPrecisionFixMod
ModuleManager.4.2.3.dll
ModuleManager.ConfigCache
ModuleManager.ConfigSHA
ModuleManager.Physics
ModuleManager.TechTree

************************************************************************

[LOG 18:45:11.392] [AddonLoader]: Instantiating addon 'ModuleManager' from assembly 'ModuleManager'
[LOG 18:45:11.405] [ModuleManager] Adding post patch to the loading screen 4
[LOG 18:45:11.407] [ModuleManager] Patching started on a new thread, all output will be directed to D:\KSP-Dev\Logs\ModuleManager\ModuleManager.log
[LOG 18:45:11.411] [AddonLoader]: Instantiating addon 'HarmonyInstallChecker' from assembly 'HarmonyKSP'
[LOG 18:45:11.412] [AddonLoader]: Instantiating addon 'KSPCommunityFixes' from assembly 'KSPCommunityFixes'
[LOG 18:45:11.413] [AddonLoader]: Instantiating addon 'NoIVA' from assembly 'KSPCommunityFixes'
[LOG 18:45:11.414] [AddonLoader]: Instantiating addon 'ConfigNodePerf' from assembly 'KSPCommunityFixes'
[LOG 18:45:11.650] [AddonLoader]: Instantiating addon 'KSPCFFastLoader' from assembly 'KSPCommunityFixes'
[LOG 18:45:11.652] [KSPCF] Injecting FastLoader...
[LOG 18:45:11.676] [KSPCommunityFixes] Patch GameDatabasePerf applied.
[LOG 18:45:11.773] [AddonLoader]: Instantiating addon 'ReflectionTypeLoadExceptionHandler' from assembly 'KSPCommunityFixes'
[LOG 18:45:11.776] [AddonLoader]: Instantiating addon 'PQSBenchMod' from assembly 'PQSBenchMod'
[LOG 18:45:11.776] [AddonLoader]: Instantiating addon 'RockPrecisionFixMod' from assembly 'RockPrecisionFixMod'
[LOG 18:45:11.777] [AddonLoader]: Instantiating addon 'TerrainPrecisionFixMod' from assembly 'TerrainPrecisionFixMod'
[LOG 18:45:12.905] [KSPCF] Taking over stock loader. An exception will follow, this is intended.
[EXC 18:45:12.909] Exception: Terminating stock loader coroutine, this is intended and not an error
	KSPCommunityFixes.Performance.KSPCFFastLoader.GameDatabase_SetupMainLoaders_Prefix () (at <62bb7f5420994f409a34377c091e8538>:0)
	(wrapper dynamic-method) GameDatabase.GameDatabase.SetupMainLoaders_Patch1(GameDatabase)
	GameDatabase+<LoadObjects>d__90.MoveNext () (at <4b449f2841f84227adfaad3149c8fdba>:0)
	UnityEngine.SetupCoroutine.InvokeMoveNext (System.Collections.IEnumerator enumerator, System.IntPtr returnValueAddress) (at <12e76cd50cc64cf19e759e981cb725af>:0)
	UnityEngine.DebugLogHandler:LogException(Exception, Object)
	ModuleManager.UnityLogHandle.InterceptLogHandler:LogException(Exception, Object)
	UnityEngine.MonoBehaviour:StartCoroutine(IEnumerator)
	<CreateDatabase>d__71:MoveNext()
	UnityEngine.MonoBehaviour:StartCoroutine(IEnumerator)
	GameDatabase:StartLoad()
	<LoadSystems>d__11:MoveNext()
	UnityEngine.MonoBehaviour:StartCoroutine(IEnumerator)
	LoadingScreen:Start()
[LOG 18:45:12.986] [PQSBench] Measuring, benchMode Counters. Alt+F8 dumps what has been recorded, Alt+F7 throws it away.
[LOG 18:45:12.996] [RockPrecisionFix] Version 0.1.0.0 installed, log level Info
[LOG 18:45:13.036] [TerrainPrecisionFix] Version 0.1.0.0 installed, log level Info
[LOG 18:45:13.161] Preloading Asset Bundle Definitions
[LOG 18:45:13.547] Load Audio: Squad/Alarms/Sounds/Chirps
[LOG 18:45:13.568] Load Audio: Squad/Alarms/Sounds/Classic
[LOG 18:45:13.569] Load Audio: Squad/Alarms/Sounds/ClockTower
[LOG 18:45:13.569] Load Audio: Squad/Alarms/Sounds/ComputerGlass1
[LOG 18:45:13.569] Load Audio: Squad/Alarms/Sounds/ComputerGlass2
[LOG 18:45:13.569] Load Audio: Squad/Alarms/Sounds/ComputerShort
[LOG 18:45:13.569] Load Audio: Squad/Alarms/Sounds/ComputerTriad
[LOG 18:45:13.569] Load Audio: Squad/Alarms/Sounds/DoorBell
[LOG 18:45:13.569] Load Audio: Squad/Alarms/Sounds/Glass
[LOG 18:45:13.570] Load Audio: Squad/Alarms/Sounds/Klaxon
[LOG 18:45:13.570] Load Audio: Squad/Alarms/Sounds/Mobile
[LOG 18:45:13.570] Load Audio: Squad/Alarms/Sounds/Morning
[LOG 18:45:13.570] Load Audio: Squad/Alarms/Sounds/OldClock
[LOG 18:45:13.570] Load Audio: Squad/Alarms/Sounds/OldHorn
[LOG 18:45:13.570] Load Audio: Squad/Alarms/Sounds/Ripple
[LOG 18:45:13.570] Load Audio: Squad/Sounds/editorLoop01
[LOG 18:45:13.571] Load Audio: Squad/Sounds/elev_loop
[LOG 18:45:13.571] Load Audio: Squad/Sounds/elev_start
[LOG 18:45:13.571] Load Audio: Squad/Sounds/elev_stop
[LOG 18:45:13.571] Load Audio: Squad/Sounds/fireworks_explosion_2
[LOG 18:45:13.571] Load Audio: Squad/Sounds/fireworks_explosion_3
[LOG 18:45:13.571] Load Audio: Squad/Sounds/fireworks_explosion_4
[LOG 18:45:13.571] Load Audio: Squad/Sounds/fireworks_launch_boom
[LOG 18:45:13.571] Load Audio: Squad/Sounds/fireworks_only_crackle_crackle_1
[LOG 18:45:13.572] Load Audio: Squad/Sounds/fireworks_only_crackle_dragon_1
[LOG 18:45:13.916] Load Audio: Squad/Sounds/fireworks_only_crackle_palm_1
[LOG 18:45:13.916] Load Audio: Squad/Sounds/fireworks_whistle
[LOG 18:45:13.916] Load Audio: Squad/Sounds/ksp1_banana_V2_01
[LOG 18:45:13.916] Load Audio: Squad/Sounds/ksp1_banana_V2_04
[LOG 18:45:13.916] Load Audio: Squad/Sounds/ksp1_banana_V2_05
[LOG 18:45:13.916] Load Audio: Squad/Sounds/ksp1_golf_swing_normal
[LOG 18:45:13.917] Load Audio: Squad/Sounds/ksp1_ground_anchor_v2_1
[LOG 18:45:13.917] Load Audio: Squad/Sounds/ksp1_strunts_disconnect_v3_pitched2
[LOG 18:45:13.917] Load Audio: Squad/Sounds/repairKit_repair1
[LOG 18:45:13.917] Load Audio: Squad/Sounds/repairKit_repair2
[LOG 18:45:13.917] Load Audio: Squad/Sounds/sound_ambience_nature
[LOG 18:45:13.917] Load Audio: Squad/Sounds/sound_click_flick
[LOG 18:45:13.917] Load Audio: Squad/Sounds/sound_click_latch
[LOG 18:45:13.918] Load Audio: Squad/Sounds/sound_click_sharp
[LOG 18:45:13.918] Load Audio: Squad/Sounds/sound_click_tick
[LOG 18:45:14.084] Load Audio: Squad/Sounds/sound_click_tock
[LOG 18:45:14.084] Load Audio: Squad/Sounds/sound_decoupler_fire
[LOG 18:45:14.084] Load Audio: Squad/Sounds/sound_delete_bin
[LOG 18:45:14.084] Load Audio: Squad/Sounds/sound_explosion_debris1
[LOG 18:45:14.085] Load Audio: Squad/Sounds/sound_explosion_debris2
[LOG 18:45:14.085] Load Audio: Squad/Sounds/sound_explosion_large
[LOG 18:45:14.085] Load Audio: Squad/Sounds/sound_rocket_mini
[LOG 18:45:14.085] Load Audio: Squad/Sounds/sound_rocket_spurts
[LOG 18:45:14.085] Load Audio: Squad/Sounds/sound_servomotor
[LOG 18:45:14.085] Load Audio: Squad/Sounds/sound_tab_extend
[LOG 18:45:14.085] Load Audio: Squad/Sounds/sound_tab_retreat
[LOG 18:45:14.086] Load Audio: SquadExpansion/Serenity/Sounds/robo_arm_large_end
[LOG 18:45:14.086] Load Audio: SquadExpansion/Serenity/Sounds/robo_arm_large_motor_00
[LOG 18:45:14.086] Load Audio: SquadExpansion/Serenity/Sounds/robo_arm_large_scan
[LOG 18:45:14.086] Load Audio: SquadExpansion/Serenity/Sounds/robo_arm_large_start
[LOG 18:45:14.086] Load Audio: SquadExpansion/Serenity/Sounds/robo_arm_medium_end
[LOG 18:45:14.087] Load Audio: SquadExpansion/Serenity/Sounds/robo_arm_medium_motor_00
[LOG 18:45:14.087] Load Audio: SquadExpansion/Serenity/Sounds/robo_arm_medium_scan
[LOG 18:45:14.087] Load Audio: SquadExpansion/Serenity/Sounds/robo_arm_medium_start
[LOG 18:45:14.087] Load Audio: SquadExpansion/Serenity/Sounds/robo_arm_small_end
[LOG 18:45:14.087] Load Audio: SquadExpansion/Serenity/Sounds/robo_arm_small_motor_00
[LOG 18:45:14.087] Load Audio: SquadExpansion/Serenity/Sounds/robo_arm_small_scan
[LOG 18:45:14.088] Load Audio: SquadExpansion/Serenity/Sounds/robo_arm_small_start
[LOG 18:45:14.088] Load Audio: SquadExpansion/Serenity/Sounds/sfx_cryoVolcano_burst
[LOG 18:45:14.088] Load Audio: SquadExpansion/Serenity/Sounds/sfx_cryoVolcano_idle
[LOG 18:45:14.101] Load Audio: SquadExpansion/Serenity/Sounds/sfx_deployable_booster_antena_end
[LOG 18:45:14.101] Load Audio: SquadExpansion/Serenity/Sounds/sfx_deployable_booster_antena_start
[LOG 18:45:14.101] Load Audio: SquadExpansion/Serenity/Sounds/sfx_deployable_central_station_end
[LOG 18:45:14.101] Load Audio: SquadExpansion/Serenity/Sounds/sfx_deployable_central_station_loop
[LOG 18:45:14.102] Load Audio: SquadExpansion/Serenity/Sounds/sfx_deployable_central_station_start
[LOG 18:45:14.102] Load Audio: SquadExpansion/Serenity/Sounds/sfx_deployable_detector_end
[LOG 18:45:14.102] Load Audio: SquadExpansion/Serenity/Sounds/sfx_deployable_detector_start
[LOG 18:45:14.102] Load Audio: SquadExpansion/Serenity/Sounds/sfx_deployable_GoObEd_end
[LOG 18:45:14.102] Load Audio: SquadExpansion/Serenity/Sounds/sfx_deployable_GoObEd_loop
[LOG 18:45:14.103] Load Audio: SquadExpansion/Serenity/Sounds/sfx_deployable_GoObEd_start
[LOG 18:45:14.103] Load Audio: SquadExpansion/Serenity/Sounds/sfx_deployable_rtg_end
[LOG 18:45:14.103] Load Audio: SquadExpansion/Serenity/Sounds/sfx_deployable_rtg_start
[LOG 18:45:14.103] Load Audio: SquadExpansion/Serenity/Sounds/sfx_deployable_seismometer_end
[LOG 18:45:14.103] Load Audio: SquadExpansion/Serenity/Sounds/sfx_deployable_seismometer_start
[LOG 18:45:14.103] Load Audio: SquadExpansion/Serenity/Sounds/sfx_deployable_solar_panel_end
[LOG 18:45:14.103] Load Audio: SquadExpansion/Serenity/Sounds/sfx_deployable_solar_panel_start
[LOG 18:45:14.104] Load Audio: SquadExpansion/Serenity/Sounds/sfx_deployable_weather_station_end
[LOG 18:45:14.104] Load Audio: SquadExpansion/Serenity/Sounds/sfx_deployable_weather_station_loop
[LOG 18:45:14.104] Load Audio: SquadExpansion/Serenity/Sounds/sfx_deployable_weather_station_start
[LOG 18:45:14.104] Load Audio: SquadExpansion/Serenity/Sounds/sfx_geyser_burst
[LOG 18:45:14.104] Load Audio: SquadExpansion/Serenity/Sounds/sfx_geyser_idle
[LOG 18:45:14.136] Load DDS texture: KSPCommunityFixes/MMPatches/StockTweaks/Icons/Clamp-O-Tron
[LOG 18:45:14.140] Load TRUECOLOR texture: KSPCommunityFixes/MMPatches/StockTweaks/Icons/Clamp-O-Tron_scaled
[LOG 18:45:14.141] Load DDS texture: KSPCommunityFixes/MMPatches/StockTweaks/Icons/FreeFallParachutes
[LOG 18:45:14.141] Load TRUECOLOR texture: KSPCommunityFixes/MMPatches/StockTweaks/Icons/FreeFallParachutes_scaled
[LOG 18:45:14.142] Load DDS texture: KSPCommunityFixes/MMPatches/StockTweaks/Icons/LightYearTireCompany
[LOG 18:45:14.142] Load TRUECOLOR texture: KSPCommunityFixes/MMPatches/StockTweaks/Icons/LightYearTireCompany_scaled
[LOG 18:45:14.143] Load DDS texture: KSPCommunityFixes/MMPatches/StockTweaks/Icons/StratusCorporation
[LOG 18:45:14.143] Load TRUECOLOR texture: KSPCommunityFixes/MMPatches/StockTweaks/Icons/StratusCorporation_scaled
[LOG 18:45:14.144] Load DDS texture: Squad/Agencies/C7AerospaceDivision
[LOG 18:45:14.144] Load TRUECOLOR texture: Squad/Agencies/C7AerospaceDivision_scaled
[LOG 18:45:14.144] Load DDS texture: Squad/Agencies/DinkelsteinKermansConstructionEmporium
[LOG 18:45:14.145] Load TRUECOLOR texture: Squad/Agencies/DinkelsteinKermansConstructionEmporium_scaled
[LOG 18:45:14.145] Load DDS texture: Squad/Agencies/ExperimentalEngineering
[LOG 18:45:14.145] Load TRUECOLOR texture: Squad/Agencies/ExperimentalEngineering_scaled
[LOG 18:45:14.146] Load DDS texture: Squad/Agencies/FlooydResearchLab
[LOG 18:45:14.146] Load TRUECOLOR texture: Squad/Agencies/FlooydResearchLab_scaled
[LOG 18:45:14.146] Load DDS texture: Squad/Agencies/GoliathNationalProducts
[LOG 18:45:14.146] Load TRUECOLOR texture: Squad/Agencies/GoliathNationalProducts_scaled
[LOG 18:45:14.147] Load DDS texture: Squad/Agencies/IntegratedIntegrals
[LOG 18:45:14.147] Load TRUECOLOR texture: Squad/Agencies/IntegratedIntegrals_scaled
[LOG 18:45:14.147] Load DDS texture: Squad/Agencies/IonicSymphonicProtonicElectronics
[LOG 18:45:14.147] Load TRUECOLOR texture: Squad/Agencies/IonicSymphonicProtonicElectronics_scaled
[LOG 18:45:14.147] Load DDS texture: Squad/Agencies/JebsJunkyard
[LOG 18:45:14.148] Load TRUECOLOR texture: Squad/Agencies/JebsJunkyard_scaled
[LOG 18:45:14.148] Load DDS texture: Squad/Agencies/KerbalMotion
[LOG 18:45:14.148] Load TRUECOLOR texture: Squad/Agencies/KerbalMotion_scaled
[LOG 18:45:14.148] Load DDS texture: Squad/Agencies/KerbinWorldFirstRecordKeepingSociety
[LOG 18:45:14.149] Load TRUECOLOR texture: Squad/Agencies/KerbinWorldFirstRecordKeepingSociety_scaled
[LOG 18:45:14.149] Load DDS texture: Squad/Agencies/Kerbodyne
[LOG 18:45:14.149] Load TRUECOLOR texture: Squad/Agencies/Kerbodyne_scaled
[LOG 18:45:14.149] Load DDS texture: Squad/Agencies/Kerlington
[LOG 18:45:14.149] Load TRUECOLOR texture: Squad/Agencies/Kerlington_scaled
[LOG 18:45:14.149] Load DDS texture: Squad/Agencies/MaxoConstructionToys
[LOG 18:45:14.150] Load TRUECOLOR texture: Squad/Agencies/MaxoConstructionToys_scaled
[LOG 18:45:14.150] Load DDS texture: Squad/Agencies/MovingPartsExpertsGroup
[LOG 18:45:14.150] Load TRUECOLOR texture: Squad/Agencies/MovingPartsExpertsGroup_scaled
[LOG 18:45:14.150] Load DDS texture: Squad/Agencies/OMBDemolition
[LOG 18:45:14.150] Load TRUECOLOR texture: Squad/Agencies/OMBDemolition_scaled
[LOG 18:45:14.151] Load DDS texture: Squad/Agencies/PeriapsisCo
[LOG 18:45:14.151] Load TRUECOLOR texture: Squad/Agencies/PeriapsisCo_scaled
[LOG 18:45:14.151] Load DDS texture: Squad/Agencies/Probodobodyne
[LOG 18:45:14.151] Load TRUECOLOR texture: Squad/Agencies/Probodobodyne_scaled
[LOG 18:45:14.152] Load DDS texture: Squad/Agencies/R&D
[LOG 18:45:14.152] Load TRUECOLOR texture: Squad/Agencies/R&D_scaled
[LOG 18:45:14.152] Load DDS texture: Squad/Agencies/ReactionSystemsLtd
[LOG 18:45:14.152] Load TRUECOLOR texture: Squad/Agencies/ReactionSystemsLtd_scaled
[LOG 18:45:14.152] Load DDS texture: Squad/Agencies/Rockomax
[LOG 18:45:14.152] Load TRUECOLOR texture: Squad/Agencies/Rockomax_scaled
[LOG 18:45:14.153] Load DDS texture: Squad/Agencies/Rokea
[LOG 18:45:14.153] Load TRUECOLOR texture: Squad/Agencies/Rokea_scaled
[LOG 18:45:14.153] Load DDS texture: Squad/Agencies/SeansCannery
[LOG 18:45:14.153] Load TRUECOLOR texture: Squad/Agencies/SeansCannery_scaled
[LOG 18:45:14.154] Load DDS texture: Squad/Agencies/SteadlerEngineeringCorps
[LOG 18:45:14.154] Load TRUECOLOR texture: Squad/Agencies/SteadlerEngineeringCorps_scaled
[LOG 18:45:14.154] Load DDS texture: Squad/Agencies/StrutCo
[LOG 18:45:14.154] Load TRUECOLOR texture: Squad/Agencies/StrutCo_scaled
[LOG 18:45:14.155] Load DDS texture: Squad/Agencies/Vac-Co
[LOG 18:45:14.155] Load TRUECOLOR texture: Squad/Agencies/Vac-Co_scaled
[LOG 18:45:14.155] Load DDS texture: Squad/Agencies/WinterOwl
[LOG 18:45:14.155] Load TRUECOLOR texture: Squad/Agencies/WinterOwl_scaled
[LOG 18:45:14.156] Load DDS texture: Squad/Agencies/ZaltonicElectronics
[LOG 18:45:14.156] Load TRUECOLOR texture: Squad/Agencies/ZaltonicElectronics_scaled
[LOG 18:45:14.156] Load Cached PNG Texture: Squad/Alarms/Icons/ap
[LOG 18:45:14.157] Load Cached PNG Texture: Squad/Alarms/Icons/default
[LOG 18:45:14.157] Load Cached PNG Texture: Squad/Alarms/Icons/maneuver
[LOG 18:45:14.157] Load Cached PNG Texture: Squad/Alarms/Icons/pe
[LOG 18:45:14.158] Load Cached PNG Texture: Squad/Alarms/Icons/raw
[LOG 18:45:14.158] Load Cached PNG Texture: Squad/Alarms/Icons/soi
[LOG 18:45:14.158] Load Cached PNG Texture: Squad/Alarms/Icons/xfer
[LOG 18:45:14.158] Load DDS texture: Squad/Contracts/Icons/balloon
[LOG 18:45:14.158] Load DDS texture: Squad/Contracts/Icons/custom
[LOG 18:45:14.158] Load DDS texture: Squad/Contracts/Icons/default
[LOG 18:45:14.158] Load DDS texture: Squad/Contracts/Icons/dish
[LOG 18:45:14.158] Load DDS texture: Squad/Contracts/Icons/eva
[LOG 18:45:14.158] Load DDS texture: Squad/Contracts/Icons/gravity
[LOG 18:45:14.159] Load Cached PNG Texture: Squad/Contracts/Icons/ksc
[LOG 18:45:14.159] Load DDS texture: Squad/Contracts/Icons/launchsite
[LOG 18:45:14.159] Load DDS texture: Squad/Contracts/Icons/marker
[LOG 18:45:14.159] Load DDS texture: Squad/Contracts/Icons/pressure
[LOG 18:45:14.159] Load DDS texture: Squad/Contracts/Icons/report
[LOG 18:45:14.159] Load DDS texture: Squad/Contracts/Icons/runway
[LOG 18:45:14.159] Load DDS texture: Squad/Contracts/Icons/sample
[LOG 18:45:14.159] Load DDS texture: Squad/Contracts/Icons/seismic
[LOG 18:45:14.159] Load DDS texture: Squad/Contracts/Icons/thermometer
[LOG 18:45:14.159] Load DDS texture: Squad/Contracts/Icons/vessel
[LOG 18:45:14.159] Load Cached PNG Texture: Squad/Flags/09
[LOG 18:45:14.160] Load Cached PNG Texture: Squad/Flags/blorbs
[LOG 18:45:14.160] Load Cached PNG Texture: Squad/Flags/bullseye
[LOG 18:45:14.160] Load Cached PNG Texture: Squad/Flags/capsule
[LOG 18:45:14.160] Load Cached PNG Texture: Squad/Flags/circles
[LOG 18:45:14.160] Load Cached PNG Texture: Squad/Flags/default
[LOG 18:45:14.160] Load Cached PNG Texture: Squad/Flags/hexagon
[LOG 18:45:14.160] Load Cached PNG Texture: Squad/Flags/hexagonCircles
[LOG 18:45:14.161] Load Cached PNG Texture: Squad/Flags/kerbal1
[LOG 18:45:14.161] Load Cached PNG Texture: Squad/Flags/kerbal2
[LOG 18:45:14.161] Load Cached PNG Texture: Squad/Flags/kerbin
[LOG 18:45:14.161] Load Cached PNG Texture: Squad/Flags/kerbinmunflag
[LOG 18:45:14.161] Load Cached PNG Texture: Squad/Flags/line
[LOG 18:45:14.162] Load Cached PNG Texture: Squad/Flags/minimalistic
[LOG 18:45:14.164] Load Cached PNG Texture: Squad/Flags/orbit
[LOG 18:45:14.164] Load Cached PNG Texture: Squad/Flags/orbs
[LOG 18:45:14.164] Load Cached PNG Texture: Squad/Flags/retro
[LOG 18:45:14.164] Load Cached PNG Texture: Squad/Flags/rings
[LOG 18:45:14.164] Load Cached PNG Texture: Squad/Flags/rocketScience
[LOG 18:45:14.165] Load Cached PNG Texture: Squad/Flags/satellite
[LOG 18:45:14.165] Load Cached PNG Texture: Squad/Flags/Sentinel_Flag
[LOG 18:45:14.165] Load Cached PNG Texture: Squad/Flags/spheres
[LOG 18:45:14.165] Load Cached PNG Texture: Squad/Flags/squadLogo
[LOG 18:45:14.166] Load Cached PNG Texture: Squad/Flags/squadLogo2
[LOG 18:45:14.166] Load Cached PNG Texture: Squad/Flags/stripes
[LOG 18:45:14.166] Load Cached PNG Texture: Squad/Flags/trees
[LOG 18:45:14.166] Load Cached PNG Texture: Squad/Flags/trippy
[LOG 18:45:14.167] Load Cached PNG Texture: Squad/FlagsAgency/esa_dark_blue
[LOG 18:45:14.170] Load Cached PNG Texture: Squad/FlagsAgency/NASA
[LOG 18:45:14.170] Load Cached PNG Texture: Squad/FlagsAgency/uk_space_agency
[LOG 18:45:14.174] Load Cached PNG Texture: Squad/FlagsOrganization/B612_Foundation_flag
[LOG 18:45:14.174] Load Cached PNG Texture: Squad/FlagsOrganization/electron
[LOG 18:45:14.174] Load Cached PNG Texture: Squad/FlagsOrganization/ESA_Arianespace
[LOG 18:45:14.174] Load Cached PNG Texture: Squad/FlagsOrganization/rocketlab
[LOG 18:45:14.174] Load DDS texture: Squad/FX/DiamondBlue
[LOG 18:45:14.174] Load DDS texture: Squad/FX/FlameBlueOrange
[LOG 18:45:14.174] Load DDS texture: Squad/FX/FlamePurple
[LOG 18:45:14.174] Load DDS texture: Squad/FX/FlameRed
[LOG 18:45:14.174] Load DDS texture: Squad/FX/FlameRedOrange
[LOG 18:45:14.174] Load DDS texture: Squad/FX/Monoprop
[LOG 18:45:14.174] Load DDS texture: Squad/FX/plasma2
[LOG 18:45:14.174] Load DDS texture: Squad/FX/rocketplume2
[LOG 18:45:14.175] Load DDS texture: Squad/FX/shockDiamond2
[LOG 18:45:14.175] Load DDS texture: Squad/FX/smokepuff1
[LOG 18:45:14.175] Load DDS texture: Squad/Interiors/Administration/AdminBuilding_Lvl1
[LOG 18:45:14.180] Load DDS texture: Squad/Interiors/Administration/AdminBuilding_Lvl2
[LOG 18:45:14.188] Load DDS texture: Squad/Interiors/Administration/AdminBuilding_Lvl3
[LOG 18:45:14.195] Load DDS texture: Squad/MenuProps/MunOrBust
[LOG 18:45:14.199] Load Cached PNG Texture: Squad/Missions/Banners/Fail/default
[LOG 18:45:14.200] Load PNG texture: Squad/Missions/Banners/Menu/default
[WRN 18:45:14.205] Texture isn't eligible for DXT compression, width and height must be multiples of 4
[LOG 18:45:14.205] Load Cached PNG Texture: Squad/Missions/Banners/Success/default
[LOG 18:45:14.205] Load PNG texture: Squad/Missions/ESA-BepiColombo/Banners/Fail/ESA_MB_Fail_01
[WRN 18:45:14.211] Texture isn't eligible for DXT compression, width and height must be multiples of 4
[LOG 18:45:14.211] Load PNG texture: Squad/Missions/ESA-BepiColombo/Banners/Menu/ESA_MB_Select_01
[WRN 18:45:14.215] Texture isn't eligible for DXT compression, width and height must be multiples of 4
[LOG 18:45:14.215] Load PNG texture: Squad/Missions/ESA-BepiColombo/Banners/Success/ESA_MB_Success_01
[WRN 18:45:14.220] Texture isn't eligible for DXT compression, width and height must be multiples of 4
[LOG 18:45:14.220] Load PNG texture: Squad/Missions/ESA-BepiColombo-Short/Banners/Fail/ESA_MB_Fail_01
[WRN 18:45:14.224] Texture isn't eligible for DXT compression, width and height must be multiples of 4
[LOG 18:45:14.225] Load PNG texture: Squad/Missions/ESA-BepiColombo-Short/Banners/Menu/ESA_MB_Select_01
[WRN 18:45:14.229] Texture isn't eligible for DXT compression, width and height must be multiples of 4
[LOG 18:45:14.229] Load PNG texture: Squad/Missions/ESA-BepiColombo-Short/Banners/Success/ESA_MB_Success_01
[WRN 18:45:14.234] Texture isn't eligible for DXT compression, width and height must be multiples of 4
[LOG 18:45:14.239] Load PNG texture: Squad/Missions/ESA-Rosetta/Banners/Fail/ESA_MB_Fail_02
[WRN 18:45:14.247] Texture isn't eligible for DXT compression, width and height must be multiples of 4
[LOG 18:45:14.247] Load PNG texture: Squad/Missions/ESA-Rosetta/Banners/Menu/ESA_MB_Select_02
[WRN 18:45:14.251] Texture isn't eligible for DXT compression, width and height must be multiples of 4
[LOG 18:45:14.251] Load PNG texture: Squad/Missions/ESA-Rosetta/Banners/Success/ESA_MB_Success_02
[WRN 18:45:14.258] Texture isn't eligible for DXT compression, width and height must be multiples of 4
[LOG 18:45:14.258] Load Cached PNG Texture: Squad/PartList/SimpleIcons/ablator
[LOG 18:45:14.258] Load Cached PNG Texture: Squad/PartList/SimpleIcons/active_radiator
[LOG 18:45:14.258] Load Cached PNG Texture: Squad/PartList/SimpleIcons/asteroid_drill
[LOG 18:45:14.258] Load Cached PNG Texture: Squad/PartList/SimpleIcons/cargo_part
[LOG 18:45:14.258] Load Cached PNG Texture: Squad/PartList/SimpleIcons/comet_drill
[LOG 18:45:14.258] Load Cached PNG Texture: Squad/PartList/SimpleIcons/core_heat
[LOG 18:45:14.258] Load Cached PNG Texture: Squad/PartList/SimpleIcons/cs_main
[LOG 18:45:14.258] Load Cached PNG Texture: Squad/PartList/SimpleIcons/cs_mk2
[LOG 18:45:14.258] Load Cached PNG Texture: Squad/PartList/SimpleIcons/cs_mk3
[LOG 18:45:14.258] Load Cached PNG Texture: Squad/PartList/SimpleIcons/cs_size0
[LOG 18:45:14.258] Load Cached PNG Texture: Squad/PartList/SimpleIcons/cs_size1
[LOG 18:45:14.258] Load Cached PNG Texture: Squad/PartList/SimpleIcons/cs_size1p5
[LOG 18:45:14.258] Load Cached PNG Texture: Squad/PartList/SimpleIcons/cs_size2
[LOG 18:45:14.259] Load Cached PNG Texture: Squad/PartList/SimpleIcons/cs_size3
[LOG 18:45:14.259] Load Cached PNG Texture: Squad/PartList/SimpleIcons/cs_size4
[LOG 18:45:14.259] Load Cached PNG Texture: Squad/PartList/SimpleIcons/cs_surface
[LOG 18:45:14.259] Load Cached PNG Texture: Squad/PartList/SimpleIcons/custom_built_fairing
[LOG 18:45:14.259] Load Cached PNG Texture: Squad/PartList/SimpleIcons/deployable_antenna
[LOG 18:45:14.259] Load Cached PNG Texture: Squad/PartList/SimpleIcons/deployable_comms_part
[LOG 18:45:14.259] Load Cached PNG Texture: Squad/PartList/SimpleIcons/deployable_ground_part
[LOG 18:45:14.259] Load Cached PNG Texture: Squad/PartList/SimpleIcons/deployable_part
[LOG 18:45:14.259] Load Cached PNG Texture: Squad/PartList/SimpleIcons/deployable_radiator
[LOG 18:45:14.259] Load Cached PNG Texture: Squad/PartList/SimpleIcons/deployed_science_control_unit
[LOG 18:45:14.259] Load Cached PNG Texture: Squad/PartList/SimpleIcons/deployed_science_experiment
[LOG 18:45:14.259] Load Cached PNG Texture: Squad/PartList/SimpleIcons/deployed_science_part
[LOG 18:45:14.260] Load Cached PNG Texture: Squad/PartList/SimpleIcons/enviro_sensor
[LOG 18:45:14.260] Load Cached PNG Texture: Squad/PartList/SimpleIcons/experience_management
[LOG 18:45:14.260] Load Cached PNG Texture: Squad/PartList/SimpleIcons/fuels_monopropellant
[LOG 18:45:14.260] Load Cached PNG Texture: Squad/PartList/SimpleIcons/fuels_ore
[LOG 18:45:14.260] Load Cached PNG Texture: Squad/PartList/SimpleIcons/fuels_oxidizer
[LOG 18:45:14.260] Load Cached PNG Texture: Squad/PartList/SimpleIcons/fuels_solidfuel
[LOG 18:45:14.260] Load Cached PNG Texture: Squad/PartList/SimpleIcons/fuels_xenongas
[LOG 18:45:14.260] Load Cached PNG Texture: Squad/PartList/SimpleIcons/inventory_part
[LOG 18:45:14.260] Load Cached PNG Texture: Squad/PartList/SimpleIcons/kerbnet_access
[LOG 18:45:14.260] Load Cached PNG Texture: Squad/PartList/SimpleIcons/number1
[LOG 18:45:14.260] Load Cached PNG Texture: Squad/PartList/SimpleIcons/number2
[LOG 18:45:14.260] Load Cached PNG Texture: Squad/PartList/SimpleIcons/number3
[LOG 18:45:14.260] Load Cached PNG Texture: Squad/PartList/SimpleIcons/number4
[LOG 18:45:14.261] Load Cached PNG Texture: Squad/PartList/SimpleIcons/number5
[LOG 18:45:14.261] Load Cached PNG Texture: Squad/PartList/SimpleIcons/number6
[LOG 18:45:14.261] Load Cached PNG Texture: Squad/PartList/SimpleIcons/number7
[LOG 18:45:14.261] Load Cached PNG Texture: Squad/PartList/SimpleIcons/number8
[LOG 18:45:14.261] Load Cached PNG Texture: Squad/PartList/SimpleIcons/number9
[LOG 18:45:14.261] Load Cached PNG Texture: Squad/PartList/SimpleIcons/probe_control_unit
[LOG 18:45:14.261] Load Cached PNG Texture: Squad/PartList/SimpleIcons/R&D_node_icon_advaerodynamics
[LOG 18:45:14.261] Load Cached PNG Texture: Squad/PartList/SimpleIcons/R&D_node_icon_advancedmotors
[LOG 18:45:14.261] Load Cached PNG Texture: Squad/PartList/SimpleIcons/R&D_node_icon_advconstruction
[LOG 18:45:14.261] Load Cached PNG Texture: Squad/PartList/SimpleIcons/R&D_node_icon_advelectrics
[LOG 18:45:14.261] Load Cached PNG Texture: Squad/PartList/SimpleIcons/R&D_node_icon_advexploration
[LOG 18:45:14.261] Load Cached PNG Texture: Squad/PartList/SimpleIcons/R&D_node_icon_advflightcontrol
[LOG 18:45:14.261] Load Cached PNG Texture: Squad/PartList/SimpleIcons/R&D_node_icon_advlanding
[LOG 18:45:14.262] Load Cached PNG Texture: Squad/PartList/SimpleIcons/R&D_node_icon_advmetalworks
[LOG 18:45:14.262] Load Cached PNG Texture: Squad/PartList/SimpleIcons/R&D_node_icon_advrocketry
[LOG 18:45:14.262] Load Cached PNG Texture: Squad/PartList/SimpleIcons/R&D_node_icon_advsciencetech
[LOG 18:45:14.262] Load Cached PNG Texture: Squad/PartList/SimpleIcons/R&D_node_icon_advunmanned
[LOG 18:45:14.262] Load Cached PNG Texture: Squad/PartList/SimpleIcons/R&D_node_icon_aerodynamicsystems
[LOG 18:45:14.262] Load Cached PNG Texture: Squad/PartList/SimpleIcons/R&D_node_icon_aerospacetech
[LOG 18:45:14.262] Load Cached PNG Texture: Squad/PartList/SimpleIcons/R&D_node_icon_automation
[LOG 18:45:14.262] Load Cached PNG Texture: Squad/PartList/SimpleIcons/R&D_node_icon_basicprobes
[LOG 18:45:14.262] Load Cached PNG Texture: Squad/PartList/SimpleIcons/R&D_node_icon_basicrocketry
[LOG 18:45:14.262] Load Cached PNG Texture: Squad/PartList/SimpleIcons/R&D_node_icon_composites
[LOG 18:45:14.262] Load Cached PNG Texture: Squad/PartList/SimpleIcons/R&D_node_icon_electrics
[LOG 18:45:14.262] Load Cached PNG Texture: Squad/PartList/SimpleIcons/R&D_node_icon_electronics
[LOG 18:45:14.262] Load Cached PNG Texture: Squad/PartList/SimpleIcons/R&D_node_icon_evatech
[LOG 18:45:14.263] Load Cached PNG Texture: Squad/PartList/SimpleIcons/R&D_node_icon_experimentalaerodynamics
[LOG 18:45:14.263] Load Cached PNG Texture: Squad/PartList/SimpleIcons/R&D_node_icon_experimentalelectrics
[LOG 18:45:14.263] Load Cached PNG Texture: Squad/PartList/SimpleIcons/R&D_node_icon_experimentalmotors
[LOG 18:45:14.263] Load Cached PNG Texture: Squad/PartList/SimpleIcons/R&D_node_icon_experimentalrocketry
[LOG 18:45:14.263] Load Cached PNG Texture: Squad/PartList/SimpleIcons/R&D_node_icon_experimentalscience
[LOG 18:45:14.263] Load Cached PNG Texture: Squad/PartList/SimpleIcons/R&D_node_icon_fieldscience
[LOG 18:45:14.263] Load Cached PNG Texture: Squad/PartList/SimpleIcons/R&D_node_icon_flightcontrol
[LOG 18:45:14.263] Load Cached PNG Texture: Squad/PartList/SimpleIcons/R&D_node_icon_fuelsystems
[LOG 18:45:14.263] Load Cached PNG Texture: Squad/PartList/SimpleIcons/R&D_node_icon_generalconstruction
[LOG 18:45:14.263] Load Cached PNG Texture: Squad/PartList/SimpleIcons/R&D_node_icon_generalrocketry
[LOG 18:45:14.263] Load Cached PNG Texture: Squad/PartList/SimpleIcons/R&D_node_icon_generic
[LOG 18:45:14.263] Load Cached PNG Texture: Squad/PartList/SimpleIcons/R&D_node_icon_heavierrocketry
[LOG 18:45:14.264] Load Cached PNG Texture: Squad/PartList/SimpleIcons/R&D_node_icon_heavyaerodynamics
[LOG 18:45:14.264] Load Cached PNG Texture: Squad/PartList/SimpleIcons/R&D_node_icon_heavyrocketry
[LOG 18:45:14.264] Load Cached PNG Texture: Squad/PartList/SimpleIcons/R&D_node_icon_highaltitudeflight
[LOG 18:45:14.264] Load Cached PNG Texture: Squad/PartList/SimpleIcons/R&D_node_icon_highaltitudepropulsion
[LOG 18:45:14.264] Load Cached PNG Texture: Squad/PartList/SimpleIcons/R&D_node_icon_hypersonicflight
[LOG 18:45:14.264] Load Cached PNG Texture: Squad/PartList/SimpleIcons/R&D_node_icon_ionpropulsion
[LOG 18:45:14.264] Load Cached PNG Texture: Squad/PartList/SimpleIcons/R&D_node_icon_landing
[LOG 18:45:14.264] Load Cached PNG Texture: Squad/PartList/SimpleIcons/R&D_node_icon_largecontrol
[LOG 18:45:14.264] Load Cached PNG Texture: Squad/PartList/SimpleIcons/R&D_node_icon_largeelectrics
[LOG 18:45:14.264] Load Cached PNG Texture: Squad/PartList/SimpleIcons/R&D_node_icon_largeprobes
[LOG 18:45:14.264] Load Cached PNG Texture: Squad/PartList/SimpleIcons/R&D_node_icon_metamaterials
[LOG 18:45:14.264] Load Cached PNG Texture: Squad/PartList/SimpleIcons/R&D_node_icon_nanolathing
[LOG 18:45:14.264] Load Cached PNG Texture: Squad/PartList/SimpleIcons/R&D_node_icon_nuclearpropulsion
[LOG 18:45:14.264] Load Cached PNG Texture: Squad/PartList/SimpleIcons/R&D_node_icon_precisionengineering
[LOG 18:45:14.265] Load Cached PNG Texture: Squad/PartList/SimpleIcons/R&D_node_icon_robotics
[LOG 18:45:14.265] Load Cached PNG Texture: Squad/PartList/SimpleIcons/R&D_node_icon_sciencetech
[LOG 18:45:14.265] Load Cached PNG Texture: Squad/PartList/SimpleIcons/R&D_node_icon_specializedconstruction
[LOG 18:45:14.265] Load Cached PNG Texture: Squad/PartList/SimpleIcons/R&D_node_icon_specializedcontrol
[LOG 18:45:14.265] Load Cached PNG Texture: Squad/PartList/SimpleIcons/R&D_node_icon_specializedelectrics
[LOG 18:45:14.265] Load Cached PNG Texture: Squad/PartList/SimpleIcons/R&D_node_icon_stability
[LOG 18:45:14.265] Load Cached PNG Texture: Squad/PartList/SimpleIcons/R&D_node_icon_start
[LOG 18:45:14.265] Load Cached PNG Texture: Squad/PartList/SimpleIcons/R&D_node_icon_supersonicflight
[LOG 18:45:14.265] Load Cached PNG Texture: Squad/PartList/SimpleIcons/R&D_node_icon_survivability
[LOG 18:45:14.265] Load Cached PNG Texture: Squad/PartList/SimpleIcons/R&D_node_icon_unmannedtech
[LOG 18:45:14.265] Load Cached PNG Texture: Squad/PartList/SimpleIcons/R&D_node_icon_veryheavyrocketry
[LOG 18:45:14.265] Load Cached PNG Texture: Squad/PartList/SimpleIcons/rcsfx
[LOG 18:45:14.265] Load Cached PNG Texture: Squad/PartList/SimpleIcons/RDicon_aerospaceTech2
[LOG 18:45:14.266] Load Cached PNG Texture: Squad/PartList/SimpleIcons/RDicon_commandmodules
[LOG 18:45:14.266] Load Cached PNG Texture: Squad/PartList/SimpleIcons/RDicon_fuelSystems-advanced
[LOG 18:45:14.266] Load Cached PNG Texture: Squad/PartList/SimpleIcons/RDicon_fuelSystems-highPerformance
[LOG 18:45:14.266] Load Cached PNG Texture: Squad/PartList/SimpleIcons/RDicon_largeVolumeContainment
[LOG 18:45:14.266] Load Cached PNG Texture: Squad/PartList/SimpleIcons/RDicon_miniaturization
[LOG 18:45:14.266] Load Cached PNG Texture: Squad/PartList/SimpleIcons/RDicon_propulsion-precision
[LOG 18:45:14.266] Load Cached PNG Texture: Squad/PartList/SimpleIcons/RDicon_propulsionSystems
[LOG 18:45:14.266] Load Cached PNG Texture: Squad/PartList/SimpleIcons/RDicon_telescope
[LOG 18:45:14.266] Load Cached PNG Texture: Squad/PartList/SimpleIcons/robotic_controller
[LOG 18:45:14.266] Load Cached PNG Texture: Squad/PartList/SimpleIcons/robotic_rotation_servo
[LOG 18:45:14.266] Load Cached PNG Texture: Squad/PartList/SimpleIcons/robotic_servo_hinge
[LOG 18:45:14.266] Load Cached PNG Texture: Squad/PartList/SimpleIcons/robotic_servo_piston
[LOG 18:45:14.266] Load Cached PNG Texture: Squad/PartList/SimpleIcons/robotic_servo_rotor
[LOG 18:45:14.267] Load Cached PNG Texture: Squad/PartList/SimpleIcons/scanner_arm
[LOG 18:45:14.267] Load Cached PNG Texture: Squad/PartList/SimpleIcons/variant
[LOG 18:45:14.267] Load Cached PNG Texture: Squad/Parts/@thumbs/adapterSmallMiniShort_icon0
[LOG 18:45:14.267] Load Cached PNG Texture: Squad/Parts/@thumbs/adapterSmallMiniShort_icon1
[LOG 18:45:14.267] Load Cached PNG Texture: Squad/Parts/@thumbs/adapterSmallMiniTall_icon0
[LOG 18:45:14.267] Load Cached PNG Texture: Squad/Parts/@thumbs/adapterSmallMiniTall_icon1
[LOG 18:45:14.267] Load Cached PNG Texture: Squad/Parts/@thumbs/AdvancedCanard_icon
[LOG 18:45:14.267] Load Cached PNG Texture: Squad/Parts/@thumbs/advSasModule_icon
[LOG 18:45:14.267] Load Cached PNG Texture: Squad/Parts/@thumbs/airbrake1_icon
[LOG 18:45:14.267] Load Cached PNG Texture: Squad/Parts/@thumbs/airScoop_icon
[LOG 18:45:14.267] Load Cached PNG Texture: Squad/Parts/@thumbs/avionicsNoseCone_icon
[LOG 18:45:14.267] Load Cached PNG Texture: Squad/Parts/@thumbs/basicFin_icon
[LOG 18:45:14.268] Load Cached PNG Texture: Squad/Parts/@thumbs/batteryBankMini_icon
[LOG 18:45:14.269] Load Cached PNG Texture: Squad/Parts/@thumbs/batteryBank_icon
[LOG 18:45:14.269] Load Cached PNG Texture: Squad/Parts/@thumbs/batteryPack_icon
[LOG 18:45:14.269] Load Cached PNG Texture: Squad/Parts/@thumbs/cargoContainer_icon
[LOG 18:45:14.269] Load Cached PNG Texture: Squad/Parts/@thumbs/CargoStorageUnit_icon
[LOG 18:45:14.269] Load Cached PNG Texture: Squad/Parts/@thumbs/CircularIntake_icon
[LOG 18:45:14.269] Load Cached PNG Texture: Squad/Parts/@thumbs/commDish_icon
[LOG 18:45:14.269] Load Cached PNG Texture: Squad/Parts/@thumbs/Decoupler.0_icon0
[LOG 18:45:14.269] Load Cached PNG Texture: Squad/Parts/@thumbs/Decoupler.0_icon1
[LOG 18:45:14.269] Load Cached PNG Texture: Squad/Parts/@thumbs/Decoupler.1_icon0
[LOG 18:45:14.269] Load Cached PNG Texture: Squad/Parts/@thumbs/Decoupler.1_icon1
[LOG 18:45:14.269] Load Cached PNG Texture: Squad/Parts/@thumbs/dockingPort1_icon
[LOG 18:45:14.270] Load Cached PNG Texture: Squad/Parts/@thumbs/dockingPort2_icon
[LOG 18:45:14.270] Load Cached PNG Texture: Squad/Parts/@thumbs/dockingPort3_icon
[LOG 18:45:14.270] Load Cached PNG Texture: Squad/Parts/@thumbs/domeLight1_icon0
[LOG 18:45:14.270] Load Cached PNG Texture: Squad/Parts/@thumbs/domeLight1_icon1
[LOG 18:45:14.270] Load Cached PNG Texture: Squad/Parts/@thumbs/elevon2_icon
[LOG 18:45:14.270] Load Cached PNG Texture: Squad/Parts/@thumbs/elevon3_icon
[LOG 18:45:14.270] Load Cached PNG Texture: Squad/Parts/@thumbs/elevon5_icon
[LOG 18:45:14.270] Load Cached PNG Texture: Squad/Parts/@thumbs/evaChute_icon
[LOG 18:45:14.270] Load Cached PNG Texture: Squad/Parts/@thumbs/evaCylinder_icon
[LOG 18:45:14.270] Load Cached PNG Texture: Squad/Parts/@thumbs/evaJetpack_icon
[LOG 18:45:14.270] Load Cached PNG Texture: Squad/Parts/@thumbs/evaRepairKit_icon
[LOG 18:45:14.270] Load Cached PNG Texture: Squad/Parts/@thumbs/evaScienceKit_icon
[LOG 18:45:14.271] Load Cached PNG Texture: Squad/Parts/@thumbs/externalTankCapsule_icon0
[LOG 18:45:14.271] Load Cached PNG Texture: Squad/Parts/@thumbs/externalTankCapsule_icon1
[LOG 18:45:14.271] Load Cached PNG Texture: Squad/Parts/@thumbs/externalTankRound_icon0
[LOG 18:45:14.271] Load Cached PNG Texture: Squad/Parts/@thumbs/externalTankRound_icon1
[LOG 18:45:14.271] Load Cached PNG Texture: Squad/Parts/@thumbs/externalTankToroid_icon0
[LOG 18:45:14.271] Load Cached PNG Texture: Squad/Parts/@thumbs/externalTankToroid_icon1
[LOG 18:45:14.271] Load Cached PNG Texture: Squad/Parts/@thumbs/fireworksLauncherBig_icon
[LOG 18:45:14.271] Load Cached PNG Texture: Squad/Parts/@thumbs/fireworksLauncherSmall_icon
[LOG 18:45:14.271] Load Cached PNG Texture: Squad/Parts/@thumbs/foldingRadMed_icon
[LOG 18:45:14.271] Load Cached PNG Texture: Squad/Parts/@thumbs/foldingRadSmall_icon
[LOG 18:45:14.271] Load Cached PNG Texture: Squad/Parts/@thumbs/FuelCellArray_icon
[LOG 18:45:14.271] Load Cached PNG Texture: Squad/Parts/@thumbs/FuelCell_icon
[LOG 18:45:14.271] Load Cached PNG Texture: Squad/Parts/@thumbs/fuelTankSmallFlat_icon0
[LOG 18:45:14.272] Load Cached PNG Texture: Squad/Parts/@thumbs/fuelTankSmallFlat_icon1
[LOG 18:45:14.272] Load Cached PNG Texture: Squad/Parts/@thumbs/fuelTankSmallFlat_icon2
[LOG 18:45:14.272] Load Cached PNG Texture: Squad/Parts/@thumbs/fuelTankSmallFlat_icon3
[LOG 18:45:14.272] Load Cached PNG Texture: Squad/Parts/@thumbs/fuelTankSmall_icon0
[LOG 18:45:14.272] Load Cached PNG Texture: Squad/Parts/@thumbs/fuelTankSmall_icon1
[LOG 18:45:14.272] Load Cached PNG Texture: Squad/Parts/@thumbs/fuelTankSmall_icon2
[LOG 18:45:14.272] Load Cached PNG Texture: Squad/Parts/@thumbs/fuelTankSmall_icon3
[LOG 18:45:14.272] Load Cached PNG Texture: Squad/Parts/@thumbs/GearFixed_icon
[LOG 18:45:14.272] Load Cached PNG Texture: Squad/Parts/@thumbs/GearFree_icon
[LOG 18:45:14.272] Load Cached PNG Texture: Squad/Parts/@thumbs/GearSmall_icon
[LOG 18:45:14.272] Load Cached PNG Texture: Squad/Parts/@thumbs/GooExperiment_icon
[LOG 18:45:14.272] Load Cached PNG Texture: Squad/Parts/@thumbs/groundAnchor_icon
[LOG 18:45:14.273] Load Cached PNG Texture: Squad/Parts/@thumbs/groundLight1_icon
[LOG 18:45:14.273] Load Cached PNG Texture: Squad/Parts/@thumbs/groundLight2_icon
[LOG 18:45:14.273] Load Cached PNG Texture: Squad/Parts/@thumbs/HeatShield0_icon
[LOG 18:45:14.273] Load Cached PNG Texture: Squad/Parts/@thumbs/HeatShield1_icon
[LOG 18:45:14.273] Load Cached PNG Texture: Squad/Parts/@thumbs/HECS2.ProbeCore_icon
[LOG 18:45:14.273] Load Cached PNG Texture: Squad/Parts/@thumbs/HighGainAntenna5.v2_icon
[LOG 18:45:14.273] Load Cached PNG Texture: Squad/Parts/@thumbs/HighGainAntenna5_icon
[LOG 18:45:14.273] Load Cached PNG Texture: Squad/Parts/@thumbs/HighGainAntenna_icon
[LOG 18:45:14.273] Load Cached PNG Texture: Squad/Parts/@thumbs/IntakeRadialLong_icon
[LOG 18:45:14.273] Load Cached PNG Texture: Squad/Parts/@thumbs/ionEngine_icon
[LOG 18:45:14.273] Load Cached PNG Texture: Squad/Parts/@thumbs/ksp.r.largeBatteryPack_icon
[LOG 18:45:14.273] Load Cached PNG Texture: Squad/Parts/@thumbs/ladder1_icon
[LOG 18:45:14.274] Load Cached PNG Texture: Squad/Parts/@thumbs/landingLeg1-2_icon
[LOG 18:45:14.274] Load Cached PNG Texture: Squad/Parts/@thumbs/landingLeg1_icon
[LOG 18:45:14.274] Load Cached PNG Texture: Squad/Parts/@thumbs/LgRadialSolarPanel_icon
[LOG 18:45:14.274] Load Cached PNG Texture: Squad/Parts/@thumbs/linearRcs_icon
[LOG 18:45:14.274] Load Cached PNG Texture: Squad/Parts/@thumbs/liquidEngine3.v2_icon0
[LOG 18:45:14.274] Load Cached PNG Texture: Squad/Parts/@thumbs/liquidEngine3.v2_icon1
[LOG 18:45:14.274] Load Cached PNG Texture: Squad/Parts/@thumbs/liquidEngine3.v2_icon2
[LOG 18:45:14.274] Load Cached PNG Texture: Squad/Parts/@thumbs/liquidEngineMini.v2_icon0
[LOG 18:45:14.274] Load Cached PNG Texture: Squad/Parts/@thumbs/liquidEngineMini.v2_icon1
[LOG 18:45:14.274] Load Cached PNG Texture: Squad/Parts/@thumbs/liquidEngineMini.v2_icon2
[LOG 18:45:14.274] Load Cached PNG Texture: Squad/Parts/@thumbs/longAntenna_icon
[LOG 18:45:14.274] Load Cached PNG Texture: Squad/Parts/@thumbs/Magnetometer_icon
[LOG 18:45:14.275] Load Cached PNG Texture: Squad/Parts/@thumbs/mediumDishAntenna_icon
[LOG 18:45:14.275] Load Cached PNG Texture: Squad/Parts/@thumbs/microEngine.v2_icon0
[LOG 18:45:14.275] Load Cached PNG Texture: Squad/Parts/@thumbs/microEngine.v2_icon1
[LOG 18:45:14.275] Load Cached PNG Texture: Squad/Parts/@thumbs/MiniDrill_icon
[LOG 18:45:14.275] Load Cached PNG Texture: Squad/Parts/@thumbs/miniFuelTank_icon
[LOG 18:45:14.275] Load Cached PNG Texture: Squad/Parts/@thumbs/miniFuselage_icon
[LOG 18:45:14.275] Load Cached PNG Texture: Squad/Parts/@thumbs/miniIntake_icon
[LOG 18:45:14.275] Load Cached PNG Texture: Squad/Parts/@thumbs/miniJetEngine_icon
[LOG 18:45:14.275] Load Cached PNG Texture: Squad/Parts/@thumbs/miniLandingLeg_icon
[LOG 18:45:14.275] Load Cached PNG Texture: Squad/Parts/@thumbs/Mite_icon
[LOG 18:45:14.275] Load Cached PNG Texture: Squad/Parts/@thumbs/mk1pod.v2_icon0
[LOG 18:45:14.275] Load Cached PNG Texture: Squad/Parts/@thumbs/mk2DroneCore_icon
[LOG 18:45:14.276] Load Cached PNG Texture: Squad/Parts/@thumbs/MpoProbe_icon
[LOG 18:45:14.276] Load Cached PNG Texture: Squad/Parts/@thumbs/navLight1_icon0
[LOG 18:45:14.276] Load Cached PNG Texture: Squad/Parts/@thumbs/navLight1_icon1
[LOG 18:45:14.276] Load Cached PNG Texture: Squad/Parts/@thumbs/noseCone_icon0
[LOG 18:45:14.276] Load Cached PNG Texture: Squad/Parts/@thumbs/noseCone_icon1
[LOG 18:45:14.276] Load Cached PNG Texture: Squad/Parts/@thumbs/noseCone_icon2
[LOG 18:45:14.276] Load Cached PNG Texture: Squad/Parts/@thumbs/omsEngine_icon
[LOG 18:45:14.276] Load Cached PNG Texture: Squad/Parts/@thumbs/OrbitalScanner_icon
[LOG 18:45:14.276] Load Cached PNG Texture: Squad/Parts/@thumbs/parachuteDrogue_icon
[LOG 18:45:14.276] Load Cached PNG Texture: Squad/Parts/@thumbs/parachuteLarge_icon
[LOG 18:45:14.277] Load Cached PNG Texture: Squad/Parts/@thumbs/parachuteRadial_icon
[LOG 18:45:14.277] Load Cached PNG Texture: Squad/Parts/@thumbs/parachuteSingle_icon
[LOG 18:45:14.277] Load Cached PNG Texture: Squad/Parts/@thumbs/probeCoreCube_icon
[LOG 18:45:14.277] Load Cached PNG Texture: Squad/Parts/@thumbs/probeCoreHex.v2_icon
[LOG 18:45:14.277] Load Cached PNG Texture: Squad/Parts/@thumbs/probeCoreOcto.v2_icon
[LOG 18:45:14.277] Load Cached PNG Texture: Squad/Parts/@thumbs/probeCoreOcto2.v2_icon
[LOG 18:45:14.277] Load Cached PNG Texture: Squad/Parts/@thumbs/probeCoreSphere.v2_icon
[LOG 18:45:14.277] Load Cached PNG Texture: Squad/Parts/@thumbs/probeStackLarge_icon
[LOG 18:45:14.277] Load Cached PNG Texture: Squad/Parts/@thumbs/probeStackSmall_icon
[LOG 18:45:14.277] Load Cached PNG Texture: Squad/Parts/@thumbs/R8winglet_icon
[LOG 18:45:14.277] Load Cached PNG Texture: Squad/Parts/@thumbs/radialDecoupler1-2_icon
[LOG 18:45:14.278] Load Cached PNG Texture: Squad/Parts/@thumbs/radialDecoupler2_icon
[LOG 18:45:14.278] Load Cached PNG Texture: Squad/Parts/@thumbs/radialDecoupler_icon
[LOG 18:45:14.278] Load Cached PNG Texture: Squad/Parts/@thumbs/radialDrogue_icon
[LOG 18:45:14.278] Load Cached PNG Texture: Squad/Parts/@thumbs/radialEngineMini.v2_icon0
[LOG 18:45:14.278] Load Cached PNG Texture: Squad/Parts/@thumbs/radialEngineMini.v2_icon1
[LOG 18:45:14.278] Load Cached PNG Texture: Squad/Parts/@thumbs/radialLiquidEngine1-2_icon
[LOG 18:45:14.278] Load Cached PNG Texture: Squad/Parts/@thumbs/RadialOreTank_icon
[LOG 18:45:14.278] Load Cached PNG Texture: Squad/Parts/@thumbs/radialRCSTank_icon
[LOG 18:45:14.278] Load Cached PNG Texture: Squad/Parts/@thumbs/radPanelEdge_icon
[LOG 18:45:14.278] Load Cached PNG Texture: Squad/Parts/@thumbs/radPanelLg_icon
[LOG 18:45:14.278] Load Cached PNG Texture: Squad/Parts/@thumbs/radPanelSm_icon
[LOG 18:45:14.278] Load Cached PNG Texture: Squad/Parts/@thumbs/RCSblock.01.small_icon0
[LOG 18:45:14.278] Load Cached PNG Texture: Squad/Parts/@thumbs/RCSblock.01.small_icon1
[LOG 18:45:14.279] Load Cached PNG Texture: Squad/Parts/@thumbs/RCSblock.01.small_icon2
[LOG 18:45:14.279] Load Cached PNG Texture: Squad/Parts/@thumbs/RCSblock.01.small_icon3
[LOG 18:45:14.279] Load Cached PNG Texture: Squad/Parts/@thumbs/RCSblock.01.small_icon4
[LOG 18:45:14.279] Load Cached PNG Texture: Squad/Parts/@thumbs/RCSBlock.v2_icon
[LOG 18:45:14.279] Load Cached PNG Texture: Squad/Parts/@thumbs/RCSBlock.v2_icon0
[LOG 18:45:14.279] Load Cached PNG Texture: Squad/Parts/@thumbs/RCSBlock.v2_icon1
[LOG 18:45:14.279] Load Cached PNG Texture: Squad/Parts/@thumbs/RCSBlock.v2_icon2
[LOG 18:45:14.279] Load Cached PNG Texture: Squad/Parts/@thumbs/RCSBlock.v2_icon3
[LOG 18:45:14.279] Load Cached PNG Texture: Squad/Parts/@thumbs/RCSBlock.v2_icon4
[LOG 18:45:14.279] Load Cached PNG Texture: Squad/Parts/@thumbs/RCSFuelTank_icon
[LOG 18:45:14.279] Load Cached PNG Texture: Squad/Parts/@thumbs/RCSLinearSmall_icon
[LOG 18:45:14.279] Load Cached PNG Texture: Squad/Parts/@thumbs/rcsTankMini_icon
[LOG 18:45:14.279] Load Cached PNG Texture: Squad/Parts/@thumbs/RelayAntenna5_icon
[LOG 18:45:14.279] Load Cached PNG Texture: Squad/Parts/@thumbs/ReleaseValve_icon
[LOG 18:45:14.280] Load Cached PNG Texture: Squad/Parts/@thumbs/roverBody.v2_icon0
[LOG 18:45:14.280] Load Cached PNG Texture: Squad/Parts/@thumbs/roverBody.v2_icon1
[LOG 18:45:14.280] Load Cached PNG Texture: Squad/Parts/@thumbs/roverBody.v2_icon2
[LOG 18:45:14.280] Load Cached PNG Texture: Squad/Parts/@thumbs/roverWheel1_icon
[LOG 18:45:14.280] Load Cached PNG Texture: Squad/Parts/@thumbs/roverWheel2_icon
[LOG 18:45:14.280] Load Cached PNG Texture: Squad/Parts/@thumbs/rtg_icon
[LOG 18:45:14.280] Load Cached PNG Texture: Squad/Parts/@thumbs/sasModule_icon
[LOG 18:45:14.280] Load Cached PNG Texture: Squad/Parts/@thumbs/science.module_icon
[LOG 18:45:14.280] Load Cached PNG Texture: Squad/Parts/@thumbs/ScienceBox_icon
[LOG 18:45:14.280] Load Cached PNG Texture: Squad/Parts/@thumbs/seatExternalCmd_icon
[LOG 18:45:14.280] Load Cached PNG Texture: Squad/Parts/@thumbs/sensorAccelerometer_icon
[LOG 18:45:14.280] Load Cached PNG Texture: Squad/Parts/@thumbs/sensorAtmosphere_icon
[LOG 18:45:14.280] Load Cached PNG Texture: Squad/Parts/@thumbs/sensorBarometer_icon
[LOG 18:45:14.281] Load Cached PNG Texture: Squad/Parts/@thumbs/sensorGravimeter_icon
[LOG 18:45:14.281] Load Cached PNG Texture: Squad/Parts/@thumbs/sensorThermometer_icon
[LOG 18:45:14.281] Load Cached PNG Texture: Squad/Parts/@thumbs/Separator.0_icon0
[LOG 18:45:14.281] Load Cached PNG Texture: Squad/Parts/@thumbs/Separator.0_icon1
[LOG 18:45:14.281] Load Cached PNG Texture: Squad/Parts/@thumbs/Separator.1_icon0
[LOG 18:45:14.281] Load Cached PNG Texture: Squad/Parts/@thumbs/Separator.1_icon1
[LOG 18:45:14.281] Load Cached PNG Texture: Squad/Parts/@thumbs/sepMotor1_icon
[LOG 18:45:14.281] Load Cached PNG Texture: Squad/Parts/@thumbs/ServiceBay.125.v2_icon
[LOG 18:45:14.281] Load Cached PNG Texture: Squad/Parts/@thumbs/shockConeIntake_icon
[LOG 18:45:14.282] Load Cached PNG Texture: Squad/Parts/@thumbs/Shrimp_icon
[LOG 18:45:14.282] Load Cached PNG Texture: Squad/Parts/@thumbs/smallCargoContainer_icon
[LOG 18:45:14.282] Load Cached PNG Texture: Squad/Parts/@thumbs/smallClaw_icon0
[LOG 18:45:14.282] Load Cached PNG Texture: Squad/Parts/@thumbs/smallClaw_icon1
[LOG 18:45:14.282] Load Cached PNG Texture: Squad/Parts/@thumbs/smallCtrlSrf_icon
[LOG 18:45:14.282] Load Cached PNG Texture: Squad/Parts/@thumbs/SmallGearBay_icon
[LOG 18:45:14.282] Load Cached PNG Texture: Squad/Parts/@thumbs/smallHardpoint_icon
[LOG 18:45:14.282] Load Cached PNG Texture: Squad/Parts/@thumbs/smallRadialEngine.v2_icon0
[LOG 18:45:14.282] Load Cached PNG Texture: Squad/Parts/@thumbs/smallRadialEngine.v2_icon1
[LOG 18:45:14.282] Load Cached PNG Texture: Squad/Parts/@thumbs/solarPanelOX10C_icon
[LOG 18:45:14.282] Load Cached PNG Texture: Squad/Parts/@thumbs/solarPanelOX10L_icon
[LOG 18:45:14.282] Load Cached PNG Texture: Squad/Parts/@thumbs/solarPanels1_icon
[LOG 18:45:14.283] Load Cached PNG Texture: Squad/Parts/@thumbs/solarPanels2_icon
[LOG 18:45:14.283] Load Cached PNG Texture: Squad/Parts/@thumbs/solarPanels3_icon
[LOG 18:45:14.283] Load Cached PNG Texture: Squad/Parts/@thumbs/solarPanels4_icon
[LOG 18:45:14.283] Load Cached PNG Texture: Squad/Parts/@thumbs/solarPanels5_icon
[LOG 18:45:14.283] Load Cached PNG Texture: Squad/Parts/@thumbs/solarPanelSP10C_icon
[LOG 18:45:14.283] Load Cached PNG Texture: Squad/Parts/@thumbs/solarPanelSP10L_icon
[LOG 18:45:14.283] Load Cached PNG Texture: Squad/Parts/@thumbs/spotLight1_icon
[LOG 18:45:14.283] Load Cached PNG Texture: Squad/Parts/@thumbs/spotLight2_icon
[LOG 18:45:14.283] Load Cached PNG Texture: Squad/Parts/@thumbs/spotLight3_icon0
[LOG 18:45:14.283] Load Cached PNG Texture: Squad/Parts/@thumbs/spotLight3_icon1
[LOG 18:45:14.283] Load Cached PNG Texture: Squad/Parts/@thumbs/stackPoint1_icon
[LOG 18:45:14.283] Load Cached PNG Texture: Squad/Parts/@thumbs/StandardCtrlSrf_icon
[LOG 18:45:14.284] Load Cached PNG Texture: Squad/Parts/@thumbs/standardNoseCone_icon
[LOG 18:45:14.284] Load Cached PNG Texture: Squad/Parts/@thumbs/stripLight1_icon0
[LOG 18:45:14.284] Load Cached PNG Texture: Squad/Parts/@thumbs/stripLight1_icon1
[LOG 18:45:14.284] Load Cached PNG Texture: Squad/Parts/@thumbs/structuralIBeam1_icon
[LOG 18:45:14.284] Load Cached PNG Texture: Squad/Parts/@thumbs/structuralIBeam3_icon
[LOG 18:45:14.284] Load Cached PNG Texture: Squad/Parts/@thumbs/structuralMiniNode_icon
[LOG 18:45:14.284] Load Cached PNG Texture: Squad/Parts/@thumbs/structuralPanel1_icon
[LOG 18:45:14.284] Load Cached PNG Texture: Squad/Parts/@thumbs/structuralPanel2_icon
[LOG 18:45:14.284] Load Cached PNG Texture: Squad/Parts/@thumbs/structuralWing4_icon
[LOG 18:45:14.284] Load Cached PNG Texture: Squad/Parts/@thumbs/strutCube_icon
[LOG 18:45:14.284] Load Cached PNG Texture: Squad/Parts/@thumbs/strutOcto_icon
[LOG 18:45:14.285] Load Cached PNG Texture: Squad/Parts/@thumbs/SurfaceScanner_icon
[LOG 18:45:14.285] Load Cached PNG Texture: Squad/Parts/@thumbs/SurfAntenna_icon
[LOG 18:45:14.285] Load Cached PNG Texture: Squad/Parts/@thumbs/telescopicLadderBay_icon
[LOG 18:45:14.285] Load Cached PNG Texture: Squad/Parts/@thumbs/telescopicLadder_icon
[LOG 18:45:14.285] Load Cached PNG Texture: Squad/Parts/@thumbs/toroidalAerospike_icon
[LOG 18:45:14.285] Load Cached PNG Texture: Squad/Parts/@thumbs/trussAdapter_icon
[LOG 18:45:14.285] Load Cached PNG Texture: Squad/Parts/@thumbs/trussPiece1x_icon
[LOG 18:45:14.286] Load Cached PNG Texture: Squad/Parts/@thumbs/trussPiece3x_icon
[LOG 18:45:14.286] Load Cached PNG Texture: Squad/Parts/@thumbs/vernierEngine_icon
[LOG 18:45:14.286] Load Cached PNG Texture: Squad/Parts/@thumbs/wheelMed_icon
[LOG 18:45:14.286] Load Cached PNG Texture: Squad/Parts/@thumbs/wingConnector4_icon
[LOG 18:45:14.287] Load Cached PNG Texture: Squad/Parts/@thumbs/wingConnector5_icon
[LOG 18:45:14.289] Load Cached PNG Texture: Squad/Parts/@thumbs/winglet3_icon
[LOG 18:45:14.289] Load Cached PNG Texture: Squad/Parts/@thumbs/winglet_icon
[LOG 18:45:14.289] Load Cached PNG Texture: Squad/Parts/@thumbs/wingShuttleElevon1_icon
[LOG 18:45:14.289] Load Cached PNG Texture: Squad/Parts/@thumbs/xenonTankLarge_icon
[LOG 18:45:14.292] Load Cached PNG Texture: Squad/Parts/@thumbs/xenonTankRadial_icon
[LOG 18:45:14.294] Load Cached PNG Texture: Squad/Parts/@thumbs/xenonTank_icon
[LOG 18:45:14.294] Load DDS texture: Squad/Parts/Aero/aerodynamicNoseCone/Rockomax_Adapters_diffuse
[LOG 18:45:14.297] Load DDS texture: Squad/Parts/Aero/aerodynamicNoseCone/Rockomax_Adapters_normal
[LOG 18:45:14.301] Load DDS texture: Squad/Parts/Aero/airbrake/airbrake
[LOG 18:45:14.301] Load DDS texture: Squad/Parts/Aero/airIntakeRadialXM-G50/RadialIntake
[LOG 18:45:14.305] Load DDS texture: Squad/Parts/Aero/airlinerWings/AirlinerWings
[LOG 18:45:14.312] Load DDS texture: Squad/Parts/Aero/airplaneFins/AirplaneFins
[LOG 18:45:14.318] Load DDS texture: Squad/Parts/Aero/basicFin/BasicFin
[LOG 18:45:14.318] Load DDS texture: Squad/Parts/Aero/circularIntake/CircluarIntakes
[LOG 18:45:14.319] Load DDS texture: Squad/Parts/Aero/circularIntake/CircluarIntakes_Heat
[LOG 18:45:14.319] Load DDS texture: Squad/Parts/Aero/cones/Assets/Cones
[LOG 18:45:14.319] Load DDS texture: Squad/Parts/Aero/cones/Assets/ConesDiffuse
[LOG 18:45:14.320] Load DDS texture: Squad/Parts/Aero/cones/Assets/ConesDiffuse_Orange
[LOG 18:45:14.324] Load DDS texture: Squad/Parts/Aero/cones/Assets/ConesDiffuse_White
[LOG 18:45:14.326] Load DDS texture: Squad/Parts/Aero/cones/Assets/ConesHeat
[LOG 18:45:14.327] Load DDS texture: Squad/Parts/Aero/cones/Assets/ConesHeat_Orange
[LOG 18:45:14.328] Load DDS texture: Squad/Parts/Aero/cones/Assets/ConesHeat_White
[LOG 18:45:14.330] Load DDS texture: Squad/Parts/Aero/cones/Assets/Cones_Heat
[LOG 18:45:14.330] Load Cached PNG Texture: Squad/Parts/Aero/cones/Assets/rocketNoseCones_O
[LOG 18:45:14.337] Load Cached PNG Texture: Squad/Parts/Aero/cones/Assets/rocketNoseCones_O_Normal
[LOG 18:45:14.338] Load DDS texture: Squad/Parts/Aero/cones/Assets/rocketNoseCones_W
[LOG 18:45:14.348] Load DDS texture: Squad/Parts/Aero/cones/Assets/Rockomax_Adapters_diffuse
[LOG 18:45:14.348] Load DDS texture: Squad/Parts/Aero/cones/Assets/Rockomax_Adapters_normal
[LOG 18:45:14.349] Load DDS texture: Squad/Parts/Aero/fairings/AutoTruss
[LOG 18:45:14.349] Load DDS texture: Squad/Parts/Aero/fairings/FairingBase
[LOG 18:45:14.350] Load DDS texture: Squad/Parts/Aero/fairings/FairingBaseNormals
[LOG 18:45:14.350] Load DDS texture: Squad/Parts/Aero/fairings/FairingBaseNormals_bw
[LOG 18:45:14.351] Load DDS texture: Squad/Parts/Aero/fairings/FairingBaseNormals_goldSilver
[LOG 18:45:14.351] Load DDS texture: Squad/Parts/Aero/fairings/FairingBaseNormals_orange
[LOG 18:45:14.352] Load Cached PNG Texture: Squad/Parts/Aero/fairings/FairingBase_black
[LOG 18:45:14.353] Load DDS texture: Squad/Parts/Aero/fairings/FairingBase_bw
[LOG 18:45:14.363] Load DDS texture: Squad/Parts/Aero/fairings/FairingBase_goldDiffuse
[LOG 18:45:14.363] Load DDS texture: Squad/Parts/Aero/fairings/FairingBase_goldSpecular
[LOG 18:45:14.363] Load DDS texture: Squad/Parts/Aero/fairings/FairingBase_orange
[LOG 18:45:14.363] Load DDS texture: Squad/Parts/Aero/fairings/FairingBase_silverDiffuse
[LOG 18:45:14.375] Load DDS texture: Squad/Parts/Aero/fairings/FairingBase_silverSpecular
[LOG 18:45:14.376] Load DDS texture: Squad/Parts/Aero/fairings/fairingsCap
[LOG 18:45:14.376] Load DDS texture: Squad/Parts/Aero/fairings/FairingsMat_silverSpecular
[LOG 18:45:14.382] Load DDS texture: Squad/Parts/Aero/fairings/fairings_diff
[LOG 18:45:14.383] Load DDS texture: Squad/Parts/Aero/fairings/fairings_diff_grey
[LOG 18:45:14.384] Load DDS texture: Squad/Parts/Aero/fairings/fairings_diff_orange
[LOG 18:45:14.385] Load DDS texture: Squad/Parts/Aero/fairings/fairings_grey_normals
[LOG 18:45:14.386] Load DDS texture: Squad/Parts/Aero/fairings/fairings_normals
[LOG 18:45:14.387] Load DDS texture: Squad/Parts/Aero/fairings/fairings_normals_silver
[LOG 18:45:14.388] Load DDS texture: Squad/Parts/Aero/fairings/fairings_orange_normals
[LOG 18:45:14.389] Load DDS texture: Squad/Parts/Aero/fairings/fairings_silverDiffuse
[LOG 18:45:14.390] Load DDS texture: Squad/Parts/Aero/HeatShield/Fairing
[LOG 18:45:14.391] Load DDS texture: Squad/Parts/Aero/HeatShield/heatshield
[LOG 18:45:14.391] Load DDS texture: Squad/Parts/Aero/InflatableHeatShield/HeatShield
[LOG 18:45:14.392] Load DDS texture: Squad/Parts/Aero/InflatableHeatShield/HeatShieldFairing
[LOG 18:45:14.392] Load DDS texture: Squad/Parts/Aero/InflatableHeatShield/HeatShield_NRM
[LOG 18:45:14.392] Load DDS texture: Squad/Parts/Aero/intakeRadialLong/Radial_long
[LOG 18:45:14.393] Load DDS texture: Squad/Parts/Aero/miniIntake/SmallIntake
[LOG 18:45:14.393] Load DDS texture: Squad/Parts/Aero/ramAirIntake/RampIntake
[LOG 18:45:14.393] Load DDS texture: Squad/Parts/Aero/ramAirIntake/RampIntake_Heat
[LOG 18:45:14.393] Load DDS texture: Squad/Parts/Aero/shuttleWings/ShuttleWings
[LOG 18:45:14.400] Load DDS texture: Squad/Parts/Aero/wingletAV-R8/model000
[LOG 18:45:14.401] Load DDS texture: Squad/Parts/Aero/wingletAV-R8/model001
[LOG 18:45:14.401] Load DDS texture: Squad/Parts/Aero/wingletAV-T1/model000
[LOG 18:45:14.401] Load DDS texture: Squad/Parts/Aero/wingletAV-T1/model001
[LOG 18:45:14.403] Load DDS texture: Squad/Parts/Aero/wingletDeltaDeluxe/model000
[LOG 18:45:14.403] Load DDS texture: Squad/Parts/Aero/wings/Wings
[LOG 18:45:14.405] Load DDS texture: Squad/Parts/Cargo/CargoContainers/cargoContainer_diff
[LOG 18:45:14.405] Load DDS texture: Squad/Parts/Cargo/CargoContainers/smallCargoContainer_diffuse
[LOG 18:45:14.405] Load DDS texture: Squad/Parts/Cargo/CargoContainers/smallCargoContainer_nrm
[LOG 18:45:14.405] Load DDS texture: Squad/Parts/Cargo/CargoContainers/smallCargoContainer_specular
[LOG 18:45:14.406] Load DDS texture: Squad/Parts/Cargo/Cylinder/EVAcylinder_diffuse
[LOG 18:45:14.406] Load DDS texture: Squad/Parts/Cargo/Cylinder/EVAcylinder_nrm
[LOG 18:45:14.407] Load DDS texture: Squad/Parts/Cargo/GroundAnchor/groundAnchor_diffuse
[LOG 18:45:14.407] Load DDS texture: Squad/Parts/Cargo/GroundAnchor/groundAnchor_nrm
[LOG 18:45:14.408] Load DDS texture: Squad/Parts/Cargo/Jetpack/EVAjetpack
[LOG 18:45:14.410] Load DDS texture: Squad/Parts/Cargo/Jetpack/EVAjetpackEmmisive
[LOG 18:45:14.411] Load DDS texture: Squad/Parts/Cargo/Jetpack/EVAjetpackNRM
[LOG 18:45:14.412] Load DDS texture: Squad/Parts/Cargo/Parachute/backpack_Diff
[LOG 18:45:14.424] Load DDS texture: Squad/Parts/Cargo/Parachute/backpack_NM
[LOG 18:45:14.432] Load DDS texture: Squad/Parts/Cargo/RepairKit/RepairKit_Diffuse
[LOG 18:45:14.434] Load DDS texture: Squad/Parts/Cargo/RepairKit/RepairKit_Normal
[LOG 18:45:14.438] Load DDS texture: Squad/Parts/Cargo/ScienceKit/ExperimentKit_Material_Diffuse
[LOG 18:45:14.440] Load DDS texture: Squad/Parts/Cargo/ScienceKit/ExperimentKit_Material_Emissive
[LOG 18:45:14.442] Load DDS texture: Squad/Parts/Cargo/ScienceKit/ExperimentKit_Material_Normal
[LOG 18:45:14.444] Load DDS texture: Squad/Parts/Cargo/StorageUnits/Assets/Cargo_Material_Diffuse
[LOG 18:45:14.455] Load DDS texture: Squad/Parts/Cargo/StorageUnits/Assets/Cargo_Material_Normal
[LOG 18:45:14.483] Load DDS texture: Squad/Parts/Command/advancedSasModuleLarge/model000
[LOG 18:45:14.486] Load DDS texture: Squad/Parts/Command/advancedSasModuleLarge/model001
[LOG 18:45:14.487] Load DDS texture: Squad/Parts/Command/cupola/cupola_Emissive
[LOG 18:45:14.487] Load DDS texture: Squad/Parts/Command/cupola/ksp_l_cupola_diff
[LOG 18:45:14.493] Load DDS texture: Squad/Parts/Command/cupola/ksp_l_cupola_normal
[LOG 18:45:14.495] Load DDS texture: Squad/Parts/Command/cupola/window
[LOG 18:45:14.495] Load DDS texture: Squad/Parts/Command/externalCommandSeat/model000
[LOG 18:45:14.496] Load DDS texture: Squad/Parts/Command/hitchhikerStorageContainer/cabin
[LOG 18:45:14.497] Load DDS texture: Squad/Parts/Command/hitchhikerStorageContainer/cabin_Illum
[LOG 18:45:14.498] Load DDS texture: Squad/Parts/Command/hitchhikerStorageContainer/cabin_n
[LOG 18:45:14.499] Load DDS texture: Squad/Parts/Command/hitchhikerStorageContainer/window
[LOG 18:45:14.499] Load DDS texture: Squad/Parts/Command/inlineAdvancedStabilizer/model000
[LOG 18:45:14.499] Load DDS texture: Squad/Parts/Command/inlineAdvancedStabilizer/model001
[LOG 18:45:14.499] Load DDS texture: Squad/Parts/Command/inlineReactionWheel/model000
[LOG 18:45:14.500] Load DDS texture: Squad/Parts/Command/inlineReactionWheel/model001
[LOG 18:45:14.500] Load DDS texture: Squad/Parts/Command/inlineReactionWheel/model002
[LOG 18:45:14.500] Load DDS texture: Squad/Parts/Command/Mk1-2Pod/mk 1-2 external shell Variant-Hatch
[LOG 18:45:14.500] Load DDS texture: Squad/Parts/Command/Mk1-3Pod/M1-3 Pod
[LOG 18:45:14.501] Load DDS texture: Squad/Parts/Command/Mk1-3Pod/M1-3 Pod_GLOW
[LOG 18:45:14.502] Load DDS texture: Squad/Parts/Command/mk1Cockpits/GLOW
[LOG 18:45:14.502] Load DDS texture: Squad/Parts/Command/mk1Cockpits/Mk1Cockpit
[LOG 18:45:14.505] Load DDS texture: Squad/Parts/Command/mk1LanderCan/ksp_s_landerCan_diff
[LOG 18:45:14.508] Load DDS texture: Squad/Parts/Command/mk1LanderCan/ksp_s_landerCan_normal
[LOG 18:45:14.509] Load DDS texture: Squad/Parts/Command/mk1LanderCan/ksp_s_landerCan_psd_illum
[LOG 18:45:14.510] Load DDS texture: Squad/Parts/Command/mk1pod/outer shell
[LOG 18:45:14.511] Load DDS texture: Squad/Parts/Command/mk1pod_v2/Mk1_v2
[LOG 18:45:14.512] Load DDS texture: Squad/Parts/Command/mk1pod_v2/Mk1_v2_GLOW
[LOG 18:45:14.514] Load DDS texture: Squad/Parts/Command/mk1pod_v2/Mk1_v2_GW
[LOG 18:45:14.514] Load DDS texture: Squad/Parts/Command/mk1pod_v2/Mk1_v2_N
[LOG 18:45:14.517] Load DDS texture: Squad/Parts/Command/mk1pod_v2/Mk1_v2_W
[LOG 18:45:14.518] Load DDS texture: Squad/Parts/Command/mk1pod_v2/Mk1_v2_W_N
[LOG 18:45:14.521] Load DDS texture: Squad/Parts/Command/mk2CockpitInline/Cockpit_inline_A
[LOG 18:45:14.522] Load DDS texture: Squad/Parts/Command/mk2CockpitInline/Cockpit_inline_Emissive
[LOG 18:45:14.522] Load DDS texture: Squad/Parts/Command/mk2CockpitInline/Cockpit_inline_normal
[LOG 18:45:14.523] Load DDS texture: Squad/Parts/Command/mk2CockpitStandard/Cockpit
[LOG 18:45:14.526] Load DDS texture: Squad/Parts/Command/mk2CockpitStandard/Cockpit_Lum
[LOG 18:45:14.527] Load DDS texture: Squad/Parts/Command/mk2CockpitStandard/Cockpit_NRM
[LOG 18:45:14.530] Load DDS texture: Squad/Parts/Command/mk2DroneCore/mk2Dronecore
[LOG 18:45:14.530] Load DDS texture: Squad/Parts/Command/mk2LanderCan/Illum
[LOG 18:45:14.530] Load DDS texture: Squad/Parts/Command/mk2LanderCan/ladder
[LOG 18:45:14.530] Load DDS texture: Squad/Parts/Command/mk2LanderCan/outershell
[LOG 18:45:14.531] Load DDS texture: Squad/Parts/Command/mk2LanderCan/outershell_n
[LOG 18:45:14.531] Load DDS texture: Squad/Parts/Command/mk2LanderCan/window
[LOG 18:45:14.531] Load DDS texture: Squad/Parts/Command/mk2LanderCan_v2/Mk2Can
[LOG 18:45:14.543] Load DDS texture: Squad/Parts/Command/mk2LanderCan_v2/Mk2Can_glow
[LOG 18:45:14.555] Load DDS texture: Squad/Parts/Command/mk3CockpitShuttle/Mk3CockpitShuttle
[LOG 18:45:14.556] Load DDS texture: Squad/Parts/Command/mk3CockpitShuttle/Mk3CockpitShuttle_LUM
[LOG 18:45:14.557] Load DDS texture: Squad/Parts/Command/MpoProbe/MpoProbe_diffuse
[LOG 18:45:14.557] Load DDS texture: Squad/Parts/Command/MpoProbe/MpoProbe_nrm
[LOG 18:45:14.563] Load DDS texture: Squad/Parts/Command/MpoProbe/MpoProbe_specular
[LOG 18:45:14.564] Load DDS texture: Squad/Parts/Command/MtmStage/mtmStage_diffuse
[LOG 18:45:14.567] Load DDS texture: Squad/Parts/Command/MtmStage/mtmStage_nrm
[LOG 18:45:14.569] Load DDS texture: Squad/Parts/Command/MtmStage/mtmStage_specular
[LOG 18:45:14.572] Load DDS texture: Squad/Parts/Command/probeCoreCube/QBE_New_diffuse
[LOG 18:45:14.574] Load Cached PNG Texture: Squad/Parts/Command/probeCoreCube/QBE_New_NRM
[LOG 18:45:14.576] Load DDS texture: Squad/Parts/Command/probeCoreCube/QBE_New_specular
[LOG 18:45:14.578] Load DDS texture: Squad/Parts/Command/probeCoreHex/ksp_m_hexProbe_diff
[LOG 18:45:14.582] Load DDS texture: Squad/Parts/Command/probeCoreHex/ksp_m_hexProbe_normal
[LOG 18:45:14.583] Load DDS texture: Squad/Parts/Command/probeCoreHex_v2/hecsDiffuse
[LOG 18:45:14.583] Load DDS texture: Squad/Parts/Command/probeCoreHex_v2/hecsNormal
[LOG 18:45:14.584] Load DDS texture: Squad/Parts/Command/probeCoreOcto2_v2/octoDiffuse
[LOG 18:45:14.585] Load DDS texture: Squad/Parts/Command/probeCoreOcto2_v2/octoNormal
[LOG 18:45:14.585] Load DDS texture: Squad/Parts/Command/probeCoreOcto2_v2/octoSpecular
[LOG 18:45:14.586] Load DDS texture: Squad/Parts/Command/probeCoreOcto_v2/octoDiffuse
[LOG 18:45:14.587] Load DDS texture: Squad/Parts/Command/probeCoreOcto_v2/octoNormal
[LOG 18:45:14.588] Load DDS texture: Squad/Parts/Command/probeCoreOcto_v2/octoSpecular
[LOG 18:45:14.588] Load DDS texture: Squad/Parts/Command/probeRoverBody/model000
[LOG 18:45:14.588] Load DDS texture: Squad/Parts/Command/probeRoverBody/model001
[LOG 18:45:14.588] Load DDS texture: Squad/Parts/Command/probeRoverBody_v2/probeRoverBody_v2_gold_diffuse
[LOG 18:45:14.589] Load Cached PNG Texture: Squad/Parts/Command/probeRoverBody_v2/probeRoverBody_v2_gold_NRM
[LOG 18:45:14.591] Load DDS texture: Squad/Parts/Command/probeRoverBody_v2/probeRoverBody_v2_gold_specular
[LOG 18:45:14.592] Load DDS texture: Squad/Parts/Command/probeRoverBody_v2/probeRoverBody_v2_silver_diffuse
[LOG 18:45:14.594] Load Cached PNG Texture: Squad/Parts/Command/probeRoverBody_v2/probeRoverBody_v2_silver_NRM
[LOG 18:45:14.595] Load DDS texture: Squad/Parts/Command/probeRoverBody_v2/probeRoverBody_v2_silver_specular
[LOG 18:45:14.597] Load DDS texture: Squad/Parts/Command/probeRoverBody_v2/QBE_New_diffuse
[LOG 18:45:14.597] Load DDS texture: Squad/Parts/Command/probeRoverBody_v2/QBE_New_NRM
[LOG 18:45:14.597] Load DDS texture: Squad/Parts/Command/probeRoverBody_v2/QBE_New_specular
[LOG 18:45:14.597] Load DDS texture: Squad/Parts/Command/probeStackLarge/model000
[LOG 18:45:14.598] Load DDS texture: Squad/Parts/Command/probeStackLarge/model001
[LOG 18:45:14.599] Load DDS texture: Squad/Parts/Command/probeStackSmall/model000
[LOG 18:45:14.601] Load DDS texture: Squad/Parts/Command/probeStackSmall/model001
[LOG 18:45:14.605] Load DDS texture: Squad/Parts/Command/probeStackSphere_v2/probeStackSphere_diffuse
[LOG 18:45:14.607] Load DDS texture: Squad/Parts/Command/probeStackSphere_v2/probeStackSphere_normal
[LOG 18:45:14.609] Load DDS texture: Squad/Parts/Command/probeStackSphere_v2/probeStackSphere_specular
[LOG 18:45:14.610] Load Cached PNG Texture: Squad/Parts/CompoundParts/@thumbs/fuelLine_icon0
[LOG 18:45:14.610] Load Cached PNG Texture: Squad/Parts/CompoundParts/@thumbs/fuelLine_icon1
[LOG 18:45:14.611] Load Cached PNG Texture: Squad/Parts/CompoundParts/@thumbs/strutConnector_icon0
[LOG 18:45:14.611] Load Cached PNG Texture: Squad/Parts/CompoundParts/@thumbs/strutConnector_icon1
[LOG 18:45:14.611] Load DDS texture: Squad/Parts/CompoundParts/FuelLine/FTX-2 External Fuel Duct
[LOG 18:45:14.611] Load DDS texture: Squad/Parts/CompoundParts/FuelLine/FTX-2 External Fuel Duct_ESA
[LOG 18:45:14.611] Load DDS texture: Squad/Parts/CompoundParts/strutConnector/EAS-4 Strut Connector
[LOG 18:45:14.616] Load DDS texture: Squad/Parts/CompoundParts/strutConnector/EAS-4 Strut Connector_white
[LOG 18:45:14.617] Load DDS texture: Squad/Parts/Coupling/Assets/Decouplers
[LOG 18:45:14.627] Load DDS texture: Squad/Parts/Coupling/Assets/Decouplers_N
[LOG 18:45:14.630] Load DDS texture: Squad/Parts/Coupling/Assets/Decouplers_whiteYellow
[LOG 18:45:14.632] Load DDS texture: Squad/Parts/Coupling/Assets/Decouplers_whiteYellow_N
[LOG 18:45:14.635] Load DDS texture: Squad/Parts/Electrical/10CSolarPanels/assets/circularSolarPanel_diffuse
[LOG 18:45:14.636] Load DDS texture: Squad/Parts/Electrical/10CSolarPanels/assets/circularSolarPanel_nrm
[LOG 18:45:14.644] Load DDS texture: Squad/Parts/Electrical/10LSolarPanels/assets/retractableSolarPanel_diffuse
[LOG 18:45:14.660] Load DDS texture: Squad/Parts/Electrical/10LSolarPanels/assets/retractableSolarPanel_nrm
[LOG 18:45:14.661] Load DDS texture: Squad/Parts/Electrical/1x6ShroudSolarPanels/model000
[LOG 18:45:14.662] Load DDS texture: Squad/Parts/Electrical/1x6ShroudSolarPanels/model001
[LOG 18:45:14.662] Load DDS texture: Squad/Parts/Electrical/1x6ShroudSolarPanels/model002
[LOG 18:45:14.662] Load DDS texture: Squad/Parts/Electrical/1x6SolarPanels/model000
[LOG 18:45:14.662] Load DDS texture: Squad/Parts/Electrical/1x6SolarPanels/model001
[LOG 18:45:14.662] Load DDS texture: Squad/Parts/Electrical/1x6SolarPanels/model002
[LOG 18:45:14.662] Load DDS texture: Squad/Parts/Electrical/3x2ShroudSolarPanels/model000
[LOG 18:45:14.663] Load DDS texture: Squad/Parts/Electrical/3x2ShroudSolarPanels/model001
[LOG 18:45:14.663] Load DDS texture: Squad/Parts/Electrical/3x2ShroudSolarPanels/model002
[LOG 18:45:14.663] Load DDS texture: Squad/Parts/Electrical/3x2SolarPanels/model000
[LOG 18:45:14.663] Load DDS texture: Squad/Parts/Electrical/3x2SolarPanels/model001
[LOG 18:45:14.663] Load DDS texture: Squad/Parts/Electrical/3x2SolarPanels/model002
[LOG 18:45:14.663] Load DDS texture: Squad/Parts/Electrical/gigantorXlSolarArray/panel
[LOG 18:45:14.663] Load DDS texture: Squad/Parts/Electrical/radialFlatSolarPanel/model000
[LOG 18:45:14.664] Load DDS texture: Squad/Parts/Electrical/RTG/model000
[LOG 18:45:14.664] Load DDS texture: Squad/Parts/Electrical/z-100Battery/model000
[LOG 18:45:14.664] Load DDS texture: Squad/Parts/Electrical/z-1kBattery/model000
[LOG 18:45:14.664] Load DDS texture: Squad/Parts/Electrical/z-1kBattery/model001
[LOG 18:45:14.666] Load DDS texture: Squad/Parts/Electrical/z-200Battery/ksp_m_batteryPack_diff
[LOG 18:45:14.667] Load DDS texture: Squad/Parts/Electrical/z-400Battery/model000
[LOG 18:45:14.668] Load DDS texture: Squad/Parts/Electrical/z-4kBattery/ksp_l_batteryPack_diff
[LOG 18:45:14.669] Load DDS texture: Squad/Parts/Electrical/z-4kBattery/ksp_l_batteryPack_normal
[LOG 18:45:14.670] Load DDS texture: Squad/Parts/Engine/ionEngine/model000
[LOG 18:45:14.675] Load DDS texture: Squad/Parts/Engine/jetEngines/Jet Engines
[LOG 18:45:14.677] Load DDS texture: Squad/Parts/Engine/jetEngines/Jet_Heat
[LOG 18:45:14.677] Load DDS texture: Squad/Parts/Engine/liquidEngine24-77/engine
[LOG 18:45:14.677] Load DDS texture: Squad/Parts/Engine/liquidEngine24-77_v2/Twitch
[LOG 18:45:14.678] Load DDS texture: Squad/Parts/Engine/liquidEngine24-77_v2/Twitch_G
[LOG 18:45:14.679] Load DDS texture: Squad/Parts/Engine/liquidEngine24-77_v2/Twitch_GLOW
[LOG 18:45:14.679] Load DDS texture: Squad/Parts/Engine/liquidEngine48-7S/ksp_m_liquidEngine_diff
[LOG 18:45:14.679] Load DDS texture: Squad/Parts/Engine/liquidEngine48-7S_v2/Spark
[LOG 18:45:14.679] Load DDS texture: Squad/Parts/Engine/liquidEngine48-7S_v2/Spark_Glow
[LOG 18:45:14.679] Load DDS texture: Squad/Parts/Engine/liquidEngineAerospike/Aerospike
[LOG 18:45:14.679] Load DDS texture: Squad/Parts/Engine/liquidEngineAerospike/Aerospike_Heat
[LOG 18:45:14.679] Load DDS texture: Squad/Parts/Engine/liquidEngineLV-1_v2/Assets/Ant_and_Spider_diffuse
[LOG 18:45:14.680] Load DDS texture: Squad/Parts/Engine/liquidEngineLV-1_v2/Assets/Ant_and_Spider_emissive
[LOG 18:45:14.680] Load DDS texture: Squad/Parts/Engine/liquidEngineLV-1_v2/Assets/Ant_and_Spider_normal
[LOG 18:45:14.680] Load DDS texture: Squad/Parts/Engine/liquidEngineLV-1_v2/Assets/Ant_and_Spider_specular
[LOG 18:45:14.680] Load DDS texture: Squad/Parts/Engine/liquidEngineLV-909_v2/Terrier
[LOG 18:45:14.682] Load DDS texture: Squad/Parts/Engine/liquidEngineLV-909_v2/TerrierFairing
[LOG 18:45:14.682] Load DDS texture: Squad/Parts/Engine/liquidEngineLV-909_v2/Terrier_glow
[LOG 18:45:14.683] Load DDS texture: Squad/Parts/Engine/liquidEngineLV-N/model000
[LOG 18:45:14.684] Load DDS texture: Squad/Parts/Engine/liquidEngineLV-N/model001
[LOG 18:45:14.684] Load DDS texture: Squad/Parts/Engine/liquidEngineLV-N/model002
[LOG 18:45:14.684] Load DDS texture: Squad/Parts/Engine/liquidEngineLV-N/model003
[LOG 18:45:14.685] Load DDS texture: Squad/Parts/Engine/liquidEngineLV-T30/model000
[LOG 18:45:14.685] Load DDS texture: Squad/Parts/Engine/liquidEngineLV-T30/model001
[LOG 18:45:14.685] Load DDS texture: Squad/Parts/Engine/liquidEngineLV-T30/model002
[LOG 18:45:14.685] Load DDS texture: Squad/Parts/Engine/liquidEngineLV-T30_v2/Engine_Emissive
[LOG 18:45:14.692] Load DDS texture: Squad/Parts/Engine/liquidEngineLV-T30_v2/Engine_Normal
[LOG 18:45:14.699] Load DDS texture: Squad/Parts/Engine/liquidEngineLV-T30_v2/Fairing
[LOG 18:45:14.700] Load DDS texture: Squad/Parts/Engine/liquidEngineLV-T30_v2/Reliant_v2-shroud_Diffuse
[LOG 18:45:14.706] Load DDS texture: Squad/Parts/Engine/liquidEngineLV-T30_v2/Reliant_v2_Diffuse
[LOG 18:45:14.715] Load DDS texture: Squad/Parts/Engine/liquidEngineLV-T45/model000
[LOG 18:45:14.715] Load DDS texture: Squad/Parts/Engine/liquidEngineLV-T45/model001
[LOG 18:45:14.717] Load DDS texture: Squad/Parts/Engine/liquidEngineLV-T45/model002
[LOG 18:45:14.717] Load DDS texture: Squad/Parts/Engine/liquidEngineLV-T45/model003
[LOG 18:45:14.717] Load DDS texture: Squad/Parts/Engine/liquidEngineLV-T45_v2/Engine_Emissive
[LOG 18:45:14.727] Load DDS texture: Squad/Parts/Engine/liquidEngineLV-T45_v2/Fairing
[LOG 18:45:14.728] Load DDS texture: Squad/Parts/Engine/liquidEngineLV-T45_v2/Swivel_v2_Diffuse
[LOG 18:45:14.733] Load DDS texture: Squad/Parts/Engine/liquidEngineLV-T45_v2/Swivel_v2_Normal
[LOG 18:45:14.739] Load DDS texture: Squad/Parts/Engine/liquidEngineMainsail_v2/mainsail_diffuse
[LOG 18:45:14.746] Load DDS texture: Squad/Parts/Engine/liquidEngineMainsail_v2/mainsail_emissive
[LOG 18:45:14.749] Load DDS texture: Squad/Parts/Engine/liquidEngineMainsail_v2/mainsail_nrm
[LOG 18:45:14.758] Load DDS texture: Squad/Parts/Engine/liquidEngineMainsail_v2/mainsail_specular
[LOG 18:45:14.765] Load DDS texture: Squad/Parts/Engine/liquidEngineMainsail_v2/Shroud
[LOG 18:45:14.766] Load DDS texture: Squad/Parts/Engine/liquidEngineMk55/Thud
[LOG 18:45:14.766] Load DDS texture: Squad/Parts/Engine/liquidEngineMk55/Thud_Heat
[LOG 18:45:14.767] Load DDS texture: Squad/Parts/Engine/liquidEnginePoodle_v2/poodle
[LOG 18:45:14.768] Load DDS texture: Squad/Parts/Engine/liquidEnginePoodle_v2/PoodleShroud
[LOG 18:45:14.768] Load DDS texture: Squad/Parts/Engine/liquidEnginePoodle_v2/poodle_Glow
[LOG 18:45:14.772] Load DDS texture: Squad/Parts/Engine/liquidEnginePoodle_v2/Poodle_SingleBell_Poodle_Diffuse
[LOG 18:45:14.773] Load DDS texture: Squad/Parts/Engine/liquidEnginePoodle_v2/Poodle_SingleBell_Poodle_Emissive
[LOG 18:45:14.777] Load DDS texture: Squad/Parts/Engine/liquidEnginePoodle_v2/Poodle_SingleBell_Poodle_Normal
[LOG 18:45:14.778] Load DDS texture: Squad/Parts/Engine/liquidEngineSkipper_v2/Shroud
[LOG 18:45:14.779] Load DDS texture: Squad/Parts/Engine/liquidEngineSkipper_v2/skipper_v2_diffuse
[LOG 18:45:14.787] Load DDS texture: Squad/Parts/Engine/liquidEngineSkipper_v2/skipper_v2_emissive
[LOG 18:45:14.793] Load DDS texture: Squad/Parts/Engine/liquidEngineSkipper_v2/skipper_v2_normal
[LOG 18:45:14.802] Load DDS texture: Squad/Parts/Engine/liquidEngineSSME/SSME
[LOG 18:45:14.804] Load DDS texture: Squad/Parts/Engine/liquidEngineSSME/SSME_GLOW
[LOG 18:45:14.805] Load DDS texture: Squad/Parts/Engine/liquidEngineSSME/SSME_NRM
[LOG 18:45:14.805] Load DDS texture: Squad/Parts/Engine/MassiveSRB/solid_booster_cm
[LOG 18:45:14.806] Load DDS texture: Squad/Parts/Engine/MassiveSRB/solid_booster_cm_esa
[LOG 18:45:14.808] Load DDS texture: Squad/Parts/Engine/MassiveSRB/solid_booster_em
[LOG 18:45:14.809] Load DDS texture: Squad/Parts/Engine/MassiveSRB/solid_booster_nm
[LOG 18:45:14.811] Load DDS texture: Squad/Parts/Engine/miniJet/SmallJet
[LOG 18:45:14.815] Load DDS texture: Squad/Parts/Engine/OMSEngine/Puff_diffuse
[LOG 18:45:14.815] Load DDS texture: Squad/Parts/Engine/OMSEngine/Puff_emissive
[LOG 18:45:14.818] Load DDS texture: Squad/Parts/Engine/OMSEngine/Puff_normal
[LOG 18:45:14.818] Load DDS texture: Squad/Parts/Engine/OMSEngine/Puff_specular
[LOG 18:45:14.818] Load DDS texture: Squad/Parts/Engine/rapierEngine/rapierDiffuse
[LOG 18:45:14.841] Load DDS texture: Squad/Parts/Engine/rapierEngine/rapieremit
[LOG 18:45:14.841] Load DDS texture: Squad/Parts/Engine/Size1_SRBs/SRB_O
[LOG 18:45:14.841] Load DDS texture: Squad/Parts/Engine/Size1_SRBs/SRB_W
[LOG 18:45:14.842] Load DDS texture: Squad/Parts/Engine/Size1_SRBs/SRB_Y
[LOG 18:45:14.843] Load DDS texture: Squad/Parts/Engine/Size2LFB/Size2LFBEmissive
[LOG 18:45:14.843] Load DDS texture: Squad/Parts/Engine/Size2LFB/twin_nozzle_booster_cm
[LOG 18:45:14.844] Load DDS texture: Squad/Parts/Engine/Size2LFB/twin_nozzle_booster_nm
[LOG 18:45:14.845] Load DDS texture: Squad/Parts/Engine/Size2LFB_v2/Size2LFBEmissive
[LOG 18:45:14.845] Load DDS texture: Squad/Parts/Engine/Size2LFB_v2/twin_nozzle_booster_cm
[LOG 18:45:14.850] Load DDS texture: Squad/Parts/Engine/Size2LFB_v2/twin_nozzle_booster_nm
[LOG 18:45:14.851] Load DDS texture: Squad/Parts/Engine/Size3AdvancedEngine/decoupler_and_adaptor_cm
[LOG 18:45:14.854] Load DDS texture: Squad/Parts/Engine/Size3AdvancedEngine/Size3AdvancedEngineDiffuse
[LOG 18:45:14.857] Load DDS texture: Squad/Parts/Engine/Size3AdvancedEngine/Size3AdvancedEngineEmissive
[LOG 18:45:14.858] Load DDS texture: Squad/Parts/Engine/Size3AdvancedEngine/Size3AdvancedEngineNormal
[LOG 18:45:14.858] Load DDS texture: Squad/Parts/Engine/Size3EngineCluster/ClusterEngineEmit
[LOG 18:45:14.860] Load DDS texture: Squad/Parts/Engine/Size3EngineCluster/four_nozzle_engine_cm
[LOG 18:45:14.860] Load DDS texture: Squad/Parts/Engine/Size3EngineCluster/four_nozzle_engine_nm
[LOG 18:45:14.862] Load DDS texture: Squad/Parts/Engine/solidBoosterBACC/model000
[LOG 18:45:14.863] Load DDS texture: Squad/Parts/Engine/solidBoosterBACC/model001
[LOG 18:45:14.865] Load DDS texture: Squad/Parts/Engine/solidBoosterBACC/model002
[LOG 18:45:14.866] Load DDS texture: Squad/Parts/Engine/solidBoosterRT-5/RT5
[LOG 18:45:14.866] Load DDS texture: Squad/Parts/Engine/solidBoosterS2-17/solidBoosterS2-17_diffuse
[LOG 18:45:14.888] Load DDS texture: Squad/Parts/Engine/solidBoosterS2-17/solidBoosterS2-17_emissive
[LOG 18:45:14.904] Load DDS texture: Squad/Parts/Engine/solidBoosterS2-17/solidBoosterS2-17_normal
[LOG 18:45:14.923] Load DDS texture: Squad/Parts/Engine/solidBoosterS2-33/solidBoosterS2-33_diffuse
[LOG 18:45:14.959] Load DDS texture: Squad/Parts/Engine/solidBoosterS2-33/solidBoosterS2-33_emissive
[LOG 18:45:15.012] Load DDS texture: Squad/Parts/Engine/solidBoosterS2-33/solidBoosterS2-33_normal
[LOG 18:45:15.073] Load DDS texture: Squad/Parts/Engine/solidBoosterSep/model000
[LOG 18:45:15.073] Load DDS texture: Squad/Parts/Engine/solidBoosterSep/motor
[LOG 18:45:15.073] Load DDS texture: Squad/Parts/Engine/SolidBoostersF/Assets/SolidBoosterF3S0_diffuse
[LOG 18:45:15.074] Load DDS texture: Squad/Parts/Engine/SolidBoostersF/Assets/SolidBoosterF3S0_emissive
[LOG 18:45:15.074] Load DDS texture: Squad/Parts/Engine/SolidBoostersF/Assets/SolidBoosterF3S0_normal
[LOG 18:45:15.075] Load DDS texture: Squad/Parts/FuelTank/adapterTanks/Mk3Adapters
[LOG 18:45:15.098] Load DDS texture: Squad/Parts/FuelTank/drainTankFTE-1/fuelValve_diffuse
[LOG 18:45:15.098] Load DDS texture: Squad/Parts/FuelTank/drainTankFTE-1/fuelValve_nrm
[LOG 18:45:15.099] Load DDS texture: Squad/Parts/FuelTank/FoilTanks/RadialTanks
[LOG 18:45:15.099] Load DDS texture: Squad/Parts/FuelTank/FoilTanks/RadialTanksGold_specular
[LOG 18:45:15.102] Load DDS texture: Squad/Parts/FuelTank/FoilTanks/RadialTanksSilver_specular
[LOG 18:45:15.103] Load DDS texture: Squad/Parts/FuelTank/FoilTanks/RadialTanks_N
[LOG 18:45:15.105] Load DDS texture: Squad/Parts/FuelTank/FoilTanks/RadialTanks_silver
[LOG 18:45:15.106] Load DDS texture: Squad/Parts/FuelTank/fuelTankOscarB/model000
[LOG 18:45:15.106] Load DDS texture: Squad/Parts/FuelTank/fuelTankOscarB/model001
[LOG 18:45:15.106] Load DDS texture: Squad/Parts/FuelTank/fuelTankOscarB/tank
[LOG 18:45:15.107] Load DDS texture: Squad/Parts/FuelTank/fuelTankOscarB/tank_n
[LOG 18:45:15.107] Load DDS texture: Squad/Parts/FuelTank/miniFuselage/Fuselage
[LOG 18:45:15.107] Load DDS texture: Squad/Parts/FuelTank/mk2Adapters/mk2adapters1m
[LOG 18:45:15.117] Load DDS texture: Squad/Parts/FuelTank/mk2FuselageLong/mk2Fuselage
[LOG 18:45:15.119] Load DDS texture: Squad/Parts/FuelTank/mk2FuselageShort/mk2FuselageShort
[LOG 18:45:15.120] Load DDS texture: Squad/Parts/FuelTank/mk3Fuselage/Mk3Fuselage
[LOG 18:45:15.124] Load DDS texture: Squad/Parts/FuelTank/mk3Fuselage/Mk3Fuselage_LUM
[LOG 18:45:15.124] Load DDS texture: Squad/Parts/FuelTank/RCSFuelTankR1/RCSFuelTankR1_01
[LOG 18:45:15.124] Load DDS texture: Squad/Parts/FuelTank/RCSFuelTankR1/RCSFuelTankR1_02
[LOG 18:45:15.125] Load DDS texture: Squad/Parts/FuelTank/RCSFuelTankR1/RCSFuelTankR1_N
[LOG 18:45:15.127] Load DDS texture: Squad/Parts/FuelTank/RCSFuelTankR10/ksp_m_rcsTank_diff
[LOG 18:45:15.127] Load DDS texture: Squad/Parts/FuelTank/RCSFuelTankR10/ksp_m_rcsTank_normal
[LOG 18:45:15.127] Load DDS texture: Squad/Parts/FuelTank/RCSFuelTankR25/FL-R25 RCS Fuel Tank_D
[LOG 18:45:15.127] Load DDS texture: Squad/Parts/FuelTank/RCSFuelTankR25/FL-R25 RCS Fuel Tank_N
[LOG 18:45:15.127] Load DDS texture: Squad/Parts/FuelTank/RCSTankRadial/model000
[LOG 18:45:15.128] Load DDS texture: Squad/Parts/FuelTank/RCStankRadialLong/ksp_r_rcsCylTank_diff
[LOG 18:45:15.128] Load DDS texture: Squad/Parts/FuelTank/RockomaxTanks/Assets/rockomax_16 [AlbedoM] BW
[LOG 18:45:15.135] Load DDS texture: Squad/Parts/FuelTank/RockomaxTanks/Assets/rockomax_16 [AlbedoM] ESA
[LOG 18:45:15.143] Load DDS texture: Squad/Parts/FuelTank/RockomaxTanks/Assets/rockomax_16 [AlbedoM] O
[LOG 18:45:15.151] Load DDS texture: Squad/Parts/FuelTank/RockomaxTanks/Assets/rockomax_16 [Normal] BW
[LOG 18:45:15.162] Load DDS texture: Squad/Parts/FuelTank/RockomaxTanks/Assets/rockomax_16 [Normal]ESA
[LOG 18:45:15.168] Load DDS texture: Squad/Parts/FuelTank/RockomaxTanks/Assets/rockomax_16 [Normal]O
[LOG 18:45:15.179] Load DDS texture: Squad/Parts/FuelTank/RockomaxTanks/Assets/rockomax_32 [AlbedoM] ESA
[LOG 18:45:15.181] Load DDS texture: Squad/Parts/FuelTank/RockomaxTanks/Assets/rockomax_32 [Normal]ESA
[LOG 18:45:15.187] Load DDS texture: Squad/Parts/FuelTank/Size1_Tanks/125Tanks_BW
[LOG 18:45:15.190] Load DDS texture: Squad/Parts/FuelTank/Size1_Tanks/125Tanks_D
[LOG 18:45:15.192] Load DDS texture: Squad/Parts/FuelTank/Size1_Tanks/125Tanks_N
[LOG 18:45:15.196] Load DDS texture: Squad/Parts/FuelTank/Size1_Tanks/125Tanks_O
[LOG 18:45:15.199] Load DDS texture: Squad/Parts/FuelTank/Size1_Tanks/125Tanks_W
[LOG 18:45:15.201] Load DDS texture: Squad/Parts/FuelTank/Size3Tanks/fueltTanks_cm
[LOG 18:45:15.203] Load Cached PNG Texture: Squad/Parts/FuelTank/Size3Tanks/Size3Tanks
[LOG 18:45:15.204] Load Cached PNG Texture: Squad/Parts/FuelTank/Size3Tanks/Size3Tanks_Norm
[LOG 18:45:15.204] Load Cached PNG Texture: Squad/Parts/FuelTank/Size3Tanks/Size3Tanks_Orange
[LOG 18:45:15.214] Load Cached PNG Texture: Squad/Parts/FuelTank/Size3Tanks/Size3Tanks_Orange_Norm
[LOG 18:45:15.220] Load DDS texture: Squad/Parts/FuelTank/xenonTank/model000
[LOG 18:45:15.220] Load DDS texture: Squad/Parts/FuelTank/xenonTank/model001
[LOG 18:45:15.220] Load DDS texture: Squad/Parts/FuelTank/xenonTankLarge/tank
[LOG 18:45:15.224] Load DDS texture: Squad/Parts/FuelTank/xenonTankRadial/ksp_r_xenonTank_diff
[LOG 18:45:15.224] Load DDS texture: Squad/Parts/Misc/AsteroidDay/CamSat
[LOG 18:45:15.227] Load DDS texture: Squad/Parts/Misc/AsteroidDay/CamSat_glow
[LOG 18:45:15.227] Load DDS texture: Squad/Parts/Misc/AsteroidDay/CamSat_N_NRM
[LOG 18:45:15.228] Load DDS texture: Squad/Parts/Misc/AsteroidDay/default
[LOG 18:45:15.228] Load DDS texture: Squad/Parts/Misc/AsteroidDay/hecsDiffuse
[LOG 18:45:15.229] Load DDS texture: Squad/Parts/Misc/AsteroidDay/hecsNormal
[LOG 18:45:15.229] Load DDS texture: Squad/Parts/Misc/AsteroidDay/hecsSpecular
[LOG 18:45:15.230] Load DDS texture: Squad/Parts/Misc/AsteroidDay/JumboHexProbe
[LOG 18:45:15.230] Load DDS texture: Squad/Parts/Misc/AsteroidDay/JumboHexProbe_NORM_NRM
[LOG 18:45:15.230] Load DDS texture: Squad/Parts/Resources/FuelCell/FCLamp
[LOG 18:45:15.230] Load DDS texture: Squad/Parts/Resources/FuelCell/FuelCellRack
[LOG 18:45:15.230] Load DDS texture: Squad/Parts/Resources/FuelCell/fuellcell
[LOG 18:45:15.230] Load DDS texture: Squad/Parts/Resources/ISRU/Processor_Large
[LOG 18:45:15.231] Load DDS texture: Squad/Parts/Resources/LargeTank/ksp_l_resourceContainer_diff
[LOG 18:45:15.234] Load DDS texture: Squad/Parts/Resources/LargeTank/ksp_l_resourceContainer_norm
[LOG 18:45:15.235] Load DDS texture: Squad/Parts/Resources/MiniDrill/DustParticle
[LOG 18:45:15.237] Load DDS texture: Squad/Parts/Resources/MiniDrill/ksp_r_rockProbe_diff
[LOG 18:45:15.238] Load DDS texture: Squad/Parts/Resources/MiniDrill/RockParticle
[LOG 18:45:15.238] Load DDS texture: Squad/Parts/Resources/MiniISRU/ksp_s_processorSmall_diff
[LOG 18:45:15.238] Load DDS texture: Squad/Parts/Resources/OrbitalScanner/detector
[LOG 18:45:15.238] Load DDS texture: Squad/Parts/Resources/RadialDrill/DustParticle
[LOG 18:45:15.238] Load DDS texture: Squad/Parts/Resources/RadialDrill/RockParticle
[LOG 18:45:15.238] Load DDS texture: Squad/Parts/Resources/RadialDrill/TriBitDrill
[LOG 18:45:15.248] Load DDS texture: Squad/Parts/Resources/RadialTank/ksp_r_resourceContainer_psd_2
[LOG 18:45:15.251] Load DDS texture: Squad/Parts/Resources/SmallTank/ksp_s_resourceContainer_diff
[LOG 18:45:15.251] Load DDS texture: Squad/Parts/Resources/SmallTank/ksp_s_resourceContainer_normal
[LOG 18:45:15.252] Load DDS texture: Squad/Parts/Resources/SurfaceScanner/ksp_r_samplerAir_diff
[LOG 18:45:15.253] Load DDS texture: Squad/Parts/Resources/SurveyScanner/dish
[LOG 18:45:15.254] Load DDS texture: Squad/Parts/Resources/SurveyScanner/dish_n
[LOG 18:45:15.254] Load DDS texture: Squad/Parts/Science/AtmosphereSensor/ksp_r_hydroscoop_diff
[LOG 18:45:15.255] Load DDS texture: Squad/Parts/Science/GooExperiment/GooExperiment
[LOG 18:45:15.256] Load DDS texture: Squad/Parts/Science/LargeCrewedLab/Large_Crewed_Lab
[LOG 18:45:15.256] Load DDS texture: Squad/Parts/Science/LargeCrewedLab/Large_Crewed_Lab_glow
[LOG 18:45:15.260] Load DDS texture: Squad/Parts/Science/LargeCrewedLab/window
[LOG 18:45:15.261] Load DDS texture: Squad/Parts/Science/Magnetometer/Magnetometer_diffuse
[LOG 18:45:15.261] Load DDS texture: Squad/Parts/Science/Magnetometer/Magnetometer_nrm
[LOG 18:45:15.261] Load DDS texture: Squad/Parts/Science/MaterialBay/science_module_small
[LOG 18:45:15.266] Load DDS texture: Squad/Parts/Science/MaterialBay/science_module_small_emit
[LOG 18:45:15.266] Load DDS texture: Squad/Parts/Science/MaterialBay/science_module_small_nrm
[LOG 18:45:15.267] Load DDS texture: Squad/Parts/Science/MaterialBay/wires
[LOG 18:45:15.267] Load DDS texture: Squad/Parts/Science/ScienceBox/Container
[LOG 18:45:15.267] Load DDS texture: Squad/Parts/Science/sensorAccelerometer/model000
[LOG 18:45:15.267] Load DDS texture: Squad/Parts/Science/sensorBarometer/model000
[LOG 18:45:15.267] Load DDS texture: Squad/Parts/Science/sensorGravimeter/model000
[LOG 18:45:15.267] Load DDS texture: Squad/Parts/Science/sensorThermometer/model000
[LOG 18:45:15.268] Load DDS texture: Squad/Parts/Structural/FLAdapters/Assets/FLA-Adapters_diffuse
[LOG 18:45:15.270] Load DDS texture: Squad/Parts/Structural/FLAdapters/Assets/FLA-Adapters_diffuse_O
[LOG 18:45:15.271] Load DDS texture: Squad/Parts/Structural/FLAdapters/Assets/FLA-Adapters_normal
[LOG 18:45:15.276] Load DDS texture: Squad/Parts/Structural/FLAdapters/Assets/FLA-Adapters_normal_O
[LOG 18:45:15.277] Load DDS texture: Squad/Parts/Structural/mk1Parts/Mk1Structural
[LOG 18:45:15.278] Load DDS texture: Squad/Parts/Structural/mk1Parts/Mk1StructuralHeat
[LOG 18:45:15.279] Load Cached PNG Texture: Squad/Parts/Structural/mk1Parts/@thumbs/MK1Fuselage_icon
[LOG 18:45:15.279] Load DDS texture: Squad/Parts/Structural/Size3To2Adapter_v2/Size2to3_BW_Diffuse
[LOG 18:45:15.285] Load DDS texture: Squad/Parts/Structural/Size3To2Adapter_v2/Size2to3_DUMMY_NRM
[LOG 18:45:15.286] Load DDS texture: Squad/Parts/Structural/Size3To2Adapter_v2/Size2to3_O_Diffuse
[LOG 18:45:15.294] Load DDS texture: Squad/Parts/Structural/Size3To2Adapter_v2/Size2to3_W_Diffuse
[LOG 18:45:15.301] Load DDS texture: Squad/Parts/Structural/Size3To2Adapter_v2/Size2to3_W_NRM
[LOG 18:45:15.306] Load DDS texture: Squad/Parts/Structural/stackAdapters/Assets/stackAdapters_diffuse
[LOG 18:45:15.308] Load DDS texture: Squad/Parts/Structural/stackAdapters/Assets/stackAdapters_diffuse_Dark
[LOG 18:45:15.309] Load DDS texture: Squad/Parts/Structural/stackAdapters/Assets/stackAdapters_diffuse_Orange
[LOG 18:45:15.310] Load DDS texture: Squad/Parts/Structural/stackAdapters/Assets/stackAdapters_normal
[LOG 18:45:15.312] Load DDS texture: Squad/Parts/Structural/stackAdapters/Assets/stackAdapters_normal_Orange
[LOG 18:45:15.313] Load DDS texture: Squad/Parts/Structural/stationHub/model000
[LOG 18:45:15.313] Load DDS texture: Squad/Parts/Structural/stationHub/model001
[LOG 18:45:15.313] Load DDS texture: Squad/Parts/Structural/structuralIBeam200/model000
[LOG 18:45:15.314] Load DDS texture: Squad/Parts/Structural/structuralIBeam200Pocket/model000
[LOG 18:45:15.314] Load DDS texture: Squad/Parts/Structural/structuralIBeam650/model000
[LOG 18:45:15.314] Load DDS texture: Squad/Parts/Structural/structuralMicronode/model000
[LOG 18:45:15.314] Load DDS texture: Squad/Parts/Structural/structuralPanel1x1/model000
[LOG 18:45:15.314] Load DDS texture: Squad/Parts/Structural/structuralPanel1x1/model001
[LOG 18:45:15.314] Load DDS texture: Squad/Parts/Structural/structuralPanel2x2/model000
[LOG 18:45:15.314] Load DDS texture: Squad/Parts/Structural/structuralPanel2x2/model001
[LOG 18:45:15.315] Load DDS texture: Squad/Parts/Structural/structuralPylons/Pylons
[LOG 18:45:15.315] Load DDS texture: Squad/Parts/Structural/strutCubicOcto/cubestrut
[LOG 18:45:15.315] Load DDS texture: Squad/Parts/Structural/strutOcto/model000
[LOG 18:45:15.315] Load DDS texture: Squad/Parts/Structural/trussGirderAdapter/model000
[LOG 18:45:15.315] Load DDS texture: Squad/Parts/Structural/trussGirderAdapter/model001
[LOG 18:45:15.315] Load DDS texture: Squad/Parts/Structural/trussGirderL/model000
[LOG 18:45:15.316] Load DDS texture: Squad/Parts/Structural/trussGirderXL/model000
[LOG 18:45:15.316] Load DDS texture: Squad/Parts/Thermal/FoldingRadiators/radiator
[LOG 18:45:15.317] Load DDS texture: Squad/Parts/Thermal/FoldingRadiators/radiator_N_NRM
[LOG 18:45:15.319] Load DDS texture: Squad/Parts/Thermal/RadiatorPanels/radPanel
[LOG 18:45:15.321] Load DDS texture: Squad/Parts/Thermal/RadiatorPanels/radPanel_N_NRM
[LOG 18:45:15.323] Load DDS texture: Squad/Parts/Utility/commDish88-88/comm_dish_array
[LOG 18:45:15.324] Load DDS texture: Squad/Parts/Utility/commDish88-88/comm_dish_v2_diff
[LOG 18:45:15.324] Load DDS texture: Squad/Parts/Utility/commDish88-88/model000
[LOG 18:45:15.324] Load DDS texture: Squad/Parts/Utility/commsAntennaDTS-M1/mediumDishAntenna
[LOG 18:45:15.325] Load DDS texture: Squad/Parts/Utility/commsAntennaDTS-M1/mediumDishAntenna_Emit
[LOG 18:45:15.325] Load DDS texture: Squad/Parts/Utility/commsDish16/model000
[LOG 18:45:15.325] Load DDS texture: Squad/Parts/Utility/decouplerRadialHDM/model000
[LOG 18:45:15.325] Load DDS texture: Squad/Parts/Utility/decouplerRadialTT-38K/model000
[LOG 18:45:15.326] Load DDS texture: Squad/Parts/Utility/decouplerRadialTT-38K/model001
[LOG 18:45:15.330] Load DDS texture: Squad/Parts/Utility/decouplerRadialTT-70/model000
[LOG 18:45:15.330] Load DDS texture: Squad/Parts/Utility/DirectAntennas/MiniAntenna
[LOG 18:45:15.330] Load DDS texture: Squad/Parts/Utility/dockingPort/Arrow Pointer
[LOG 18:45:15.330] Load DDS texture: Squad/Parts/Utility/dockingPort/DockingPorts_Clampotron_Diffuse
[LOG 18:45:15.336] Load DDS texture: Squad/Parts/Utility/dockingPort/DockingPorts_Clampotron_Emissive
[LOG 18:45:15.339] Load DDS texture: Squad/Parts/Utility/dockingPort/DockingPorts_Clampotron_Normal
[LOG 18:45:15.345] Load DDS texture: Squad/Parts/Utility/dockingPortInline/Arrow Pointer
[LOG 18:45:15.348] Load DDS texture: Squad/Parts/Utility/dockingPortInline/ClampotronLinear_ClampotronLinear_Diffuse
[LOG 18:45:15.352] Load DDS texture: Squad/Parts/Utility/dockingPortInline/ClampotronLinear_ClampotronLinear_Emissive
[LOG 18:45:15.354] Load DDS texture: Squad/Parts/Utility/dockingPortInline/ClampotronLinear_ClampotronLinear_Normal
[LOG 18:45:15.360] Load DDS texture: Squad/Parts/Utility/dockingPortInline/DockingPorts_Clampotron_Diffuse
[LOG 18:45:15.366] Load DDS texture: Squad/Parts/Utility/dockingPortInline/DockingPorts_Clampotron_Emissive
[LOG 18:45:15.368] Load DDS texture: Squad/Parts/Utility/dockingPortInline/DockingPorts_Clampotron_Normal
[LOG 18:45:15.375] Load DDS texture: Squad/Parts/Utility/dockingPortJr/Arrow Pointer
[LOG 18:45:15.375] Load DDS texture: Squad/Parts/Utility/dockingPortJr/DockingPorts_ClampotronJR_Diffuse
[LOG 18:45:15.377] Load DDS texture: Squad/Parts/Utility/dockingPortJr/DockingPorts_ClampotronJR_Normal
[LOG 18:45:15.378] Load DDS texture: Squad/Parts/Utility/dockingPortJr/model000
[LOG 18:45:15.378] Load DDS texture: Squad/Parts/Utility/dockingPortShielded/Arrow Pointer
[LOG 18:45:15.378] Load DDS texture: Squad/Parts/Utility/dockingPortShielded/Clamp-O-Tron Shielded Docking Port_ClampotronShielded_Diffuse
[LOG 18:45:15.384] Load DDS texture: Squad/Parts/Utility/dockingPortShielded/Clamp-O-Tron Shielded Docking Port_ClampotronShielded_Normal
[LOG 18:45:15.390] Load DDS texture: Squad/Parts/Utility/dockingPortShielded/DockingPorts_Clampotron_Diffuse
[LOG 18:45:15.396] Load DDS texture: Squad/Parts/Utility/dockingPortShielded/DockingPorts_Clampotron_Emissive
[LOG 18:45:15.398] Load DDS texture: Squad/Parts/Utility/dockingPortShielded/DockingPorts_Clampotron_Normal
[LOG 18:45:15.404] Load DDS texture: Squad/Parts/Utility/dockingPortSr/Arrow Pointer
[LOG 18:45:15.405] Load DDS texture: Squad/Parts/Utility/dockingPortSr/ClampotronSr_ClampotronSr_Diffuse
[LOG 18:45:15.412] Load DDS texture: Squad/Parts/Utility/dockingPortSr/ClampotronSr_ClampotronSr_Diffuse_gray
[LOG 18:45:15.417] Load DDS texture: Squad/Parts/Utility/dockingPortSr/ClampotronSr_ClampotronSr_Emissive
[LOG 18:45:15.421] Load DDS texture: Squad/Parts/Utility/dockingPortSr/ClampotronSr_ClampotronSr_Normal
[LOG 18:45:15.427] Load Cached PNG Texture: Squad/Parts/Utility/Fireworks/Assets/fireworks_launcher_big 1
[LOG 18:45:15.432] Load Cached PNG Texture: Squad/Parts/Utility/Fireworks/Assets/fireworks_launcher_big
[LOG 18:45:15.437] Load Cached PNG Texture: Squad/Parts/Utility/flags/backgroundTextures/dark_background
[LOG 18:45:15.438] Load Cached PNG Texture: Squad/Parts/Utility/flags/backgroundTextures/orange_background
[LOG 18:45:15.438] Load Cached PNG Texture: Squad/Parts/Utility/flags/backgroundTextures/white_background
[LOG 18:45:15.438] Load DDS texture: Squad/Parts/Utility/GrapplingDevice/grabberDiffuse
[LOG 18:45:15.439] Load DDS texture: Squad/Parts/Utility/GrapplingDevice/grabberDiffuse_dark
[LOG 18:45:15.442] Load DDS texture: Squad/Parts/Utility/GrapplingDevice/grabberNRM
[LOG 18:45:15.445] Load DDS texture: Squad/Parts/Utility/GrapplingDevice/window
[LOG 18:45:15.446] Load DDS texture: Squad/Parts/Utility/ladderRadial/model000
[LOG 18:45:15.446] Load DDS texture: Squad/Parts/Utility/ladderTelescopic/model000
[LOG 18:45:15.446] Load DDS texture: Squad/Parts/Utility/ladderTelescopic/model001
[LOG 18:45:15.448] Load DDS texture: Squad/Parts/Utility/ladderTelescopic/model002
[LOG 18:45:15.452] Load DDS texture: Squad/Parts/Utility/ladderTelescopicBay/model000
[LOG 18:45:15.452] Load DDS texture: Squad/Parts/Utility/ladderTelescopicBay/model001
[LOG 18:45:15.453] Load DDS texture: Squad/Parts/Utility/landingLegLT-1/ksp_r_landingStrut_diff
[LOG 18:45:15.453] Load DDS texture: Squad/Parts/Utility/landingLegLT-2/landingLeg
[LOG 18:45:15.453] Load DDS texture: Squad/Parts/Utility/landingLegLT-5/leg
[LOG 18:45:15.453] Load DDS texture: Squad/Parts/Utility/landingLegLT-5/model000
[LOG 18:45:15.453] Load DDS texture: Squad/Parts/Utility/launchClamp1/model000
[LOG 18:45:15.453] Load DDS texture: Squad/Parts/Utility/launchClamp1/model001
[LOG 18:45:15.454] Load DDS texture: Squad/Parts/Utility/launchEscapeSystem/LES_Diffuse
[LOG 18:45:15.455] Load DDS texture: Squad/Parts/Utility/Lights/Assets/Lights_Attacheable_Lights_Diffuse
[LOG 18:45:15.455] Load DDS texture: Squad/Parts/Utility/Lights/Assets/Lights_Attacheable_Lights_Diffuse_white
[LOG 18:45:15.455] Load DDS texture: Squad/Parts/Utility/Lights/Assets/Lights_Attacheable_Lights_Emissive
[LOG 18:45:15.455] Load DDS texture: Squad/Parts/Utility/Lights/Assets/Lights_Attacheable_Lights_Normal
[LOG 18:45:15.455] Load DDS texture: Squad/Parts/Utility/Lights/Assets/Lights_Rectangle_Light_Diffuse
[LOG 18:45:15.463] Load DDS texture: Squad/Parts/Utility/Lights/Assets/Lights_Rectangle_Light_Diffuse_white
[LOG 18:45:15.472] Load DDS texture: Squad/Parts/Utility/Lights/Assets/Lights_Rectangle_Light_Emissive
[LOG 18:45:15.482] Load DDS texture: Squad/Parts/Utility/Lights/Assets/Lights_Rectangle_Light_Normal
[LOG 18:45:15.488] Load DDS texture: Squad/Parts/Utility/Lights/Assets/Lights_Worklights_Diffuse
[LOG 18:45:15.493] Load DDS texture: Squad/Parts/Utility/Lights/Assets/Lights_Worklights_Emissive
[LOG 18:45:15.494] Load DDS texture: Squad/Parts/Utility/Lights/Assets/Lights_Worklights_Normal
[LOG 18:45:15.495] Load DDS texture: Squad/Parts/Utility/Lights/Assets/Spotlight_Attacheable_Lights_Diffuse
[LOG 18:45:15.496] Load DDS texture: Squad/Parts/Utility/Lights/Assets/Spotlight_Attacheable_Lights_Diffuse_white
[LOG 18:45:15.496] Load DDS texture: Squad/Parts/Utility/Lights/Assets/Spotlight_Attacheable_Lights_Emissive
[LOG 18:45:15.497] Load DDS texture: Squad/Parts/Utility/Lights/Assets/Spotlight_Attacheable_Lights_Normal
[LOG 18:45:15.497] Load DDS texture: Squad/Parts/Utility/linearVernorRCS/Assets/linear_vernor_diffuse
[LOG 18:45:15.497] Load DDS texture: Squad/Parts/Utility/linearVernorRCS/Assets/linear_vernor_emissive
[LOG 18:45:15.497] Load DDS texture: Squad/Parts/Utility/linearVernorRCS/Assets/linear_vernor_normalDummy
[LOG 18:45:15.497] Load DDS texture: Squad/Parts/Utility/linearVernorRCS/Assets/linear_vernor_specular
[LOG 18:45:15.497] Load DDS texture: Squad/Parts/Utility/mk2CargoBay/mk2CargoBay
[LOG 18:45:15.499] Load DDS texture: Squad/Parts/Utility/mk2CrewCabin/mk2CrewCabin
[LOG 18:45:15.499] Load DDS texture: Squad/Parts/Utility/mk2CrewCabin/mk2CrewCabin_LUM
[LOG 18:45:15.499] Load DDS texture: Squad/Parts/Utility/mk2DockingPort/Arrow Pointer
[LOG 18:45:15.499] Load DDS texture: Squad/Parts/Utility/mk2DockingPort/Mk2Clampotron_Caps_Diffuse
[LOG 18:45:15.499] Load DDS texture: Squad/Parts/Utility/mk2DockingPort/Mk2Clampotron_Caps_Emmisive
[LOG 18:45:15.500] Load DDS texture: Squad/Parts/Utility/mk2DockingPort/Mk2Clampotron_Caps_Normal
[LOG 18:45:15.500] Load DDS texture: Squad/Parts/Utility/mk2DockingPort/Mk2Clampotron_Mk2Clampotron_Diffuse
[LOG 18:45:15.506] Load DDS texture: Squad/Parts/Utility/mk2DockingPort/Mk2Clampotron_Mk2Clampotron_Emissive
[LOG 18:45:15.507] Load DDS texture: Squad/Parts/Utility/mk2DockingPort/Mk2Clampotron_Mk2Clampotron_Normal
[LOG 18:45:15.513] Load DDS texture: Squad/Parts/Utility/mk2DockingPort/mk2DockingPort
[LOG 18:45:15.516] Load DDS texture: Squad/Parts/Utility/mk3CargoBay/Mk3CargoBay
[LOG 18:45:15.517] Load DDS texture: Squad/Parts/Utility/parachuteMk1/model000
[LOG 18:45:15.517] Load DDS texture: Squad/Parts/Utility/parachuteMk1/model001
[LOG 18:45:15.518] Load DDS texture: Squad/Parts/Utility/parachuteMk12-R/model000
[LOG 18:45:15.518] Load DDS texture: Squad/Parts/Utility/parachuteMk12-R/model001
[LOG 18:45:15.518] Load DDS texture: Squad/Parts/Utility/parachuteMk16-XL/model000
[LOG 18:45:15.518] Load DDS texture: Squad/Parts/Utility/parachuteMk16-XL/model001
[LOG 18:45:15.518] Load DDS texture: Squad/Parts/Utility/parachuteMk2-R/model000
[LOG 18:45:15.518] Load DDS texture: Squad/Parts/Utility/parachuteMk2-R/model001
[LOG 18:45:15.518] Load DDS texture: Squad/Parts/Utility/parachuteMk25/model000
[LOG 18:45:15.519] Load DDS texture: Squad/Parts/Utility/parachuteMk25/model001
[LOG 18:45:15.519] Load DDS texture: Squad/Parts/Utility/radialAttachmentPoint/model000
[LOG 18:45:15.519] Load DDS texture: Squad/Parts/Utility/radialAttachmentPoint/model001
[LOG 18:45:15.519] Load DDS texture: Squad/Parts/Utility/rcsBlockRV-105_v2/rcsBlock_diffuse
[LOG 18:45:15.519] Load DDS texture: Squad/Parts/Utility/rcsBlockRV-105_v2/rcsThrusterBlock_normal
[LOG 18:45:15.519] Load DDS texture: Squad/Parts/Utility/rcsBlockRV-105_v2/rcsThruster_emissive
[LOG 18:45:15.519] Load DDS texture: Squad/Parts/Utility/rcsBlockRV-105_v2/rcsThruster_specular
[LOG 18:45:15.519] Load DDS texture: Squad/Parts/Utility/rcsBlockRV-105_v2/RCS_Block_Diffuse
[LOG 18:45:15.520] Load DDS texture: Squad/Parts/Utility/rcsBlockRV-105_v2/RCS_Block_Emissive
[LOG 18:45:15.520] Load DDS texture: Squad/Parts/Utility/rcsBlockRV-105_v2/RCS_Block_Normal
[LOG 18:45:15.520] Load DDS texture: Squad/Parts/Utility/rcsBlockRV-105_v2/RCS_Block_Specular
[LOG 18:45:15.520] Load DDS texture: Squad/Parts/Utility/rcsSmallLinear/Assets/RCS_Linear_Base_Diffuse
[LOG 18:45:15.520] Load DDS texture: Squad/Parts/Utility/rcsSmallLinear/Assets/RCS_Linear_Diffuse
[LOG 18:45:15.520] Load DDS texture: Squad/Parts/Utility/rcsSmallLinear/Assets/RCS_Linear_Emissive
[LOG 18:45:15.520] Load DDS texture: Squad/Parts/Utility/rcsSmallLinear/Assets/RCS_Linear_Normal
[LOG 18:45:15.520] Load DDS texture: Squad/Parts/Utility/rcsSmallLinear/Assets/RCS_Linear_Specular
[LOG 18:45:15.521] Load DDS texture: Squad/Parts/Utility/RelayAntennas/DishAntenna
[LOG 18:45:15.521] Load DDS texture: Squad/Parts/Utility/RelayAntennas/MiniAntenna
[LOG 18:45:15.521] Load DDS texture: Squad/Parts/Utility/rockomaxAdapters/Assets/Rockomax_Adapters_diffuse
[LOG 18:45:15.523] Load DDS texture: Squad/Parts/Utility/rockomaxAdapters/Assets/Rockomax_Adapters_diffuse_O
[LOG 18:45:15.524] Load DDS texture: Squad/Parts/Utility/rockomaxAdapters/Assets/Rockomax_Adapters_diffuse_W
[LOG 18:45:15.526] Load DDS texture: Squad/Parts/Utility/rockomaxAdapters/Assets/Rockomax_Adapters_normal
[LOG 18:45:15.528] Load DDS texture: Squad/Parts/Utility/rockomaxAdapters/Assets/Rockomax_Adapters_normal_O
[LOG 18:45:15.529] Load DDS texture: Squad/Parts/Utility/ServiceBay/ServiceBay
[LOG 18:45:15.530] Load Cached PNG Texture: Squad/Parts/Utility/ServiceBay_v2/Assets/Scratch
[LOG 18:45:15.531] Load Cached PNG Texture: Squad/Parts/Utility/ServiceBay_v2/Assets/ServiceBay_bump
[LOG 18:45:15.532] Load Cached PNG Texture: Squad/Parts/Utility/ServiceBay_v2/Assets/ServiceBay_v2
[LOG 18:45:15.533] Load DDS texture: Squad/Parts/Utility/smallClaw/grabberSmallDiffuse
[LOG 18:45:15.534] Load DDS texture: Squad/Parts/Utility/smallClaw/grabberSmallDiffuseDark
[LOG 18:45:15.534] Load DDS texture: Squad/Parts/Utility/smallClaw/grabberSmallNRM
[LOG 18:45:15.534] Load DDS texture: Squad/Parts/Utility/smallClaw/window
[LOG 18:45:15.534] Load DDS texture: Squad/Parts/Utility/spotLightMk1/light1
[LOG 18:45:15.534] Load DDS texture: Squad/Parts/Utility/spotLightMk1/light1_em
[LOG 18:45:15.534] Load DDS texture: Squad/Parts/Utility/spotLightMk1_v2/spotLightMk1_Diffuse
[LOG 18:45:15.534] Load DDS texture: Squad/Parts/Utility/spotLightMk1_v2/spotLightMk1_Diffuse_white
[LOG 18:45:15.535] Load DDS texture: Squad/Parts/Utility/spotLightMk1_v2/spotLightMk1_Emissive
[LOG 18:45:15.535] Load DDS texture: Squad/Parts/Utility/spotLightMk1_v2/spotLightMk1_Normal
[LOG 18:45:15.535] Load DDS texture: Squad/Parts/Utility/spotLightMk2/light2
[LOG 18:45:15.535] Load DDS texture: Squad/Parts/Utility/spotLightMk2/light2_em
[LOG 18:45:15.535] Load DDS texture: Squad/Parts/Utility/spotLightMk2_v2/spotLightMk2_Diffuse
[LOG 18:45:15.535] Load DDS texture: Squad/Parts/Utility/spotLightMk2_v2/spotLightMk2_Diffuse_white
[LOG 18:45:15.536] Load DDS texture: Squad/Parts/Utility/spotLightMk2_v2/spotLightMk2_Emissive
[LOG 18:45:15.536] Load DDS texture: Squad/Parts/Utility/spotLightMk2_v2/spotLightMk2_Normal
[LOG 18:45:15.536] Load DDS texture: Squad/Parts/Utility/stackCouplers/Assets/stackCouplersDiffuse
[LOG 18:45:15.537] Load DDS texture: Squad/Parts/Utility/stackCouplers/Assets/stackCouplersDiffuse_Dark
[LOG 18:45:15.539] Load DDS texture: Squad/Parts/Utility/stackCouplers/Assets/stackCouplersDiffuse_Orange
[LOG 18:45:15.540] Load DDS texture: Squad/Parts/Utility/stackCouplers/Assets/stackCouplers_NRM
[LOG 18:45:15.543] Load DDS texture: Squad/Parts/Utility/stackCouplers/Assets/stackCouplers_Orange_NRM
[LOG 18:45:15.544] Load DDS texture: Squad/Parts/Wheel/LandingGear/Flare
[LOG 18:45:15.544] Load DDS texture: Squad/Parts/Wheel/LandingGear/LandingGear
[LOG 18:45:15.546] Load DDS texture: Squad/Parts/Wheel/LandingGear/LandingGear_Emissive
[LOG 18:45:15.546] Load DDS texture: Squad/Parts/Wheel/roverWheelM1/model000
[LOG 18:45:15.546] Load DDS texture: Squad/Parts/Wheel/roverWheelM1/roverwheel1
[LOG 18:45:15.546] Load DDS texture: Squad/Parts/Wheel/roverWheelS2/model000
[LOG 18:45:15.546] Load DDS texture: Squad/Parts/Wheel/roverWheelS2/model001
[LOG 18:45:15.548] Load DDS texture: Squad/Parts/Wheel/roverWheelS2/roverwheel2
[LOG 18:45:15.549] Load DDS texture: Squad/Parts/Wheel/roverWheelS2/roverwheel2_n
[LOG 18:45:15.549] Load DDS texture: Squad/Parts/Wheel/roverWheelTR-2L/ksp_r_medWheel_diff
[LOG 18:45:15.550] Load DDS texture: Squad/Parts/Wheel/roverWheelTR-2L/ksp_r_medWheel_normal
[LOG 18:45:15.550] Load DDS texture: Squad/Parts/Wheel/roverWheelTR-2L/ksp_r_medWheel_wheel_diff
[LOG 18:45:15.551] Load DDS texture: Squad/Parts/Wheel/roverWheelTR-2L/ksp_r_medWheel_wheel_normal
[LOG 18:45:15.552] Load DDS texture: Squad/Parts/Wheel/roverWheelXL3/mount
[LOG 18:45:15.552] Load DDS texture: Squad/Parts/Wheel/roverWheelXL3/mount_n
[LOG 18:45:15.553] Load DDS texture: Squad/Parts/Wheel/roverWheelXL3/wheel
[LOG 18:45:15.553] Load DDS texture: Squad/Parts/Wheel/roverWheelXL3/wheel_n
[LOG 18:45:15.553] Load DDS texture: Squad/Props/AltimeterThreeHands/model000
[LOG 18:45:15.553] Load DDS texture: Squad/Props/AltimeterThreeHands/model001
[LOG 18:45:15.553] Load DDS texture: Squad/Props/AtmosphereDepth/model000
[LOG 18:45:15.553] Load DDS texture: Squad/Props/AtmosphereDepth/model001
[LOG 18:45:15.553] Load DDS texture: Squad/Props/AxisIndicator/model000
[LOG 18:45:15.553] Load DDS texture: Squad/Props/buttonsGeneric/ButtonsAndSwitches
[LOG 18:45:15.554] Load DDS texture: Squad/Props/ButtonSquare/model000
[LOG 18:45:15.554] Load DDS texture: Squad/Props/circularButton/model000
[LOG 18:45:15.554] Load DDS texture: Squad/Props/Compass/model000
[LOG 18:45:15.554] Load DDS texture: Squad/Props/directionalKnob/model000
[LOG 18:45:15.554] Load DDS texture: Squad/Props/directionalKnob2/model000
[LOG 18:45:15.554] Load DDS texture: Squad/Props/IndicatorPanel/model000
[LOG 18:45:15.555] Load DDS texture: Squad/Props/IndicatorPanel/model001
[LOG 18:45:15.555] Load DDS texture: Squad/Props/IVANavBall/Arrows8dir
[LOG 18:45:15.555] Load DDS texture: Squad/Props/IVANavBall/IVANavBall
[LOG 18:45:15.555] Load DDS texture: Squad/Props/IVANavBall/IVANavBall_Glow
[LOG 18:45:15.555] Load DDS texture: Squad/Props/IVANavBall/ManeuverNode_vectors
[LOG 18:45:15.555] Load DDS texture: Squad/Props/IVANavBall/navball2
[LOG 18:45:15.555] Load DDS texture: Squad/Props/IVANavBall/navBall_DV_IVA
[LOG 18:45:15.555] Load DDS texture: Squad/Props/IVANavBall/navBall_vectors_IVA
[LOG 18:45:15.555] Load Cached PNG Texture: Squad/Props/IVANavBallNoBase/Arrows8dir
[LOG 18:45:15.555] Load Cached PNG Texture: Squad/Props/IVANavBallNoBase/IVANavBall
[LOG 18:45:15.555] Load Cached PNG Texture: Squad/Props/IVANavBallNoBase/ManeuverNode_vectors
[LOG 18:45:15.555] Load Cached PNG Texture: Squad/Props/IVANavBallNoBase/navball2
[LOG 18:45:15.555] Load Cached PNG Texture: Squad/Props/IVANavBallNoBase/navBall_DV_IVA
[LOG 18:45:15.555] Load Cached PNG Texture: Squad/Props/IVANavBallNoBase/navBall_vectors_IVA
[LOG 18:45:15.555] Load DDS texture: Squad/Props/ledPanelSpeed/circularButton
[LOG 18:45:15.556] Load DDS texture: Squad/Props/ledPanelSpeed/ledPanel
[LOG 18:45:15.556] Load DDS texture: Squad/Props/Monitor/Emissives
[LOG 18:45:15.556] Load DDS texture: Squad/Props/Monitor/Emissives_glow
[LOG 18:45:15.556] Load DDS texture: Squad/Props/Monitor/Monitor
[LOG 18:45:15.556] Load DDS texture: Squad/Props/NavBall/GaugeGee
[LOG 18:45:15.556] Load DDS texture: Squad/Props/NavBall/GaugeThrottle
[LOG 18:45:15.556] Load DDS texture: Squad/Props/NavBall/model000
[LOG 18:45:15.556] Load DDS texture: Squad/Props/NavBall/model001
[LOG 18:45:15.556] Load DDS texture: Squad/Props/NavBall/model002
[LOG 18:45:15.556] Load DDS texture: Squad/Props/NavBall/model003
[LOG 18:45:15.556] Load DDS texture: Squad/Props/PropsGeneric/propsGeneric
[LOG 18:45:15.557] Load DDS texture: Squad/Props/pullSwitch/model000
[LOG 18:45:15.557] Load DDS texture: Squad/Props/pullSwitch/model001
[LOG 18:45:15.557] Load DDS texture: Squad/Props/radarAltitude/model000
[LOG 18:45:15.557] Load DDS texture: Squad/Props/squareButton/model000
[LOG 18:45:15.557] Load DDS texture: Squad/Props/standingSwitch/model000
[LOG 18:45:15.557] Load DDS texture: Squad/Props/standingSwitch/model001
[LOG 18:45:15.557] Load DDS texture: Squad/Props/switch/model000
[LOG 18:45:15.558] Load DDS texture: Squad/Props/switchGuard/model000
[LOG 18:45:15.558] Load DDS texture: Squad/Props/switchWithGuards/model000
[LOG 18:45:15.558] Load DDS texture: Squad/Props/switchWithGuards/model001
[LOG 18:45:15.558] Load DDS texture: Squad/Props/switchWithGuards/model002
[LOG 18:45:15.558] Load DDS texture: Squad/Props/throttle/model000
[LOG 18:45:15.558] Load DDS texture: Squad/Props/throttle/model001
[LOG 18:45:15.560] Load DDS texture: Squad/Props/VSI/model000
[LOG 18:45:15.560] Load DDS texture: Squad/Spaces/crewCabinInternals/model000
[LOG 18:45:15.560] Load DDS texture: Squad/Spaces/crewCabinInternals/model001
[LOG 18:45:15.567] Load DDS texture: Squad/Spaces/crewCabinInternals/model002
[LOG 18:45:15.567] Load DDS texture: Squad/Spaces/crewCabinInternals/model003
[LOG 18:45:15.568] Load DDS texture: Squad/Spaces/crewCabinInternals/model004
[LOG 18:45:15.568] Load DDS texture: Squad/Spaces/crewCabinInternals/model005
[LOG 18:45:15.569] Load DDS texture: Squad/Spaces/cupolaInternal/ksp_l_cupola_internal_diff
[LOG 18:45:15.573] Load DDS texture: Squad/Spaces/cupolaInternal/ksp_l_cupola_internal_normal
[LOG 18:45:15.580] Load DDS texture: Squad/Spaces/cupolaInternal/ksp_l_cupola_internal_windows_alpha
[LOG 18:45:15.580] Load DDS texture: Squad/Spaces/cupolaInternal/pilot Seat
[LOG 18:45:15.583] Load DDS texture: Squad/Spaces/GenericSpace1/model000
[LOG 18:45:15.584] Load DDS texture: Squad/Spaces/GenericSpace1/model001
[LOG 18:45:15.586] Load DDS texture: Squad/Spaces/GenericSpace1/model002
[LOG 18:45:15.588] Load DDS texture: Squad/Spaces/GenericSpace1/model003
[LOG 18:45:15.589] Load DDS texture: Squad/Spaces/GenericSpace1/model004
[LOG 18:45:15.595] Load DDS texture: Squad/Spaces/GenericSpace1/model005
[LOG 18:45:15.597] Load DDS texture: Squad/Spaces/GenericSpace3/model000
[LOG 18:45:15.599] Load DDS texture: Squad/Spaces/GenericSpace3/model001
[LOG 18:45:15.599] Load DDS texture: Squad/Spaces/GenericSpace3/model002
[LOG 18:45:15.600] Load DDS texture: Squad/Spaces/GenericSpace3/model003
[LOG 18:45:15.602] Load DDS texture: Squad/Spaces/GenericSpace3/model004
[LOG 18:45:15.604] Load DDS texture: Squad/Spaces/GenericSpace3/model005
[LOG 18:45:15.605] Load DDS texture: Squad/Spaces/GenericSpace3/model006
[LOG 18:45:15.605] Load DDS texture: Squad/Spaces/GenericSpace3/model007
[LOG 18:45:15.606] Load DDS texture: Squad/Spaces/landerCabinInternals/model000
[LOG 18:45:15.608] Load DDS texture: Squad/Spaces/landerCabinInternals/model001
[LOG 18:45:15.610] Load DDS texture: Squad/Spaces/landerCabinInternals/model002
[LOG 18:45:15.611] Load DDS texture: Squad/Spaces/landerCabinInternals/model003
[LOG 18:45:15.618] Load DDS texture: Squad/Spaces/landerCabinInternals/model004
[LOG 18:45:15.620] Load DDS texture: Squad/Spaces/landerCabinInternals/model005
[LOG 18:45:15.620] Load DDS texture: Squad/Spaces/landerCabinInternals/model006
[LOG 18:45:15.620] Load DDS texture: Squad/Spaces/landerCabinInternals/model007
[LOG 18:45:15.620] Load DDS texture: Squad/Spaces/landerCabinSmallInternal/ksp_s_landerCan_internal_diff
[LOG 18:45:15.625] Load DDS texture: Squad/Spaces/landerCabinSmallInternal/ksp_s_landerCan_internal_normal
[LOG 18:45:15.634] Load DDS texture: Squad/Spaces/landerCabinSmallInternal/ksp_s_landerCan_internal_window_alpha
[LOG 18:45:15.634] Load DDS texture: Squad/Spaces/landerCabinSmallInternal/pilot Seat
[LOG 18:45:15.636] Load DDS texture: Squad/Spaces/LargeCrewedLabInternals/Glass
[LOG 18:45:15.636] Load DDS texture: Squad/Spaces/LargeCrewedLabInternals/MPL_Int
[LOG 18:45:15.640] Load DDS texture: Squad/Spaces/LargeCrewedLabInternals/MPL_Int_n_NRM
[LOG 18:45:15.641] Load DDS texture: Squad/Spaces/Mk1-3/Mk1_3_IvaProps_Diffuse
[LOG 18:45:15.649] Load DDS texture: Squad/Spaces/Mk1-3/Mk1_3_IvaProps_Normal
[LOG 18:45:15.655] Load DDS texture: Squad/Spaces/Mk1-3/Mk1_3_IvaShell_Diffuse
[LOG 18:45:15.661] Load DDS texture: Squad/Spaces/Mk1-3/Mk1_3_IvaShell_Emissive
[LOG 18:45:15.665] Load DDS texture: Squad/Spaces/Mk1-3/Mk1_3_IvaShell_Normal
[LOG 18:45:15.671] Load DDS texture: Squad/Spaces/Mk1-3/pilot Seat
[LOG 18:45:15.672] Load DDS texture: Squad/Spaces/mk1CabinInternal/Cabin_Lightmap
[LOG 18:45:15.674] Load DDS texture: Squad/Spaces/mk1CabinInternal/CockpitGeneric
[LOG 18:45:15.680] Load DDS texture: Squad/Spaces/mk1CabinInternal/CockpitGeneric_NRM
[LOG 18:45:15.680] Load DDS texture: Squad/Spaces/mk1CockpitInternal/CockpitGeneric
[LOG 18:45:15.680] Load DDS texture: Squad/Spaces/mk1CockpitInternal/CockpitGeneric_NRM
[LOG 18:45:15.680] Load DDS texture: Squad/Spaces/mk1CockpitInternal/IVAMAP
[LOG 18:45:15.680] Load DDS texture: Squad/Spaces/mk1CockpitInternal/Windows
[LOG 18:45:15.680] Load DDS texture: Squad/Spaces/mk1InlineInternal/Canopy
[LOG 18:45:15.681] Load DDS texture: Squad/Spaces/mk1InlineInternal/CockpitGeneric
[LOG 18:45:15.682] Load DDS texture: Squad/Spaces/mk1InlineInternal/CockpitGeneric_NRM
[LOG 18:45:15.682] Load DDS texture: Squad/Spaces/mk1InlineInternal/Mk1Inline_Lightmap
[LOG 18:45:15.682] Load DDS texture: Squad/Spaces/mk1PodCockpit/model000
[LOG 18:45:15.683] Load DDS texture: Squad/Spaces/mk1PodCockpit/model001
[LOG 18:45:15.684] Load DDS texture: Squad/Spaces/mk1PodCockpit/model002
[LOG 18:45:15.688] Load DDS texture: Squad/Spaces/mk1PodCockpit/model003
[LOG 18:45:15.688] Load DDS texture: Squad/Spaces/mk1PodCockpit/model004
[LOG 18:45:15.695] Load DDS texture: Squad/Spaces/mk1PodCockpit/model005
[LOG 18:45:15.695] Load DDS texture: Squad/Spaces/mk1PodCockpit/model006
[LOG 18:45:15.696] Load DDS texture: Squad/Spaces/mk1PodCockpit/model007
[LOG 18:45:15.696] Load DDS texture: Squad/Spaces/mk1pod_IVA/mk1pod_iva_props_diffuse
[LOG 18:45:15.702] Load DDS texture: Squad/Spaces/mk1pod_IVA/mk1pod_iva_props_emissive
[LOG 18:45:15.702] Load DDS texture: Squad/Spaces/mk1pod_IVA/mk1pod_iva_props_normal
[LOG 18:45:15.708] Load DDS texture: Squad/Spaces/mk1pod_IVA/mk1pod_iva_shell_diffuse
[LOG 18:45:15.717] Load DDS texture: Squad/Spaces/mk1pod_IVA/mk1pod_iva_shell_normal
[LOG 18:45:15.727] Load MBM texture: Squad/Spaces/mk1pod_IVA/pilot Seat
[LOG 18:45:15.781] Load DDS texture: Squad/Spaces/mk2CockpitStandardInternal/CargoBagA
[LOG 18:45:15.781] Load DDS texture: Squad/Spaces/mk2CockpitStandardInternal/Mk2StandardIVA
[LOG 18:45:15.782] Load DDS texture: Squad/Spaces/mk2CockpitStandardInternal/Pilotseat
[LOG 18:45:15.782] Load DDS texture: Squad/Spaces/mk2CockpitStandardInternal/Windows
[LOG 18:45:15.782] Load DDS texture: Squad/Spaces/Mk2CrewCabinInternal/CargoBagA
[LOG 18:45:15.782] Load DDS texture: Squad/Spaces/Mk2CrewCabinInternal/Glass
[LOG 18:45:15.783] Load DDS texture: Squad/Spaces/Mk2CrewCabinInternal/Mk2StandardIVA
[LOG 18:45:15.783] Load DDS texture: Squad/Spaces/Mk2CrewCabinInternal/Pilotseat
[LOG 18:45:15.783] Load DDS texture: Squad/Spaces/mk2InlineInternal/CockpitGeneric
[LOG 18:45:15.783] Load DDS texture: Squad/Spaces/mk2InlineInternal/CockpitGeneric_NRM
[LOG 18:45:15.784] Load DDS texture: Squad/Spaces/mk2InlineInternal/Mk2InlineLightmap
[LOG 18:45:15.786] Load DDS texture: Squad/Spaces/mk2InlineInternal/propsGeneric
[LOG 18:45:15.787] Load DDS texture: Squad/Spaces/mk2LanderCanInternal/mk2LanderCan_props_diffuse
[LOG 18:45:15.793] Load DDS texture: Squad/Spaces/mk2LanderCanInternal/mk2LanderCan_props_normal
[LOG 18:45:15.800] Load DDS texture: Squad/Spaces/mk2LanderCanInternal/mk2LanderCan_shell_diffuse
[LOG 18:45:15.807] Load DDS texture: Squad/Spaces/mk2LanderCanInternal/mk2LanderCan_shell_normal
[LOG 18:45:15.820] Load MBM texture: Squad/Spaces/mk2LanderCanInternal/pilot Seat
[LOG 18:45:15.864] Load DDS texture: Squad/Spaces/MK3CockpitInternal/Glass
[LOG 18:45:15.870] Load DDS texture: Squad/Spaces/MK3CockpitInternal/Mk2StandardIVA
[LOG 18:45:15.870] Load DDS texture: Squad/Spaces/MK3_CrewCab_Int/Glass
[LOG 18:45:15.871] Load DDS texture: Squad/Spaces/MK3_CrewCab_Int/GlassMK3CC
[LOG 18:45:15.872] Load DDS texture: Squad/Spaces/MK3_CrewCab_Int/Mk2StandardIVA
[LOG 18:45:15.877] Load DDS texture: Squad/Spaces/MK3_CrewCab_Int/MK3_CrewCab_Int
[LOG 18:45:15.878] Load DDS texture: Squad/Spaces/MK3_CrewCab_Int/MK3_CrewCab_Int_n
[LOG 18:45:15.878] Load DDS texture: Squad/Spaces/MK3_CrewCab_Int/Pilotseat
[LOG 18:45:15.880] Load DDS texture: Squad/Spaces/Placeholder/PlaceholderIVA
[LOG 18:45:15.880] Load DDS texture: Squad/Spaces/PodCockpit/model000
[LOG 18:45:15.880] Load DDS texture: Squad/Spaces/PodCockpit/model001
[LOG 18:45:15.881] Load DDS texture: Squad/Spaces/PodCockpit/model002
[LOG 18:45:15.882] Load DDS texture: Squad/Spaces/PodCockpit/model003
[LOG 18:45:15.883] Load DDS texture: Squad/Spaces/PodCockpit/model004
[LOG 18:45:15.885] Load DDS texture: Squad/Spaces/PodCockpit/model005
[LOG 18:45:15.886] Load DDS texture: Squad/Spaces/PodCockpit/model006
[LOG 18:45:15.886] Load DDS texture: Squad/Spaces/PodCockpit/model007
[LOG 18:45:15.887] Load DDS texture: Squad/Spaces/sharedAssets/CockpitGeneric
[LOG 18:45:15.889] Load DDS texture: Squad/Spaces/sharedAssets/CockpitGeneric_NRM
[LOG 18:45:15.895] Load Cached PNG Texture: Squad/Strategies/Icons/AggressiveNegotiations
[LOG 18:45:15.899] Load Cached PNG Texture: Squad/Strategies/Icons/AppreciationCampaign
[LOG 18:45:15.899] Load Cached PNG Texture: Squad/Strategies/Icons/BailOutGrant
[LOG 18:45:15.902] Load Cached PNG Texture: Squad/Strategies/Icons/FundraisingCampaign
[LOG 18:45:15.902] Load Cached PNG Texture: Squad/Strategies/Icons/LeadershipInitiative
[LOG 18:45:15.902] Load Cached PNG Texture: Squad/Strategies/Icons/OpenSourceTechProgram
[LOG 18:45:15.902] Load Cached PNG Texture: Squad/Strategies/Icons/OutsourcedResearch
[LOG 18:45:15.907] Load Cached PNG Texture: Squad/Strategies/Icons/PatentsLicensing
[LOG 18:45:15.907] Load Cached PNG Texture: Squad/Strategies/Icons/RecoveryTransponderFitting
[LOG 18:45:15.907] Load Cached PNG Texture: Squad/Strategies/Icons/ResearchRightsSellOut
[LOG 18:45:15.907] Load Cached PNG Texture: Squad/Strategies/Icons/UnpaidResearchProgram
[LOG 18:45:15.907] Load Cached PNG Texture: Squad/Tutorials/ChuteColors
[LOG 18:45:15.907] Load DDS texture: Squad/Tutorials/EditorCoM
[LOG 18:45:15.907] Load Cached PNG Texture: Squad/Tutorials/EditorSnap
[LOG 18:45:15.907] Load Cached PNG Texture: Squad/Tutorials/EditorSnap4x
[LOG 18:45:15.907] Load Cached PNG Texture: Squad/Tutorials/EditorSymm
[LOG 18:45:15.907] Load Cached PNG Texture: Squad/Tutorials/StagingStack
[LOG 18:45:15.907] Load PNG texture: Squad/Tutorials/YPRDiagram
[WRN 18:45:15.909] Texture isn't eligible for DXT compression, width and height must be multiples of 4
[LOG 18:45:15.909] Load Cached PNG Texture: SquadExpansion/MakingHistory/Banners/Fail/default
[LOG 18:45:15.909] Load Cached PNG Texture: SquadExpansion/MakingHistory/Banners/Fail/fail01
[LOG 18:45:15.909] Load Cached PNG Texture: SquadExpansion/MakingHistory/Banners/Fail/fail02
[LOG 18:45:15.909] Load PNG texture: SquadExpansion/MakingHistory/Banners/Menu/default
[WRN 18:45:15.914] Texture isn't eligible for DXT compression, width and height must be multiples of 4
[LOG 18:45:15.914] Load PNG texture: SquadExpansion/MakingHistory/Banners/Menu/MBanner_01
[WRN 18:45:15.918] Texture isn't eligible for DXT compression, width and height must be multiples of 4
[LOG 18:45:15.918] Load PNG texture: SquadExpansion/MakingHistory/Banners/Menu/MBanner_02
[WRN 18:45:15.922] Texture isn't eligible for DXT compression, width and height must be multiples of 4
[LOG 18:45:15.923] Load PNG texture: SquadExpansion/MakingHistory/Banners/Menu/MBanner_03
[WRN 18:45:15.926] Texture isn't eligible for DXT compression, width and height must be multiples of 4
[LOG 18:45:15.930] Load Cached PNG Texture: SquadExpansion/MakingHistory/Banners/Success/default
[LOG 18:45:15.934] Load Cached PNG Texture: SquadExpansion/MakingHistory/Banners/Success/success01
[LOG 18:45:15.934] Load Cached PNG Texture: SquadExpansion/MakingHistory/Banners/Success/success02
[LOG 18:45:15.934] Load Cached PNG Texture: SquadExpansion/MakingHistory/Missions/Acapello 13/Banners/Fail/fail01
[LOG 18:45:15.934] Load PNG texture: SquadExpansion/MakingHistory/Missions/Acapello 13/Banners/Menu/Mun
[WRN 18:45:15.937] Texture isn't eligible for DXT compression, width and height must be multiples of 4
[LOG 18:45:15.941] Load Cached PNG Texture: SquadExpansion/MakingHistory/Missions/Acapello 13/Banners/Success/success01
[LOG 18:45:15.947] Load Cached PNG Texture: SquadExpansion/MakingHistory/Missions/Acapello 15/Banners/Fail/default
[LOG 18:45:15.947] Load Cached PNG Texture: SquadExpansion/MakingHistory/Missions/Acapello 15/Banners/Fail/fail02
[LOG 18:45:15.948] Load PNG texture: SquadExpansion/MakingHistory/Missions/Acapello 15/Banners/Menu/default
[WRN 18:45:15.950] Texture isn't eligible for DXT compression, width and height must be multiples of 4
[LOG 18:45:15.950] Load Cached PNG Texture: SquadExpansion/MakingHistory/Missions/Acapello 15/Banners/Success/default
[LOG 18:45:15.951] Load Cached PNG Texture: SquadExpansion/MakingHistory/Missions/Blue Mun/Banners/Fail/fail01
[LOG 18:45:15.957] Load PNG texture: SquadExpansion/MakingHistory/Missions/Blue Mun/Banners/Menu/default
[WRN 18:45:15.959] Texture isn't eligible for DXT compression, width and height must be multiples of 4
[LOG 18:45:15.959] Load Cached PNG Texture: SquadExpansion/MakingHistory/Missions/Blue Mun/Banners/Success/success02
[LOG 18:45:15.962] Load Cached PNG Texture: SquadExpansion/MakingHistory/Missions/Dawn of the Space Age/Banners/Fail/default
[LOG 18:45:15.962] Load PNG texture: SquadExpansion/MakingHistory/Missions/Dawn of the Space Age/Banners/Menu/default
[WRN 18:45:15.964] Texture isn't eligible for DXT compression, width and height must be multiples of 4
[LOG 18:45:15.969] Load Cached PNG Texture: SquadExpansion/MakingHistory/Missions/Dawn of the Space Age/Banners/Success/default
[LOG 18:45:15.969] Load Cached PNG Texture: SquadExpansion/MakingHistory/Missions/Meet Me in Zero G/Banners/Fail/default
[LOG 18:45:15.969] Load Cached PNG Texture: SquadExpansion/MakingHistory/Missions/Meet Me in Zero G/Banners/Fail/fail01
[LOG 18:45:15.969] Load PNG texture: SquadExpansion/MakingHistory/Missions/Meet Me in Zero G/Banners/Menu/default
[WRN 18:45:15.972] Texture isn't eligible for DXT compression, width and height must be multiples of 4
[LOG 18:45:15.985] Load Cached PNG Texture: SquadExpansion/MakingHistory/Missions/Meet Me in Zero G/Banners/Success/default
[LOG 18:45:15.985] Load Cached PNG Texture: SquadExpansion/MakingHistory/Missions/Meet Me in Zero G/Banners/Success/success02
[LOG 18:45:15.988] Load Cached PNG Texture: SquadExpansion/MakingHistory/Missions/Munar 1/Banners/Fail/default
[LOG 18:45:15.988] Load Cached PNG Texture: SquadExpansion/MakingHistory/Missions/Munar 1/Banners/Fail/fail02
[LOG 18:45:15.988] Load PNG texture: SquadExpansion/MakingHistory/Missions/Munar 1/Banners/Menu/default
[WRN 18:45:15.991] Texture isn't eligible for DXT compression, width and height must be multiples of 4
[LOG 18:45:15.993] Load Cached PNG Texture: SquadExpansion/MakingHistory/Missions/Munar 1/Banners/Success/default
[LOG 18:45:15.993] Load Cached PNG Texture: SquadExpansion/MakingHistory/Missions/Munar 1/Banners/Success/success01
[LOG 18:45:15.994] Load Cached PNG Texture: SquadExpansion/MakingHistory/Missions/Sally-Hut 1/Banners/Fail/default
[LOG 18:45:15.994] Load Cached PNG Texture: SquadExpansion/MakingHistory/Missions/Sally-Hut 1/Banners/Fail/fail01
[LOG 18:45:15.994] Load Cached PNG Texture: SquadExpansion/MakingHistory/Missions/Sally-Hut 1/Banners/Menu/bannerSatellite
[LOG 18:45:15.994] Load Cached PNG Texture: SquadExpansion/MakingHistory/Missions/Sally-Hut 1/Banners/Success/default
[LOG 18:45:15.994] Load Cached PNG Texture: SquadExpansion/MakingHistory/Missions/Sally-Hut 1/Banners/Success/success02
[LOG 18:45:15.994] Load Cached PNG Texture: SquadExpansion/MakingHistory/Missions/To the Mun Via Minmus/Banners/Fail/fail02
[LOG 18:45:15.994] Load PNG texture: SquadExpansion/MakingHistory/Missions/To the Mun Via Minmus/Banners/Menu/MissionBannerKerbin
[WRN 18:45:15.997] Texture isn't eligible for DXT compression, width and height must be multiples of 4
[LOG 18:45:15.997] Load Cached PNG Texture: SquadExpansion/MakingHistory/Missions/To the Mun Via Minmus/Banners/Success/success01
[LOG 18:45:15.998] Load Cached PNG Texture: SquadExpansion/MakingHistory/Missions/Trouble in the Void/Banners/Fail/fail01
[LOG 18:45:15.998] Load PNG texture: SquadExpansion/MakingHistory/Missions/Trouble in the Void/Banners/Menu/default
[WRN 18:45:16.001] Texture isn't eligible for DXT compression, width and height must be multiples of 4
[LOG 18:45:16.008] Load Cached PNG Texture: SquadExpansion/MakingHistory/Missions/Trouble in the Void/Banners/Success/success02
[LOG 18:45:16.008] Load Cached PNG Texture: SquadExpansion/MakingHistory/Missions/Ziggy Kerman and the Spiders from Duna/Banners/Fail/fail02
[LOG 18:45:16.011] Load Cached PNG Texture: SquadExpansion/MakingHistory/Missions/Ziggy Kerman and the Spiders from Duna/Banners/Menu/bannerSatellite
[LOG 18:45:16.012] Load Cached PNG Texture: SquadExpansion/MakingHistory/Missions/Ziggy Kerman and the Spiders from Duna/Banners/Success/success01
[LOG 18:45:16.012] Load Cached PNG Texture: SquadExpansion/MakingHistory/Parts/@thumbs/Decoupler.1p5_icon0
[LOG 18:45:16.012] Load Cached PNG Texture: SquadExpansion/MakingHistory/Parts/@thumbs/Decoupler.1p5_icon1
[LOG 18:45:16.012] Load Cached PNG Texture: SquadExpansion/MakingHistory/Parts/@thumbs/EquiTriangle0_icon0
[LOG 18:45:16.012] Load Cached PNG Texture: SquadExpansion/MakingHistory/Parts/@thumbs/EquiTriangle0_icon1
[LOG 18:45:16.012] Load Cached PNG Texture: SquadExpansion/MakingHistory/Parts/@thumbs/EquiTriangle0_icon2
[LOG 18:45:16.012] Load Cached PNG Texture: SquadExpansion/MakingHistory/Parts/@thumbs/EquiTriangle0_icon3
[LOG 18:45:16.013] Load Cached PNG Texture: SquadExpansion/MakingHistory/Parts/@thumbs/EquiTriangle1p5_icon0
[LOG 18:45:16.013] Load Cached PNG Texture: SquadExpansion/MakingHistory/Parts/@thumbs/EquiTriangle1p5_icon1
[LOG 18:45:16.013] Load Cached PNG Texture: SquadExpansion/MakingHistory/Parts/@thumbs/EquiTriangle1p5_icon2
[LOG 18:45:16.013] Load Cached PNG Texture: SquadExpansion/MakingHistory/Parts/@thumbs/EquiTriangle1p5_icon3
[LOG 18:45:16.013] Load Cached PNG Texture: SquadExpansion/MakingHistory/Parts/@thumbs/EquiTriangle1_icon0
[LOG 18:45:16.013] Load Cached PNG Texture: SquadExpansion/MakingHistory/Parts/@thumbs/EquiTriangle1_icon1
[LOG 18:45:16.013] Load Cached PNG Texture: SquadExpansion/MakingHistory/Parts/@thumbs/EquiTriangle1_icon2
[LOG 18:45:16.013] Load Cached PNG Texture: SquadExpansion/MakingHistory/Parts/@thumbs/EquiTriangle1_icon3
[LOG 18:45:16.017] Load Cached PNG Texture: SquadExpansion/MakingHistory/Parts/@thumbs/EquiTriangle2_icon0
[LOG 18:45:16.017] Load Cached PNG Texture: SquadExpansion/MakingHistory/Parts/@thumbs/EquiTriangle2_icon1
[LOG 18:45:16.018] Load Cached PNG Texture: SquadExpansion/MakingHistory/Parts/@thumbs/EquiTriangle2_icon2
[LOG 18:45:16.018] Load Cached PNG Texture: SquadExpansion/MakingHistory/Parts/@thumbs/EquiTriangle2_icon3
[LOG 18:45:16.018] Load Cached PNG Texture: SquadExpansion/MakingHistory/Parts/@thumbs/HeatShield1p5_icon
[LOG 18:45:16.018] Load Cached PNG Texture: SquadExpansion/MakingHistory/Parts/@thumbs/InflatableAirlock_icon
[LOG 18:45:16.018] Load Cached PNG Texture: SquadExpansion/MakingHistory/Parts/@thumbs/LiquidEngineRV-1_icon
[LOG 18:45:16.018] Load Cached PNG Texture: SquadExpansion/MakingHistory/Parts/@thumbs/monopropMiniSphere_icon
[LOG 18:45:16.018] Load Cached PNG Texture: SquadExpansion/MakingHistory/Parts/@thumbs/Panel0_icon0
[LOG 18:45:16.018] Load Cached PNG Texture: SquadExpansion/MakingHistory/Parts/@thumbs/Panel0_icon1
[LOG 18:45:16.018] Load Cached PNG Texture: SquadExpansion/MakingHistory/Parts/@thumbs/Panel0_icon2
[LOG 18:45:16.018] Load Cached PNG Texture: SquadExpansion/MakingHistory/Parts/@thumbs/Panel0_icon3
[LOG 18:45:16.019] Load Cached PNG Texture: SquadExpansion/MakingHistory/Parts/@thumbs/Panel1p5_icon0
[LOG 18:45:16.019] Load Cached PNG Texture: SquadExpansion/MakingHistory/Parts/@thumbs/Panel1p5_icon1
[LOG 18:45:16.019] Load Cached PNG Texture: SquadExpansion/MakingHistory/Parts/@thumbs/Panel1p5_icon2
[LOG 18:45:16.019] Load Cached PNG Texture: SquadExpansion/MakingHistory/Parts/@thumbs/Panel1p5_icon3
[LOG 18:45:16.019] Load Cached PNG Texture: SquadExpansion/MakingHistory/Parts/@thumbs/Panel1_icon0
[LOG 18:45:16.019] Load Cached PNG Texture: SquadExpansion/MakingHistory/Parts/@thumbs/Panel1_icon1
[LOG 18:45:16.020] Load Cached PNG Texture: SquadExpansion/MakingHistory/Parts/@thumbs/Panel1_icon2
[LOG 18:45:16.024] Load Cached PNG Texture: SquadExpansion/MakingHistory/Parts/@thumbs/Panel1_icon3
[LOG 18:45:16.024] Load Cached PNG Texture: SquadExpansion/MakingHistory/Parts/@thumbs/roverWheelM1-F_icon0
[LOG 18:45:16.025] Load Cached PNG Texture: SquadExpansion/MakingHistory/Parts/@thumbs/roverWheelM1-F_icon1
[LOG 18:45:16.025] Load Cached PNG Texture: SquadExpansion/MakingHistory/Parts/@thumbs/Separator.1p5_icon0
[LOG 18:45:16.025] Load Cached PNG Texture: SquadExpansion/MakingHistory/Parts/@thumbs/Separator.1p5_icon1
[LOG 18:45:16.025] Load Cached PNG Texture: SquadExpansion/MakingHistory/Parts/@thumbs/Size1p5.Strut.Decoupler_icon0
[LOG 18:45:16.025] Load Cached PNG Texture: SquadExpansion/MakingHistory/Parts/@thumbs/Size1p5.Strut.Decoupler_icon1
[LOG 18:45:16.025] Load Cached PNG Texture: SquadExpansion/MakingHistory/Parts/@thumbs/Size1to0ServiceModule_icon
[LOG 18:45:16.025] Load Cached PNG Texture: SquadExpansion/MakingHistory/Parts/@thumbs/Triangle0_icon0
[LOG 18:45:16.026] Load Cached PNG Texture: SquadExpansion/MakingHistory/Parts/@thumbs/Triangle0_icon1
[LOG 18:45:16.026] Load Cached PNG Texture: SquadExpansion/MakingHistory/Parts/@thumbs/Triangle0_icon2
[LOG 18:45:16.026] Load Cached PNG Texture: SquadExpansion/MakingHistory/Parts/@thumbs/Triangle0_icon3
[LOG 18:45:16.026] Load Cached PNG Texture: SquadExpansion/MakingHistory/Parts/@thumbs/Triangle1p5_icon0
[LOG 18:45:16.026] Load Cached PNG Texture: SquadExpansion/MakingHistory/Parts/@thumbs/Triangle1p5_icon1
[LOG 18:45:16.026] Load Cached PNG Texture: SquadExpansion/MakingHistory/Parts/@thumbs/Triangle1p5_icon2
[LOG 18:45:16.026] Load Cached PNG Texture: SquadExpansion/MakingHistory/Parts/@thumbs/Triangle1p5_icon3
[LOG 18:45:16.026] Load Cached PNG Texture: SquadExpansion/MakingHistory/Parts/@thumbs/Triangle1_icon0
[LOG 18:45:16.027] Load Cached PNG Texture: SquadExpansion/MakingHistory/Parts/@thumbs/Triangle1_icon1
[LOG 18:45:16.027] Load Cached PNG Texture: SquadExpansion/MakingHistory/Parts/@thumbs/Triangle1_icon2
[LOG 18:45:16.027] Load Cached PNG Texture: SquadExpansion/MakingHistory/Parts/@thumbs/Triangle1_icon3
[LOG 18:45:16.027] Load Cached PNG Texture: SquadExpansion/MakingHistory/Parts/@thumbs/Triangle2_icon0
[LOG 18:45:16.027] Load Cached PNG Texture: SquadExpansion/MakingHistory/Parts/@thumbs/Triangle2_icon1
[LOG 18:45:16.027] Load Cached PNG Texture: SquadExpansion/MakingHistory/Parts/@thumbs/Triangle2_icon2
[LOG 18:45:16.027] Load Cached PNG Texture: SquadExpansion/MakingHistory/Parts/@thumbs/Triangle2_icon3
[LOG 18:45:16.027] Load Cached PNG Texture: SquadExpansion/MakingHistory/Parts/@thumbs/Tube1_icon0
[LOG 18:45:16.028] Load Cached PNG Texture: SquadExpansion/MakingHistory/Parts/@thumbs/Tube1_icon1
[LOG 18:45:16.028] Load Cached PNG Texture: SquadExpansion/MakingHistory/Parts/@thumbs/Tube1_icon2
[LOG 18:45:16.028] Load Cached PNG Texture: SquadExpansion/MakingHistory/Parts/@thumbs/Tube1_icon3
[LOG 18:45:16.028] Load Cached PNG Texture: SquadExpansion/MakingHistory/Parts/@thumbs/Tube1_icon4
[LOG 18:45:16.028] Load Cached PNG Texture: SquadExpansion/MakingHistory/Parts/Aero/protectiveRocketNoseMk5A/s1p5_cone
[LOG 18:45:16.028] Load Cached PNG Texture: SquadExpansion/MakingHistory/Parts/Aero/protectiveRocketNoseMk5A/s1p5_cone_Orange
[LOG 18:45:16.030] Load DDS texture: SquadExpansion/MakingHistory/Parts/Coupling/Assets/airlock
[LOG 18:45:16.030] Load DDS texture: SquadExpansion/MakingHistory/Parts/Coupling/Assets/airlock_N
[LOG 18:45:16.030] Load DDS texture: SquadExpansion/MakingHistory/Parts/Coupling/Assets/EnginePlate
[LOG 18:45:16.031] Load DDS texture: SquadExpansion/MakingHistory/Parts/Coupling/Assets/Size1_5_Decoupler_grey
[LOG 18:45:16.031] Load DDS texture: SquadExpansion/MakingHistory/Parts/Coupling/Assets/Size1_5_Decoupler_orange
[LOG 18:45:16.031] Load DDS texture: SquadExpansion/MakingHistory/Parts/Engine/Assets/KE-1
[LOG 18:45:16.033] Load DDS texture: SquadExpansion/MakingHistory/Parts/Engine/Assets/KE-1_BASE
[LOG 18:45:16.038] Load DDS texture: SquadExpansion/MakingHistory/Parts/Engine/Assets/LV-T87
[LOG 18:45:16.039] Load DDS texture: SquadExpansion/MakingHistory/Parts/Engine/Assets/LV-T91
[LOG 18:45:16.040] Load DDS texture: SquadExpansion/MakingHistory/Parts/Engine/Assets/RE-I2
[LOG 18:45:16.043] Load DDS texture: SquadExpansion/MakingHistory/Parts/Engine/Assets/RE-J10
[LOG 18:45:16.044] Load DDS texture: SquadExpansion/MakingHistory/Parts/Engine/Assets/RE-J10_N
[LOG 18:45:16.045] Load DDS texture: SquadExpansion/MakingHistory/Parts/Engine/Assets/RK-7
[LOG 18:45:16.053] Load DDS texture: SquadExpansion/MakingHistory/Parts/Engine/Assets/RK-7_N
[LOG 18:45:16.054] Load DDS texture: SquadExpansion/MakingHistory/Parts/Engine/solidBoosterTHK/SolidBoosterS2-17_emissive
[LOG 18:45:16.061] Load DDS texture: SquadExpansion/MakingHistory/Parts/Engine/solidBoosterTHK/solidBoosterTHK_diffuse
[LOG 18:45:16.076] Load DDS texture: SquadExpansion/MakingHistory/Parts/FuelTank/Assets/Size1p5_02
[LOG 18:45:16.076] Load DDS texture: SquadExpansion/MakingHistory/Parts/FuelTank/Assets/Size1p5_02_ALT01
[LOG 18:45:16.077] Load DDS texture: SquadExpansion/MakingHistory/Parts/FuelTank/Assets/Size1p5_02_ALT02
[LOG 18:45:16.079] Load DDS texture: SquadExpansion/MakingHistory/Parts/FuelTank/Assets/Size1p5_02_ALT02_normal
[LOG 18:45:16.080] Load DDS texture: SquadExpansion/MakingHistory/Parts/FuelTank/Assets/Size1p5_mono
[LOG 18:45:16.081] Load DDS texture: SquadExpansion/MakingHistory/Parts/FuelTank/Assets/Size1p5_mono_2
[LOG 18:45:16.083] Load DDS texture: SquadExpansion/MakingHistory/Parts/FuelTank/Assets/Size1p5_mono_N
[LOG 18:45:16.084] Load DDS texture: SquadExpansion/MakingHistory/Parts/FuelTank/Assets/Size1_5_TankAdapters
[LOG 18:45:16.086] Load DDS texture: SquadExpansion/MakingHistory/Parts/FuelTank/Assets/Size1_5_TankAdapters_ALT01
[LOG 18:45:16.087] Load DDS texture: SquadExpansion/MakingHistory/Parts/FuelTank/Assets/Size1_5_TankAdapters_ALT02
[LOG 18:45:16.088] Load DDS texture: SquadExpansion/MakingHistory/Parts/FuelTank/Assets/Size1_5_TankAdapters_ALT02nm
[LOG 18:45:16.090] Load DDS texture: SquadExpansion/MakingHistory/Parts/FuelTank/Assets/Size1_5_TankAdapters_N
[LOG 18:45:16.092] Load DDS texture: SquadExpansion/MakingHistory/Parts/FuelTank/Assets/Size1_5_Tanks
[LOG 18:45:16.100] Load DDS texture: SquadExpansion/MakingHistory/Parts/FuelTank/Assets/Size1_5_Tanks_ALT02
[LOG 18:45:16.100] Load DDS texture: SquadExpansion/MakingHistory/Parts/FuelTank/Assets/Size1_5_Tanks_ALT02_nm
[LOG 18:45:16.102] Load DDS texture: SquadExpansion/MakingHistory/Parts/FuelTank/Assets/Size1_5_Tanks_grey
[LOG 18:45:16.103] Load DDS texture: SquadExpansion/MakingHistory/Parts/FuelTank/Assets/Size4_Tanks
[LOG 18:45:16.110] Load DDS texture: SquadExpansion/MakingHistory/Parts/FuelTank/Assets/Size4_Tanks_N
[LOG 18:45:16.117] Load DDS texture: SquadExpansion/MakingHistory/Parts/Ground/Assets/RoverWheel
[LOG 18:45:16.118] Load DDS texture: SquadExpansion/MakingHistory/Parts/Ground/Assets/RoverWheelG
[LOG 18:45:16.123] Load DDS texture: SquadExpansion/MakingHistory/Parts/Payload/Assets/Size1to0ServiceBay
[LOG 18:45:16.123] Load DDS texture: SquadExpansion/MakingHistory/Parts/Payload/Assets/Size1to0ServiceBay_n
[LOG 18:45:16.124] Load DDS texture: SquadExpansion/MakingHistory/Parts/Payload/Assets/SM18_diffuse
[LOG 18:45:16.135] Load Cached PNG Texture: SquadExpansion/MakingHistory/Parts/Payload/Assets/SM18_NRM
[LOG 18:45:16.144] Load DDS texture: SquadExpansion/MakingHistory/Parts/Payload/Assets/SM18_specular
[LOG 18:45:16.153] Load DDS texture: SquadExpansion/MakingHistory/Parts/Payload/Assets/SM25_diffuse
[LOG 18:45:16.155] Load DDS texture: SquadExpansion/MakingHistory/Parts/Payload/Assets/SM25_normals
[LOG 18:45:16.156] Load DDS texture: SquadExpansion/MakingHistory/Parts/Pods/Assets/KV1
[LOG 18:45:16.156] Load DDS texture: SquadExpansion/MakingHistory/Parts/Pods/Assets/KV1_GLOW
[LOG 18:45:16.161] Load DDS texture: SquadExpansion/MakingHistory/Parts/Pods/Assets/KV2
[LOG 18:45:16.161] Load DDS texture: SquadExpansion/MakingHistory/Parts/Pods/Assets/KV3
[LOG 18:45:16.162] Load DDS texture: SquadExpansion/MakingHistory/Parts/Pods/Assets/Mk2Pod
[LOG 18:45:16.163] Load DDS texture: SquadExpansion/MakingHistory/Parts/Pods/Assets/Mk2Pod_GLOW
[LOG 18:45:16.168] Load DDS texture: SquadExpansion/MakingHistory/Parts/Pods/Assets/Mk2Pod_n
[LOG 18:45:16.168] Load DDS texture: SquadExpansion/MakingHistory/Parts/Pods/Assets/Size1_5_Lander
[LOG 18:45:16.170] Load DDS texture: SquadExpansion/MakingHistory/Parts/Pods/Assets/Size1_5_Lander_GLOW
[LOG 18:45:16.170] Load DDS texture: SquadExpansion/MakingHistory/Parts/SharedAssets/Shrouds
[LOG 18:45:16.173] Load DDS texture: SquadExpansion/MakingHistory/Parts/SharedAssets/Shrouds_N
[LOG 18:45:16.174] Load DDS texture: SquadExpansion/MakingHistory/Parts/Structural/Assets/NormalMap
[LOG 18:45:16.180] Load DDS texture: SquadExpansion/MakingHistory/Parts/Structural/Assets/Panels
[LOG 18:45:16.181] Load DDS texture: SquadExpansion/MakingHistory/Parts/Structural/Assets/Panels_Dark_D
[LOG 18:45:16.184] Load DDS texture: SquadExpansion/MakingHistory/Parts/Structural/Assets/Panels_Gold_D
[LOG 18:45:16.188] Load Cached PNG Texture: SquadExpansion/MakingHistory/Parts/Structural/Assets/Panels_Gold_NRM
[LOG 18:45:16.191] Load DDS texture: SquadExpansion/MakingHistory/Parts/Structural/Assets/Panels_Gold_S
[LOG 18:45:16.195] Load DDS texture: SquadExpansion/MakingHistory/Parts/Structural/Assets/Panels_Silver_D
[LOG 18:45:16.197] Load DDS texture: SquadExpansion/MakingHistory/Parts/Structural/Assets/Panels_Silver_S
[LOG 18:45:16.199] Load Cached PNG Texture: SquadExpansion/MakingHistory/Ships/@thumbs/VAB/Acapello
[LOG 18:45:16.199] Load Cached PNG Texture: SquadExpansion/MakingHistory/Ships/@thumbs/VAB/Beta Centaurus
[LOG 18:45:16.201] Load Cached PNG Texture: SquadExpansion/MakingHistory/Ships/@thumbs/VAB/Goliath II HLV
[LOG 18:45:16.201] Load Cached PNG Texture: SquadExpansion/MakingHistory/Ships/@thumbs/VAB/Muna 1
[LOG 18:45:16.201] Load Cached PNG Texture: SquadExpansion/MakingHistory/Ships/@thumbs/VAB/Sally-Hut 1
[LOG 18:45:16.201] Load Cached PNG Texture: SquadExpansion/MakingHistory/Ships/@thumbs/VAB/SWM-94 Communications Satellite
[LOG 18:45:16.201] Load Cached PNG Texture: SquadExpansion/MakingHistory/Ships/@thumbs/VAB/Valshkod 2
[LOG 18:45:16.202] Load DDS texture: SquadExpansion/MakingHistory/Spaces/KVPods/airlock
[LOG 18:45:16.202] Load DDS texture: SquadExpansion/MakingHistory/Spaces/KVPods/airlock_N
[LOG 18:45:16.202] Load DDS texture: SquadExpansion/MakingHistory/Spaces/KVPods/KV1_Props_Diffuse
[LOG 18:45:16.211] Load DDS texture: SquadExpansion/MakingHistory/Spaces/KVPods/KV1_Props_Normal
[LOG 18:45:16.218] Load DDS texture: SquadExpansion/MakingHistory/Spaces/KVPods/KV1_Shell_Diffuse
[LOG 18:45:16.235] Load DDS texture: SquadExpansion/MakingHistory/Spaces/KVPods/KV1_Shell_Emissive
[LOG 18:45:16.238] Load DDS texture: SquadExpansion/MakingHistory/Spaces/KVPods/KV1_Shell_Normal
[LOG 18:45:16.245] Load DDS texture: SquadExpansion/MakingHistory/Spaces/KVPods/KV1_Vzor_Diffuse
[LOG 18:45:16.247] Load DDS texture: SquadExpansion/MakingHistory/Spaces/KVPods/KV2_Props_Diffuse
[LOG 18:45:16.254] Load DDS texture: SquadExpansion/MakingHistory/Spaces/KVPods/KV2_Props_Emissive
[LOG 18:45:16.265] Load DDS texture: SquadExpansion/MakingHistory/Spaces/KVPods/KV2_Props_Normal
[LOG 18:45:16.271] Load DDS texture: SquadExpansion/MakingHistory/Spaces/KVPods/KV2_Shell_Diffuse
[LOG 18:45:16.280] Load DDS texture: SquadExpansion/MakingHistory/Spaces/KVPods/KV2_Shell_Normal
[LOG 18:45:16.288] Load DDS texture: SquadExpansion/MakingHistory/Spaces/KVPods/KV3_Props_Diffuse
[LOG 18:45:16.292] Load DDS texture: SquadExpansion/MakingHistory/Spaces/KVPods/KV3_Props_Normal
[LOG 18:45:16.297] Load DDS texture: SquadExpansion/MakingHistory/Spaces/KVPods/KV3_Shell_Diffuse
[LOG 18:45:16.302] Load DDS texture: SquadExpansion/MakingHistory/Spaces/KVPods/KV3_Shell_Normal
[LOG 18:45:16.306] Load DDS texture: SquadExpansion/MakingHistory/Spaces/KVPods/motor
[LOG 18:45:16.307] Load DDS texture: SquadExpansion/MakingHistory/Spaces/KVPods/pilot Seat
[LOG 18:45:16.308] Load DDS texture: SquadExpansion/MakingHistory/Spaces/MEM/PANELS_AO
[LOG 18:45:16.312] Load DDS texture: SquadExpansion/MakingHistory/Spaces/MEM/PANELS_EMISSIVE
[LOG 18:45:16.316] Load DDS texture: SquadExpansion/MakingHistory/Spaces/MEM/PANELS_NORMAL
[LOG 18:45:16.326] Load DDS texture: SquadExpansion/MakingHistory/Spaces/MEM/pilot Seat
[LOG 18:45:16.327] Load DDS texture: SquadExpansion/MakingHistory/Spaces/MEM/propsGeneric
[LOG 18:45:16.328] Load DDS texture: SquadExpansion/MakingHistory/Spaces/MEM/PROPS_AO
[LOG 18:45:16.333] Load DDS texture: SquadExpansion/MakingHistory/Spaces/MEM/PROPS_EMISSIVE
[LOG 18:45:16.333] Load DDS texture: SquadExpansion/MakingHistory/Spaces/MEM/PROPS_NORMAL
[LOG 18:45:16.341] Load DDS texture: SquadExpansion/MakingHistory/Spaces/Mk2Pod/DIfuse_controlboard
[LOG 18:45:16.352] Load DDS texture: SquadExpansion/MakingHistory/Spaces/Mk2Pod/Normal_controlbard
[LOG 18:45:16.363] Load DDS texture: SquadExpansion/MakingHistory/Spaces/Mk2Pod/Outershell_Base_Color
[LOG 18:45:16.371] Load DDS texture: SquadExpansion/MakingHistory/Spaces/Mk2Pod/Outershell_Normal
[LOG 18:45:16.377] Load DDS texture: SquadExpansion/MakingHistory/Spaces/Mk2Pod/pilot Seat
[LOG 18:45:16.378] Load Cached PNG Texture: SquadExpansion/Serenity/Parts/@thumbs/controller1000_icon
[LOG 18:45:16.379] Load Cached PNG Texture: SquadExpansion/Serenity/Parts/@thumbs/DeployedCentralStation_icon
[LOG 18:45:16.379] Load Cached PNG Texture: SquadExpansion/Serenity/Parts/@thumbs/DeployedGoExOb_icon
[LOG 18:45:16.379] Load Cached PNG Texture: SquadExpansion/Serenity/Parts/@thumbs/DeployedIONExp_icon
[LOG 18:45:16.379] Load Cached PNG Texture: SquadExpansion/Serenity/Parts/@thumbs/DeployedRTG_icon
[LOG 18:45:16.380] Load Cached PNG Texture: SquadExpansion/Serenity/Parts/@thumbs/DeployedSatDish_icon
[LOG 18:45:16.380] Load Cached PNG Texture: SquadExpansion/Serenity/Parts/@thumbs/DeployedSeismicSensor_icon
[LOG 18:45:16.380] Load Cached PNG Texture: SquadExpansion/Serenity/Parts/@thumbs/DeployedSolarPanel_icon
[LOG 18:45:16.380] Load Cached PNG Texture: SquadExpansion/Serenity/Parts/@thumbs/DeployedWeatherStn_icon
[LOG 18:45:16.380] Load Cached PNG Texture: SquadExpansion/Serenity/Parts/@thumbs/FanShroud.01_icon0
[LOG 18:45:16.380] Load Cached PNG Texture: SquadExpansion/Serenity/Parts/@thumbs/FanShroud.01_icon1
[LOG 18:45:16.380] Load Cached PNG Texture: SquadExpansion/Serenity/Parts/@thumbs/FanShroud.02_icon0
[LOG 18:45:16.380] Load Cached PNG Texture: SquadExpansion/Serenity/Parts/@thumbs/FanShroud.02_icon1
[LOG 18:45:16.380] Load Cached PNG Texture: SquadExpansion/Serenity/Parts/@thumbs/hinge.01.s_icon0
[LOG 18:45:16.380] Load Cached PNG Texture: SquadExpansion/Serenity/Parts/@thumbs/hinge.01.s_icon1
[LOG 18:45:16.380] Load Cached PNG Texture: SquadExpansion/Serenity/Parts/@thumbs/hinge.01_icon0
[LOG 18:45:16.380] Load Cached PNG Texture: SquadExpansion/Serenity/Parts/@thumbs/hinge.01_icon1
[LOG 18:45:16.380] Load Cached PNG Texture: SquadExpansion/Serenity/Parts/@thumbs/hinge.03.s_icon0
[LOG 18:45:16.381] Load Cached PNG Texture: SquadExpansion/Serenity/Parts/@thumbs/hinge.03.s_icon1
[LOG 18:45:16.381] Load Cached PNG Texture: SquadExpansion/Serenity/Parts/@thumbs/hinge.03_icon0
[LOG 18:45:16.381] Load Cached PNG Texture: SquadExpansion/Serenity/Parts/@thumbs/hinge.03_icon1
[LOG 18:45:16.381] Load Cached PNG Texture: SquadExpansion/Serenity/Parts/@thumbs/largeFanBlade_icon0
[LOG 18:45:16.381] Load Cached PNG Texture: SquadExpansion/Serenity/Parts/@thumbs/largeFanBlade_icon1
[LOG 18:45:16.381] Load Cached PNG Texture: SquadExpansion/Serenity/Parts/@thumbs/largePropeller_icon0
[LOG 18:45:16.381] Load Cached PNG Texture: SquadExpansion/Serenity/Parts/@thumbs/largePropeller_icon1
[LOG 18:45:16.381] Load Cached PNG Texture: SquadExpansion/Serenity/Parts/@thumbs/lGripPad_icon0
[LOG 18:45:16.381] Load Cached PNG Texture: SquadExpansion/Serenity/Parts/@thumbs/lGripPad_icon1
[LOG 18:45:16.381] Load Cached PNG Texture: SquadExpansion/Serenity/Parts/@thumbs/lGripStrip_icon
[LOG 18:45:16.381] Load Cached PNG Texture: SquadExpansion/Serenity/Parts/@thumbs/mediumFanBlade_icon0
[LOG 18:45:16.381] Load Cached PNG Texture: SquadExpansion/Serenity/Parts/@thumbs/mediumFanBlade_icon1
[LOG 18:45:16.381] Load Cached PNG Texture: SquadExpansion/Serenity/Parts/@thumbs/mediumPropeller_icon0
[LOG 18:45:16.382] Load Cached PNG Texture: SquadExpansion/Serenity/Parts/@thumbs/mediumPropeller_icon1
[LOG 18:45:16.382] Load Cached PNG Texture: SquadExpansion/Serenity/Parts/@thumbs/mGripPad_icon0
[LOG 18:45:16.382] Load Cached PNG Texture: SquadExpansion/Serenity/Parts/@thumbs/mGripPad_icon1
[LOG 18:45:16.382] Load Cached PNG Texture: SquadExpansion/Serenity/Parts/@thumbs/noseconeTiny_icon
[LOG 18:45:16.382] Load Cached PNG Texture: SquadExpansion/Serenity/Parts/@thumbs/noseconeVS_icon
[LOG 18:45:16.382] Load Cached PNG Texture: SquadExpansion/Serenity/Parts/@thumbs/piston.01_icon0
[LOG 18:45:16.382] Load Cached PNG Texture: SquadExpansion/Serenity/Parts/@thumbs/piston.01_icon1
[LOG 18:45:16.382] Load Cached PNG Texture: SquadExpansion/Serenity/Parts/@thumbs/piston.02_icon0
[LOG 18:45:16.382] Load Cached PNG Texture: SquadExpansion/Serenity/Parts/@thumbs/piston.02_icon1
[LOG 18:45:16.382] Load Cached PNG Texture: SquadExpansion/Serenity/Parts/@thumbs/piston.03_icon0
[LOG 18:45:16.382] Load Cached PNG Texture: SquadExpansion/Serenity/Parts/@thumbs/piston.03_icon1
[LOG 18:45:16.382] Load Cached PNG Texture: SquadExpansion/Serenity/Parts/@thumbs/piston.04_icon0
[LOG 18:45:16.382] Load Cached PNG Texture: SquadExpansion/Serenity/Parts/@thumbs/piston.04_icon1
[LOG 18:45:16.383] Load Cached PNG Texture: SquadExpansion/Serenity/Parts/@thumbs/RobotArmScanner.S1_icon
[LOG 18:45:16.383] Load Cached PNG Texture: SquadExpansion/Serenity/Parts/@thumbs/RobotArmScanner.S2_icon
[LOG 18:45:16.383] Load Cached PNG Texture: SquadExpansion/Serenity/Parts/@thumbs/RobotArmScanner.S3_icon
[LOG 18:45:16.383] Load Cached PNG Texture: SquadExpansion/Serenity/Parts/@thumbs/rotor.01s_icon0
[LOG 18:45:16.383] Load Cached PNG Texture: SquadExpansion/Serenity/Parts/@thumbs/rotor.01s_icon1
[LOG 18:45:16.383] Load Cached PNG Texture: SquadExpansion/Serenity/Parts/@thumbs/rotor.01_icon0
[LOG 18:45:16.383] Load Cached PNG Texture: SquadExpansion/Serenity/Parts/@thumbs/rotor.01_icon1
[LOG 18:45:16.383] Load Cached PNG Texture: SquadExpansion/Serenity/Parts/@thumbs/rotor.02s_icon0
[LOG 18:45:16.383] Load Cached PNG Texture: SquadExpansion/Serenity/Parts/@thumbs/rotor.02s_icon1
[LOG 18:45:16.383] Load Cached PNG Texture: SquadExpansion/Serenity/Parts/@thumbs/rotor.02_icon0
[LOG 18:45:16.383] Load Cached PNG Texture: SquadExpansion/Serenity/Parts/@thumbs/rotor.02_icon1
[LOG 18:45:16.383] Load Cached PNG Texture: SquadExpansion/Serenity/Parts/@thumbs/RotorEngine.02_icon
[LOG 18:45:16.383] Load Cached PNG Texture: SquadExpansion/Serenity/Parts/@thumbs/rotoServo.00_icon0
[LOG 18:45:16.383] Load Cached PNG Texture: SquadExpansion/Serenity/Parts/@thumbs/rotoServo.00_icon1
[LOG 18:45:16.384] Load Cached PNG Texture: SquadExpansion/Serenity/Parts/@thumbs/rotoServo.02_icon0
[LOG 18:45:16.384] Load Cached PNG Texture: SquadExpansion/Serenity/Parts/@thumbs/rotoServo.02_icon1
[LOG 18:45:16.384] Load Cached PNG Texture: SquadExpansion/Serenity/Parts/@thumbs/rotoServo.03_icon0
[LOG 18:45:16.384] Load Cached PNG Texture: SquadExpansion/Serenity/Parts/@thumbs/rotoServo.03_icon1
[LOG 18:45:16.384] Load Cached PNG Texture: SquadExpansion/Serenity/Parts/@thumbs/sGripPad_icon0
[LOG 18:45:16.384] Load Cached PNG Texture: SquadExpansion/Serenity/Parts/@thumbs/sGripPad_icon1
[LOG 18:45:16.384] Load Cached PNG Texture: SquadExpansion/Serenity/Parts/@thumbs/sGripStrip_icon
[LOG 18:45:16.384] Load Cached PNG Texture: SquadExpansion/Serenity/Parts/@thumbs/smallFanBlade_icon0
[LOG 18:45:16.384] Load Cached PNG Texture: SquadExpansion/Serenity/Parts/@thumbs/smallFanBlade_icon1
[LOG 18:45:16.384] Load Cached PNG Texture: SquadExpansion/Serenity/Parts/@thumbs/smallHeliBlade_icon0
[LOG 18:45:16.384] Load Cached PNG Texture: SquadExpansion/Serenity/Parts/@thumbs/smallHeliBlade_icon1
[LOG 18:45:16.385] Load Cached PNG Texture: SquadExpansion/Serenity/Parts/@thumbs/smallPropeller_icon0
[LOG 18:45:16.385] Load Cached PNG Texture: SquadExpansion/Serenity/Parts/@thumbs/smallPropeller_icon1
[LOG 18:45:16.385] Load DDS texture: SquadExpansion/Serenity/Parts/Aero/Assets/copterBlades_diffuse
[LOG 18:45:16.385] Load DDS texture: SquadExpansion/Serenity/Parts/Aero/Assets/shroudsDiffuse_color
[LOG 18:45:16.385] Load DDS texture: SquadExpansion/Serenity/Parts/Aero/Assets/shroudsDiffuse_plain
[LOG 18:45:16.385] Load Cached PNG Texture: SquadExpansion/Serenity/Parts/DeployedScience/MockupTexture
[LOG 18:45:16.385] Load DDS texture: SquadExpansion/Serenity/Parts/DeployedScience/Assets/centralStation_diffuse
[LOG 18:45:16.387] Load DDS texture: SquadExpansion/Serenity/Parts/DeployedScience/Assets/centralStation_emissive
[LOG 18:45:16.411] Load DDS texture: SquadExpansion/Serenity/Parts/DeployedScience/Assets/GenericParts_diffuse
[LOG 18:45:16.412] Load DDS texture: SquadExpansion/Serenity/Parts/DeployedScience/Assets/GenericParts_emissive
[LOG 18:45:16.415] Load DDS texture: SquadExpansion/Serenity/Parts/DeployedScience/Assets/GenericParts_normal
[LOG 18:45:16.415] Load DDS texture: SquadExpansion/Serenity/Parts/DeployedScience/Assets/goex_diffuse
[LOG 18:45:16.419] Load DDS texture: SquadExpansion/Serenity/Parts/DeployedScience/Assets/goex_specMapped
[LOG 18:45:16.423] Load DDS texture: SquadExpansion/Serenity/Parts/DeployedScience/Assets/Grid
[LOG 18:45:16.423] Load DDS texture: SquadExpansion/Serenity/Parts/DeployedScience/Assets/IonExperiment_diffuse
[LOG 18:45:16.424] Load DDS texture: SquadExpansion/Serenity/Parts/DeployedScience/Assets/RTGCask_diffuse
[LOG 18:45:16.425] Load DDS texture: SquadExpansion/Serenity/Parts/DeployedScience/Assets/satDish_diffuse
[LOG 18:45:16.426] Load Cached PNG Texture: SquadExpansion/Serenity/Parts/DeployedScience/Assets/Scratch
[LOG 18:45:16.427] Load DDS texture: SquadExpansion/Serenity/Parts/DeployedScience/Assets/Screen2
[LOG 18:45:16.427] Load DDS texture: SquadExpansion/Serenity/Parts/DeployedScience/Assets/Screen3
[LOG 18:45:16.428] Load DDS texture: SquadExpansion/Serenity/Parts/DeployedScience/Assets/ScreenReadout
[LOG 18:45:16.428] Load DDS texture: SquadExpansion/Serenity/Parts/DeployedScience/Assets/seismicSensor_diffuse
[LOG 18:45:16.428] Load DDS texture: SquadExpansion/Serenity/Parts/DeployedScience/Assets/seismicSensor_nrm
[LOG 18:45:16.430] Load DDS texture: SquadExpansion/Serenity/Parts/DeployedScience/Assets/seismicSensor_specularMapped
[LOG 18:45:16.431] Load DDS texture: SquadExpansion/Serenity/Parts/DeployedScience/Assets/SolarGraph
[LOG 18:45:16.431] Load DDS texture: SquadExpansion/Serenity/Parts/DeployedScience/Assets/solarPanel_diffuse
[LOG 18:45:16.432] Load DDS texture: SquadExpansion/Serenity/Parts/DeployedScience/Assets/Waveleght3
[LOG 18:45:16.433] Load DDS texture: SquadExpansion/Serenity/Parts/DeployedScience/Assets/Wavelenght
[LOG 18:45:16.433] Load DDS texture: SquadExpansion/Serenity/Parts/DeployedScience/Assets/Wavelenght2
[LOG 18:45:16.433] Load DDS texture: SquadExpansion/Serenity/Parts/DeployedScience/Assets/wavelenght4
[LOG 18:45:16.433] Load DDS texture: SquadExpansion/Serenity/Parts/DeployedScience/Assets/wavelenght5
[LOG 18:45:16.433] Load DDS texture: SquadExpansion/Serenity/Parts/DeployedScience/Assets/WeatherStation [Normal]
[LOG 18:45:16.459] Load DDS texture: SquadExpansion/Serenity/Parts/DeployedScience/Assets/Weather_Station_diffuse
[LOG 18:45:16.468] Load DDS texture: SquadExpansion/Serenity/Parts/DeployedScience/Assets/Weather_Station_normal
[LOG 18:45:16.477] Load DDS texture: SquadExpansion/Serenity/Parts/Propellers/Assets/blade_diffuse
[LOG 18:45:16.477] Load DDS texture: SquadExpansion/Serenity/Parts/Propellers/Assets/copterBlades_diffuse
[LOG 18:45:16.478] Load DDS texture: SquadExpansion/Serenity/Parts/Propellers/Assets/fan_diffuse
[LOG 18:45:16.478] Load DDS texture: SquadExpansion/Serenity/Parts/Robotics/Assets/hinges-03-s_diffuse_Color
[LOG 18:45:16.478] Load DDS texture: SquadExpansion/Serenity/Parts/Robotics/Assets/hinges-03_diffuse_color
[LOG 18:45:16.480] Load DDS texture: SquadExpansion/Serenity/Parts/Robotics/Assets/hinges-03_diffuse_plain
[LOG 18:45:16.482] Load DDS texture: SquadExpansion/Serenity/Parts/Robotics/Assets/hinges_diffuse
[LOG 18:45:16.483] Load DDS texture: SquadExpansion/Serenity/Parts/Robotics/Assets/Hinge_diffuse_G-00_Color
[LOG 18:45:16.483] Load DDS texture: SquadExpansion/Serenity/Parts/Robotics/Assets/Hinge_diffuse_G-11_Color
[LOG 18:45:16.484] Load DDS texture: SquadExpansion/Serenity/Parts/Robotics/Assets/Hinge_diffuse_G-11_plain
[LOG 18:45:16.484] Load DDS texture: SquadExpansion/Serenity/Parts/Robotics/Assets/Hinge_normal
[LOG 18:45:16.485] Load DDS texture: SquadExpansion/Serenity/Parts/Robotics/Assets/RotorEngine_02_diffuse
[LOG 18:45:16.485] Load DDS texture: SquadExpansion/Serenity/Parts/Robotics/Assets/RotorEngine_03_diffuse
[LOG 18:45:16.487] Load DDS texture: SquadExpansion/Serenity/Parts/Robotics/Assets/RotorEngine_03_normal
[LOG 18:45:16.503] Load DDS texture: SquadExpansion/Serenity/Parts/Robotics/Assets/Rotor_01_diffuse_color
[LOG 18:45:16.505] Load DDS texture: SquadExpansion/Serenity/Parts/Robotics/Assets/Rotor_01_diffuse_plain
[LOG 18:45:16.506] Load DDS texture: SquadExpansion/Serenity/Parts/Robotics/Assets/Rotor_01_normal
[LOG 18:45:16.507] Load DDS texture: SquadExpansion/Serenity/Parts/Robotics/Assets/Rotor_01_specular_D
[LOG 18:45:16.507] Load DDS texture: SquadExpansion/Serenity/Parts/Robotics/Assets/Rotor_02_diffuse_color
[LOG 18:45:16.508] Load DDS texture: SquadExpansion/Serenity/Parts/Robotics/Assets/Rotor_03_diffuse_color
[LOG 18:45:16.509] Load DDS texture: SquadExpansion/Serenity/Parts/Robotics/Assets/Rotor_03_diffuse_plain
[LOG 18:45:16.510] Load DDS texture: SquadExpansion/Serenity/Parts/Robotics/Assets/Rotor_03_normal
[LOG 18:45:16.511] Load DDS texture: SquadExpansion/Serenity/Parts/Robotics/Assets/rotoServos_diffuse_color
[LOG 18:45:16.512] Load DDS texture: SquadExpansion/Serenity/Parts/Robotics/Assets/rotoServos_diffuse_plain
[LOG 18:45:16.513] Load DDS texture: SquadExpansion/Serenity/Parts/Robotics/Assets/rotoServos_nrm
[LOG 18:45:16.514] Load DDS texture: SquadExpansion/Serenity/Parts/Robotics/Controllers/roboController_diffuse
[LOG 18:45:16.514] Load DDS texture: SquadExpansion/Serenity/Parts/Robotics/Controllers/roboController_emissive
[LOG 18:45:16.514] Load Cached PNG Texture: SquadExpansion/Serenity/Parts/Science/RobotArmScanner/Assets/DrillBits
[LOG 18:45:16.514] Load DDS texture: SquadExpansion/Serenity/Parts/Science/RobotArmScanner/Assets/DustParticle
[WRN 18:45:16.514] Duplicate PNG texture 'SquadExpansion/Serenity/Parts/Science/RobotArmScanner/Assets/DustParticle' with extension 'png' won't be loaded
[LOG 18:45:16.514] Load DDS texture: SquadExpansion/Serenity/Parts/Science/RobotArmScanner/Assets/GenericParts_diffuse
[LOG 18:45:16.520] Load DDS texture: SquadExpansion/Serenity/Parts/Science/RobotArmScanner/Assets/GenericParts_normal
[LOG 18:45:16.530] Load DDS texture: SquadExpansion/Serenity/Parts/Science/RobotArmScanner/Assets/ROCArm3_diffuse
[LOG 18:45:16.536] Load DDS texture: SquadExpansion/Serenity/Parts/Science/RobotArmScanner/Assets/ROCArm3_normal
[LOG 18:45:16.542] Load DDS texture: SquadExpansion/Serenity/Parts/Science/RobotArmScanner/Assets/ROCArm_2_diffuse
[LOG 18:45:16.546] Load DDS texture: SquadExpansion/Serenity/Parts/Science/RobotArmScanner/Assets/ROCArm_2_normal
[LOG 18:45:16.548] Load Cached PNG Texture: SquadExpansion/Serenity/Parts/Science/RobotArmScanner/Assets/Scratch
[LOG 18:45:16.549] Load DDS texture: SquadExpansion/Serenity/Parts/Science/RobotArmScanner/Assets/SmallArm_diffuse
[LOG 18:45:16.550] Load DDS texture: SquadExpansion/Serenity/Parts/Science/RobotArmScanner/Assets/SmallArm_normal
[LOG 18:45:16.551] Load DDS texture: SquadExpansion/Serenity/Parts/Structural/gripPads/Assets/gripPads_diffuse
[LOG 18:45:16.552] Load DDS texture: SquadExpansion/Serenity/Parts/Structural/gripPads/Assets/gripPads_nrm
[LOG 18:45:16.554] Load Cached PNG Texture: SquadExpansion/Serenity/Ships/@thumbs/SPH/Arrow-E
[LOG 18:45:16.554] Load Cached PNG Texture: SquadExpansion/Serenity/Ships/@thumbs/SPH/Butterfly Rover
[LOG 18:45:16.554] Load Cached PNG Texture: SquadExpansion/Serenity/Ships/@thumbs/SPH/Jeb_s Quadtaxi
[LOG 18:45:16.554] Load Cached PNG Texture: SquadExpansion/Serenity/Ships/@thumbs/SPH/Kerbodyne Rotodyne
[LOG 18:45:16.554] Load Cached PNG Texture: SquadExpansion/Serenity/Ships/@thumbs/SPH/Seahawk
[LOG 18:45:16.554] Load Cached PNG Texture: SquadExpansion/Serenity/Ships/@thumbs/SPH/Val-Thopter
[LOG 18:45:16.563] Load MU model: Squad/FX/afterburner_flame
[LOG 18:45:16.573] Load MU model: Squad/FX/afterburner_shock
[LOG 18:45:16.574] Load MU model: Squad/FX/diamondBlue
[LOG 18:45:16.574] Load MU model: Squad/FX/exhaustFlames_blue
[LOG 18:45:16.706] Load MU model: Squad/FX/hydroLOXFlame
[LOG 18:45:16.708] Load MU model: Squad/FX/IonPlume
[LOG 18:45:16.709] Load MU model: Squad/FX/ks1_Exhaust
[LOG 18:45:16.710] Load MU model: Squad/FX/ks25_Exhaust
[LOG 18:45:16.711] Load MU model: Squad/FX/ksX_Exhaust
[LOG 18:45:16.711] Load MU model: Squad/FX/LES_Thruster
[LOG 18:45:16.712] Load MU model: Squad/FX/Monoprop_big
[LOG 18:45:16.712] Load MU model: Squad/FX/Monoprop_medium
[LOG 18:45:16.713] Load MU model: Squad/FX/Monoprop_small
[LOG 18:45:16.713] Load MU model: Squad/FX/shockExhaust_blue
[LOG 18:45:16.714] Load MU model: Squad/FX/shockExhaust_blue_small
[LOG 18:45:16.714] Load MU model: Squad/FX/shockExhaust_red_small
[LOG 18:45:16.715] Load MU model: Squad/FX/SRB_Large
[LOG 18:45:16.715] Load MU model: Squad/FX/SRB_LargeSparks
[LOG 18:45:16.716] Load MU model: Squad/Parts/Aero/aerodynamicNoseCone/aerodynamicNoseCone
[LOG 18:45:16.720] Load MU model: Squad/Parts/Aero/airbrake/Airbrake
[LOG 18:45:16.720] Load MU model: Squad/Parts/Aero/airIntakeRadialXM-G50/RadialIntake
[LOG 18:45:16.721] Load MU model: Squad/Parts/Aero/airlinerWings/ControlSurface
[LOG 18:45:16.721] Load MU model: Squad/Parts/Aero/airlinerWings/MainWing
[LOG 18:45:16.722] Load MU model: Squad/Parts/Aero/airlinerWings/TailFin
[LOG 18:45:16.726] Load MU model: Squad/Parts/Aero/airplaneFins/AdvCanard
[LOG 18:45:16.729] Load MU model: Squad/Parts/Aero/airplaneFins/Canard
[LOG 18:45:16.733] Load MU model: Squad/Parts/Aero/airplaneFins/Swept
[LOG 18:45:16.734] Load MU model: Squad/Parts/Aero/airplaneFins/TailFin
[LOG 18:45:16.734] Load MU model: Squad/Parts/Aero/basicFin/basicFin
[LOG 18:45:16.734] Load MU model: Squad/Parts/Aero/circularIntake/CircularIntake
[LOG 18:45:16.735] Load MU model: Squad/Parts/Aero/circularIntake/ConeIntake
[LOG 18:45:16.736] Load MU model: Squad/Parts/Aero/cones/Assets/AvioCone
[LOG 18:45:16.736] Load MU model: Squad/Parts/Aero/cones/Assets/ConeA
[LOG 18:45:16.737] Load MU model: Squad/Parts/Aero/cones/Assets/ConeB
[LOG 18:45:16.737] Load MU model: Squad/Parts/Aero/cones/Assets/NCS
[LOG 18:45:16.741] Load MU model: Squad/Parts/Aero/cones/Assets/orangeNoseCone
[LOG 18:45:16.742] Load MU model: Squad/Parts/Aero/cones/Assets/rocketNoseCone
[LOG 18:45:16.743] Load MU model: Squad/Parts/Aero/cones/Assets/rocketNoseCone_v2
[LOG 18:45:16.743] Load MU model: Squad/Parts/Aero/cones/Assets/rocketNoseCone_v3
[LOG 18:45:16.746] Load MU model: Squad/Parts/Aero/cones/Assets/TailA
[LOG 18:45:16.746] Load MU model: Squad/Parts/Aero/cones/Assets/TailB
[LOG 18:45:16.746] Load MU model: Squad/Parts/Aero/cones/Assets/TinyCone
[LOG 18:45:16.746] Load MU model: Squad/Parts/Aero/fairings/AutoTruss
[LOG 18:45:16.747] Load MU model: Squad/Parts/Aero/fairings/fairingSize1
[LOG 18:45:16.747] Load MU model: Squad/Parts/Aero/fairings/fairingSize2
[LOG 18:45:16.748] Load MU model: Squad/Parts/Aero/fairings/fairingSize3
[LOG 18:45:16.748] Load MU model: Squad/Parts/Aero/HeatShield/HeatShield0
[LOG 18:45:16.748] Load MU model: Squad/Parts/Aero/HeatShield/HeatShield1
[LOG 18:45:16.751] Load MU model: Squad/Parts/Aero/HeatShield/HeatShield2
[LOG 18:45:16.751] Load MU model: Squad/Parts/Aero/HeatShield/HeatShield3
[LOG 18:45:16.751] Load MU model: Squad/Parts/Aero/InflatableHeatShield/HeatShield
[LOG 18:45:16.754] Load MU model: Squad/Parts/Aero/intakeRadialLong/IntakeRadial
[LOG 18:45:16.756] Load MU model: Squad/Parts/Aero/miniIntake/SmallIntake
[LOG 18:45:16.756] Load MU model: Squad/Parts/Aero/ramAirIntake/RampIntake
[LOG 18:45:16.759] Load MU model: Squad/Parts/Aero/shuttleWings/ShuttleDeltaWing
[LOG 18:45:16.759] Load MU model: Squad/Parts/Aero/shuttleWings/ShuttleElevonA
[LOG 18:45:16.759] Load MU model: Squad/Parts/Aero/shuttleWings/ShuttleElevonB
[LOG 18:45:16.759] Load MU model: Squad/Parts/Aero/shuttleWings/ShuttleRudder
[LOG 18:45:16.762] Load MU model: Squad/Parts/Aero/shuttleWings/ShuttleStrake
[LOG 18:45:16.762] Load MU model: Squad/Parts/Aero/wingletAV-R8/model
[LOG 18:45:16.765] Load MU model: Squad/Parts/Aero/wingletAV-T1/model
[LOG 18:45:16.765] Load MU model: Squad/Parts/Aero/wingletDeltaDeluxe/model
[LOG 18:45:16.765] Load MU model: Squad/Parts/Aero/wings/connector1
[LOG 18:45:16.765] Load MU model: Squad/Parts/Aero/wings/connector2
[LOG 18:45:16.765] Load MU model: Squad/Parts/Aero/wings/connector3
[LOG 18:45:16.765] Load MU model: Squad/Parts/Aero/wings/connector4
[LOG 18:45:16.768] Load MU model: Squad/Parts/Aero/wings/connector5
[LOG 18:45:16.768] Load MU model: Squad/Parts/Aero/wings/delta
[LOG 18:45:16.768] Load MU model: Squad/Parts/Aero/wings/delta_small
[LOG 18:45:16.768] Load MU model: Squad/Parts/Aero/wings/elevon1
[LOG 18:45:16.768] Load MU model: Squad/Parts/Aero/wings/elevon2
[LOG 18:45:16.768] Load MU model: Squad/Parts/Aero/wings/elevon3
[LOG 18:45:16.769] Load MU model: Squad/Parts/Aero/wings/elevon4
[LOG 18:45:16.769] Load MU model: Squad/Parts/Aero/wings/elevon5
[LOG 18:45:16.769] Load MU model: Squad/Parts/Aero/wings/strake
[LOG 18:45:16.769] Load MU model: Squad/Parts/Aero/wings/structural1
[LOG 18:45:16.769] Load MU model: Squad/Parts/Aero/wings/structural2
[LOG 18:45:16.770] Load MU model: Squad/Parts/Aero/wings/structural3
[LOG 18:45:16.770] Load MU model: Squad/Parts/Aero/wings/structural4
[LOG 18:45:16.770] Load MU model: Squad/Parts/Aero/wings/swept1
[LOG 18:45:16.770] Load MU model: Squad/Parts/Aero/wings/swept2
[LOG 18:45:16.770] Load MU model: Squad/Parts/Cargo/CargoContainers/cargoContainer
[LOG 18:45:16.771] Load MU model: Squad/Parts/Cargo/CargoContainers/smallCargoContainer
[LOG 18:45:16.771] Load MU model: Squad/Parts/Cargo/Cylinder/EVAcylinder
[LOG 18:45:16.771] Load MU model: Squad/Parts/Cargo/GroundAnchor/groundAnchor
[LOG 18:45:16.772] Load MU model: Squad/Parts/Cargo/Jetpack/Jetpack
[LOG 18:45:16.773] Load MU model: Squad/Parts/Cargo/Parachute/Parachute
[LOG 18:45:16.773] Load MU model: Squad/Parts/Cargo/RepairKit/RepairKit
[LOG 18:45:16.804] Load MU model: Squad/Parts/Cargo/ScienceKit/ExperimentKit
[LOG 18:45:16.807] Load MU model: Squad/Parts/Cargo/StorageUnits/Assets/CargoStorageUnit
[LOG 18:45:16.807] Load MU model: Squad/Parts/Cargo/StorageUnits/Assets/ConformalStorageUnit
[LOG 18:45:16.807] Load MU model: Squad/Parts/Command/advancedSasModuleLarge/model
[LOG 18:45:16.810] Load MU model: Squad/Parts/Command/cupola/model
[LOG 18:45:16.810] Load MU model: Squad/Parts/Command/externalCommandSeat/model
[LOG 18:45:16.811] Load MU model: Squad/Parts/Command/hitchhikerStorageContainer/model
[LOG 18:45:16.811] Load MU model: Squad/Parts/Command/inlineAdvancedStabilizer/model
[LOG 18:45:16.811] Load MU model: Squad/Parts/Command/inlineReactionWheel/model
[LOG 18:45:16.816] Load MU model: Squad/Parts/Command/Mk1-3Pod/Mk1-3
[LOG 18:45:16.822] Load MU model: Squad/Parts/Command/mk1Cockpits/Cabin
[LOG 18:45:16.822] Load MU model: Squad/Parts/Command/mk1Cockpits/CockpitInline
[LOG 18:45:16.823] Load MU model: Squad/Parts/Command/mk1Cockpits/CockpitStandard
[LOG 18:45:16.845] Load MU model: Squad/Parts/Command/mk1LanderCan/model
[LOG 18:45:16.846] Load MU model: Squad/Parts/Command/mk1pod_v2/Mk1Pod_v2
[LOG 18:45:16.846] Load MU model: Squad/Parts/Command/mk2CockpitInline/model
[LOG 18:45:16.852] Load MU model: Squad/Parts/Command/mk2CockpitStandard/model
[LOG 18:45:16.857] Load MU model: Squad/Parts/Command/mk2DroneCore/model
[LOG 18:45:16.860] Load MU model: Squad/Parts/Command/mk2LanderCan/model
[LOG 18:45:16.865] Load MU model: Squad/Parts/Command/mk2LanderCan_v2/mk2LanderCan
[LOG 18:45:16.867] Load MU model: Squad/Parts/Command/mk3CockpitShuttle/model
[LOG 18:45:16.870] Load MU model: Squad/Parts/Command/MpoProbe/MpoProbe
[LOG 18:45:16.870] Load MU model: Squad/Parts/Command/MtmStage/MTM_Stage
[LOG 18:45:16.871] Load MU model: Squad/Parts/Command/probeCoreCube/probeCoreCube
[LOG 18:45:16.871] Load MU model: Squad/Parts/Command/probeCoreHex/model
[LOG 18:45:16.871] Load MU model: Squad/Parts/Command/probeCoreHex_v2/model
[LOG 18:45:16.871] Load MU model: Squad/Parts/Command/probeCoreOcto2_v2/probeCoreOcto2_v2
[LOG 18:45:16.871] Load MU model: Squad/Parts/Command/probeCoreOcto_v2/probeCoreOcto_v2
[LOG 18:45:16.872] Load MU model: Squad/Parts/Command/probeRoverBody/model
[LOG 18:45:16.872] Load MU model: Squad/Parts/Command/probeRoverBody_v2/probeRoverBody_v2
[LOG 18:45:16.872] Load MU model: Squad/Parts/Command/probeStackLarge/model
[LOG 18:45:16.872] Load MU model: Squad/Parts/Command/probeStackSmall/model
[LOG 18:45:16.873] Load MU model: Squad/Parts/Command/probeStackSphere_v2/probeStackSphere_v2
[LOG 18:45:16.873] Load MU model: Squad/Parts/CompoundParts/FuelLine/model
[LOG 18:45:16.873] Load MU model: Squad/Parts/CompoundParts/strutConnector/model
[LOG 18:45:16.883] Load MU model: Squad/Parts/Coupling/Assets/Decoupler_0
[LOG 18:45:16.885] Load MU model: Squad/Parts/Coupling/Assets/Decoupler_1
[LOG 18:45:16.889] Load MU model: Squad/Parts/Coupling/Assets/Decoupler_1p5
[LOG 18:45:16.889] Load MU model: Squad/Parts/Coupling/Assets/Decoupler_2
[LOG 18:45:16.894] Load MU model: Squad/Parts/Coupling/Assets/Decoupler_3
[LOG 18:45:16.900] Load MU model: Squad/Parts/Coupling/Assets/Decoupler_4
[LOG 18:45:16.900] Load MU model: Squad/Parts/Coupling/Assets/Separator_0
[LOG 18:45:16.900] Load MU model: Squad/Parts/Coupling/Assets/Separator_1
[LOG 18:45:16.903] Load MU model: Squad/Parts/Coupling/Assets/Separator_1p5
[LOG 18:45:16.903] Load MU model: Squad/Parts/Coupling/Assets/Separator_2
[LOG 18:45:16.903] Load MU model: Squad/Parts/Coupling/Assets/Separator_3
[LOG 18:45:16.911] Load MU model: Squad/Parts/Coupling/Assets/Separator_4
[LOG 18:45:16.912] Load MU model: Squad/Parts/Electrical/10CSolarPanels/assets/OX-10C
[LOG 18:45:16.914] Load MU model: Squad/Parts/Electrical/10CSolarPanels/assets/SP-10C
[LOG 18:45:16.916] Load MU model: Squad/Parts/Electrical/10LSolarPanels/assets/OX-10L
[LOG 18:45:16.917] Load MU model: Squad/Parts/Electrical/10LSolarPanels/assets/SP-10L
[LOG 18:45:16.918] Load MU model: Squad/Parts/Electrical/1x6ShroudSolarPanels/model
[LOG 18:45:16.919] Load MU model: Squad/Parts/Electrical/1x6SolarPanels/model
[LOG 18:45:16.920] Load MU model: Squad/Parts/Electrical/3x2ShroudSolarPanels/model
[LOG 18:45:16.922] Load MU model: Squad/Parts/Electrical/3x2SolarPanels/model
[LOG 18:45:16.922] Load MU model: Squad/Parts/Electrical/gigantorXlSolarArray/model
[LOG 18:45:16.923] Load MU model: Squad/Parts/Electrical/radialFlatSolarPanel/model
[LOG 18:45:16.923] Load MU model: Squad/Parts/Electrical/RTG/model
[LOG 18:45:16.923] Load MU model: Squad/Parts/Electrical/z-100Battery/model
[LOG 18:45:16.923] Load MU model: Squad/Parts/Electrical/z-1kBattery/model
[LOG 18:45:16.923] Load MU model: Squad/Parts/Electrical/z-200Battery/model
[LOG 18:45:16.923] Load MU model: Squad/Parts/Electrical/z-400Battery/model
[LOG 18:45:16.924] Load MU model: Squad/Parts/Electrical/z-4kBattery/model
[LOG 18:45:16.924] Load MU model: Squad/Parts/Engine/ionEngine/model
[LOG 18:45:16.924] Load MU model: Squad/Parts/Engine/jetEngines/turbineInside
[LOG 18:45:16.924] Load MU model: Squad/Parts/Engine/jetEngines/turboFanSize1
[LOG 18:45:16.925] Load MU model: Squad/Parts/Engine/jetEngines/turboFanSize2
[LOG 18:45:16.926] Load MU model: Squad/Parts/Engine/jetEngines/turboJet
[LOG 18:45:16.929] Load MU model: Squad/Parts/Engine/jetEngines/turboRamJet
[LOG 18:45:16.929] Load MU model: Squad/Parts/Engine/liquidEngine24-77/model
[LOG 18:45:16.929] Load MU model: Squad/Parts/Engine/liquidEngine24-77_v2/Twitch_v2
[LOG 18:45:16.930] Load MU model: Squad/Parts/Engine/liquidEngine48-7S_v2/SparkV2
[LOG 18:45:16.931] Load MU model: Squad/Parts/Engine/liquidEngineAerospike/AeroSpike
[LOG 18:45:16.931] Load MU model: Squad/Parts/Engine/liquidEngineLV-1_v2/Assets/Ant
[LOG 18:45:16.931] Load MU model: Squad/Parts/Engine/liquidEngineLV-1_v2/Assets/Spider
[LOG 18:45:16.932] Load MU model: Squad/Parts/Engine/liquidEngineLV-909_v2/TerrierV2
[LOG 18:45:16.933] Load MU model: Squad/Parts/Engine/liquidEngineLV-N/model
[LOG 18:45:16.933] Load MU model: Squad/Parts/Engine/liquidEngineLV-T30/model
[LOG 18:45:16.934] Load MU model: Squad/Parts/Engine/liquidEngineLV-T30_v2/Reliant_v2
[LOG 18:45:16.936] Load MU model: Squad/Parts/Engine/liquidEngineLV-T45/model
[LOG 18:45:16.938] Load MU model: Squad/Parts/Engine/liquidEngineLV-T45_v2/Swivel_v2
[LOG 18:45:16.939] Load MU model: Squad/Parts/Engine/liquidEngineMainsail_v2/liquidEngineMainsail_v2
[LOG 18:45:16.945] Load MU model: Squad/Parts/Engine/liquidEngineMk55/Thud
[LOG 18:45:16.946] Load MU model: Squad/Parts/Engine/liquidEnginePoodle_v2/LqdEnginePoodle_v2
[LOG 18:45:16.957] Load MU model: Squad/Parts/Engine/liquidEngineSkipper_v2/skipper_v2
[LOG 18:45:16.958] Load MU model: Squad/Parts/Engine/liquidEngineSSME/SSME
[LOG 18:45:16.959] Load MU model: Squad/Parts/Engine/MassiveSRB/MassiveSRB
[LOG 18:45:16.959] Load MU model: Squad/Parts/Engine/miniJet/SmallJet
[LOG 18:45:16.964] Load MU model: Squad/Parts/Engine/OMSEngine/Puff_v2
[LOG 18:45:16.964] Load MU model: Squad/Parts/Engine/rapierEngine/rapier
[LOG 18:45:16.965] Load MU model: Squad/Parts/Engine/Size1_SRBs/SRB10
[LOG 18:45:16.965] Load MU model: Squad/Parts/Engine/Size1_SRBs/SRB5
[LOG 18:45:16.966] Load MU model: Squad/Parts/Engine/Size2LFB/Size2LFB
[LOG 18:45:16.969] Load MU model: Squad/Parts/Engine/Size2LFB_v2/Size2LFB_v2
[LOG 18:45:16.974] Load MU model: Squad/Parts/Engine/Size3AdvancedEngine/Size3AdvancedEngine
[LOG 18:45:16.974] Load MU model: Squad/Parts/Engine/Size3EngineCluster/Size3EngineCluster
[LOG 18:45:16.975] Load MU model: Squad/Parts/Engine/solidBoosterBACC/model
[LOG 18:45:16.976] Load MU model: Squad/Parts/Engine/solidBoosterS2-17/solidBoosterS2-17
[LOG 18:45:16.976] Load MU model: Squad/Parts/Engine/solidBoosterS2-33/solidBoosterS2-33
[LOG 18:45:16.977] Load MU model: Squad/Parts/Engine/solidBoosterSep/model
[LOG 18:45:16.977] Load MU model: Squad/Parts/Engine/SolidBoostersF/Assets/SolidBoosterF3S0
[LOG 18:45:16.978] Load MU model: Squad/Parts/Engine/SolidBoostersF/Assets/SolidBoosterFM1
[LOG 18:45:16.979] Load MU model: Squad/Parts/FuelTank/adapterTanks/Mk3-Mk2
[LOG 18:45:16.980] Load MU model: Squad/Parts/FuelTank/adapterTanks/Mk3-Size2
[LOG 18:45:16.980] Load MU model: Squad/Parts/FuelTank/adapterTanks/Mk3-Size2Slant
[LOG 18:45:16.980] Load MU model: Squad/Parts/FuelTank/adapterTanks/ShuttleAdapter
[LOG 18:45:16.981] Load MU model: Squad/Parts/FuelTank/adapterTanks/Size2-Mk2
[LOG 18:45:16.981] Load MU model: Squad/Parts/FuelTank/adapterTanks/Size2-Size1
[LOG 18:45:16.981] Load MU model: Squad/Parts/FuelTank/adapterTanks/Size2-Size1Slant
[LOG 18:45:16.981] Load MU model: Squad/Parts/FuelTank/adapterTanks/Size3-Mk3
[LOG 18:45:16.982] Load MU model: Squad/Parts/FuelTank/drainTankFTE-1/fuelValve
[LOG 18:45:16.982] Load MU model: Squad/Parts/FuelTank/FoilTanks/RadialTank_Capsule
[LOG 18:45:16.982] Load MU model: Squad/Parts/FuelTank/FoilTanks/RadialTank_Round
[LOG 18:45:16.982] Load MU model: Squad/Parts/FuelTank/FoilTanks/ToroidTank
[LOG 18:45:16.983] Load MU model: Squad/Parts/FuelTank/fuelTankOscarB/model
[LOG 18:45:16.983] Load MU model: Squad/Parts/FuelTank/miniFuselage/Fuselage
[LOG 18:45:16.983] Load MU model: Squad/Parts/FuelTank/mk2Adapters/bicoupler
[LOG 18:45:16.984] Load MU model: Squad/Parts/FuelTank/mk2Adapters/long
[LOG 18:45:16.984] Load MU model: Squad/Parts/FuelTank/mk2Adapters/standard
[LOG 18:45:16.984] Load MU model: Squad/Parts/FuelTank/mk2FuselageLong/FuselageLongLFO
[LOG 18:45:16.985] Load MU model: Squad/Parts/FuelTank/mk2FuselageLong/FuselageLongLiquid
[LOG 18:45:16.985] Load MU model: Squad/Parts/FuelTank/mk2FuselageShort/FuselageShortLFO
[LOG 18:45:16.985] Load MU model: Squad/Parts/FuelTank/mk2FuselageShort/FuselageShortLiquid
[LOG 18:45:16.985] Load MU model: Squad/Parts/FuelTank/mk2FuselageShort/FuselageShortMono
[LOG 18:45:16.985] Load MU model: Squad/Parts/FuelTank/mk3Fuselage/CREW
[LOG 18:45:16.986] Load MU model: Squad/Parts/FuelTank/mk3Fuselage/LFO_100
[LOG 18:45:16.986] Load MU model: Squad/Parts/FuelTank/mk3Fuselage/LFO_25
[LOG 18:45:16.986] Load MU model: Squad/Parts/FuelTank/mk3Fuselage/LFO_50
[LOG 18:45:16.986] Load MU model: Squad/Parts/FuelTank/mk3Fuselage/LF_100
[LOG 18:45:16.987] Load MU model: Squad/Parts/FuelTank/mk3Fuselage/LF_25
[LOG 18:45:16.987] Load MU model: Squad/Parts/FuelTank/mk3Fuselage/LF_50
[LOG 18:45:16.987] Load MU model: Squad/Parts/FuelTank/mk3Fuselage/MONO
[LOG 18:45:16.987] Load MU model: Squad/Parts/FuelTank/RCSFuelTankR1/RCSFuelTankR1_01
[LOG 18:45:16.988] Load MU model: Squad/Parts/FuelTank/RCSFuelTankR10/model
[LOG 18:45:16.988] Load MU model: Squad/Parts/FuelTank/RCSFuelTankR25/RCSFuelTankR25
[LOG 18:45:16.988] Load MU model: Squad/Parts/FuelTank/RCSTankRadial/model
[LOG 18:45:16.989] Load MU model: Squad/Parts/FuelTank/RCStankRadialLong/model
[LOG 18:45:16.989] Load MU model: Squad/Parts/FuelTank/RockomaxTanks/Assets/Rockomax16
[LOG 18:45:16.989] Load MU model: Squad/Parts/FuelTank/RockomaxTanks/Assets/Rockomax32
[LOG 18:45:16.989] Load MU model: Squad/Parts/FuelTank/RockomaxTanks/Assets/Rockomax64
[LOG 18:45:16.990] Load MU model: Squad/Parts/FuelTank/RockomaxTanks/Assets/Rockomax8
[LOG 18:45:16.990] Load MU model: Squad/Parts/FuelTank/Size1_Tanks/Size1Tank_01
[LOG 18:45:16.991] Load MU model: Squad/Parts/FuelTank/Size1_Tanks/Size1Tank_02
[LOG 18:45:16.991] Load MU model: Squad/Parts/FuelTank/Size1_Tanks/Size1Tank_03
[LOG 18:45:16.991] Load MU model: Squad/Parts/FuelTank/Size1_Tanks/Size1Tank_04
[LOG 18:45:16.991] Load MU model: Squad/Parts/FuelTank/Size3Tanks/Size3LargeTank
[LOG 18:45:16.992] Load MU model: Squad/Parts/FuelTank/Size3Tanks/Size3MediumTank
[LOG 18:45:16.992] Load MU model: Squad/Parts/FuelTank/Size3Tanks/Size3SmallTank
[LOG 18:45:16.992] Load MU model: Squad/Parts/FuelTank/xenonTank/model
[LOG 18:45:16.993] Load MU model: Squad/Parts/FuelTank/xenonTankLarge/model
[LOG 18:45:16.993] Load MU model: Squad/Parts/FuelTank/xenonTankRadial/model
[LOG 18:45:16.993] Load MU model: Squad/Parts/Misc/AsteroidDay/CamSat
[LOG 18:45:16.993] Load MU model: Squad/Parts/Misc/AsteroidDay/HECS2
[LOG 18:45:16.994] Load MU model: Squad/Parts/Misc/AsteroidDay/HighGainAntenna
[LOG 18:45:16.995] Load MU model: Squad/Parts/Misc/AsteroidDay/LgRadialSolar
[LOG 18:45:16.995] Load MU model: Squad/Parts/Misc/PotatoComet/Cube
[LOG 18:45:16.995] Load MU model: Squad/Parts/Misc/PotatoRoid/Cube
[LOG 18:45:16.995] Load MU model: Squad/Parts/Resources/FuelCell/FuelCell
[LOG 18:45:16.995] Load MU model: Squad/Parts/Resources/FuelCell/FuelCellArray
[LOG 18:45:16.996] Load MU model: Squad/Parts/Resources/ISRU/ISRU
[LOG 18:45:16.997] Load MU model: Squad/Parts/Resources/LargeTank/LargeTank
[LOG 18:45:16.997] Load MU model: Squad/Parts/Resources/MiniDrill/MiniDrill
[LOG 18:45:17.000] Load MU model: Squad/Parts/Resources/MiniISRU/MiniISRU
[LOG 18:45:17.000] Load MU model: Squad/Parts/Resources/OrbitalScanner/OrbitalScanner
[LOG 18:45:17.000] Load MU model: Squad/Parts/Resources/RadialDrill/TriBitDrill
[LOG 18:45:17.004] Load MU model: Squad/Parts/Resources/RadialTank/RadialOreTank
[LOG 18:45:17.004] Load MU model: Squad/Parts/Resources/SmallTank/SmallTank
[LOG 18:45:17.004] Load MU model: Squad/Parts/Resources/SurfaceScanner/SurfaceScanner
[LOG 18:45:17.004] Load MU model: Squad/Parts/Resources/SurveyScanner/SurveyScanner
[LOG 18:45:17.005] Load MU model: Squad/Parts/Science/AtmosphereSensor/model
[LOG 18:45:17.005] Load MU model: Squad/Parts/Science/GooExperiment/GooExperiment
[LOG 18:45:17.005] Load MU model: Squad/Parts/Science/LargeCrewedLab/large_crewed_lab
[LOG 18:45:17.006] Load MU model: Squad/Parts/Science/Magnetometer/Magnetometer
[LOG 18:45:17.011] Load MU model: Squad/Parts/Science/MaterialBay/science_module_small
[LOG 18:45:17.011] Load MU model: Squad/Parts/Science/ScienceBox/ScienceBox
[LOG 18:45:17.011] Load MU model: Squad/Parts/Science/sensorAccelerometer/model
[LOG 18:45:17.012] Load MU model: Squad/Parts/Science/sensorBarometer/model
[LOG 18:45:17.013] Load MU model: Squad/Parts/Science/sensorGravimeter/model
[LOG 18:45:17.013] Load MU model: Squad/Parts/Science/sensorThermometer/model
[LOG 18:45:17.013] Load MU model: Squad/Parts/Structural/FLAdapters/Assets/adapterSmallMiniShort_v2
[LOG 18:45:17.014] Load MU model: Squad/Parts/Structural/FLAdapters/Assets/adapterSmallMiniTall_v2
[LOG 18:45:17.014] Load MU model: Squad/Parts/Structural/mk1Parts/Fuselage
[LOG 18:45:17.014] Load MU model: Squad/Parts/Structural/mk1Parts/IntakeFuselage
[LOG 18:45:17.015] Load MU model: Squad/Parts/Structural/mk1Parts/Nacelle1
[LOG 18:45:17.015] Load MU model: Squad/Parts/Structural/mk1Parts/Nacelle2
[LOG 18:45:17.015] Load MU model: Squad/Parts/Structural/mk1Parts/Structural
[LOG 18:45:17.016] Load MU model: Squad/Parts/Structural/mk1Parts/StructuralHollow
[LOG 18:45:17.016] Load MU model: Squad/Parts/Structural/Size3To2Adapter_v2/Size2to3_v2
[LOG 18:45:17.016] Load MU model: Squad/Parts/Structural/stackAdapters/Assets/adapterLargeSmallBi
[LOG 18:45:17.017] Load MU model: Squad/Parts/Structural/stackAdapters/Assets/adapterLargeSmallQuad
[LOG 18:45:17.017] Load MU model: Squad/Parts/Structural/stackAdapters/Assets/adapterLargeSmallTri
[LOG 18:45:17.017] Load MU model: Squad/Parts/Structural/stationHub/model
[LOG 18:45:17.018] Load MU model: Squad/Parts/Structural/structuralIBeam200/model
[LOG 18:45:17.018] Load MU model: Squad/Parts/Structural/structuralIBeam200Pocket/model
[LOG 18:45:17.018] Load MU model: Squad/Parts/Structural/structuralIBeam650/model
[LOG 18:45:17.018] Load MU model: Squad/Parts/Structural/structuralMicronode/model
[LOG 18:45:17.018] Load MU model: Squad/Parts/Structural/structuralPanel1x1/model
[LOG 18:45:17.018] Load MU model: Squad/Parts/Structural/structuralPanel2x2/model
[LOG 18:45:17.019] Load MU model: Squad/Parts/Structural/structuralPylons/PylonBig
[LOG 18:45:17.019] Load MU model: Squad/Parts/Structural/structuralPylons/PylonSmall
[LOG 18:45:17.019] Load MU model: Squad/Parts/Structural/strutCubicOcto/model
[LOG 18:45:17.019] Load MU model: Squad/Parts/Structural/strutOcto/model
[LOG 18:45:17.020] Load MU model: Squad/Parts/Structural/trussGirderAdapter/model
[LOG 18:45:17.020] Load MU model: Squad/Parts/Structural/trussGirderL/model
[LOG 18:45:17.020] Load MU model: Squad/Parts/Structural/trussGirderXL/model
[LOG 18:45:17.020] Load MU model: Squad/Parts/Thermal/FoldingRadiators/foldingRadLarge
[LOG 18:45:17.025] Load MU model: Squad/Parts/Thermal/FoldingRadiators/foldingRadMed
[LOG 18:45:17.028] Load MU model: Squad/Parts/Thermal/FoldingRadiators/foldingRadSmall
[LOG 18:45:17.030] Load MU model: Squad/Parts/Thermal/RadiatorPanels/radPanelEdge
[LOG 18:45:17.030] Load MU model: Squad/Parts/Thermal/RadiatorPanels/radPanelLg
[LOG 18:45:17.030] Load MU model: Squad/Parts/Thermal/RadiatorPanels/radPanelSm
[LOG 18:45:17.030] Load MU model: Squad/Parts/Utility/commDish88-88/model
[LOG 18:45:17.036] Load MU model: Squad/Parts/Utility/commsAntennaDTS-M1/mediumDishAntenna
[LOG 18:45:17.037] Load MU model: Squad/Parts/Utility/commsDish16/model
[LOG 18:45:17.037] Load MU model: Squad/Parts/Utility/decouplerRadialHDM/model
[LOG 18:45:17.038] Load MU model: Squad/Parts/Utility/decouplerRadialTT-38K/model
[LOG 18:45:17.038] Load MU model: Squad/Parts/Utility/decouplerRadialTT-70/model
[LOG 18:45:17.038] Load MU model: Squad/Parts/Utility/DirectAntennas/HGAntenna
[LOG 18:45:17.039] Load MU model: Squad/Parts/Utility/DirectAntennas/HGAntenna_v2
[LOG 18:45:17.040] Load MU model: Squad/Parts/Utility/DirectAntennas/SurfAntenna
[LOG 18:45:17.040] Load MU model: Squad/Parts/Utility/dockingPort/dockingPort
[LOG 18:45:17.041] Load MU model: Squad/Parts/Utility/dockingPortInline/dockingPortInline
[LOG 18:45:17.042] Load MU model: Squad/Parts/Utility/dockingPortJr/dockingPortJr
[LOG 18:45:17.042] Load MU model: Squad/Parts/Utility/dockingPortShielded/dockingPortShielded
[LOG 18:45:17.043] Load MU model: Squad/Parts/Utility/dockingPortSr/dockingPortSr
[LOG 18:45:17.044] Load MU model: Squad/Parts/Utility/Fireworks/Assets/fireworksLauncherBig
[LOG 18:45:17.044] Load MU model: Squad/Parts/Utility/Fireworks/Assets/fireworksLauncherSmall
[LOG 18:45:17.045] Load MU model: Squad/Parts/Utility/flags/flagFlat/flagFlatMeshes
[LOG 18:45:17.049] Load MU model: Squad/Parts/Utility/flags/flagSize0/flagSize0Meshes
[LOG 18:45:17.051] Load MU model: Squad/Parts/Utility/flags/flagSize1/flagSize1Meshes
[LOG 18:45:17.052] Load MU model: Squad/Parts/Utility/flags/flagSize2/flagSize2Meshes
[LOG 18:45:17.054] Load MU model: Squad/Parts/Utility/flags/flagSize3/flagSize3Meshes
[LOG 18:45:17.055] Load MU model: Squad/Parts/Utility/GrapplingDevice/GrapplingArm
[LOG 18:45:17.060] Load MU model: Squad/Parts/Utility/ladderRadial/model
[LOG 18:45:17.060] Load MU model: Squad/Parts/Utility/ladderTelescopic/model
[LOG 18:45:17.061] Load MU model: Squad/Parts/Utility/ladderTelescopicBay/model
[LOG 18:45:17.063] Load MU model: Squad/Parts/Utility/landingLegLT-1/model
[LOG 18:45:17.063] Load MU model: Squad/Parts/Utility/landingLegLT-2/model
[LOG 18:45:17.064] Load MU model: Squad/Parts/Utility/landingLegLT-5/model
[WRN 18:45:17.065] WheelCollider requires an attached Rigidbody to function.
[WRN 18:45:17.065] WheelCollider requires an attached Rigidbody to function.
[LOG 18:45:17.066] Load MU model: Squad/Parts/Utility/launchClamp1/model
[LOG 18:45:17.066] Load MU model: Squad/Parts/Utility/launchEscapeSystem/LaunchEscapeSystem
[LOG 18:45:17.067] Load MU model: Squad/Parts/Utility/Lights/Assets/light_02
[LOG 18:45:17.067] Load MU model: Squad/Parts/Utility/Lights/Assets/light_03
[LOG 18:45:17.068] Load MU model: Squad/Parts/Utility/Lights/Assets/light_04
[LOG 18:45:17.068] Load MU model: Squad/Parts/Utility/Lights/Assets/light_07
[LOG 18:45:17.069] Load MU model: Squad/Parts/Utility/Lights/Assets/light_08
[LOG 18:45:17.069] Load MU model: Squad/Parts/Utility/Lights/Assets/light_12
[LOG 18:45:17.069] Load MU model: Squad/Parts/Utility/linearVernorRCS/Assets/linearRCS
[LOG 18:45:17.070] Load MU model: Squad/Parts/Utility/linearVernorRCS/Assets/vernorEngine
[LOG 18:45:17.070] Load MU model: Squad/Parts/Utility/mk2CargoBay/BayLarge
[LOG 18:45:17.071] Load MU model: Squad/Parts/Utility/mk2CargoBay/BaySmall
[LOG 18:45:17.071] Load MU model: Squad/Parts/Utility/mk2CrewCabin/model
[LOG 18:45:17.072] Load MU model: Squad/Parts/Utility/mk2DockingPort/mk2Dockingport
[LOG 18:45:17.073] Load MU model: Squad/Parts/Utility/mk3CargoBay/long
[LOG 18:45:17.073] Load MU model: Squad/Parts/Utility/mk3CargoBay/medium
[LOG 18:45:17.074] Load MU model: Squad/Parts/Utility/mk3CargoBay/ramp
[LOG 18:45:17.075] Load MU model: Squad/Parts/Utility/mk3CargoBay/short
[LOG 18:45:17.076] Load MU model: Squad/Parts/Utility/parachuteMk1/model
[LOG 18:45:17.076] Load MU model: Squad/Parts/Utility/parachuteMk12-R/model
[LOG 18:45:17.077] Load MU model: Squad/Parts/Utility/parachuteMk16-XL/model
[LOG 18:45:17.077] Load MU model: Squad/Parts/Utility/parachuteMk2-R/model
[LOG 18:45:17.078] Load MU model: Squad/Parts/Utility/parachuteMk25/model
[LOG 18:45:17.078] Load MU model: Squad/Parts/Utility/radialAttachmentPoint/model
[LOG 18:45:17.079] Load MU model: Squad/Parts/Utility/rcsBlockRV-105_v2/rcsBlock105
[LOG 18:45:17.080] Load MU model: Squad/Parts/Utility/rcsSmallLinear/Assets/RCSLinearSmall
[LOG 18:45:17.080] Load MU model: Squad/Parts/Utility/RelayAntennas/HGAntenna
[LOG 18:45:17.081] Load MU model: Squad/Parts/Utility/RelayAntennas/RA-100
[LOG 18:45:17.081] Load MU model: Squad/Parts/Utility/RelayAntennas/RA-5
[LOG 18:45:17.083] Load MU model: Squad/Parts/Utility/RelayAntennas/RA-50
[LOG 18:45:17.083] Load MU model: Squad/Parts/Utility/rockomaxAdapters/Assets/brandAdapter
[LOG 18:45:17.083] Load MU model: Squad/Parts/Utility/rockomaxAdapters/Assets/brandAdapter02
[LOG 18:45:17.084] Load MU model: Squad/Parts/Utility/ServiceBay_v2/Assets/ServiceBay_125_v2
[LOG 18:45:17.085] Load MU model: Squad/Parts/Utility/ServiceBay_v2/Assets/ServiceBay_250_v2
[LOG 18:45:17.087] Load MU model: Squad/Parts/Utility/smallClaw/smallClaw
[LOG 18:45:17.090] Load MU model: Squad/Parts/Utility/spotLightMk1/model
[LOG 18:45:17.091] Load MU model: Squad/Parts/Utility/spotLightMk1_v2/model
[LOG 18:45:17.091] Load MU model: Squad/Parts/Utility/spotLightMk2/model
[LOG 18:45:17.091] Load MU model: Squad/Parts/Utility/spotLightMk2_v2/model
[LOG 18:45:17.092] Load MU model: Squad/Parts/Utility/stackCouplers/Assets/stackBiCoupler_v2
[LOG 18:45:17.092] Load MU model: Squad/Parts/Utility/stackCouplers/Assets/stackQuadCoupler
[LOG 18:45:17.092] Load MU model: Squad/Parts/Utility/stackCouplers/Assets/stackTriCoupler_v2
[LOG 18:45:17.092] Load MU model: Squad/Parts/Wheel/LandingGear/GearExtraLarge
[WRN 18:45:17.094] WheelCollider requires an attached Rigidbody to function.
[WRN 18:45:17.094] WheelCollider requires an attached Rigidbody to function.
[LOG 18:45:17.095] Load MU model: Squad/Parts/Wheel/LandingGear/GearFixed
[WRN 18:45:17.095] WheelCollider requires an attached Rigidbody to function.
[WRN 18:45:17.095] WheelCollider requires an attached Rigidbody to function.
[LOG 18:45:17.095] Load MU model: Squad/Parts/Wheel/LandingGear/GearFree
[WRN 18:45:17.095] WheelCollider requires an attached Rigidbody to function.
[WRN 18:45:17.095] WheelCollider requires an attached Rigidbody to function.
[LOG 18:45:17.096] Load MU model: Squad/Parts/Wheel/LandingGear/GearLarge
[WRN 18:45:17.096] WheelCollider requires an attached Rigidbody to function.
[WRN 18:45:17.096] WheelCollider requires an attached Rigidbody to function.
[LOG 18:45:17.096] Load MU model: Squad/Parts/Wheel/LandingGear/GearMedium
[WRN 18:45:17.097] WheelCollider requires an attached Rigidbody to function.
[WRN 18:45:17.097] WheelCollider requires an attached Rigidbody to function.
[LOG 18:45:17.097] Load MU model: Squad/Parts/Wheel/LandingGear/GearSmall
[WRN 18:45:17.097] WheelCollider requires an attached Rigidbody to function.
[WRN 18:45:17.097] WheelCollider requires an attached Rigidbody to function.
[LOG 18:45:17.098] Load MU model: Squad/Parts/Wheel/roverWheelM1/model
[WRN 18:45:17.098] WheelCollider requires an attached Rigidbody to function.
[WRN 18:45:17.098] WheelCollider requires an attached Rigidbody to function.
[LOG 18:45:17.099] Load MU model: Squad/Parts/Wheel/roverWheelS2/model
[WRN 18:45:17.099] WheelCollider requires an attached Rigidbody to function.
[WRN 18:45:17.099] WheelCollider requires an attached Rigidbody to function.
[LOG 18:45:17.099] Load MU model: Squad/Parts/Wheel/roverWheelTR-2L/model
[WRN 18:45:17.100] WheelCollider requires an attached Rigidbody to function.
[WRN 18:45:17.100] WheelCollider requires an attached Rigidbody to function.
[LOG 18:45:17.100] Load MU model: Squad/Parts/Wheel/roverWheelXL3/model
[WRN 18:45:17.101] WheelCollider requires an attached Rigidbody to function.
[WRN 18:45:17.101] WheelCollider requires an attached Rigidbody to function.
[LOG 18:45:17.102] Load MU model: Squad/Props/AltimeterThreeHands/model
[LOG 18:45:17.102] Load MU model: Squad/Props/AtmosphereDepth/model
[LOG 18:45:17.102] Load MU model: Squad/Props/AxisIndicator/model
[LOG 18:45:17.102] Load MU model: Squad/Props/buttonsGeneric/circularButton
[LOG 18:45:17.102] Load MU model: Squad/Props/buttonsGeneric/clusterButtons
[LOG 18:45:17.102] Load MU model: Squad/Props/buttonsGeneric/clusterButtons2
[LOG 18:45:17.102] Load MU model: Squad/Props/buttonsGeneric/clusterKnob
[LOG 18:45:17.103] Load MU model: Squad/Props/buttonsGeneric/clusterKnob2
[LOG 18:45:17.103] Load MU model: Squad/Props/buttonsGeneric/clusterMixed
[LOG 18:45:17.103] Load MU model: Squad/Props/buttonsGeneric/clusterSwitches01
[LOG 18:45:17.104] Load MU model: Squad/Props/buttonsGeneric/clusterSwitches02
[LOG 18:45:17.104] Load MU model: Squad/Props/buttonsGeneric/clusterSwitches03
[LOG 18:45:17.105] Load MU model: Squad/Props/buttonsGeneric/clusterSwitches04
[LOG 18:45:17.105] Load MU model: Squad/Props/buttonsGeneric/clusterSwitches05
[LOG 18:45:17.105] Load MU model: Squad/Props/buttonsGeneric/clusterSwitches06
[LOG 18:45:17.105] Load MU model: Squad/Props/buttonsGeneric/clusterSwitches07
[LOG 18:45:17.105] Load MU model: Squad/Props/buttonsGeneric/directionalKnob
[LOG 18:45:17.105] Load MU model: Squad/Props/buttonsGeneric/directionalKnob2
[LOG 18:45:17.106] Load MU model: Squad/Props/buttonsGeneric/pullSwitch
[LOG 18:45:17.106] Load MU model: Squad/Props/buttonsGeneric/squareButton
[LOG 18:45:17.106] Load MU model: Squad/Props/buttonsGeneric/standingSwitch
[LOG 18:45:17.106] Load MU model: Squad/Props/buttonsGeneric/switch
[LOG 18:45:17.106] Load MU model: Squad/Props/buttonsGeneric/switchWithGuards
[LOG 18:45:17.106] Load MU model: Squad/Props/ButtonSquare/model
[LOG 18:45:17.106] Load MU model: Squad/Props/circularButton/model
[LOG 18:45:17.107] Load MU model: Squad/Props/Compass/model
[LOG 18:45:17.107] Load MU model: Squad/Props/directionalKnob/model
[LOG 18:45:17.107] Load MU model: Squad/Props/directionalKnob2/model
[LOG 18:45:17.107] Load MU model: Squad/Props/IndicatorPanel/model
[LOG 18:45:17.107] Load MU model: Squad/Props/IVANavBall/model
[LOG 18:45:17.108] Load MU model: Squad/Props/IVANavBallNoBase/model
[LOG 18:45:17.108] Load MU model: Squad/Props/ledPanelSpeed/model
[LOG 18:45:17.109] Load MU model: Squad/Props/Monitor/MonitorDockingMode
[LOG 18:45:17.109] Load MU model: Squad/Props/NavBall/model
[LOG 18:45:17.109] Load MU model: Squad/Props/PropsGeneric/Button_DockingMode
[LOG 18:45:17.109] Load MU model: Squad/Props/PropsGeneric/CargoBagA
[LOG 18:45:17.112] Load MU model: Squad/Props/PropsGeneric/CargoBagB
[LOG 18:45:17.112] Load MU model: Squad/Props/PropsGeneric/CargoBagC
[LOG 18:45:17.112] Load MU model: Squad/Props/PropsGeneric/Hatch_Plane
[LOG 18:45:17.112] Load MU model: Squad/Props/PropsGeneric/Hatch_Plane_Curve90
[LOG 18:45:17.112] Load MU model: Squad/Props/PropsGeneric/Hatch_Plane_Frame
[LOG 18:45:17.112] Load MU model: Squad/Props/PropsGeneric/Seat_Passenger
[LOG 18:45:17.113] Load MU model: Squad/Props/PropsGeneric/Seat_Pilot
[LOG 18:45:17.113] Load MU model: Squad/Props/PropsGeneric/Seat_Pilot_Helmet
[LOG 18:45:17.113] Load MU model: Squad/Props/PropsGeneric/SideStick
[LOG 18:45:17.113] Load MU model: Squad/Props/pullSwitch/model
[LOG 18:45:17.113] Load MU model: Squad/Props/radarAltitude/model
[LOG 18:45:17.113] Load MU model: Squad/Props/squareButton/model
[LOG 18:45:17.114] Load MU model: Squad/Props/standingSwitch/model
[LOG 18:45:17.114] Load MU model: Squad/Props/switch/model
[LOG 18:45:17.114] Load MU model: Squad/Props/switchGuard/model
[LOG 18:45:17.114] Load MU model: Squad/Props/switchWithGuards/model
[LOG 18:45:17.114] Load MU model: Squad/Props/throttle/model
[LOG 18:45:17.114] Load MU model: Squad/Props/VSI/model
[LOG 18:45:17.115] Load MU model: Squad/Spaces/crewCabinInternals/model
[LOG 18:45:17.117] Load MU model: Squad/Spaces/cupolaInternal/model
[LOG 18:45:17.119] Load MU model: Squad/Spaces/GenericSpace1/model
[LOG 18:45:17.120] Load MU model: Squad/Spaces/GenericSpace3/model
[LOG 18:45:17.122] Load MU model: Squad/Spaces/landerCabinInternals/model
[LOG 18:45:17.123] Load MU model: Squad/Spaces/landerCabinSmallInternal/model
[LOG 18:45:17.124] Load MU model: Squad/Spaces/LargeCrewedLabInternals/Large_Crewed_lab_Int
[LOG 18:45:17.126] Load MU model: Squad/Spaces/Mk1-3/model
[LOG 18:45:17.128] Load MU model: Squad/Spaces/mk1CabinInternal/mk1cabin
[LOG 18:45:17.131] Load MU model: Squad/Spaces/mk1CockpitInternal/Mk1StandardIVA
[LOG 18:45:17.132] Load MU model: Squad/Spaces/mk1InlineInternal/Mk1InlineIVA
[LOG 18:45:17.133] Load MU model: Squad/Spaces/mk1PodCockpit/model
[LOG 18:45:17.134] Load MU model: Squad/Spaces/mk1pod_IVA/mk1pod_IVA
[LOG 18:45:17.135] Load MU model: Squad/Spaces/mk2CockpitStandardInternal/model
[LOG 18:45:17.136] Load MU model: Squad/Spaces/Mk2CrewCabinInternal/MK2_CrewCab_Int
[LOG 18:45:17.138] Load MU model: Squad/Spaces/mk2InlineInternal/mk2InlineIVA
[LOG 18:45:17.140] Load MU model: Squad/Spaces/mk2LanderCanInternal/mk2LanderCanInternal
[LOG 18:45:17.141] Load MU model: Squad/Spaces/MK3CockpitInternal/MK3_Cockpit_Int
[LOG 18:45:17.142] Load MU model: Squad/Spaces/MK3_CrewCab_Int/MK3_CrewCab_Int
[LOG 18:45:17.145] Load MU model: Squad/Spaces/OverlayMasks/CupolaMask
[LOG 18:45:17.146] Load MU model: Squad/Spaces/OverlayMasks/HitchhikerBorder
[LOG 18:45:17.146] Load MU model: Squad/Spaces/OverlayMasks/HitchhikerMask
[LOG 18:45:17.146] Load MU model: Squad/Spaces/OverlayMasks/LargeLabBorder
[LOG 18:45:17.146] Load MU model: Squad/Spaces/OverlayMasks/LargeLabMask
[LOG 18:45:17.147] Load MU model: Squad/Spaces/OverlayMasks/Mk1CabinBorder
[LOG 18:45:17.147] Load MU model: Squad/Spaces/OverlayMasks/Mk1CabinMask
[LOG 18:45:17.147] Load MU model: Squad/Spaces/OverlayMasks/Mk1InlineMask
[LOG 18:45:17.147] Load MU model: Squad/Spaces/OverlayMasks/Mk1InlineMask2
[LOG 18:45:17.147] Load MU model: Squad/Spaces/OverlayMasks/Mk1StandardBorder2
[LOG 18:45:17.147] Load MU model: Squad/Spaces/OverlayMasks/Mk1StandardBorder3
[LOG 18:45:17.147] Load MU model: Squad/Spaces/OverlayMasks/Mk1StandardMask
[LOG 18:45:17.147] Load MU model: Squad/Spaces/OverlayMasks/Mk1StandardMask2
[LOG 18:45:17.147] Load MU model: Squad/Spaces/OverlayMasks/Mk1StandardMask3
[LOG 18:45:17.148] Load MU model: Squad/Spaces/OverlayMasks/Mk2CabinBorder
[LOG 18:45:17.148] Load MU model: Squad/Spaces/OverlayMasks/Mk2CabinMask
[LOG 18:45:17.148] Load MU model: Squad/Spaces/OverlayMasks/Mk2InlineBorder
[LOG 18:45:17.148] Load MU model: Squad/Spaces/OverlayMasks/Mk2InlineMask
[LOG 18:45:17.148] Load MU model: Squad/Spaces/OverlayMasks/Mk2StandardBorder
[LOG 18:45:17.148] Load MU model: Squad/Spaces/OverlayMasks/Mk2StandardMask
[LOG 18:45:17.148] Load MU model: Squad/Spaces/OverlayMasks/Mk3CabinBorder
[LOG 18:45:17.148] Load MU model: Squad/Spaces/OverlayMasks/Mk3CabinMask
[LOG 18:45:17.148] Load MU model: Squad/Spaces/OverlayMasks/Mk3CabinMask2
[LOG 18:45:17.148] Load MU model: Squad/Spaces/OverlayMasks/Mk3ShuttleBorder
[LOG 18:45:17.149] Load MU model: Squad/Spaces/OverlayMasks/Mk3ShuttleMask
[LOG 18:45:17.149] Load MU model: Squad/Spaces/OverlayMasks/Size1LanderBorder
[LOG 18:45:17.149] Load MU model: Squad/Spaces/OverlayMasks/Size1LanderMask
[LOG 18:45:17.149] Load MU model: Squad/Spaces/OverlayMasks/Size1PodBorder
[LOG 18:45:17.149] Load MU model: Squad/Spaces/OverlayMasks/Size1PodMask
[LOG 18:45:17.149] Load MU model: Squad/Spaces/OverlayMasks/Size2LanderBorder
[LOG 18:45:17.149] Load MU model: Squad/Spaces/OverlayMasks/Size2LanderMask
[LOG 18:45:17.149] Load MU model: Squad/Spaces/OverlayMasks/Size2PodBorder
[LOG 18:45:17.150] Load MU model: Squad/Spaces/OverlayMasks/Size2PodMask
[LOG 18:45:17.151] Load MU model: Squad/Spaces/Placeholder/PlaceholderIVA
[LOG 18:45:17.151] Load MU model: Squad/Spaces/PodCockpit/model
[LOG 18:45:17.154] Load MU model: SquadExpansion/MakingHistory/Parts/Aero/protectiveRocketNoseMk5A/Size_1_5_Cone
[LOG 18:45:17.154] Load MU model: SquadExpansion/MakingHistory/Parts/Coupling/Assets/EnginePlate
[LOG 18:45:17.155] Load MU model: SquadExpansion/MakingHistory/Parts/Coupling/Assets/InflatableAirlock
[LOG 18:45:17.155] Load MU model: SquadExpansion/MakingHistory/Parts/Coupling/Assets/Size1_5_Decoupler
[LOG 18:45:17.156] Load MU model: SquadExpansion/MakingHistory/Parts/Engine/Assets/KE-1
[LOG 18:45:17.160] Load MU model: SquadExpansion/MakingHistory/Parts/Engine/Assets/LV-T87
[LOG 18:45:17.161] Load MU model: SquadExpansion/MakingHistory/Parts/Engine/Assets/LV-T91
[LOG 18:45:17.162] Load MU model: SquadExpansion/MakingHistory/Parts/Engine/Assets/RE-I2
[LOG 18:45:17.164] Load MU model: SquadExpansion/MakingHistory/Parts/Engine/Assets/RE-J10
[LOG 18:45:17.164] Load MU model: SquadExpansion/MakingHistory/Parts/Engine/Assets/RK-7
[LOG 18:45:17.166] Load MU model: SquadExpansion/MakingHistory/Parts/Engine/Assets/RV-1
[LOG 18:45:17.166] Load MU model: SquadExpansion/MakingHistory/Parts/Engine/solidBoosterTHK/solidBoosterTHK
[LOG 18:45:17.167] Load MU model: SquadExpansion/MakingHistory/Parts/FuelTank/Assets/MiniMonoTank
[LOG 18:45:17.167] Load MU model: SquadExpansion/MakingHistory/Parts/FuelTank/Assets/Size1_5_Size0_Adapter_01
[LOG 18:45:17.167] Load MU model: SquadExpansion/MakingHistory/Parts/FuelTank/Assets/Size1_5_Size1_Adapter_01
[LOG 18:45:17.168] Load MU model: SquadExpansion/MakingHistory/Parts/FuelTank/Assets/Size1_5_Size1_Adapter_02
[LOG 18:45:17.168] Load MU model: SquadExpansion/MakingHistory/Parts/FuelTank/Assets/Size1_5_Size2_Adapter_01
[LOG 18:45:17.168] Load MU model: SquadExpansion/MakingHistory/Parts/FuelTank/Assets/Size1_5_Tank_01
[LOG 18:45:17.168] Load MU model: SquadExpansion/MakingHistory/Parts/FuelTank/Assets/Size1_5_Tank_02
[LOG 18:45:17.169] Load MU model: SquadExpansion/MakingHistory/Parts/FuelTank/Assets/Size1_5_Tank_03
[LOG 18:45:17.169] Load MU model: SquadExpansion/MakingHistory/Parts/FuelTank/Assets/Size1_5_Tank_04
[LOG 18:45:17.169] Load MU model: SquadExpansion/MakingHistory/Parts/FuelTank/Assets/Size1_5_Tank_05
[LOG 18:45:17.170] Load MU model: SquadExpansion/MakingHistory/Parts/FuelTank/Assets/Size3_Size4_Adapter_01
[LOG 18:45:17.170] Load MU model: SquadExpansion/MakingHistory/Parts/FuelTank/Assets/Size4_EngineAdapter_01
[LOG 18:45:17.170] Load MU model: SquadExpansion/MakingHistory/Parts/FuelTank/Assets/Size4_Tank_01
[LOG 18:45:17.171] Load MU model: SquadExpansion/MakingHistory/Parts/FuelTank/Assets/Size4_Tank_02
[LOG 18:45:17.171] Load MU model: SquadExpansion/MakingHistory/Parts/FuelTank/Assets/Size4_Tank_03
[LOG 18:45:17.171] Load MU model: SquadExpansion/MakingHistory/Parts/FuelTank/Assets/Size4_Tank_04
[LOG 18:45:17.172] Load MU model: SquadExpansion/MakingHistory/Parts/FuelTank/Assets/Size_1p5_Monoprop
[LOG 18:45:17.172] Load MU model: SquadExpansion/MakingHistory/Parts/Ground/Assets/RoverWheel
[WRN 18:45:17.173] WheelCollider requires an attached Rigidbody to function.
[WRN 18:45:17.173] WheelCollider requires an attached Rigidbody to function.
[LOG 18:45:17.173] Load MU model: SquadExpansion/MakingHistory/Parts/Payload/Assets/ServiceModule18
[LOG 18:45:17.174] Load MU model: SquadExpansion/MakingHistory/Parts/Payload/Assets/ServiceModule25
[LOG 18:45:17.175] Load MU model: SquadExpansion/MakingHistory/Parts/Payload/Assets/Size1to0ServiceModule
[LOG 18:45:17.175] Load MU model: SquadExpansion/MakingHistory/Parts/Pods/Assets/Mk2Pod
[LOG 18:45:17.176] Load MU model: SquadExpansion/MakingHistory/Parts/Pods/Assets/RoundPod
[LOG 18:45:17.176] Load MU model: SquadExpansion/MakingHistory/Parts/Pods/Assets/Size1_5_Lander
[LOG 18:45:17.177] Load MU model: SquadExpansion/MakingHistory/Parts/SharedAssets/Shroud1p5x0
[LOG 18:45:17.177] Load MU model: SquadExpansion/MakingHistory/Parts/SharedAssets/Shroud1p5x1
[LOG 18:45:17.177] Load MU model: SquadExpansion/MakingHistory/Parts/SharedAssets/Shroud1p5x2
[LOG 18:45:17.177] Load MU model: SquadExpansion/MakingHistory/Parts/SharedAssets/Shroud1p5x3
[LOG 18:45:17.177] Load MU model: SquadExpansion/MakingHistory/Parts/SharedAssets/Shroud1p5x4
[LOG 18:45:17.178] Load MU model: SquadExpansion/MakingHistory/Parts/SharedAssets/Shroud1x0
[LOG 18:45:17.178] Load MU model: SquadExpansion/MakingHistory/Parts/SharedAssets/Shroud1x1
[LOG 18:45:17.178] Load MU model: SquadExpansion/MakingHistory/Parts/SharedAssets/Shroud1x2
[LOG 18:45:17.178] Load MU model: SquadExpansion/MakingHistory/Parts/SharedAssets/Shroud1x3
[LOG 18:45:17.178] Load MU model: SquadExpansion/MakingHistory/Parts/SharedAssets/Shroud1x4
[LOG 18:45:17.178] Load MU model: SquadExpansion/MakingHistory/Parts/SharedAssets/Shroud2x0
[LOG 18:45:17.178] Load MU model: SquadExpansion/MakingHistory/Parts/SharedAssets/Shroud2x1
[LOG 18:45:17.178] Load MU model: SquadExpansion/MakingHistory/Parts/SharedAssets/Shroud2x2
[LOG 18:45:17.179] Load MU model: SquadExpansion/MakingHistory/Parts/SharedAssets/Shroud2x3
[LOG 18:45:17.179] Load MU model: SquadExpansion/MakingHistory/Parts/SharedAssets/Shroud2x4
[LOG 18:45:17.179] Load MU model: SquadExpansion/MakingHistory/Parts/SharedAssets/Shroud3x0
[LOG 18:45:17.179] Load MU model: SquadExpansion/MakingHistory/Parts/SharedAssets/Shroud3x1
[LOG 18:45:17.179] Load MU model: SquadExpansion/MakingHistory/Parts/SharedAssets/Shroud3x2
[LOG 18:45:17.179] Load MU model: SquadExpansion/MakingHistory/Parts/SharedAssets/Shroud3x3
[LOG 18:45:17.179] Load MU model: SquadExpansion/MakingHistory/Parts/SharedAssets/Shroud3x4
[LOG 18:45:17.179] Load MU model: SquadExpansion/MakingHistory/Parts/SharedAssets/Shroud4x0
[LOG 18:45:17.180] Load MU model: SquadExpansion/MakingHistory/Parts/SharedAssets/Shroud4x1
[LOG 18:45:17.180] Load MU model: SquadExpansion/MakingHistory/Parts/SharedAssets/Shroud4x2
[LOG 18:45:17.180] Load MU model: SquadExpansion/MakingHistory/Parts/SharedAssets/Shroud4x3
[LOG 18:45:17.180] Load MU model: SquadExpansion/MakingHistory/Parts/SharedAssets/Shroud4x4
[LOG 18:45:17.180] Load MU model: SquadExpansion/MakingHistory/Parts/SharedAssets/ShroudCollider0
[LOG 18:45:17.180] Load MU model: SquadExpansion/MakingHistory/Parts/SharedAssets/ShroudCollider1
[LOG 18:45:17.181] Load MU model: SquadExpansion/MakingHistory/Parts/SharedAssets/ShroudCollider1p5
[LOG 18:45:17.181] Load MU model: SquadExpansion/MakingHistory/Parts/SharedAssets/ShroudCollider2
[LOG 18:45:17.181] Load MU model: SquadExpansion/MakingHistory/Parts/SharedAssets/ShroudCollider3
[LOG 18:45:17.181] Load MU model: SquadExpansion/MakingHistory/Parts/SharedAssets/ShroudCollider4
[LOG 18:45:17.182] Load MU model: SquadExpansion/MakingHistory/Parts/Structural/Assets/EquiTriangle0
[LOG 18:45:17.182] Load MU model: SquadExpansion/MakingHistory/Parts/Structural/Assets/EquiTriangle1
[LOG 18:45:17.182] Load MU model: SquadExpansion/MakingHistory/Parts/Structural/Assets/EquiTriangle1p5
[LOG 18:45:17.182] Load MU model: SquadExpansion/MakingHistory/Parts/Structural/Assets/EquiTriangle2
[LOG 18:45:17.182] Load MU model: SquadExpansion/MakingHistory/Parts/Structural/Assets/Panel0
[LOG 18:45:17.182] Load MU model: SquadExpansion/MakingHistory/Parts/Structural/Assets/Panel1
[LOG 18:45:17.182] Load MU model: SquadExpansion/MakingHistory/Parts/Structural/Assets/Panel1p5
[LOG 18:45:17.183] Load MU model: SquadExpansion/MakingHistory/Parts/Structural/Assets/Panel2
[LOG 18:45:17.183] Load MU model: SquadExpansion/MakingHistory/Parts/Structural/Assets/Triangle0
[LOG 18:45:17.184] Load MU model: SquadExpansion/MakingHistory/Parts/Structural/Assets/Triangle1
[LOG 18:45:17.184] Load MU model: SquadExpansion/MakingHistory/Parts/Structural/Assets/Triangle1p5
[LOG 18:45:17.184] Load MU model: SquadExpansion/MakingHistory/Parts/Structural/Assets/Triangle2
[LOG 18:45:17.185] Load MU model: SquadExpansion/MakingHistory/Parts/Utility/flags/flagSize1p5/flagSize1p5Meshes
[LOG 18:45:17.186] Load MU model: SquadExpansion/MakingHistory/Parts/Utility/flags/flagSize4/flagSize4Meshes
[LOG 18:45:17.188] Load MU model: SquadExpansion/MakingHistory/Spaces/KVPods/Airlock_IVA
[LOG 18:45:17.188] Load MU model: SquadExpansion/MakingHistory/Spaces/KVPods/KV1_IVA
[LOG 18:45:17.189] Load MU model: SquadExpansion/MakingHistory/Spaces/KVPods/KV2_IVA
[LOG 18:45:17.191] Load MU model: SquadExpansion/MakingHistory/Spaces/KVPods/KV3_IVA
[LOG 18:45:17.193] Load MU model: SquadExpansion/MakingHistory/Spaces/MEM/MEM_IVA
[LOG 18:45:17.195] Load MU model: SquadExpansion/MakingHistory/Spaces/Mk2Pod/MK2POD_IVA
[LOG 18:45:17.196] Load MU model: SquadExpansion/Serenity/Parts/Aero/Assets/FanShroud_01
[LOG 18:45:17.197] Load MU model: SquadExpansion/Serenity/Parts/Aero/Assets/FanShroud_02
[LOG 18:45:17.197] Load MU model: SquadExpansion/Serenity/Parts/Aero/Assets/FanShroud_03
[LOG 18:45:17.198] Load MU model: SquadExpansion/Serenity/Parts/Aero/Assets/noseconeTiny
[LOG 18:45:17.198] Load MU model: SquadExpansion/Serenity/Parts/Aero/Assets/noseconeVS
[LOG 18:45:17.198] Load MU model: SquadExpansion/Serenity/Parts/DeployedScience/Assets/CentralStation
[LOG 18:45:17.200] Load MU model: SquadExpansion/Serenity/Parts/DeployedScience/Assets/GoExOb
[LOG 18:45:17.203] Load MU model: SquadExpansion/Serenity/Parts/DeployedScience/Assets/IonExperiment
[LOG 18:45:17.203] Load MU model: SquadExpansion/Serenity/Parts/DeployedScience/Assets/RTGCask
[LOG 18:45:17.204] Load MU model: SquadExpansion/Serenity/Parts/DeployedScience/Assets/satDish
[LOG 18:45:17.207] Load MU model: SquadExpansion/Serenity/Parts/DeployedScience/Assets/seismicSensor
[LOG 18:45:17.212] Load MU model: SquadExpansion/Serenity/Parts/DeployedScience/Assets/solarPanel
[LOG 18:45:17.214] Load MU model: SquadExpansion/Serenity/Parts/DeployedScience/Assets/WeatherStation
[LOG 18:45:17.218] Load MU model: SquadExpansion/Serenity/Parts/Propellers/Assets/largeFanBlade
[LOG 18:45:17.218] Load MU model: SquadExpansion/Serenity/Parts/Propellers/Assets/largeHeliBlade
[LOG 18:45:17.219] Load MU model: SquadExpansion/Serenity/Parts/Propellers/Assets/largePropeller
[LOG 18:45:17.219] Load MU model: SquadExpansion/Serenity/Parts/Propellers/Assets/mediumFanBlade
[LOG 18:45:17.219] Load MU model: SquadExpansion/Serenity/Parts/Propellers/Assets/mediumHeliBlade
[LOG 18:45:17.220] Load MU model: SquadExpansion/Serenity/Parts/Propellers/Assets/mediumPropeller
[LOG 18:45:17.220] Load MU model: SquadExpansion/Serenity/Parts/Propellers/Assets/smallFanBlade
[LOG 18:45:17.220] Load MU model: SquadExpansion/Serenity/Parts/Propellers/Assets/smallHeliBlade
[LOG 18:45:17.220] Load MU model: SquadExpansion/Serenity/Parts/Propellers/Assets/smallPropeller
[LOG 18:45:17.220] Load MU model: SquadExpansion/Serenity/Parts/Robotics/Assets/hinge_01
[LOG 18:45:17.221] Load MU model: SquadExpansion/Serenity/Parts/Robotics/Assets/hinge_01_s
[LOG 18:45:17.221] Load MU model: SquadExpansion/Serenity/Parts/Robotics/Assets/hinge_03
[LOG 18:45:17.222] Load MU model: SquadExpansion/Serenity/Parts/Robotics/Assets/hinge_03_s
[LOG 18:45:17.222] Load MU model: SquadExpansion/Serenity/Parts/Robotics/Assets/hinge_04
[LOG 18:45:17.222] Load MU model: SquadExpansion/Serenity/Parts/Robotics/Assets/piston_01
[LOG 18:45:17.223] Load MU model: SquadExpansion/Serenity/Parts/Robotics/Assets/piston_02
[LOG 18:45:17.223] Load MU model: SquadExpansion/Serenity/Parts/Robotics/Assets/piston_03
[LOG 18:45:17.223] Load MU model: SquadExpansion/Serenity/Parts/Robotics/Assets/piston_04
[LOG 18:45:17.223] Load MU model: SquadExpansion/Serenity/Parts/Robotics/Assets/RotorEngine_02
[LOG 18:45:17.224] Load MU model: SquadExpansion/Serenity/Parts/Robotics/Assets/RotorEngine_03
[LOG 18:45:17.225] Load MU model: SquadExpansion/Serenity/Parts/Robotics/Assets/rotor_01
[LOG 18:45:17.225] Load MU model: SquadExpansion/Serenity/Parts/Robotics/Assets/rotor_01s
[LOG 18:45:17.226] Load MU model: SquadExpansion/Serenity/Parts/Robotics/Assets/rotor_02
[LOG 18:45:17.227] Load MU model: SquadExpansion/Serenity/Parts/Robotics/Assets/rotor_02s
[LOG 18:45:17.228] Load MU model: SquadExpansion/Serenity/Parts/Robotics/Assets/rotor_03
[LOG 18:45:17.228] Load MU model: SquadExpansion/Serenity/Parts/Robotics/Assets/rotor_03s
[LOG 18:45:17.229] Load MU model: SquadExpansion/Serenity/Parts/Robotics/Assets/RotoServo_00
[LOG 18:45:17.229] Load MU model: SquadExpansion/Serenity/Parts/Robotics/Assets/RotoServo_02
[LOG 18:45:17.229] Load MU model: SquadExpansion/Serenity/Parts/Robotics/Assets/RotoServo_03
[LOG 18:45:17.230] Load MU model: SquadExpansion/Serenity/Parts/Robotics/Assets/RotoServo_04
[LOG 18:45:17.230] Load MU model: SquadExpansion/Serenity/Parts/Robotics/Controllers/controller1000
[LOG 18:45:17.230] Load MU model: SquadExpansion/Serenity/Parts/Science/RobotArmScanner/Assets/ROCArm_01
[LOG 18:45:17.231] Load MU model: SquadExpansion/Serenity/Parts/Science/RobotArmScanner/Assets/ROCArm_02
[LOG 18:45:17.233] Load MU model: SquadExpansion/Serenity/Parts/Science/RobotArmScanner/Assets/ROCArm_03
[LOG 18:45:17.235] Load MU model: SquadExpansion/Serenity/Parts/Structural/gripPads/Assets/lGripPad
[LOG 18:45:17.236] Load MU model: SquadExpansion/Serenity/Parts/Structural/gripPads/Assets/lGripStrip
[LOG 18:45:17.236] Load MU model: SquadExpansion/Serenity/Parts/Structural/gripPads/Assets/mGripPad
[LOG 18:45:17.236] Load MU model: SquadExpansion/Serenity/Parts/Structural/gripPads/Assets/sGripPad
[LOG 18:45:17.237] Load MU model: SquadExpansion/Serenity/Parts/Structural/gripPads/Assets/sGripStrip
[LOG 18:45:17.237] Loading Asset Bundle Definitions
[LOG 18:45:17.238] AssetLoader: Loading bundle definitions
[LOG 18:45:17.371] AssetLoader: Loaded bundle 'squadcore'
[LOG 18:45:17.372] AssetLoader: Loaded bundle 'squadcorefx'
[LOG 18:45:17.372] AssetLoader: Loaded mod bundle 'kspedia'
[LOG 18:45:17.373] AssetLoader: Loaded mod bundle 'kspedia_actionsets'
[LOG 18:45:17.373] AssetLoader: Loaded mod bundle 'kspedia_aircraft'
[LOG 18:45:17.373] AssetLoader: Loaded mod bundle 'kspedia_aircraftbasics'
[LOG 18:45:17.373] AssetLoader: Loaded mod bundle 'kspedia_aircraftbasicsbalance'
[LOG 18:45:17.374] AssetLoader: Loaded mod bundle 'kspedia_aircraftbasicsbalance2'
[LOG 18:45:17.374] AssetLoader: Loaded mod bundle 'kspedia_aircraftbasicscol'
[LOG 18:45:17.374] AssetLoader: Loaded mod bundle 'kspedia_aircraftbasicscontrol'
[LOG 18:45:17.375] AssetLoader: Loaded mod bundle 'kspedia_aircraftbasicscontrolsurfaces'
[LOG 18:45:17.375] AssetLoader: Loaded mod bundle 'kspedia_aircraftbasicsdrag'
[LOG 18:45:17.375] AssetLoader: Loaded mod bundle 'kspedia_aircraftbasicsengines'
[LOG 18:45:17.375] AssetLoader: Loaded mod bundle 'kspedia_aircraftbasicsforces'
[LOG 18:45:17.376] AssetLoader: Loaded mod bundle 'kspedia_aircraftbasicsintakes'
[LOG 18:45:17.376] AssetLoader: Loaded mod bundle 'kspedia_aircraftbasicslandinggear'
[LOG 18:45:17.376] AssetLoader: Loaded mod bundle 'kspedia_aircraftbasicslift'
[LOG 18:45:17.376] AssetLoader: Loaded mod bundle 'kspedia_axisgroups'
[LOG 18:45:17.377] AssetLoader: Loaded mod bundle 'kspedia_career'
[LOG 18:45:17.377] AssetLoader: Loaded mod bundle 'kspedia_careerbasicscontracts'
[LOG 18:45:17.377] AssetLoader: Loaded mod bundle 'kspedia_careerbasicscrew'
[LOG 18:45:17.378] AssetLoader: Loaded mod bundle 'kspedia_careerbasicscurrencies'
[LOG 18:45:17.378] AssetLoader: Loaded mod bundle 'kspedia_careerbasicsexperience'
[LOG 18:45:17.378] AssetLoader: Loaded mod bundle 'kspedia_careerbasicsfacilities'
[LOG 18:45:17.378] AssetLoader: Loaded mod bundle 'kspedia_careerbasicsstrategies'
[LOG 18:45:17.379] AssetLoader: Loaded mod bundle 'kspedia_careerbasicstechnology'
[LOG 18:45:17.379] AssetLoader: Loaded mod bundle 'kspedia_careerui-ac'
[LOG 18:45:17.379] AssetLoader: Loaded mod bundle 'kspedia_careerui-admin'
[LOG 18:45:17.379] AssetLoader: Loaded mod bundle 'kspedia_careerui-ksc'
[LOG 18:45:17.380] AssetLoader: Loaded mod bundle 'kspedia_careerui-mc'
[LOG 18:45:17.380] AssetLoader: Loaded mod bundle 'kspedia_careerui-sciencearchives'
[LOG 18:45:17.380] AssetLoader: Loaded mod bundle 'kspedia_careerui-techtree'
[LOG 18:45:17.381] AssetLoader: Loaded mod bundle 'kspedia_careerui-ts'
[LOG 18:45:17.381] AssetLoader: Loaded mod bundle 'kspedia_careerui'
[LOG 18:45:17.381] AssetLoader: Loaded mod bundle 'kspedia_cargoapp'
[LOG 18:45:17.381] AssetLoader: Loaded mod bundle 'kspedia_cargomode'
[LOG 18:45:17.382] AssetLoader: Loaded mod bundle 'kspedia_cargosystem-placeableparts'
[LOG 18:45:17.382] AssetLoader: Loaded mod bundle 'kspedia_cargosystem'
[LOG 18:45:17.382] AssetLoader: Loaded mod bundle 'kspedia_chute'
[LOG 18:45:17.382] AssetLoader: Loaded mod bundle 'kspedia_commnet'
[LOG 18:45:17.383] AssetLoader: Loaded mod bundle 'kspedia_commnetbasics'
[LOG 18:45:17.383] AssetLoader: Loaded mod bundle 'kspedia_commnetbuildingeffectivenetworks'
[LOG 18:45:17.383] AssetLoader: Loaded mod bundle 'kspedia_commnetcalculatingrange'
[LOG 18:45:17.383] AssetLoader: Loaded mod bundle 'kspedia_commnetcontrollevels'
[LOG 18:45:17.384] AssetLoader: Loaded mod bundle 'kspedia_commnetcontrollinks'
[LOG 18:45:17.384] AssetLoader: Loaded mod bundle 'kspedia_commnetcontrolpoints'
[LOG 18:45:17.384] AssetLoader: Loaded mod bundle 'kspedia_commnetgui'
[LOG 18:45:17.384] AssetLoader: Loaded mod bundle 'kspedia_commnetgui01'
[LOG 18:45:17.384] AssetLoader: Loaded mod bundle 'kspedia_commnetgui02'
[LOG 18:45:17.385] AssetLoader: Loaded mod bundle 'kspedia_commnetrange'
[LOG 18:45:17.385] AssetLoader: Loaded mod bundle 'kspedia_commnetrelays'
[LOG 18:45:17.385] AssetLoader: Loaded mod bundle 'kspedia_commnetsciencetransmission'
[LOG 18:45:17.385] AssetLoader: Loaded mod bundle 'kspedia_commnetsignalstrength'
[LOG 18:45:17.385] AssetLoader: Loaded mod bundle 'kspedia_commnettransmission'
[LOG 18:45:17.386] AssetLoader: Loaded mod bundle 'kspedia_constructionui-actiongroups'
[LOG 18:45:17.386] AssetLoader: Loaded mod bundle 'kspedia_constructionui-applauncher'
[LOG 18:45:17.386] AssetLoader: Loaded mod bundle 'kspedia_constructionui-crew'
[LOG 18:45:17.387] AssetLoader: Loaded mod bundle 'kspedia_constructionui-engineersreport'
[LOG 18:45:17.387] AssetLoader: Loaded mod bundle 'kspedia_constructionui-gizmos'
[LOG 18:45:17.387] AssetLoader: Loaded mod bundle 'kspedia_constructionui-infos'
[LOG 18:45:17.387] AssetLoader: Loaded mod bundle 'kspedia_constructionui-partdetails'
[LOG 18:45:17.388] AssetLoader: Loaded mod bundle 'kspedia_constructionui-parts'
[LOG 18:45:17.388] AssetLoader: Loaded mod bundle 'kspedia_constructionui-symmetry'
[LOG 18:45:17.388] AssetLoader: Loaded mod bundle 'kspedia_constructionui-vesseldetails'
[LOG 18:45:17.389] AssetLoader: Loaded mod bundle 'kspedia_constructionui'
[LOG 18:45:17.389] AssetLoader: Loaded mod bundle 'kspedia_controls-dockingmode'
[LOG 18:45:17.389] AssetLoader: Loaded mod bundle 'kspedia_controls-editor'
[LOG 18:45:17.389] AssetLoader: Loaded mod bundle 'kspedia_controls-editorgizmos'
[LOG 18:45:17.390] AssetLoader: Loaded mod bundle 'kspedia_controls-eva'
[LOG 18:45:17.390] AssetLoader: Loaded mod bundle 'kspedia_controls-flight'
[LOG 18:45:17.390] AssetLoader: Loaded mod bundle 'kspedia_controls-flightactivities'
[LOG 18:45:17.391] AssetLoader: Loaded mod bundle 'kspedia_controls-flightdirections'
[LOG 18:45:17.391] AssetLoader: Loaded mod bundle 'kspedia_controls-general'
[LOG 18:45:17.391] AssetLoader: Loaded mod bundle 'kspedia_controls-mapandtime'
[LOG 18:45:17.391] AssetLoader: Loaded mod bundle 'kspedia_controls-mouseconstruction'
[LOG 18:45:17.392] AssetLoader: Loaded mod bundle 'kspedia_controls-mouseflight'
[LOG 18:45:17.392] AssetLoader: Loaded mod bundle 'kspedia_controls-rcs'
[LOG 18:45:17.392] AssetLoader: Loaded mod bundle 'kspedia_controls'
[LOG 18:45:17.392] AssetLoader: Loaded mod bundle 'kspedia_eastereggs'
[LOG 18:45:17.393] AssetLoader: Loaded mod bundle 'kspedia_evaconstructionmode'
[LOG 18:45:17.393] AssetLoader: Loaded mod bundle 'kspedia_facilities-ac'
[LOG 18:45:17.393] AssetLoader: Loaded mod bundle 'kspedia_facilities-admin'
[LOG 18:45:17.394] AssetLoader: Loaded mod bundle 'kspedia_facilities-context'
[LOG 18:45:17.394] AssetLoader: Loaded mod bundle 'kspedia_facilities-ksc'
[LOG 18:45:17.394] AssetLoader: Loaded mod bundle 'kspedia_facilities-launchpad'
[LOG 18:45:17.394] AssetLoader: Loaded mod bundle 'kspedia_facilities-mc'
[LOG 18:45:17.395] AssetLoader: Loaded mod bundle 'kspedia_facilities-randd'
[LOG 18:45:17.395] AssetLoader: Loaded mod bundle 'kspedia_facilities-runway'
[LOG 18:45:17.395] AssetLoader: Loaded mod bundle 'kspedia_facilities-sph'
[LOG 18:45:17.395] AssetLoader: Loaded mod bundle 'kspedia_facilities-ts'
[LOG 18:45:17.396] AssetLoader: Loaded mod bundle 'kspedia_facilities-vab'
[LOG 18:45:17.396] AssetLoader: Loaded mod bundle 'kspedia_flightui-altimeter'
[LOG 18:45:17.396] AssetLoader: Loaded mod bundle 'kspedia_flightui-applauncher'
[LOG 18:45:17.396] AssetLoader: Loaded mod bundle 'kspedia_flightui-evaactivities'
[LOG 18:45:17.397] AssetLoader: Loaded mod bundle 'kspedia_flightui-maneuvermodeeditor'
[LOG 18:45:17.397] AssetLoader: Loaded mod bundle 'kspedia_flightui-maneuvermodeeditorcont'
[LOG 18:45:17.397] AssetLoader: Loaded mod bundle 'kspedia_flightui-maneuvermodeorbit'
[LOG 18:45:17.398] AssetLoader: Loaded mod bundle 'kspedia_flightui-maneuvertoolinfo'
[LOG 18:45:17.398] AssetLoader: Loaded mod bundle 'kspedia_flightui-maneuvertoolmain'
[LOG 18:45:17.398] AssetLoader: Loaded mod bundle 'kspedia_flightui-modecontrol'
[LOG 18:45:17.398] AssetLoader: Loaded mod bundle 'kspedia_flightui-navball'
[LOG 18:45:17.399] AssetLoader: Loaded mod bundle 'kspedia_flightui-partrepairs'
[LOG 18:45:17.399] AssetLoader: Loaded mod bundle 'kspedia_flightui-portraits'
[LOG 18:45:17.399] AssetLoader: Loaded mod bundle 'kspedia_flightui-staging'
[LOG 18:45:17.399] AssetLoader: Loaded mod bundle 'kspedia_flightui-timeandaction'
[LOG 18:45:17.400] AssetLoader: Loaded mod bundle 'kspedia_flightui'
[LOG 18:45:17.400] AssetLoader: Loaded mod bundle 'kspedia_heat'
[LOG 18:45:17.400] AssetLoader: Loaded mod bundle 'kspedia_heatactiveradiators'
[LOG 18:45:17.401] AssetLoader: Loaded mod bundle 'kspedia_heatengines'
[LOG 18:45:17.401] AssetLoader: Loaded mod bundle 'kspedia_heatflow'
[LOG 18:45:17.401] AssetLoader: Loaded mod bundle 'kspedia_heatpart'
[LOG 18:45:17.402] AssetLoader: Loaded mod bundle 'kspedia_heatpassiveradiators'
[LOG 18:45:17.402] AssetLoader: Loaded mod bundle 'kspedia_heatshields'
[LOG 18:45:17.402] AssetLoader: Loaded mod bundle 'kspedia_kerbnet'
[LOG 18:45:17.402] AssetLoader: Loaded mod bundle 'kspedia_kerbnetinterface'
[LOG 18:45:17.403] AssetLoader: Loaded mod bundle 'kspedia_kerbnetmodes'
[LOG 18:45:17.403] AssetLoader: Loaded mod bundle 'kspedia_kerbnetwaypoints'
[LOG 18:45:17.403] AssetLoader: Loaded mod bundle 'kspedia_locations'
[LOG 18:45:17.403] AssetLoader: Loaded mod bundle 'kspedia_manual'
[LOG 18:45:17.404] AssetLoader: Loaded mod bundle 'kspedia_mapui-alarmclockcreation'
[LOG 18:45:17.404] AssetLoader: Loaded mod bundle 'kspedia_mapui-alarmclockmain'
[LOG 18:45:17.404] AssetLoader: Loaded mod bundle 'kspedia_mapui-burnindicator'
[LOG 18:45:17.405] AssetLoader: Loaded mod bundle 'kspedia_mapui-dvtoolsflight'
[LOG 18:45:17.405] AssetLoader: Loaded mod bundle 'kspedia_mapui-dvtoolsvab'
[LOG 18:45:17.405] AssetLoader: Loaded mod bundle 'kspedia_mapui-mannodes'
[LOG 18:45:17.405] AssetLoader: Loaded mod bundle 'kspedia_mapui-orbitnodes'
[LOG 18:45:17.406] AssetLoader: Loaded mod bundle 'kspedia_mapui-orbitnodes2'
[LOG 18:45:17.406] AssetLoader: Loaded mod bundle 'kspedia_mapui'
[LOG 18:45:17.406] AssetLoader: Loaded mod bundle 'kspedia_orbitalbasics-atmosphere'
[LOG 18:45:17.406] AssetLoader: Loaded mod bundle 'kspedia_orbitalbasics-gettingbackdown'
[LOG 18:45:17.407] AssetLoader: Loaded mod bundle 'kspedia_orbitalbasics-gettingupthere'
[LOG 18:45:17.407] AssetLoader: Loaded mod bundle 'kspedia_orbitalbasics-gravityturn'
[LOG 18:45:17.407] AssetLoader: Loaded mod bundle 'kspedia_orbitalbasics-orbits'
[LOG 18:45:17.407] AssetLoader: Loaded mod bundle 'kspedia_orbitalbasics-stayingupthere'
[LOG 18:45:17.408] AssetLoader: Loaded mod bundle 'kspedia_orbitalbasics'
[LOG 18:45:17.408] AssetLoader: Loaded mod bundle 'kspedia_orbitaldefinitions-appe'
[LOG 18:45:17.408] AssetLoader: Loaded mod bundle 'kspedia_orbitaldefinitions-dirandinc'
[LOG 18:45:17.408] AssetLoader: Loaded mod bundle 'kspedia_orbitaldefinitions-directions'
[LOG 18:45:17.409] AssetLoader: Loaded mod bundle 'kspedia_orbitaldefinitions-eccentricity'
[LOG 18:45:17.409] AssetLoader: Loaded mod bundle 'kspedia_orbitaldefinitions'
[LOG 18:45:17.409] AssetLoader: Loaded mod bundle 'kspedia_orbitalmaneuvers-adjustinginclination'
[LOG 18:45:17.410] AssetLoader: Loaded mod bundle 'kspedia_orbitalmaneuvers-deltav'
[LOG 18:45:17.410] AssetLoader: Loaded mod bundle 'kspedia_orbitalmaneuvers-efficiency'
[LOG 18:45:17.410] AssetLoader: Loaded mod bundle 'kspedia_orbitalmaneuvers-hohmanntransfer'
[LOG 18:45:17.410] AssetLoader: Loaded mod bundle 'kspedia_orbitalmaneuvers-hohmanntransfer2'
[LOG 18:45:17.411] AssetLoader: Loaded mod bundle 'kspedia_orbitalmaneuvers-orbittypes'
[LOG 18:45:17.411] AssetLoader: Loaded mod bundle 'kspedia_orbitalmaneuvers-radandantirad'
[LOG 18:45:17.411] AssetLoader: Loaded mod bundle 'kspedia_orbitalmaneuvers-shapingup'
[LOG 18:45:17.411] AssetLoader: Loaded mod bundle 'kspedia_orbitalmaneuvers'
[LOG 18:45:17.412] AssetLoader: Loaded mod bundle 'kspedia_planets-dres'
[LOG 18:45:17.412] AssetLoader: Loaded mod bundle 'kspedia_planets-duna'
[LOG 18:45:17.412] AssetLoader: Loaded mod bundle 'kspedia_planets-eeloo'
[LOG 18:45:17.412] AssetLoader: Loaded mod bundle 'kspedia_planets-eve'
[LOG 18:45:17.413] AssetLoader: Loaded mod bundle 'kspedia_planets-jool'
[LOG 18:45:17.413] AssetLoader: Loaded mod bundle 'kspedia_planets-kerbin'
[LOG 18:45:17.413] AssetLoader: Loaded mod bundle 'kspedia_planets-moho'
[LOG 18:45:17.414] AssetLoader: Loaded mod bundle 'kspedia_planets-sun'
[LOG 18:45:17.414] AssetLoader: Loaded mod bundle 'kspedia_planets-system'
[LOG 18:45:17.414] AssetLoader: Loaded mod bundle 'kspedia_resources-asteroidmining'
[LOG 18:45:17.414] AssetLoader: Loaded mod bundle 'kspedia_resources-conversionmanagement'
[LOG 18:45:17.415] AssetLoader: Loaded mod bundle 'kspedia_resources-drilling'
[LOG 18:45:17.415] AssetLoader: Loaded mod bundle 'kspedia_resources-findingit'
[LOG 18:45:17.415] AssetLoader: Loaded mod bundle 'kspedia_resources-findingit2'
[LOG 18:45:17.415] AssetLoader: Loaded mod bundle 'kspedia_resources-storageandconversion'
[LOG 18:45:17.416] AssetLoader: Loaded mod bundle 'kspedia_resources'
[LOG 18:45:17.416] AssetLoader: Loaded mod bundle 'kspedia_rocketry'
[LOG 18:45:17.416] AssetLoader: Loaded mod bundle 'kspedia_rocketryadvanced-fairings'
[LOG 18:45:17.417] AssetLoader: Loaded mod bundle 'kspedia_rocketryadvanced-girders'
[LOG 18:45:17.417] AssetLoader: Loaded mod bundle 'kspedia_rocketryadvanced'
[LOG 18:45:17.417] AssetLoader: Loaded mod bundle 'kspedia_rocketrybasics'
[LOG 18:45:17.417] AssetLoader: Loaded mod bundle 'kspedia_rocketrybasicsaero'
[LOG 18:45:17.418] AssetLoader: Loaded mod bundle 'kspedia_rocketrybasicscentered'
[LOG 18:45:17.418] AssetLoader: Loaded mod bundle 'kspedia_rocketrybasicschutes'
[LOG 18:45:17.418] AssetLoader: Loaded mod bundle 'kspedia_rocketrybasicscontrol'
[LOG 18:45:17.418] AssetLoader: Loaded mod bundle 'kspedia_rocketrybasicsecrecharging'
[LOG 18:45:17.419] AssetLoader: Loaded mod bundle 'kspedia_rocketrybasicsengines'
[LOG 18:45:17.419] AssetLoader: Loaded mod bundle 'kspedia_rocketrybasicsforces'
[LOG 18:45:17.419] AssetLoader: Loaded mod bundle 'kspedia_rocketrybasicshatchesandladders'
[LOG 18:45:17.419] AssetLoader: Loaded mod bundle 'kspedia_rocketrybasicshibernation'
[LOG 18:45:17.419] AssetLoader: Loaded mod bundle 'kspedia_rocketrybasicsresources'
[LOG 18:45:17.420] AssetLoader: Loaded mod bundle 'kspedia_rocketrybasicsservicecontainers'
[LOG 18:45:17.420] AssetLoader: Loaded mod bundle 'kspedia_rocketrybasicsstability'
[LOG 18:45:17.420] AssetLoader: Loaded mod bundle 'kspedia_rocketrybasicsstabilityassist'
[LOG 18:45:17.420] AssetLoader: Loaded mod bundle 'kspedia_rocketrybasicsstaging'
[LOG 18:45:17.421] AssetLoader: Loaded mod bundle 'kspedia_rocketrybasicssymmetry'
[LOG 18:45:17.421] AssetLoader: Loaded mod bundle 'kspedia_science'
[LOG 18:45:17.421] AssetLoader: Loaded mod bundle 'kspedia_sciencedata'
[LOG 18:45:17.421] AssetLoader: Loaded mod bundle 'kspedia_scienceexperiments'
[LOG 18:45:17.422] AssetLoader: Loaded mod bundle 'kspedia_sciencelab'
[LOG 18:45:17.422] AssetLoader: Loaded mod bundle 'kspedia_sciencetransmitted'
[LOG 18:45:17.422] AssetLoader: Loaded mod bundle 'kspedia_spacetravel'
[LOG 18:45:17.422] AssetLoader: Loaded mod bundle 'kspedia_variantswitcher'
[LOG 18:45:17.423] AssetLoader: Loaded mod bundle 'kspfonts'
[LOG 18:45:17.572] AssetLoader: Loaded bundle 'squadcore'
[LOG 18:45:17.573] AssetLoader: Loaded bundle 'squadcorefx'
[LOG 18:45:17.573] AssetLoader: Loaded mod bundle 'kspedia_builder'
[LOG 18:45:17.574] AssetLoader: Loaded mod bundle 'kspedia_buildertoolbar'
[LOG 18:45:17.574] AssetLoader: Loaded mod bundle 'kspedia_canvas'
[LOG 18:45:17.574] AssetLoader: Loaded mod bundle 'kspedia_exportingvalidation'
[LOG 18:45:17.574] AssetLoader: Loaded mod bundle 'kspedia_flight'
[LOG 18:45:17.575] AssetLoader: Loaded mod bundle 'kspedia_flightapp'
[LOG 18:45:17.575] AssetLoader: Loaded mod bundle 'kspedia_gap'
[LOG 18:45:17.575] AssetLoader: Loaded mod bundle 'kspedia_gaptools'
[LOG 18:45:17.575] AssetLoader: Loaded mod bundle 'kspedia_makinghistory'
[LOG 18:45:17.576] AssetLoader: Loaded mod bundle 'kspedia_missionbriefing'
[LOG 18:45:17.576] AssetLoader: Loaded mod bundle 'kspedia_nodedocking'
[LOG 18:45:17.576] AssetLoader: Loaded mod bundle 'kspedia_nodesconnectors'
[LOG 18:45:17.577] AssetLoader: Loaded mod bundle 'kspedia_sap'
[LOG 18:45:17.577] AssetLoader: Loaded mod bundle 'kspedia_sidebar'
[LOG 18:45:17.577] AssetLoader: Loaded mod bundle 'kspedia_testingcheckpoints'
[LOG 18:45:17.577] AssetLoader: Loaded bundle 'makinghistory'
[LOG 18:45:17.578] AssetLoader: Loaded mod bundle 'kspedia_bladecyclic-collective-behaviour'
[LOG 18:45:17.578] AssetLoader: Loaded mod bundle 'kspedia_bladecyclic-collective-controls'
[LOG 18:45:17.578] AssetLoader: Loaded mod bundle 'kspedia_deployedscience-experiments'
[LOG 18:45:17.578] AssetLoader: Loaded mod bundle 'kspedia_deployedscience'
[LOG 18:45:17.579] AssetLoader: Loaded mod bundle 'kspedia_grippads'
[LOG 18:45:17.579] AssetLoader: Loaded mod bundle 'kspedia_layindtracks'
[LOG 18:45:17.579] AssetLoader: Loaded mod bundle 'kspedia_propellers'
[LOG 18:45:17.580] AssetLoader: Loaded mod bundle 'kspedia_propellersaerodynamics'
[LOG 18:45:17.580] AssetLoader: Loaded mod bundle 'kspedia_roboticcontroller'
[LOG 18:45:17.580] AssetLoader: Loaded mod bundle 'kspedia_roboticparts'
[LOG 18:45:17.581] AssetLoader: Loaded mod bundle 'kspedia_surface features-overview'
[LOG 18:45:17.581] AssetLoader: Loaded mod bundle 'kspedia_surface features-roverarmdetails'
[LOG 18:45:17.581] AssetLoader: Loaded mod bundle 'kspedia_trackeditor'
[LOG 18:45:17.582] AssetLoader: Loaded mod bundle 'kspedia_trackeditortoolbar'
[LOG 18:45:17.582] AssetLoader: Loaded mod bundle 'serenity'
[LOG 18:45:17.583] AssetLoader: Finished loading. 226 bundle definitions loaded.
[LOG 18:45:17.583] Compiling Configs:
[LOG 18:45:17.583] Config(PHYSICSGLOBALS) /Physics/PHYSICSGLOBALS
[LOG 18:45:17.584] Config(KSP_COMMUNITY_FIXES) KSPCommunityFixes/Settings/KSP_COMMUNITY_FIXES
[LOG 18:45:17.584] Config(Localization) KSPCommunityFixes/Localization/en-us/Localization
[LOG 18:45:17.584] Config(Localization) KSPCommunityFixes/Localization/fr-fr/Localization
[LOG 18:45:17.584] Config(Localization) KSPCommunityFixes/Localization/ru/Localization
[LOG 18:45:17.584] Config(Localization) KSPCommunityFixes/Localization/zh-cn/Localization
[LOG 18:45:17.584] Config(@PART[*]:HAS[@MODULE[ModuleDockingNodeFixed]]:NEEDS[FixDockingNodes]:FINAL) KSPCommunityFixes/MMPatches/ModSupport/FixDockingNodes/@PART[*]:HAS[@MODULE[ModuleDockingNodeFixed]]:NEEDS[FixDockingNodes]:FINAL
[LOG 18:45:17.584] Config(@PART[*]:HAS[@MODULE[Refunding]]:LAST[999_KSP-Recall]) KSPCommunityFixes/MMPatches/ModSupport/KSPRecall/@PART[*]:HAS[@MODULE[Refunding]]:LAST[999_KSP-Recall]
[LOG 18:45:17.584] Config(@PART[*]:HAS[#hasRefundingOnRecovery[?rue]]:LAST[999_KSP-Recall]) KSPCommunityFixes/MMPatches/ModSupport/KSPRecall/@PART[*]:HAS[#hasRefundingOnRecovery[?rue]]:LAST[999_KSP-Recall]
[LOG 18:45:17.584] Config(@PART[*]:HAS[#hasRefundingOnRecovery]:LAST[999_KSP-Recall]) KSPCommunityFixes/MMPatches/ModSupport/KSPRecall/@PART[*]:HAS[#hasRefundingOnRecovery]:LAST[999_KSP-Recall]
[LOG 18:45:17.584] Config(@KSP-Recall:LAST[999_KSP-Recall]) KSPCommunityFixes/MMPatches/ModSupport/KSPRecall/@KSP-Recall:LAST[999_KSP-Recall]
[LOG 18:45:17.584] Config(@KSP-Recall:HAS[#hasRefundingOnRecovery[?rue]]:LAST[999_KSP-Recall]) KSPCommunityFixes/MMPatches/ModSupport/KSPRecall/@KSP-Recall:HAS[#hasRefundingOnRecovery[?rue]]:LAST[999_KSP-Recall]
[LOG 18:45:17.584] Config(@KSP-Recall:HAS[#hasRefundingOnRecovery]:LAST[999_KSP-Recall]) KSPCommunityFixes/MMPatches/ModSupport/KSPRecall/@KSP-Recall:HAS[#hasRefundingOnRecovery]:LAST[999_KSP-Recall]
[LOG 18:45:17.584] Config(@KSP_COMMUNITY_FIXES:NEEDS[AttachedOnEditor]) KSPCommunityFixes/MMPatches/ModSupport/KSPRecall/@KSP_COMMUNITY_FIXES:NEEDS[AttachedOnEditor]
[LOG 18:45:17.584] Config(@KSP_COMMUNITY_FIXES:NEEDS[UniversalStorage2]) KSPCommunityFixes/MMPatches/ModSupport/UniversalStorage/@KSP_COMMUNITY_FIXES:NEEDS[UniversalStorage2]
[LOG 18:45:17.584] Config(@PART[telescopicLadderBay]:FIRST) KSPCommunityFixes/MMPatches/StockTweaks/LadderToggleableLight/@PART[telescopicLadderBay]:FIRST
[LOG 18:45:17.584] Config(@PART[telescopicLadderBay]:HAS[#LadderToggleableLight[?rue]]:FIRST) KSPCommunityFixes/MMPatches/StockTweaks/LadderToggleableLight/@PART[telescopicLadderBay]:HAS[#LadderToggleableLight[?rue]]:FIRST
[LOG 18:45:17.584] Config(@PART[telescopicLadderBay]:HAS[#LadderToggleableLight]:FIRST) KSPCommunityFixes/MMPatches/StockTweaks/LadderToggleableLight/@PART[telescopicLadderBay]:HAS[#LadderToggleableLight]:FIRST
[LOG 18:45:17.584] Config(@PART[GearSmall]:FIRST) KSPCommunityFixes/MMPatches/StockTweaks/LandingGearLights/@PART[GearSmall]:FIRST
[LOG 18:45:17.584] Config(@PART[SmallGearBay]:FIRST) KSPCommunityFixes/MMPatches/StockTweaks/LandingGearLights/@PART[SmallGearBay]:FIRST
[LOG 18:45:17.584] Config(@PART[sasModule]:FOR[KSPCommunityFixes]) KSPCommunityFixes/MMPatches/StockTweaks/ManufacturerFixes/@PART[sasModule]:FOR[KSPCommunityFixes]
[LOG 18:45:17.585] Config(@PART[xenonTankRadial]:FOR[KSPCommunityFixes]) KSPCommunityFixes/MMPatches/StockTweaks/ManufacturerFixes/@PART[xenonTankRadial]:FOR[KSPCommunityFixes]
[LOG 18:45:17.585] Config(@PART[winglet|fireworksLauncherSmall|fireworksLauncherBig]:FOR[KSPCommunityFixes]) KSPCommunityFixes/MMPatches/StockTweaks/ManufacturerFixes/@PART[winglet|fireworksLauncherSmall|fireworksLauncherBig]:FOR[KSPCommunityFixes]
[LOG 18:45:17.585] Config(@PART[solidBooster_sm_v2|solidBooster_v2]:FOR[KSPCommunityFixes]) KSPCommunityFixes/MMPatches/StockTweaks/ManufacturerFixes/@PART[solidBooster_sm_v2|solidBooster_v2]:FOR[KSPCommunityFixes]
[LOG 18:45:17.585] Config(@PART[ServiceBay_125_v2|ServiceBay_250_v2]:FOR[KSPCommunityFixes]) KSPCommunityFixes/MMPatches/StockTweaks/ManufacturerFixes/@PART[ServiceBay_125_v2|ServiceBay_250_v2]:FOR[KSPCommunityFixes]
[LOG 18:45:17.585] Config(@PART[externalTankCapsule]:FOR[KSPCommunityFixes]) KSPCommunityFixes/MMPatches/StockTweaks/ManufacturerFixes/@PART[externalTankCapsule]:FOR[KSPCommunityFixes]
[LOG 18:45:17.585] Config(@PART[RCSFuelTank|rcsTankMini|RCSTank1-2]:FOR[KSPCommunityFixes]) KSPCommunityFixes/MMPatches/StockTweaks/ManufacturerFixes/@PART[RCSFuelTank|rcsTankMini|RCSTank1-2]:FOR[KSPCommunityFixes]
[LOG 18:45:17.585] Config(@PART[landerCabinSmall]:FOR[KSPCommunityFixes]) KSPCommunityFixes/MMPatches/StockTweaks/ManufacturerFixes/@PART[landerCabinSmall]:FOR[KSPCommunityFixes]
[LOG 18:45:17.585] Config(@PART[dockingPortLateral]:FOR[KSPCommunityFixes]) KSPCommunityFixes/MMPatches/StockTweaks/ManufacturerFixes/@PART[dockingPortLateral]:FOR[KSPCommunityFixes]
[LOG 18:45:17.585] Config(@PART[EnginePlate4]:FOR[KSPCommunityFixes]:NEEDS[SquadExpansion/MakingHistory]) KSPCommunityFixes/MMPatches/StockTweaks/ManufacturerFixes/@PART[EnginePlate4]:FOR[KSPCommunityFixes]:NEEDS[SquadExpansion/MakingHistory]
[LOG 18:45:17.585] Config(@PART[Mk2Pod]:FOR[KSPCommunityFixes]:NEEDS[SquadExpansion/MakingHistory]) KSPCommunityFixes/MMPatches/StockTweaks/ManufacturerFixes/@PART[Mk2Pod]:FOR[KSPCommunityFixes]:NEEDS[SquadExpansion/MakingHistory]
[LOG 18:45:17.585] Config(@PART[evaChute|parachuteSingle|parachuteRadial|radialDrogue|parachuteLarge|parachuteDrogue]:FOR[KSPCommunityFixes]) KSPCommunityFixes/MMPatches/StockTweaks/ManufacturerFixes/@PART[evaChute|parachuteSingle|parachuteRadial|radialDrogue|parachuteLarge|parachuteDrogue]:FOR[KSPCommunityFixes]
[LOG 18:45:17.585] Config(@PART[stackPoint1|dockingPort1|dockingPort2|dockingPort3|dockingPortLarge]:FOR[KSPCommunityFixes]) KSPCommunityFixes/MMPatches/StockTweaks/ManufacturerFixes/@PART[stackPoint1|dockingPort1|dockingPort2|dockingPort3|dockingPortLarge]:FOR[KSPCommunityFixes]
[LOG 18:45:17.585] Config(AGENT) KSPCommunityFixes/MMPatches/StockTweaks/ManufacturerFixes/Clamp-O-Tron
[LOG 18:45:17.585] Config(AGENT) KSPCommunityFixes/MMPatches/StockTweaks/ManufacturerFixes/FreeFall Parachutes
[LOG 18:45:17.585] Config(AGENT) KSPCommunityFixes/MMPatches/StockTweaks/ManufacturerFixes/LightYear Tire Company
[LOG 18:45:17.585] Config(AGENT) KSPCommunityFixes/MMPatches/StockTweaks/ManufacturerFixes/Stratus Corporation
[LOG 18:45:17.585] Config(Localization) KSPCommunityFixes/MMPatches/StockTweaks/ManufacturerFixes/Localization
[LOG 18:45:17.585] Config(AGENT) Squad/Agencies/Agents/C7 Aerospace Division
[LOG 18:45:17.585] Config(AGENT) Squad/Agencies/Agents/Dinkelstein Kerman's Construction Emporium
[LOG 18:45:17.585] Config(AGENT) Squad/Agencies/Agents/Experimental Engineering Group
[LOG 18:45:17.585] Config(AGENT) Squad/Agencies/Agents/FLOOYD Dynamics Research Labs
[LOG 18:45:17.585] Config(AGENT) Squad/Agencies/Agents/Goliath National Products
[LOG 18:45:17.585] Config(AGENT) Squad/Agencies/Agents/Integrated Integrals
[LOG 18:45:17.585] Config(AGENT) Squad/Agencies/Agents/Ionic Symphonic Protonic Electronics
[LOG 18:45:17.585] Config(AGENT) Squad/Agencies/Agents/Jebediah Kerman's Junkyard and Spacecraft Parts Co
[LOG 18:45:17.585] Config(AGENT) Squad/Agencies/Agents/Kerbal Motion LLC
[LOG 18:45:17.585] Config(AGENT) Squad/Agencies/Agents/Kerbin World-Firsts Record-Keeping Society
[LOG 18:45:17.585] Config(AGENT) Squad/Agencies/Agents/Kerbodyne
[LOG 18:45:17.585] Config(AGENT) Squad/Agencies/Agents/Kerlington Model Rockets and Paper Products Inc
[LOG 18:45:17.586] Config(AGENT) Squad/Agencies/Agents/Maxo Construction Toys
[LOG 18:45:17.586] Config(AGENT) Squad/Agencies/Agents/Moving Parts Experts Group
[LOG 18:45:17.586] Config(AGENT) Squad/Agencies/Agents/O.M.B. Demolition Enterprises
[LOG 18:45:17.586] Config(AGENT) Squad/Agencies/Agents/Periapsis Rocket Supplies Co
[LOG 18:45:17.586] Config(AGENT) Squad/Agencies/Agents/Probodobodyne Inc
[LOG 18:45:17.586] Config(AGENT) Squad/Agencies/Agents/Research & Development Department
[LOG 18:45:17.586] Config(AGENT) Squad/Agencies/Agents/Reaction Systems Ltd
[LOG 18:45:17.586] Config(AGENT) Squad/Agencies/Agents/Rockomax Conglomerate
[LOG 18:45:17.586] Config(AGENT) Squad/Agencies/Agents/Rokea Inc
[LOG 18:45:17.586] Config(AGENT) Squad/Agencies/Agents/Sean's Cannery
[LOG 18:45:17.586] Config(AGENT) Squad/Agencies/Agents/STEADLER Engineering Corps
[LOG 18:45:17.586] Config(AGENT) Squad/Agencies/Agents/StrutCo
[LOG 18:45:17.586] Config(AGENT) Squad/Agencies/Agents/Vac-Co Advanced Suction Systems
[LOG 18:45:17.586] Config(AGENT) Squad/Agencies/Agents/WinterOwl Aircraft Emporium
[LOG 18:45:17.586] Config(AGENT) Squad/Agencies/Agents/Zaltonic Electronics
[LOG 18:45:17.586] Config(CONTRACT_CONSTRUCTION_PARTS) Squad/Contracts/constructionContractParts/CONTRACT_CONSTRUCTION_PARTS
[LOG 18:45:17.586] Config(Contracts) Squad/Contracts/Contracts/Contracts
[LOG 18:45:17.586] Config(CONTRACTCRAFT) Squad/Contracts/PrebuiltCraft/prebuiltData/CONTRACTCRAFT
[LOG 18:45:17.586] Config(CONTRACTCRAFT) Squad/Contracts/PrebuiltCraft/OrbitalConstructionContract/orbitalConstructionContractCraft/CONTRACTCRAFT
[LOG 18:45:17.586] Config(CONTRACTCRAFT) Squad/Contracts/PrebuiltCraft/RepairContract/repairContractCraft/CONTRACTCRAFT
[LOG 18:45:17.586] Config(CONTRACTCRAFT) Squad/Contracts/PrebuiltCraft/RoverContract/roverContractCraft/CONTRACTCRAFT
[LOG 18:45:17.586] Config(KEYBOARD_LAYOUT) Squad/Controls/Azerty/#autoLOC_6001233
[LOG 18:45:17.586] Config(PITCH_DOWN) Squad/Controls/Azerty/PITCH_DOWN
[LOG 18:45:17.586] Config(PITCH_UP) Squad/Controls/Azerty/PITCH_UP
[LOG 18:45:17.586] Config(YAW_LEFT) Squad/Controls/Azerty/YAW_LEFT
[LOG 18:45:17.586] Config(YAW_RIGHT) Squad/Controls/Azerty/YAW_RIGHT
[LOG 18:45:17.586] Config(ROLL_LEFT) Squad/Controls/Azerty/ROLL_LEFT
[LOG 18:45:17.587] Config(ROLL_RIGHT) Squad/Controls/Azerty/ROLL_RIGHT
[LOG 18:45:17.587] Config(THROTTLE_UP) Squad/Controls/Azerty/THROTTLE_UP
[LOG 18:45:17.587] Config(THROTTLE_DOWN) Squad/Controls/Azerty/THROTTLE_DOWN
[LOG 18:45:17.587] Config(SAS_HOLD) Squad/Controls/Azerty/SAS_HOLD
[LOG 18:45:17.587] Config(SAS_TOGGLE) Squad/Controls/Azerty/SAS_TOGGLE
[LOG 18:45:17.587] Config(LAUNCH_STAGES) Squad/Controls/Azerty/LAUNCH_STAGES
[LOG 18:45:17.587] Config(Docking_toggleRotLin) Squad/Controls/Azerty/Docking_toggleRotLin
[LOG 18:45:17.587] Config(CAMERA_MODE) Squad/Controls/Azerty/CAMERA_MODE
[LOG 18:45:17.587] Config(CAMERA_NEXT) Squad/Controls/Azerty/CAMERA_NEXT
[LOG 18:45:17.587] Config(PAUSE) Squad/Controls/Azerty/PAUSE
[LOG 18:45:17.587] Config(PRECISION_CTRL) Squad/Controls/Azerty/PRECISION_CTRL
[LOG 18:45:17.587] Config(ZOOM_IN) Squad/Controls/Azerty/ZOOM_IN
[LOG 18:45:17.587] Config(ZOOM_OUT) Squad/Controls/Azerty/ZOOM_OUT
[LOG 18:45:17.587] Config(SCROLL_VIEW_UP) Squad/Controls/Azerty/SCROLL_VIEW_UP
[LOG 18:45:17.587] Config(SCROLL_VIEW_DOWN) Squad/Controls/Azerty/SCROLL_VIEW_DOWN
[LOG 18:45:17.587] Config(SCROLL_ICONS_UP) Squad/Controls/Azerty/SCROLL_ICONS_UP
[LOG 18:45:17.587] Config(SCROLL_ICONS_DOWN) Squad/Controls/Azerty/SCROLL_ICONS_DOWN
[LOG 18:45:17.587] Config(CAMERA_ORBIT_UP) Squad/Controls/Azerty/CAMERA_ORBIT_UP
[LOG 18:45:17.587] Config(CAMERA_ORBIT_DOWN) Squad/Controls/Azerty/CAMERA_ORBIT_DOWN
[LOG 18:45:17.587] Config(CAMERA_ORBIT_LEFT) Squad/Controls/Azerty/CAMERA_ORBIT_LEFT
[LOG 18:45:17.587] Config(CAMERA_ORBIT_RIGHT) Squad/Controls/Azerty/CAMERA_ORBIT_RIGHT
[LOG 18:45:17.587] Config(CAMERA_RESET) Squad/Controls/Azerty/CAMERA_RESET
[LOG 18:45:17.587] Config(CAMERA_MOUSE_TOGGLE) Squad/Controls/Azerty/CAMERA_MOUSE_TOGGLE
[LOG 18:45:17.587] Config(TIME_WARP_INCREASE) Squad/Controls/Azerty/TIME_WARP_INCREASE
[LOG 18:45:17.587] Config(TIME_WARP_DECREASE) Squad/Controls/Azerty/TIME_WARP_DECREASE
[LOG 18:45:17.587] Config(TIME_WARP_STOP) Squad/Controls/Azerty/TIME_WARP_STOP
[LOG 18:45:17.587] Config(MAP_VIEW_TOGGLE) Squad/Controls/Azerty/MAP_VIEW_TOGGLE
[LOG 18:45:17.587] Config(NAVBALL_TOGGLE) Squad/Controls/Azerty/NAVBALL_TOGGLE
[LOG 18:45:17.587] Config(UIMODE_STAGING) Squad/Controls/Azerty/UIMODE_STAGING
[LOG 18:45:17.587] Config(UIMODE_DOCKING) Squad/Controls/Azerty/UIMODE_DOCKING
[LOG 18:45:17.587] Config(TRANSLATE_DOWN) Squad/Controls/Azerty/TRANSLATE_DOWN
[LOG 18:45:17.588] Config(TRANSLATE_UP) Squad/Controls/Azerty/TRANSLATE_UP
[LOG 18:45:17.588] Config(TRANSLATE_LEFT) Squad/Controls/Azerty/TRANSLATE_LEFT
[LOG 18:45:17.588] Config(TRANSLATE_RIGHT) Squad/Controls/Azerty/TRANSLATE_RIGHT
[LOG 18:45:17.588] Config(TRANSLATE_FWD) Squad/Controls/Azerty/TRANSLATE_FWD
[LOG 18:45:17.588] Config(TRANSLATE_BACK) Squad/Controls/Azerty/TRANSLATE_BACK
[LOG 18:45:17.588] Config(RCS_TOGGLE) Squad/Controls/Azerty/RCS_TOGGLE
[LOG 18:45:17.588] Config(FOCUS_NEXT_VESSEL) Squad/Controls/Azerty/FOCUS_NEXT_VESSEL
[LOG 18:45:17.588] Config(FOCUS_PREV_VESSEL) Squad/Controls/Azerty/FOCUS_PREV_VESSEL
[LOG 18:45:17.588] Config(TOGGLE_UI) Squad/Controls/Azerty/TOGGLE_UI
[LOG 18:45:17.588] Config(TOGGLE_STATUS_SCREEN) Squad/Controls/Azerty/TOGGLE_STATUS_SCREEN
[LOG 18:45:17.588] Config(TAKE_SCREENSHOT) Squad/Controls/Azerty/TAKE_SCREENSHOT
[LOG 18:45:17.588] Config(TOGGLE_LABELS) Squad/Controls/Azerty/TOGGLE_LABELS
[LOG 18:45:17.588] Config(TOGGLE_TEMP_GAUGES) Squad/Controls/Azerty/TOGGLE_TEMP_GAUGES
[LOG 18:45:17.588] Config(TOGGLE_TEMP_OVERLAY) Squad/Controls/Azerty/TOGGLE_TEMP_OVERLAY
[LOG 18:45:17.588] Config(TOGGLE_FLIGHT_FORCES) Squad/Controls/Azerty/TOGGLE_FLIGHT_FORCES
[LOG 18:45:17.588] Config(QUICKSAVE) Squad/Controls/Azerty/QUICKSAVE
[LOG 18:45:17.588] Config(QUICKLOAD) Squad/Controls/Azerty/QUICKLOAD
[LOG 18:45:17.588] Config(THROTTLE_CUTOFF) Squad/Controls/Azerty/THROTTLE_CUTOFF
[LOG 18:45:17.588] Config(THROTTLE_FULL) Squad/Controls/Azerty/THROTTLE_FULL
[LOG 18:45:17.588] Config(LANDING_GEAR) Squad/Controls/Azerty/LANDING_GEAR
[LOG 18:45:17.588] Config(HEADLIGHT_TOGGLE) Squad/Controls/Azerty/HEADLIGHT_TOGGLE
[LOG 18:45:17.588] Config(BRAKES) Squad/Controls/Azerty/BRAKES
[LOG 18:45:17.588] Config(TOGGLE_SPACENAV_FLIGHT_CONTROL) Squad/Controls/Azerty/TOGGLE_SPACENAV_FLIGHT_CONTROL
[LOG 18:45:17.588] Config(TOGGLE_SPACENAV_ROLL_LOCK) Squad/Controls/Azerty/TOGGLE_SPACENAV_ROLL_LOCK
[LOG 18:45:17.588] Config(WHEEL_STEER_LEFT) Squad/Controls/Azerty/WHEEL_STEER_LEFT
[LOG 18:45:17.588] Config(WHEEL_STEER_RIGHT) Squad/Controls/Azerty/WHEEL_STEER_RIGHT
[LOG 18:45:17.588] Config(WHEEL_THROTTLE_DOWN) Squad/Controls/Azerty/WHEEL_THROTTLE_DOWN
[LOG 18:45:17.588] Config(WHEEL_THROTTLE_UP) Squad/Controls/Azerty/WHEEL_THROTTLE_UP
[LOG 18:45:17.588] Config(EVA_forward) Squad/Controls/Azerty/EVA_forward
[LOG 18:45:17.588] Config(EVA_back) Squad/Controls/Azerty/EVA_back
[LOG 18:45:17.588] Config(EVA_left) Squad/Controls/Azerty/EVA_left
[LOG 18:45:17.588] Config(EVA_right) Squad/Controls/Azerty/EVA_right
[LOG 18:45:17.589] Config(EVA_yaw_left) Squad/Controls/Azerty/EVA_yaw_left
[LOG 18:45:17.589] Config(EVA_yaw_right) Squad/Controls/Azerty/EVA_yaw_right
[LOG 18:45:17.589] Config(EVA_Pack_forward) Squad/Controls/Azerty/EVA_Pack_forward
[LOG 18:45:17.589] Config(EVA_Pack_back) Squad/Controls/Azerty/EVA_Pack_back
[LOG 18:45:17.589] Config(EVA_Pack_left) Squad/Controls/Azerty/EVA_Pack_left
[LOG 18:45:17.589] Config(EVA_Pack_right) Squad/Controls/Azerty/EVA_Pack_right
[LOG 18:45:17.589] Config(EVA_Pack_up) Squad/Controls/Azerty/EVA_Pack_up
[LOG 18:45:17.589] Config(EVA_Pack_down) Squad/Controls/Azerty/EVA_Pack_down
[LOG 18:45:17.589] Config(EVA_Jump) Squad/Controls/Azerty/EVA_Jump
[LOG 18:45:17.589] Config(EVA_Run) Squad/Controls/Azerty/EVA_Run
[LOG 18:45:17.589] Config(EVA_ToggleMovementMode) Squad/Controls/Azerty/EVA_ToggleMovementMode
[LOG 18:45:17.589] Config(EVA_TogglePack) Squad/Controls/Azerty/EVA_TogglePack
[LOG 18:45:17.589] Config(EVA_Use) Squad/Controls/Azerty/EVA_Use
[LOG 18:45:17.589] Config(EVA_Board) Squad/Controls/Azerty/EVA_Board
[LOG 18:45:17.589] Config(EVA_Orient) Squad/Controls/Azerty/EVA_Orient
[LOG 18:45:17.589] Config(EVA_Lights) Squad/Controls/Azerty/EVA_Lights
[LOG 18:45:17.589] Config(EVA_ChuteDeploy) Squad/Controls/Azerty/EVA_ChuteDeploy
[LOG 18:45:17.589] Config(Editor_pitchUp) Squad/Controls/Azerty/Editor_pitchUp
[LOG 18:45:17.589] Config(Editor_pitchDown) Squad/Controls/Azerty/Editor_pitchDown
[LOG 18:45:17.589] Config(Editor_yawLeft) Squad/Controls/Azerty/Editor_yawLeft
[LOG 18:45:17.589] Config(Editor_yawRight) Squad/Controls/Azerty/Editor_yawRight
[LOG 18:45:17.589] Config(Editor_rollLeft) Squad/Controls/Azerty/Editor_rollLeft
[LOG 18:45:17.589] Config(Editor_rollRight) Squad/Controls/Azerty/Editor_rollRight
[LOG 18:45:17.589] Config(Editor_resetRotation) Squad/Controls/Azerty/Editor_resetRotation
[LOG 18:45:17.589] Config(Editor_modePlace) Squad/Controls/Azerty/Editor_modePlace
[LOG 18:45:17.589] Config(Editor_modeOffset) Squad/Controls/Azerty/Editor_modeOffset
[LOG 18:45:17.589] Config(Editor_modeRotate) Squad/Controls/Azerty/Editor_modeRotate
[LOG 18:45:17.589] Config(Editor_modeRoot) Squad/Controls/Azerty/Editor_modeRoot
[LOG 18:45:17.589] Config(Editor_coordSystem) Squad/Controls/Azerty/Editor_coordSystem
[LOG 18:45:17.589] Config(Editor_toggleSymMethod) Squad/Controls/Azerty/Editor_toggleSymMethod
[LOG 18:45:17.589] Config(Editor_toggleSymMode) Squad/Controls/Azerty/Editor_toggleSymMode
[LOG 18:45:17.589] Config(Editor_toggleAngleSnap) Squad/Controls/Azerty/Editor_toggleAngleSnap
[LOG 18:45:17.590] Config(Editor_fineTweak) Squad/Controls/Azerty/Editor_fineTweak
[LOG 18:45:17.590] Config(Editor_partSearch) Squad/Controls/Azerty/Editor_partSearch
[LOG 18:45:17.590] Config(Editor_zoomScrollModifier) Squad/Controls/Azerty/Editor_zoomScrollModifier
[LOG 18:45:17.590] Config(MODIFIER_KEY) Squad/Controls/Azerty/MODIFIER_KEY
[LOG 18:45:17.590] Config(AbortActionGroup) Squad/Controls/Azerty/AbortActionGroup
[LOG 18:45:17.590] Config(CustomActionGroup1) Squad/Controls/Azerty/CustomActionGroup1
[LOG 18:45:17.590] Config(CustomActionGroup2) Squad/Controls/Azerty/CustomActionGroup2
[LOG 18:45:17.590] Config(CustomActionGroup3) Squad/Controls/Azerty/CustomActionGroup3
[LOG 18:45:17.590] Config(CustomActionGroup4) Squad/Controls/Azerty/CustomActionGroup4
[LOG 18:45:17.590] Config(CustomActionGroup5) Squad/Controls/Azerty/CustomActionGroup5
[LOG 18:45:17.590] Config(CustomActionGroup6) Squad/Controls/Azerty/CustomActionGroup6
[LOG 18:45:17.590] Config(CustomActionGroup7) Squad/Controls/Azerty/CustomActionGroup7
[LOG 18:45:17.590] Config(CustomActionGroup8) Squad/Controls/Azerty/CustomActionGroup8
[LOG 18:45:17.590] Config(CustomActionGroup9) Squad/Controls/Azerty/CustomActionGroup9
[LOG 18:45:17.590] Config(CustomActionGroup10) Squad/Controls/Azerty/CustomActionGroup10
[LOG 18:45:17.590] Config(KEY_MAP) Squad/Controls/Azerty/KEY_MAP
[LOG 18:45:17.590] Config(KEYBOARD_LAYOUT) Squad/Controls/Dvorak/#autoLOC_6001234
[LOG 18:45:17.590] Config(PITCH_DOWN) Squad/Controls/Dvorak/PITCH_DOWN
[LOG 18:45:17.590] Config(PITCH_UP) Squad/Controls/Dvorak/PITCH_UP
[LOG 18:45:17.590] Config(YAW_LEFT) Squad/Controls/Dvorak/YAW_LEFT
[LOG 18:45:17.590] Config(YAW_RIGHT) Squad/Controls/Dvorak/YAW_RIGHT
[LOG 18:45:17.590] Config(ROLL_LEFT) Squad/Controls/Dvorak/ROLL_LEFT
[LOG 18:45:17.590] Config(ROLL_RIGHT) Squad/Controls/Dvorak/ROLL_RIGHT
[LOG 18:45:17.590] Config(THROTTLE_UP) Squad/Controls/Dvorak/THROTTLE_UP
[LOG 18:45:17.590] Config(THROTTLE_DOWN) Squad/Controls/Dvorak/THROTTLE_DOWN
[LOG 18:45:17.590] Config(SAS_HOLD) Squad/Controls/Dvorak/SAS_HOLD
[LOG 18:45:17.590] Config(SAS_TOGGLE) Squad/Controls/Dvorak/SAS_TOGGLE
[LOG 18:45:17.590] Config(LAUNCH_STAGES) Squad/Controls/Dvorak/LAUNCH_STAGES
[LOG 18:45:17.590] Config(Docking_toggleRotLin) Squad/Controls/Dvorak/Docking_toggleRotLin
[LOG 18:45:17.590] Config(CAMERA_MODE) Squad/Controls/Dvorak/CAMERA_MODE
[LOG 18:45:17.590] Config(CAMERA_NEXT) Squad/Controls/Dvorak/CAMERA_NEXT
[LOG 18:45:17.591] Config(PAUSE) Squad/Controls/Dvorak/PAUSE
[LOG 18:45:17.591] Config(PRECISION_CTRL) Squad/Controls/Dvorak/PRECISION_CTRL
[LOG 18:45:17.591] Config(ZOOM_IN) Squad/Controls/Dvorak/ZOOM_IN
[LOG 18:45:17.591] Config(ZOOM_OUT) Squad/Controls/Dvorak/ZOOM_OUT
[LOG 18:45:17.591] Config(SCROLL_VIEW_UP) Squad/Controls/Dvorak/SCROLL_VIEW_UP
[LOG 18:45:17.591] Config(SCROLL_VIEW_DOWN) Squad/Controls/Dvorak/SCROLL_VIEW_DOWN
[LOG 18:45:17.591] Config(SCROLL_ICONS_UP) Squad/Controls/Dvorak/SCROLL_ICONS_UP
[LOG 18:45:17.591] Config(SCROLL_ICONS_DOWN) Squad/Controls/Dvorak/SCROLL_ICONS_DOWN
[LOG 18:45:17.591] Config(CAMERA_ORBIT_UP) Squad/Controls/Dvorak/CAMERA_ORBIT_UP
[LOG 18:45:17.591] Config(CAMERA_ORBIT_DOWN) Squad/Controls/Dvorak/CAMERA_ORBIT_DOWN
[LOG 18:45:17.591] Config(CAMERA_ORBIT_LEFT) Squad/Controls/Dvorak/CAMERA_ORBIT_LEFT
[LOG 18:45:17.591] Config(CAMERA_ORBIT_RIGHT) Squad/Controls/Dvorak/CAMERA_ORBIT_RIGHT
[LOG 18:45:17.591] Config(CAMERA_RESET) Squad/Controls/Dvorak/CAMERA_RESET
[LOG 18:45:17.591] Config(CAMERA_MOUSE_TOGGLE) Squad/Controls/Dvorak/CAMERA_MOUSE_TOGGLE
[LOG 18:45:17.591] Config(TIME_WARP_INCREASE) Squad/Controls/Dvorak/TIME_WARP_INCREASE
[LOG 18:45:17.591] Config(TIME_WARP_DECREASE) Squad/Controls/Dvorak/TIME_WARP_DECREASE
[LOG 18:45:17.591] Config(TIME_WARP_STOP) Squad/Controls/Dvorak/TIME_WARP_STOP
[LOG 18:45:17.591] Config(MAP_VIEW_TOGGLE) Squad/Controls/Dvorak/MAP_VIEW_TOGGLE
[LOG 18:45:17.591] Config(NAVBALL_TOGGLE) Squad/Controls/Dvorak/NAVBALL_TOGGLE
[LOG 18:45:17.591] Config(UIMODE_STAGING) Squad/Controls/Dvorak/UIMODE_STAGING
[LOG 18:45:17.591] Config(UIMODE_DOCKING) Squad/Controls/Dvorak/UIMODE_DOCKING
[LOG 18:45:17.591] Config(TRANSLATE_DOWN) Squad/Controls/Dvorak/TRANSLATE_DOWN
[LOG 18:45:17.591] Config(TRANSLATE_UP) Squad/Controls/Dvorak/TRANSLATE_UP
[LOG 18:45:17.591] Config(TRANSLATE_LEFT) Squad/Controls/Dvorak/TRANSLATE_LEFT
[LOG 18:45:17.591] Config(TRANSLATE_RIGHT) Squad/Controls/Dvorak/TRANSLATE_RIGHT
[LOG 18:45:17.591] Config(TRANSLATE_FWD) Squad/Controls/Dvorak/TRANSLATE_FWD
[LOG 18:45:17.591] Config(TRANSLATE_BACK) Squad/Controls/Dvorak/TRANSLATE_BACK
[LOG 18:45:17.591] Config(RCS_TOGGLE) Squad/Controls/Dvorak/RCS_TOGGLE
[LOG 18:45:17.591] Config(FOCUS_NEXT_VESSEL) Squad/Controls/Dvorak/FOCUS_NEXT_VESSEL
[LOG 18:45:17.591] Config(FOCUS_PREV_VESSEL) Squad/Controls/Dvorak/FOCUS_PREV_VESSEL
[LOG 18:45:17.592] Config(TOGGLE_UI) Squad/Controls/Dvorak/TOGGLE_UI
[LOG 18:45:17.592] Config(TOGGLE_STATUS_SCREEN) Squad/Controls/Dvorak/TOGGLE_STATUS_SCREEN
[LOG 18:45:17.592] Config(TAKE_SCREENSHOT) Squad/Controls/Dvorak/TAKE_SCREENSHOT
[LOG 18:45:17.592] Config(TOGGLE_LABELS) Squad/Controls/Dvorak/TOGGLE_LABELS
[LOG 18:45:17.592] Config(TOGGLE_TEMP_GAUGES) Squad/Controls/Dvorak/TOGGLE_TEMP_GAUGES
[LOG 18:45:17.592] Config(TOGGLE_TEMP_OVERLAY) Squad/Controls/Dvorak/TOGGLE_TEMP_OVERLAY
[LOG 18:45:17.592] Config(TOGGLE_FLIGHT_FORCES) Squad/Controls/Dvorak/TOGGLE_FLIGHT_FORCES
[LOG 18:45:17.592] Config(QUICKSAVE) Squad/Controls/Dvorak/QUICKSAVE
[LOG 18:45:17.592] Config(QUICKLOAD) Squad/Controls/Dvorak/QUICKLOAD
[LOG 18:45:17.592] Config(THROTTLE_CUTOFF) Squad/Controls/Dvorak/THROTTLE_CUTOFF
[LOG 18:45:17.592] Config(THROTTLE_FULL) Squad/Controls/Dvorak/THROTTLE_FULL
[LOG 18:45:17.592] Config(LANDING_GEAR) Squad/Controls/Dvorak/LANDING_GEAR
[LOG 18:45:17.592] Config(HEADLIGHT_TOGGLE) Squad/Controls/Dvorak/HEADLIGHT_TOGGLE
[LOG 18:45:17.592] Config(BRAKES) Squad/Controls/Dvorak/BRAKES
[LOG 18:45:17.592] Config(TOGGLE_SPACENAV_FLIGHT_CONTROL) Squad/Controls/Dvorak/TOGGLE_SPACENAV_FLIGHT_CONTROL
[LOG 18:45:17.592] Config(TOGGLE_SPACENAV_ROLL_LOCK) Squad/Controls/Dvorak/TOGGLE_SPACENAV_ROLL_LOCK
[LOG 18:45:17.592] Config(WHEEL_STEER_LEFT) Squad/Controls/Dvorak/WHEEL_STEER_LEFT
[LOG 18:45:17.592] Config(WHEEL_STEER_RIGHT) Squad/Controls/Dvorak/WHEEL_STEER_RIGHT
[LOG 18:45:17.592] Config(WHEEL_THROTTLE_DOWN) Squad/Controls/Dvorak/WHEEL_THROTTLE_DOWN
[LOG 18:45:17.592] Config(WHEEL_THROTTLE_UP) Squad/Controls/Dvorak/WHEEL_THROTTLE_UP
[LOG 18:45:17.592] Config(EVA_forward) Squad/Controls/Dvorak/EVA_forward
[LOG 18:45:17.592] Config(EVA_back) Squad/Controls/Dvorak/EVA_back
[LOG 18:45:17.592] Config(EVA_left) Squad/Controls/Dvorak/EVA_left
[LOG 18:45:17.592] Config(EVA_right) Squad/Controls/Dvorak/EVA_right
[LOG 18:45:17.592] Config(EVA_yaw_left) Squad/Controls/Dvorak/EVA_yaw_left
[LOG 18:45:17.592] Config(EVA_yaw_right) Squad/Controls/Dvorak/EVA_yaw_right
[LOG 18:45:17.592] Config(EVA_Pack_forward) Squad/Controls/Dvorak/EVA_Pack_forward
[LOG 18:45:17.592] Config(EVA_Pack_back) Squad/Controls/Dvorak/EVA_Pack_back
[LOG 18:45:17.592] Config(EVA_Pack_left) Squad/Controls/Dvorak/EVA_Pack_left
[LOG 18:45:17.593] Config(EVA_Pack_right) Squad/Controls/Dvorak/EVA_Pack_right
[LOG 18:45:17.593] Config(EVA_Pack_up) Squad/Controls/Dvorak/EVA_Pack_up
[LOG 18:45:17.593] Config(EVA_Pack_down) Squad/Controls/Dvorak/EVA_Pack_down
[LOG 18:45:17.593] Config(EVA_Jump) Squad/Controls/Dvorak/EVA_Jump
[LOG 18:45:17.593] Config(EVA_Run) Squad/Controls/Dvorak/EVA_Run
[LOG 18:45:17.593] Config(EVA_ToggleMovementMode) Squad/Controls/Dvorak/EVA_ToggleMovementMode
[LOG 18:45:17.593] Config(EVA_TogglePack) Squad/Controls/Dvorak/EVA_TogglePack
[LOG 18:45:17.593] Config(EVA_Use) Squad/Controls/Dvorak/EVA_Use
[LOG 18:45:17.593] Config(EVA_Board) Squad/Controls/Dvorak/EVA_Board
[LOG 18:45:17.593] Config(EVA_Orient) Squad/Controls/Dvorak/EVA_Orient
[LOG 18:45:17.593] Config(EVA_Lights) Squad/Controls/Dvorak/EVA_Lights
[LOG 18:45:17.593] Config(EVA_ChuteDeploy) Squad/Controls/Dvorak/EVA_ChuteDeploy
[LOG 18:45:17.593] Config(Editor_pitchUp) Squad/Controls/Dvorak/Editor_pitchUp
[LOG 18:45:17.593] Config(Editor_pitchDown) Squad/Controls/Dvorak/Editor_pitchDown
[LOG 18:45:17.593] Config(Editor_yawLeft) Squad/Controls/Dvorak/Editor_yawLeft
[LOG 18:45:17.593] Config(Editor_yawRight) Squad/Controls/Dvorak/Editor_yawRight
[LOG 18:45:17.593] Config(Editor_rollLeft) Squad/Controls/Dvorak/Editor_rollLeft
[LOG 18:45:17.593] Config(Editor_rollRight) Squad/Controls/Dvorak/Editor_rollRight
[LOG 18:45:17.593] Config(Editor_resetRotation) Squad/Controls/Dvorak/Editor_resetRotation
[LOG 18:45:17.593] Config(Editor_modePlace) Squad/Controls/Dvorak/Editor_modePlace
[LOG 18:45:17.593] Config(Editor_modeOffset) Squad/Controls/Dvorak/Editor_modeOffset
[LOG 18:45:17.593] Config(Editor_modeRotate) Squad/Controls/Dvorak/Editor_modeRotate
[LOG 18:45:17.593] Config(Editor_modeRoot) Squad/Controls/Dvorak/Editor_modeRoot
[LOG 18:45:17.593] Config(Editor_coordSystem) Squad/Controls/Dvorak/Editor_coordSystem
[LOG 18:45:17.593] Config(Editor_toggleSymMethod) Squad/Controls/Dvorak/Editor_toggleSymMethod
[LOG 18:45:17.593] Config(Editor_toggleSymMode) Squad/Controls/Dvorak/Editor_toggleSymMode
[LOG 18:45:17.593] Config(Editor_toggleAngleSnap) Squad/Controls/Dvorak/Editor_toggleAngleSnap
[LOG 18:45:17.593] Config(Editor_fineTweak) Squad/Controls/Dvorak/Editor_fineTweak
[LOG 18:45:17.593] Config(Editor_partSearch) Squad/Controls/Dvorak/Editor_partSearch
[LOG 18:45:17.593] Config(Editor_zoomScrollModifier) Squad/Controls/Dvorak/Editor_zoomScrollModifier
[LOG 18:45:17.594] Config(MODIFIER_KEY) Squad/Controls/Dvorak/MODIFIER_KEY
[LOG 18:45:17.594] Config(AbortActionGroup) Squad/Controls/Dvorak/AbortActionGroup
[LOG 18:45:17.594] Config(CustomActionGroup1) Squad/Controls/Dvorak/CustomActionGroup1
[LOG 18:45:17.594] Config(CustomActionGroup2) Squad/Controls/Dvorak/CustomActionGroup2
[LOG 18:45:17.594] Config(CustomActionGroup3) Squad/Controls/Dvorak/CustomActionGroup3
[LOG 18:45:17.594] Config(CustomActionGroup4) Squad/Controls/Dvorak/CustomActionGroup4
[LOG 18:45:17.594] Config(CustomActionGroup5) Squad/Controls/Dvorak/CustomActionGroup5
[LOG 18:45:17.594] Config(CustomActionGroup6) Squad/Controls/Dvorak/CustomActionGroup6
[LOG 18:45:17.594] Config(CustomActionGroup7) Squad/Controls/Dvorak/CustomActionGroup7
[LOG 18:45:17.594] Config(CustomActionGroup8) Squad/Controls/Dvorak/CustomActionGroup8
[LOG 18:45:17.594] Config(CustomActionGroup9) Squad/Controls/Dvorak/CustomActionGroup9
[LOG 18:45:17.594] Config(CustomActionGroup10) Squad/Controls/Dvorak/CustomActionGroup10
[LOG 18:45:17.594] Config(KEY_MAP) Squad/Controls/Dvorak/KEY_MAP
[LOG 18:45:17.594] Config(KEYBOARD_LAYOUT) Squad/Controls/Qwerty/#autoLOC_6001227
[LOG 18:45:17.594] Config(PITCH_DOWN) Squad/Controls/Qwerty/PITCH_DOWN
[LOG 18:45:17.594] Config(PITCH_UP) Squad/Controls/Qwerty/PITCH_UP
[LOG 18:45:17.594] Config(YAW_LEFT) Squad/Controls/Qwerty/YAW_LEFT
[LOG 18:45:17.594] Config(YAW_RIGHT) Squad/Controls/Qwerty/YAW_RIGHT
[LOG 18:45:17.594] Config(ROLL_LEFT) Squad/Controls/Qwerty/ROLL_LEFT
[LOG 18:45:17.594] Config(ROLL_RIGHT) Squad/Controls/Qwerty/ROLL_RIGHT
[LOG 18:45:17.594] Config(THROTTLE_UP) Squad/Controls/Qwerty/THROTTLE_UP
[LOG 18:45:17.594] Config(THROTTLE_DOWN) Squad/Controls/Qwerty/THROTTLE_DOWN
[LOG 18:45:17.594] Config(SAS_HOLD) Squad/Controls/Qwerty/SAS_HOLD
[LOG 18:45:17.594] Config(SAS_TOGGLE) Squad/Controls/Qwerty/SAS_TOGGLE
[LOG 18:45:17.594] Config(LAUNCH_STAGES) Squad/Controls/Qwerty/LAUNCH_STAGES
[LOG 18:45:17.594] Config(Docking_toggleRotLin) Squad/Controls/Qwerty/Docking_toggleRotLin
[LOG 18:45:17.594] Config(CAMERA_MODE) Squad/Controls/Qwerty/CAMERA_MODE
[LOG 18:45:17.594] Config(CAMERA_NEXT) Squad/Controls/Qwerty/CAMERA_NEXT
[LOG 18:45:17.595] Config(PAUSE) Squad/Controls/Qwerty/PAUSE
[LOG 18:45:17.595] Config(PRECISION_CTRL) Squad/Controls/Qwerty/PRECISION_CTRL
[LOG 18:45:17.595] Config(ZOOM_IN) Squad/Controls/Qwerty/ZOOM_IN
[LOG 18:45:17.595] Config(ZOOM_OUT) Squad/Controls/Qwerty/ZOOM_OUT
[LOG 18:45:17.595] Config(SCROLL_VIEW_UP) Squad/Controls/Qwerty/SCROLL_VIEW_UP
[LOG 18:45:17.595] Config(SCROLL_VIEW_DOWN) Squad/Controls/Qwerty/SCROLL_VIEW_DOWN
[LOG 18:45:17.595] Config(SCROLL_ICONS_UP) Squad/Controls/Qwerty/SCROLL_ICONS_UP
[LOG 18:45:17.595] Config(SCROLL_ICONS_DOWN) Squad/Controls/Qwerty/SCROLL_ICONS_DOWN
[LOG 18:45:17.595] Config(CAMERA_ORBIT_UP) Squad/Controls/Qwerty/CAMERA_ORBIT_UP
[LOG 18:45:17.595] Config(CAMERA_ORBIT_DOWN) Squad/Controls/Qwerty/CAMERA_ORBIT_DOWN
[LOG 18:45:17.595] Config(CAMERA_ORBIT_LEFT) Squad/Controls/Qwerty/CAMERA_ORBIT_LEFT
[LOG 18:45:17.595] Config(CAMERA_ORBIT_RIGHT) Squad/Controls/Qwerty/CAMERA_ORBIT_RIGHT
[LOG 18:45:17.595] Config(CAMERA_RESET) Squad/Controls/Qwerty/CAMERA_RESET
[LOG 18:45:17.595] Config(CAMERA_MOUSE_TOGGLE) Squad/Controls/Qwerty/CAMERA_MOUSE_TOGGLE
[LOG 18:45:17.595] Config(TIME_WARP_INCREASE) Squad/Controls/Qwerty/TIME_WARP_INCREASE
[LOG 18:45:17.595] Config(TIME_WARP_DECREASE) Squad/Controls/Qwerty/TIME_WARP_DECREASE
[LOG 18:45:17.595] Config(TIME_WARP_STOP) Squad/Controls/Qwerty/TIME_WARP_STOP
[LOG 18:45:17.595] Config(MAP_VIEW_TOGGLE) Squad/Controls/Qwerty/MAP_VIEW_TOGGLE
[LOG 18:45:17.595] Config(NAVBALL_TOGGLE) Squad/Controls/Qwerty/NAVBALL_TOGGLE
[LOG 18:45:17.595] Config(UIMODE_STAGING) Squad/Controls/Qwerty/UIMODE_STAGING
[LOG 18:45:17.595] Config(UIMODE_DOCKING) Squad/Controls/Qwerty/UIMODE_DOCKING
[LOG 18:45:17.595] Config(TRANSLATE_DOWN) Squad/Controls/Qwerty/TRANSLATE_DOWN
[LOG 18:45:17.595] Config(TRANSLATE_UP) Squad/Controls/Qwerty/TRANSLATE_UP
[LOG 18:45:17.595] Config(TRANSLATE_LEFT) Squad/Controls/Qwerty/TRANSLATE_LEFT
[LOG 18:45:17.595] Config(TRANSLATE_RIGHT) Squad/Controls/Qwerty/TRANSLATE_RIGHT
[LOG 18:45:17.595] Config(TRANSLATE_FWD) Squad/Controls/Qwerty/TRANSLATE_FWD
[LOG 18:45:17.595] Config(TRANSLATE_BACK) Squad/Controls/Qwerty/TRANSLATE_BACK
[LOG 18:45:17.595] Config(RCS_TOGGLE) Squad/Controls/Qwerty/RCS_TOGGLE
[LOG 18:45:17.595] Config(FOCUS_NEXT_VESSEL) Squad/Controls/Qwerty/FOCUS_NEXT_VESSEL
[LOG 18:45:17.595] Config(FOCUS_PREV_VESSEL) Squad/Controls/Qwerty/FOCUS_PREV_VESSEL
[LOG 18:45:17.595] Config(TOGGLE_UI) Squad/Controls/Qwerty/TOGGLE_UI
[LOG 18:45:17.596] Config(TOGGLE_STATUS_SCREEN) Squad/Controls/Qwerty/TOGGLE_STATUS_SCREEN
[LOG 18:45:17.596] Config(TAKE_SCREENSHOT) Squad/Controls/Qwerty/TAKE_SCREENSHOT
[LOG 18:45:17.596] Config(TOGGLE_LABELS) Squad/Controls/Qwerty/TOGGLE_LABELS
[LOG 18:45:17.596] Config(TOGGLE_TEMP_GAUGES) Squad/Controls/Qwerty/TOGGLE_TEMP_GAUGES
[LOG 18:45:17.596] Config(TOGGLE_TEMP_OVERLAY) Squad/Controls/Qwerty/TOGGLE_TEMP_OVERLAY
[LOG 18:45:17.596] Config(TOGGLE_FLIGHT_FORCES) Squad/Controls/Qwerty/TOGGLE_FLIGHT_FORCES
[LOG 18:45:17.596] Config(QUICKSAVE) Squad/Controls/Qwerty/QUICKSAVE
[LOG 18:45:17.596] Config(QUICKLOAD) Squad/Controls/Qwerty/QUICKLOAD
[LOG 18:45:17.596] Config(THROTTLE_CUTOFF) Squad/Controls/Qwerty/THROTTLE_CUTOFF
[LOG 18:45:17.596] Config(THROTTLE_FULL) Squad/Controls/Qwerty/THROTTLE_FULL
[LOG 18:45:17.596] Config(LANDING_GEAR) Squad/Controls/Qwerty/LANDING_GEAR
[LOG 18:45:17.596] Config(HEADLIGHT_TOGGLE) Squad/Controls/Qwerty/HEADLIGHT_TOGGLE
[LOG 18:45:17.596] Config(BRAKES) Squad/Controls/Qwerty/BRAKES
[LOG 18:45:17.596] Config(TOGGLE_SPACENAV_FLIGHT_CONTROL) Squad/Controls/Qwerty/TOGGLE_SPACENAV_FLIGHT_CONTROL
[LOG 18:45:17.596] Config(TOGGLE_SPACENAV_ROLL_LOCK) Squad/Controls/Qwerty/TOGGLE_SPACENAV_ROLL_LOCK
[LOG 18:45:17.596] Config(WHEEL_STEER_LEFT) Squad/Controls/Qwerty/WHEEL_STEER_LEFT
[LOG 18:45:17.596] Config(WHEEL_STEER_RIGHT) Squad/Controls/Qwerty/WHEEL_STEER_RIGHT
[LOG 18:45:17.596] Config(WHEEL_THROTTLE_DOWN) Squad/Controls/Qwerty/WHEEL_THROTTLE_DOWN
[LOG 18:45:17.596] Config(WHEEL_THROTTLE_UP) Squad/Controls/Qwerty/WHEEL_THROTTLE_UP
[LOG 18:45:17.596] Config(EVA_forward) Squad/Controls/Qwerty/EVA_forward
[LOG 18:45:17.596] Config(EVA_back) Squad/Controls/Qwerty/EVA_back
[LOG 18:45:17.596] Config(EVA_left) Squad/Controls/Qwerty/EVA_left
[LOG 18:45:17.596] Config(EVA_right) Squad/Controls/Qwerty/EVA_right
[LOG 18:45:17.596] Config(EVA_yaw_left) Squad/Controls/Qwerty/EVA_yaw_left
[LOG 18:45:17.596] Config(EVA_yaw_right) Squad/Controls/Qwerty/EVA_yaw_right
[LOG 18:45:17.596] Config(EVA_Pack_forward) Squad/Controls/Qwerty/EVA_Pack_forward
[LOG 18:45:17.596] Config(EVA_Pack_back) Squad/Controls/Qwerty/EVA_Pack_back
[LOG 18:45:17.596] Config(EVA_Pack_left) Squad/Controls/Qwerty/EVA_Pack_left
[LOG 18:45:17.596] Config(EVA_Pack_right) Squad/Controls/Qwerty/EVA_Pack_right
[LOG 18:45:17.596] Config(EVA_Pack_up) Squad/Controls/Qwerty/EVA_Pack_up
[LOG 18:45:17.596] Config(EVA_Pack_down) Squad/Controls/Qwerty/EVA_Pack_down
[LOG 18:45:17.596] Config(EVA_Jump) Squad/Controls/Qwerty/EVA_Jump
[LOG 18:45:17.596] Config(EVA_Run) Squad/Controls/Qwerty/EVA_Run
[LOG 18:45:17.597] Config(EVA_ToggleMovementMode) Squad/Controls/Qwerty/EVA_ToggleMovementMode
[LOG 18:45:17.597] Config(EVA_TogglePack) Squad/Controls/Qwerty/EVA_TogglePack
[LOG 18:45:17.597] Config(EVA_Use) Squad/Controls/Qwerty/EVA_Use
[LOG 18:45:17.597] Config(EVA_Board) Squad/Controls/Qwerty/EVA_Board
[LOG 18:45:17.597] Config(EVA_Orient) Squad/Controls/Qwerty/EVA_Orient
[LOG 18:45:17.597] Config(EVA_Lights) Squad/Controls/Qwerty/EVA_Lights
[LOG 18:45:17.597] Config(EVA_ChuteDeploy) Squad/Controls/Qwerty/EVA_ChuteDeploy
[LOG 18:45:17.597] Config(Editor_pitchUp) Squad/Controls/Qwerty/Editor_pitchUp
[LOG 18:45:17.597] Config(Editor_pitchDown) Squad/Controls/Qwerty/Editor_pitchDown
[LOG 18:45:17.597] Config(Editor_yawLeft) Squad/Controls/Qwerty/Editor_yawLeft
[LOG 18:45:17.597] Config(Editor_yawRight) Squad/Controls/Qwerty/Editor_yawRight
[LOG 18:45:17.597] Config(Editor_rollLeft) Squad/Controls/Qwerty/Editor_rollLeft
[LOG 18:45:17.597] Config(Editor_rollRight) Squad/Controls/Qwerty/Editor_rollRight
[LOG 18:45:17.597] Config(Editor_resetRotation) Squad/Controls/Qwerty/Editor_resetRotation
[LOG 18:45:17.597] Config(Editor_modePlace) Squad/Controls/Qwerty/Editor_modePlace
[LOG 18:45:17.597] Config(Editor_modeOffset) Squad/Controls/Qwerty/Editor_modeOffset
[LOG 18:45:17.597] Config(Editor_modeRotate) Squad/Controls/Qwerty/Editor_modeRotate
[LOG 18:45:17.597] Config(Editor_modeRoot) Squad/Controls/Qwerty/Editor_modeRoot
[LOG 18:45:17.597] Config(Editor_coordSystem) Squad/Controls/Qwerty/Editor_coordSystem
[LOG 18:45:17.597] Config(Editor_toggleSymMethod) Squad/Controls/Qwerty/Editor_toggleSymMethod
[LOG 18:45:17.597] Config(Editor_toggleSymMode) Squad/Controls/Qwerty/Editor_toggleSymMode
[LOG 18:45:17.597] Config(Editor_toggleAngleSnap) Squad/Controls/Qwerty/Editor_toggleAngleSnap
[LOG 18:45:17.597] Config(Editor_fineTweak) Squad/Controls/Qwerty/Editor_fineTweak
[LOG 18:45:17.597] Config(Editor_partSearch) Squad/Controls/Qwerty/Editor_partSearch
[LOG 18:45:17.597] Config(Editor_zoomScrollModifier) Squad/Controls/Qwerty/Editor_zoomScrollModifier
[LOG 18:45:17.597] Config(MODIFIER_KEY) Squad/Controls/Qwerty/MODIFIER_KEY
[LOG 18:45:17.597] Config(AbortActionGroup) Squad/Controls/Qwerty/AbortActionGroup
[LOG 18:45:17.597] Config(CustomActionGroup1) Squad/Controls/Qwerty/CustomActionGroup1
[LOG 18:45:17.597] Config(CustomActionGroup2) Squad/Controls/Qwerty/CustomActionGroup2
[LOG 18:45:17.598] Config(CustomActionGroup3) Squad/Controls/Qwerty/CustomActionGroup3
[LOG 18:45:17.598] Config(CustomActionGroup4) Squad/Controls/Qwerty/CustomActionGroup4
[LOG 18:45:17.598] Config(CustomActionGroup5) Squad/Controls/Qwerty/CustomActionGroup5
[LOG 18:45:17.598] Config(CustomActionGroup6) Squad/Controls/Qwerty/CustomActionGroup6
[LOG 18:45:17.598] Config(CustomActionGroup7) Squad/Controls/Qwerty/CustomActionGroup7
[LOG 18:45:17.598] Config(CustomActionGroup8) Squad/Controls/Qwerty/CustomActionGroup8
[LOG 18:45:17.598] Config(CustomActionGroup9) Squad/Controls/Qwerty/CustomActionGroup9
[LOG 18:45:17.598] Config(CustomActionGroup10) Squad/Controls/Qwerty/CustomActionGroup10
[LOG 18:45:17.598] Config(KEY_MAP) Squad/Controls/Qwerty/KEY_MAP
[LOG 18:45:17.598] Config(KEYBOARD_LAYOUT) Squad/Controls/Qwerty_en-GB/#autoLOC_6001228
[LOG 18:45:17.598] Config(KEY_MAP) Squad/Controls/Qwerty_en-GB/KEY_MAP
[LOG 18:45:17.598] Config(KEYBOARD_LAYOUT) Squad/Controls/Qwerty_es-LA/#autoLOC_6001229
[LOG 18:45:17.598] Config(CAMERA_MOUSE_TOGGLE) Squad/Controls/Qwerty_es-LA/CAMERA_MOUSE_TOGGLE
[LOG 18:45:17.598] Config(TIME_WARP_STOP) Squad/Controls/Qwerty_es-LA/TIME_WARP_STOP
[LOG 18:45:17.598] Config(FOCUS_NEXT_VESSEL) Squad/Controls/Qwerty_es-LA/FOCUS_NEXT_VESSEL
[LOG 18:45:17.598] Config(FOCUS_PREV_VESSEL) Squad/Controls/Qwerty_es-LA/FOCUS_PREV_VESSEL
[LOG 18:45:17.598] Config(CAMERA_RESET) Squad/Controls/Qwerty_es-LA/CAMERA_RESET
[LOG 18:45:17.598] Config(Editor_partSearch) Squad/Controls/Qwerty_es-LA/Editor_partSearch
[LOG 18:45:17.598] Config(KEY_MAP) Squad/Controls/Qwerty_es-LA/KEY_MAP
[LOG 18:45:17.598] Config(KEYBOARD_LAYOUT) Squad/Controls/Qwerty_it-IT/#autoLOC_6001230
[LOG 18:45:17.598] Config(FOCUS_NEXT_VESSEL) Squad/Controls/Qwerty_it-IT/FOCUS_NEXT_VESSEL
[LOG 18:45:17.598] Config(FOCUS_PREV_VESSEL) Squad/Controls/Qwerty_it-IT/FOCUS_PREV_VESSEL
[LOG 18:45:17.598] Config(CAMERA_MOUSE_TOGGLE) Squad/Controls/Qwerty_it-IT/CAMERA_MOUSE_TOGGLE
[LOG 18:45:17.598] Config(TIME_WARP_STOP) Squad/Controls/Qwerty_it-IT/TIME_WARP_STOP
[LOG 18:45:17.598] Config(CAMERA_RESET) Squad/Controls/Qwerty_it-IT/CAMERA_RESET
[LOG 18:45:17.598] Config(Editor_partSearch) Squad/Controls/Qwerty_it-IT/Editor_partSearch
[LOG 18:45:17.598] Config(KEY_MAP) Squad/Controls/Qwerty_it-IT/KEY_MAP
[LOG 18:45:17.598] Config(KEYBOARD_LAYOUT) Squad/Controls/Qwerty_ja-JP/#autoLOC_6001231
[LOG 18:45:17.598] Config(FOCUS_NEXT_VESSEL) Squad/Controls/Qwerty_ja-JP/FOCUS_NEXT_VESSEL
[LOG 18:45:17.598] Config(FOCUS_PREV_VESSEL) Squad/Controls/Qwerty_ja-JP/FOCUS_PREV_VESSEL
[LOG 18:45:17.598] Config(PRECISION_CTRL) Squad/Controls/Qwerty_ja-JP/PRECISION_CTRL
[LOG 18:45:17.599] Config(CAMERA_MOUSE_TOGGLE) Squad/Controls/Qwerty_ja-JP/CAMERA_MOUSE_TOGGLE
[LOG 18:45:17.599] Config(Editor_partSearch) Squad/Controls/Qwerty_ja-JP/Editor_partSearch
[LOG 18:45:17.599] Config(CAMERA_RESET) Squad/Controls/Qwerty_ja-JP/CAMERA_RESET
[LOG 18:45:17.599] Config(KEY_MAP) Squad/Controls/Qwerty_ja-JP/KEY_MAP
[LOG 18:45:17.599] Config(KEYBOARD_LAYOUT) Squad/Controls/Qwerty_pt-PT/#autoLOC_6001230
[LOG 18:45:17.599] Config(FOCUS_NEXT_VESSEL) Squad/Controls/Qwerty_pt-PT/FOCUS_NEXT_VESSEL
[LOG 18:45:17.599] Config(FOCUS_PREV_VESSEL) Squad/Controls/Qwerty_pt-PT/FOCUS_PREV_VESSEL
[LOG 18:45:17.599] Config(CAMERA_MOUSE_TOGGLE) Squad/Controls/Qwerty_pt-PT/CAMERA_MOUSE_TOGGLE
[LOG 18:45:17.599] Config(TIME_WARP_STOP) Squad/Controls/Qwerty_pt-PT/TIME_WARP_STOP
[LOG 18:45:17.599] Config(CAMERA_RESET) Squad/Controls/Qwerty_pt-PT/CAMERA_RESET
[LOG 18:45:17.599] Config(Editor_partSearch) Squad/Controls/Qwerty_pt-PT/Editor_partSearch
[LOG 18:45:17.599] Config(KEY_MAP) Squad/Controls/Qwerty_pt-PT/KEY_MAP
[LOG 18:45:17.599] Config(KEYBOARD_LAYOUT) Squad/Controls/Qwertz/#autoLOC_6001232
[LOG 18:45:17.599] Config(PITCH_DOWN) Squad/Controls/Qwertz/PITCH_DOWN
[LOG 18:45:17.599] Config(PITCH_UP) Squad/Controls/Qwertz/PITCH_UP
[LOG 18:45:17.599] Config(YAW_LEFT) Squad/Controls/Qwertz/YAW_LEFT
[LOG 18:45:17.599] Config(YAW_RIGHT) Squad/Controls/Qwertz/YAW_RIGHT
[LOG 18:45:17.599] Config(ROLL_LEFT) Squad/Controls/Qwertz/ROLL_LEFT
[LOG 18:45:17.599] Config(ROLL_RIGHT) Squad/Controls/Qwertz/ROLL_RIGHT
[LOG 18:45:17.599] Config(THROTTLE_UP) Squad/Controls/Qwertz/THROTTLE_UP
[LOG 18:45:17.599] Config(THROTTLE_DOWN) Squad/Controls/Qwertz/THROTTLE_DOWN
[LOG 18:45:17.599] Config(SAS_HOLD) Squad/Controls/Qwertz/SAS_HOLD
[LOG 18:45:17.599] Config(SAS_TOGGLE) Squad/Controls/Qwertz/SAS_TOGGLE
[LOG 18:45:17.599] Config(LAUNCH_STAGES) Squad/Controls/Qwertz/LAUNCH_STAGES
[LOG 18:45:17.599] Config(Docking_toggleRotLin) Squad/Controls/Qwertz/Docking_toggleRotLin
[LOG 18:45:17.599] Config(CAMERA_MODE) Squad/Controls/Qwertz/CAMERA_MODE
[LOG 18:45:17.599] Config(CAMERA_NEXT) Squad/Controls/Qwertz/CAMERA_NEXT
[LOG 18:45:17.599] Config(PAUSE) Squad/Controls/Qwertz/PAUSE
[LOG 18:45:17.599] Config(PRECISION_CTRL) Squad/Controls/Qwertz/PRECISION_CTRL
[LOG 18:45:17.599] Config(ZOOM_IN) Squad/Controls/Qwertz/ZOOM_IN
[LOG 18:45:17.599] Config(ZOOM_OUT) Squad/Controls/Qwertz/ZOOM_OUT
[LOG 18:45:17.600] Config(SCROLL_VIEW_UP) Squad/Controls/Qwertz/SCROLL_VIEW_UP
[LOG 18:45:17.600] Config(SCROLL_VIEW_DOWN) Squad/Controls/Qwertz/SCROLL_VIEW_DOWN
[LOG 18:45:17.600] Config(SCROLL_ICONS_UP) Squad/Controls/Qwertz/SCROLL_ICONS_UP
[LOG 18:45:17.600] Config(SCROLL_ICONS_DOWN) Squad/Controls/Qwertz/SCROLL_ICONS_DOWN
[LOG 18:45:17.600] Config(CAMERA_ORBIT_UP) Squad/Controls/Qwertz/CAMERA_ORBIT_UP
[LOG 18:45:17.600] Config(CAMERA_ORBIT_DOWN) Squad/Controls/Qwertz/CAMERA_ORBIT_DOWN
[LOG 18:45:17.600] Config(CAMERA_ORBIT_LEFT) Squad/Controls/Qwertz/CAMERA_ORBIT_LEFT
[LOG 18:45:17.600] Config(CAMERA_ORBIT_RIGHT) Squad/Controls/Qwertz/CAMERA_ORBIT_RIGHT
[LOG 18:45:17.600] Config(CAMERA_RESET) Squad/Controls/Qwertz/CAMERA_RESET
[LOG 18:45:17.600] Config(CAMERA_MOUSE_TOGGLE) Squad/Controls/Qwertz/CAMERA_MOUSE_TOGGLE
[LOG 18:45:17.600] Config(TIME_WARP_INCREASE) Squad/Controls/Qwertz/TIME_WARP_INCREASE
[LOG 18:45:17.600] Config(TIME_WARP_DECREASE) Squad/Controls/Qwertz/TIME_WARP_DECREASE
[LOG 18:45:17.600] Config(TIME_WARP_STOP) Squad/Controls/Qwertz/TIME_WARP_STOP
[LOG 18:45:17.600] Config(MAP_VIEW_TOGGLE) Squad/Controls/Qwertz/MAP_VIEW_TOGGLE
[LOG 18:45:17.600] Config(NAVBALL_TOGGLE) Squad/Controls/Qwertz/NAVBALL_TOGGLE
[LOG 18:45:17.600] Config(UIMODE_STAGING) Squad/Controls/Qwertz/UIMODE_STAGING
[LOG 18:45:17.600] Config(UIMODE_DOCKING) Squad/Controls/Qwertz/UIMODE_DOCKING
[LOG 18:45:17.600] Config(TRANSLATE_DOWN) Squad/Controls/Qwertz/TRANSLATE_DOWN
[LOG 18:45:17.600] Config(TRANSLATE_UP) Squad/Controls/Qwertz/TRANSLATE_UP
[LOG 18:45:17.600] Config(TRANSLATE_LEFT) Squad/Controls/Qwertz/TRANSLATE_LEFT
[LOG 18:45:17.600] Config(TRANSLATE_RIGHT) Squad/Controls/Qwertz/TRANSLATE_RIGHT
[LOG 18:45:17.600] Config(TRANSLATE_FWD) Squad/Controls/Qwertz/TRANSLATE_FWD
[LOG 18:45:17.600] Config(TRANSLATE_BACK) Squad/Controls/Qwertz/TRANSLATE_BACK
[LOG 18:45:17.600] Config(RCS_TOGGLE) Squad/Controls/Qwertz/RCS_TOGGLE
[LOG 18:45:17.600] Config(FOCUS_NEXT_VESSEL) Squad/Controls/Qwertz/FOCUS_NEXT_VESSEL
[LOG 18:45:17.600] Config(FOCUS_PREV_VESSEL) Squad/Controls/Qwertz/FOCUS_PREV_VESSEL
[LOG 18:45:17.600] Config(TOGGLE_UI) Squad/Controls/Qwertz/TOGGLE_UI
[LOG 18:45:17.600] Config(TOGGLE_STATUS_SCREEN) Squad/Controls/Qwertz/TOGGLE_STATUS_SCREEN
[LOG 18:45:17.600] Config(TAKE_SCREENSHOT) Squad/Controls/Qwertz/TAKE_SCREENSHOT
[LOG 18:45:17.600] Config(TOGGLE_LABELS) Squad/Controls/Qwertz/TOGGLE_LABELS
[LOG 18:45:17.600] Config(TOGGLE_TEMP_GAUGES) Squad/Controls/Qwertz/TOGGLE_TEMP_GAUGES
[LOG 18:45:17.601] Config(TOGGLE_TEMP_OVERLAY) Squad/Controls/Qwertz/TOGGLE_TEMP_OVERLAY
[LOG 18:45:17.601] Config(TOGGLE_FLIGHT_FORCES) Squad/Controls/Qwertz/TOGGLE_FLIGHT_FORCES
[LOG 18:45:17.601] Config(QUICKSAVE) Squad/Controls/Qwertz/QUICKSAVE
[LOG 18:45:17.601] Config(QUICKLOAD) Squad/Controls/Qwertz/QUICKLOAD
[LOG 18:45:17.601] Config(THROTTLE_CUTOFF) Squad/Controls/Qwertz/THROTTLE_CUTOFF
[LOG 18:45:17.601] Config(THROTTLE_FULL) Squad/Controls/Qwertz/THROTTLE_FULL
[LOG 18:45:17.601] Config(LANDING_GEAR) Squad/Controls/Qwertz/LANDING_GEAR
[LOG 18:45:17.601] Config(HEADLIGHT_TOGGLE) Squad/Controls/Qwertz/HEADLIGHT_TOGGLE
[LOG 18:45:17.601] Config(BRAKES) Squad/Controls/Qwertz/BRAKES
[LOG 18:45:17.601] Config(TOGGLE_SPACENAV_FLIGHT_CONTROL) Squad/Controls/Qwertz/TOGGLE_SPACENAV_FLIGHT_CONTROL
[LOG 18:45:17.601] Config(TOGGLE_SPACENAV_ROLL_LOCK) Squad/Controls/Qwertz/TOGGLE_SPACENAV_ROLL_LOCK
[LOG 18:45:17.601] Config(WHEEL_STEER_LEFT) Squad/Controls/Qwertz/WHEEL_STEER_LEFT
[LOG 18:45:17.601] Config(WHEEL_STEER_RIGHT) Squad/Controls/Qwertz/WHEEL_STEER_RIGHT
[LOG 18:45:17.601] Config(WHEEL_THROTTLE_DOWN) Squad/Controls/Qwertz/WHEEL_THROTTLE_DOWN
[LOG 18:45:17.601] Config(WHEEL_THROTTLE_UP) Squad/Controls/Qwertz/WHEEL_THROTTLE_UP
[LOG 18:45:17.601] Config(EVA_forward) Squad/Controls/Qwertz/EVA_forward
[LOG 18:45:17.601] Config(EVA_back) Squad/Controls/Qwertz/EVA_back
[LOG 18:45:17.601] Config(EVA_left) Squad/Controls/Qwertz/EVA_left
[LOG 18:45:17.601] Config(EVA_right) Squad/Controls/Qwertz/EVA_right
[LOG 18:45:17.601] Config(EVA_yaw_left) Squad/Controls/Qwertz/EVA_yaw_left
[LOG 18:45:17.601] Config(EVA_yaw_right) Squad/Controls/Qwertz/EVA_yaw_right
[LOG 18:45:17.601] Config(EVA_Pack_forward) Squad/Controls/Qwertz/EVA_Pack_forward
[LOG 18:45:17.601] Config(EVA_Pack_back) Squad/Controls/Qwertz/EVA_Pack_back
[LOG 18:45:17.601] Config(EVA_Pack_left) Squad/Controls/Qwertz/EVA_Pack_left
[LOG 18:45:17.601] Config(EVA_Pack_right) Squad/Controls/Qwertz/EVA_Pack_right
[LOG 18:45:17.601] Config(EVA_Pack_up) Squad/Controls/Qwertz/EVA_Pack_up
[LOG 18:45:17.601] Config(EVA_Pack_down) Squad/Controls/Qwertz/EVA_Pack_down
[LOG 18:45:17.601] Config(EVA_Jump) Squad/Controls/Qwertz/EVA_Jump
[LOG 18:45:17.601] Config(EVA_Run) Squad/Controls/Qwertz/EVA_Run
[LOG 18:45:17.601] Config(EVA_ToggleMovementMode) Squad/Controls/Qwertz/EVA_ToggleMovementMode
[LOG 18:45:17.602] Config(EVA_TogglePack) Squad/Controls/Qwertz/EVA_TogglePack
[LOG 18:45:17.602] Config(EVA_Use) Squad/Controls/Qwertz/EVA_Use
[LOG 18:45:17.602] Config(EVA_Board) Squad/Controls/Qwertz/EVA_Board
[LOG 18:45:17.602] Config(EVA_Orient) Squad/Controls/Qwertz/EVA_Orient
[LOG 18:45:17.602] Config(EVA_Lights) Squad/Controls/Qwertz/EVA_Lights
[LOG 18:45:17.602] Config(Editor_pitchUp) Squad/Controls/Qwertz/Editor_pitchUp
[LOG 18:45:17.602] Config(Editor_pitchDown) Squad/Controls/Qwertz/Editor_pitchDown
[LOG 18:45:17.602] Config(Editor_yawLeft) Squad/Controls/Qwertz/Editor_yawLeft
[LOG 18:45:17.602] Config(Editor_yawRight) Squad/Controls/Qwertz/Editor_yawRight
[LOG 18:45:17.602] Config(Editor_rollLeft) Squad/Controls/Qwertz/Editor_rollLeft
[LOG 18:45:17.602] Config(Editor_rollRight) Squad/Controls/Qwertz/Editor_rollRight
[LOG 18:45:17.602] Config(Editor_resetRotation) Squad/Controls/Qwertz/Editor_resetRotation
[LOG 18:45:17.602] Config(Editor_modePlace) Squad/Controls/Qwertz/Editor_modePlace
[LOG 18:45:17.602] Config(Editor_modeOffset) Squad/Controls/Qwertz/Editor_modeOffset
[LOG 18:45:17.602] Config(Editor_modeRotate) Squad/Controls/Qwertz/Editor_modeRotate
[LOG 18:45:17.602] Config(Editor_modeRoot) Squad/Controls/Qwertz/Editor_modeRoot
[LOG 18:45:17.602] Config(Editor_coordSystem) Squad/Controls/Qwertz/Editor_coordSystem
[LOG 18:45:17.602] Config(Editor_toggleSymMethod) Squad/Controls/Qwertz/Editor_toggleSymMethod
[LOG 18:45:17.602] Config(Editor_toggleSymMode) Squad/Controls/Qwertz/Editor_toggleSymMode
[LOG 18:45:17.602] Config(Editor_toggleAngleSnap) Squad/Controls/Qwertz/Editor_toggleAngleSnap
[LOG 18:45:17.602] Config(Editor_fineTweak) Squad/Controls/Qwertz/Editor_fineTweak
[LOG 18:45:17.603] Config(Editor_partSearch) Squad/Controls/Qwertz/Editor_partSearch
[LOG 18:45:17.603] Config(Editor_zoomScrollModifier) Squad/Controls/Qwertz/Editor_zoomScrollModifier
[LOG 18:45:17.603] Config(MODIFIER_KEY) Squad/Controls/Qwertz/MODIFIER_KEY
[LOG 18:45:17.603] Config(AbortActionGroup) Squad/Controls/Qwertz/AbortActionGroup
[LOG 18:45:17.603] Config(CustomActionGroup1) Squad/Controls/Qwertz/CustomActionGroup1
[LOG 18:45:17.603] Config(CustomActionGroup2) Squad/Controls/Qwertz/CustomActionGroup2
[LOG 18:45:17.603] Config(CustomActionGroup3) Squad/Controls/Qwertz/CustomActionGroup3
[LOG 18:45:17.603] Config(CustomActionGroup4) Squad/Controls/Qwertz/CustomActionGroup4
[LOG 18:45:17.603] Config(CustomActionGroup5) Squad/Controls/Qwertz/CustomActionGroup5
[LOG 18:45:17.603] Config(CustomActionGroup6) Squad/Controls/Qwertz/CustomActionGroup6
[LOG 18:45:17.603] Config(CustomActionGroup7) Squad/Controls/Qwertz/CustomActionGroup7
[LOG 18:45:17.603] Config(CustomActionGroup8) Squad/Controls/Qwertz/CustomActionGroup8
[LOG 18:45:17.603] Config(CustomActionGroup9) Squad/Controls/Qwertz/CustomActionGroup9
[LOG 18:45:17.603] Config(CustomActionGroup10) Squad/Controls/Qwertz/CustomActionGroup10
[LOG 18:45:17.603] Config(KEY_MAP) Squad/Controls/Qwertz/KEY_MAP
[LOG 18:45:17.603] Config(EXPERIENCE_TRAIT) Squad/Experience/Traits/Pilot
[LOG 18:45:17.603] Config(EXPERIENCE_TRAIT) Squad/Experience/Traits/Engineer
[LOG 18:45:17.603] Config(EXPERIENCE_TRAIT) Squad/Experience/Traits/Scientist
[LOG 18:45:17.603] Config(EXPERIENCE_TRAIT) Squad/Experience/Traits/Tourist
[LOG 18:45:17.603] Config(Localization) Squad/Localization/dictionary/Localization
[LOG 18:45:17.603] Config(MISSIONPACK) Squad/Missions/MissionPacks/squad_ESA
[LOG 18:45:17.603] Config(VARIANTTHEME) Squad/Parts/VariantThemes/White
[LOG 18:45:17.603] Config(VARIANTTHEME) Squad/Parts/VariantThemes/BlackAndWhite
[LOG 18:45:17.604] Config(VARIANTTHEME) Squad/Parts/VariantThemes/GrayAndOrange
[LOG 18:45:17.604] Config(VARIANTTHEME) Squad/Parts/VariantThemes/Dark
[LOG 18:45:17.604] Config(VARIANTTHEME) Squad/Parts/VariantThemes/Gray
[LOG 18:45:17.604] Config(VARIANTTHEME) Squad/Parts/VariantThemes/Orange
[LOG 18:45:17.604] Config(VARIANTTHEME) Squad/Parts/VariantThemes/Gold
[LOG 18:45:17.604] Config(VARIANTTHEME) Squad/Parts/VariantThemes/Bare
[LOG 18:45:17.604] Config(VARIANTTHEME) Squad/Parts/VariantThemes/Shroud
[LOG 18:45:17.604] Config(VARIANTTHEME) Squad/Parts/VariantThemes/GrayAndWhite
[LOG 18:45:17.604] Config(VARIANTTHEME) Squad/Parts/VariantThemes/YellowAndWhite
[LOG 18:45:17.604] Config(VARIANTTHEME) Squad/Parts/VariantThemes/Silver
[LOG 18:45:17.604] Config(VARIANTTHEME) Squad/Parts/VariantThemes/Gray with Stripes
[LOG 18:45:17.604] Config(PART) Squad/Parts/Aero/aerodynamicNoseCone/aerodynamicNoseCone/noseCone
[LOG 18:45:17.604] Config(PART) Squad/Parts/Aero/airbrake/Airbrake/airbrake1
[LOG 18:45:17.604] Config(PART) Squad/Parts/Aero/airIntakeRadialXM-G50/airIntakeRadialXM-G50/airScoop
[LOG 18:45:17.604] Config(PART) Squad/Parts/Aero/airlinerWings/ControlSurface/airlinerCtrlSrf
[LOG 18:45:17.604] Config(PART) Squad/Parts/Aero/airlinerWings/MainWing/airlinerMainWing
[LOG 18:45:17.604] Config(PART) Squad/Parts/Aero/airlinerWings/TailFin/airlinerTailFin
[LOG 18:45:17.604] Config(PART) Squad/Parts/Aero/airplaneFins/advancedCanard/AdvancedCanard
[LOG 18:45:17.604] Config(PART) Squad/Parts/Aero/airplaneFins/standardCanard/CanardController
[LOG 18:45:17.604] Config(PART) Squad/Parts/Aero/airplaneFins/sweptWing/sweptWing
[LOG 18:45:17.604] Config(PART) Squad/Parts/Aero/airplaneFins/tailfin/tailfin
[LOG 18:45:17.604] Config(PART) Squad/Parts/Aero/basicFin/basicFin/basicFin
[LOG 18:45:17.604] Config(PART) Squad/Parts/Aero/circularIntake/circularIntake/CircularIntake
[LOG 18:45:17.604] Config(PART) Squad/Parts/Aero/circularIntake/intakeShockCone/shockConeIntake
[LOG 18:45:17.604] Config(PART) Squad/Parts/Aero/cones/avionicsNoseCone/avionicsNoseCone
[LOG 18:45:17.604] Config(PART) Squad/Parts/Aero/cones/ConeA/pointyNoseConeA
[LOG 18:45:17.604] Config(PART) Squad/Parts/Aero/cones/ConeB/pointyNoseConeB
[LOG 18:45:17.605] Config(PART) Squad/Parts/Aero/cones/noseConeAdapter/noseConeAdapter
[LOG 18:45:17.605] Config(PART) Squad/Parts/Aero/cones/protectiveRocketNoseMk7_v2/rocketNoseCone_v2
[LOG 18:45:17.605] Config(PART) Squad/Parts/Aero/cones/protectiveRocketNoseMk7_v3/rocketNoseCone_v3
[LOG 18:45:17.605] Config(PART) Squad/Parts/Aero/cones/rocketNoseCone_size3/rocketNoseConeSize3
[LOG 18:45:17.605] Config(PART) Squad/Parts/Aero/cones/smallNoseCone/standardNoseCone
[LOG 18:45:17.605] Config(PART) Squad/Parts/Aero/cones/tailConnectorA/airplaneTail
[LOG 18:45:17.605] Config(PART) Squad/Parts/Aero/cones/tailConnectorB/airplaneTailB
[LOG 18:45:17.605] Config(PART) Squad/Parts/Aero/fairings/fairingSize1/fairingSize1
[LOG 18:45:17.605] Config(PART) Squad/Parts/Aero/fairings/fairingSize2/fairingSize2
[LOG 18:45:17.605] Config(PART) Squad/Parts/Aero/fairings/fairingSize3/fairingSize3
[LOG 18:45:17.605] Config(PART) Squad/Parts/Aero/HeatShield/HeatShield0/HeatShield0
[LOG 18:45:17.605] Config(PART) Squad/Parts/Aero/HeatShield/HeatShield1/HeatShield1
[LOG 18:45:17.605] Config(PART) Squad/Parts/Aero/HeatShield/HeatShield2/HeatShield2
[LOG 18:45:17.605] Config(PART) Squad/Parts/Aero/HeatShield/HeatShield3/HeatShield3
[LOG 18:45:17.605] Config(PART) Squad/Parts/Aero/InflatableHeatShield/HeatShield/InflatableHeatShield
[LOG 18:45:17.605] Config(PART) Squad/Parts/Aero/intakeRadialLong/intakeRadialLong/IntakeRadialLong
[LOG 18:45:17.605] Config(PART) Squad/Parts/Aero/miniIntake/SmallIntake/miniIntake
[LOG 18:45:17.605] Config(PART) Squad/Parts/Aero/ramAirIntake/ramAirIntake/ramAirIntake
[LOG 18:45:17.605] Config(PART) Squad/Parts/Aero/shuttleWings/delta/wingShuttleDelta
[LOG 18:45:17.606] Config(PART) Squad/Parts/Aero/shuttleWings/elevon1/wingShuttleElevon1
[LOG 18:45:17.606] Config(PART) Squad/Parts/Aero/shuttleWings/elevon2/wingShuttleElevon2
[LOG 18:45:17.606] Config(PART) Squad/Parts/Aero/shuttleWings/rudder/wingShuttleRudder
[LOG 18:45:17.606] Config(PART) Squad/Parts/Aero/shuttleWings/strake/wingShuttleStrake
[LOG 18:45:17.606] Config(PART) Squad/Parts/Aero/wingletAV-R8/wingletAV-R8/R8winglet
[LOG 18:45:17.606] Config(PART) Squad/Parts/Aero/wingletAV-T1/wingletAV-T1/winglet
[LOG 18:45:17.606] Config(PART) Squad/Parts/Aero/wingletDeltaDeluxe/wingletDeltaDeluxe/winglet3
[LOG 18:45:17.606] Config(PART) Squad/Parts/Aero/wings/connector1/wingConnector
[LOG 18:45:17.606] Config(PART) Squad/Parts/Aero/wings/connector2/wingConnector2
[LOG 18:45:17.606] Config(PART) Squad/Parts/Aero/wings/connector3/wingConnector3
[LOG 18:45:17.606] Config(PART) Squad/Parts/Aero/wings/connector4/wingConnector4
[LOG 18:45:17.606] Config(PART) Squad/Parts/Aero/wings/connector5/wingConnector5
[LOG 18:45:17.606] Config(PART) Squad/Parts/Aero/wings/delta/deltaWing
[LOG 18:45:17.606] Config(PART) Squad/Parts/Aero/wings/delta_small/delta_small
[LOG 18:45:17.606] Config(PART) Squad/Parts/Aero/wings/elevon1/StandardCtrlSrf
[LOG 18:45:17.606] Config(PART) Squad/Parts/Aero/wings/elevon2/elevon2
[LOG 18:45:17.606] Config(PART) Squad/Parts/Aero/wings/elevon3/elevon3
[LOG 18:45:17.606] Config(PART) Squad/Parts/Aero/wings/elevon4/smallCtrlSrf
[LOG 18:45:17.606] Config(PART) Squad/Parts/Aero/wings/elevon5/elevon5
[LOG 18:45:17.607] Config(PART) Squad/Parts/Aero/wings/strake/wingStrake
[LOG 18:45:17.607] Config(PART) Squad/Parts/Aero/wings/structural1/structuralWing
[LOG 18:45:17.607] Config(PART) Squad/Parts/Aero/wings/structural2/structuralWing2
[LOG 18:45:17.607] Config(PART) Squad/Parts/Aero/wings/structural3/structuralWing3
[LOG 18:45:17.607] Config(PART) Squad/Parts/Aero/wings/structural4/structuralWing4
[LOG 18:45:17.607] Config(PART) Squad/Parts/Aero/wings/swept1/sweptWing1
[LOG 18:45:17.607] Config(PART) Squad/Parts/Aero/wings/swept2/sweptWing2
[LOG 18:45:17.607] Config(PART) Squad/Parts/Cargo/CargoContainers/cargoContainer/cargoContainer
[LOG 18:45:17.607] Config(PART) Squad/Parts/Cargo/CargoContainers/smallCargoContainer/smallCargoContainer
[LOG 18:45:17.607] Config(PART) Squad/Parts/Cargo/Cylinder/Cylinder/evaCylinder
[LOG 18:45:17.607] Config(PART) Squad/Parts/Cargo/GroundAnchor/groundAnchor/groundAnchor
[LOG 18:45:17.607] Config(PART) Squad/Parts/Cargo/Jetpack/Jetpack/evaJetpack
[LOG 18:45:17.607] Config(PART) Squad/Parts/Cargo/Parachute/Parachute/evaChute
[LOG 18:45:17.607] Config(PART) Squad/Parts/Cargo/RepairKit/RepairKit/evaRepairKit
[LOG 18:45:17.607] Config(PART) Squad/Parts/Cargo/ScienceKit/evaScienceKit/evaScienceKit
[LOG 18:45:17.607] Config(PART) Squad/Parts/Cargo/StorageUnits/CargoStorageUnit/CargoStorageUnit
[LOG 18:45:17.607] Config(PART) Squad/Parts/Cargo/StorageUnits/ConformalStorageUnit/ConformalStorageUnit
[LOG 18:45:17.607] Config(PART) Squad/Parts/Command/advancedSasModuleLarge/advSasModuleLarge/asasmodule1-2
[LOG 18:45:17.607] Config(PART) Squad/Parts/Command/cupola/cupola/cupola
[LOG 18:45:17.607] Config(PART) Squad/Parts/Command/externalCommandSeat/externalCommandSeat/seatExternalCmd
[LOG 18:45:17.607] Config(PART) Squad/Parts/Command/hitchhikerStorageContainer/hitchikerStorageContainer/crewCabin
[LOG 18:45:17.607] Config(PART) Squad/Parts/Command/inlineAdvancedStabilizer/inlineAdvancedStabilizer/advSasModule
[LOG 18:45:17.607] Config(PART) Squad/Parts/Command/inlineReactionWheel/inlineReactionWheel/sasModule
[LOG 18:45:17.607] Config(PART) Squad/Parts/Command/Mk1-3Pod/mk1-3/mk1-3pod
[LOG 18:45:17.608] Config(PART) Squad/Parts/Command/mk1Cockpits/mk1Cockpit/Mark1Cockpit
[LOG 18:45:17.608] Config(PART) Squad/Parts/Command/mk1Cockpits/mk1CrewCabin/MK1CrewCabin
[LOG 18:45:17.608] Config(PART) Squad/Parts/Command/mk1Cockpits/mk1InlineCockpit/Mark2Cockpit
[LOG 18:45:17.608] Config(PART) Squad/Parts/Command/mk1LanderCan/mk1LanderCan/landerCabinSmall
[LOG 18:45:17.608] Config(PART) Squad/Parts/Command/mk1pod_v2/mk1Pod_v2/mk1pod_v2
[LOG 18:45:17.608] Config(PART) Squad/Parts/Command/mk2CockpitInline/mk2CockpitInline/mk2Cockpit_Inline
[LOG 18:45:17.608] Config(PART) Squad/Parts/Command/mk2CockpitStandard/mk2CockpitStandard/mk2Cockpit_Standard
[LOG 18:45:17.608] Config(PART) Squad/Parts/Command/mk2DroneCore/mk2Dronecore/mk2DroneCore
[LOG 18:45:17.608] Config(PART) Squad/Parts/Command/mk2LanderCan/mk2LanderCan/mk2LanderCabin
[LOG 18:45:17.608] Config(PART) Squad/Parts/Command/mk2LanderCan_v2/mk2LanderCan_v2/mk2LanderCabin_v2
[LOG 18:45:17.608] Config(PART) Squad/Parts/Command/mk3CockpitShuttle/mk3CockpitShuttle/mk3Cockpit_Shuttle
[LOG 18:45:17.608] Config(PART) Squad/Parts/Command/MpoProbe/MpoProbe/MpoProbe
[LOG 18:45:17.608] Config(PART) Squad/Parts/Command/MtmStage/MTM_Stage/MtmStage
[LOG 18:45:17.608] Config(PART) Squad/Parts/Command/probeCoreCube/probeCoreCube/probeCoreCube
[LOG 18:45:17.608] Config(PART) Squad/Parts/Command/probeCoreHex/probeCoreHex/probeCoreHex
[LOG 18:45:17.608] Config(PART) Squad/Parts/Command/probeCoreHex_v2/probeCoreHex_v2/probeCoreHex_v2
[LOG 18:45:17.608] Config(PART) Squad/Parts/Command/probeCoreOcto2_v2/probeCoreOcto2_v2/probeCoreOcto2_v2
[LOG 18:45:17.608] Config(PART) Squad/Parts/Command/probeCoreOcto_v2/probeCoreOcto_v2/probeCoreOcto_v2
[LOG 18:45:17.608] Config(PART) Squad/Parts/Command/probeRoverBody/probeRoverBody/roverBody
[LOG 18:45:17.608] Config(PART) Squad/Parts/Command/probeRoverBody_v2/probeRoverBody_v2/roverBody_v2
[LOG 18:45:17.608] Config(PART) Squad/Parts/Command/probeStackLarge/probeStackLarge/probeStackLarge
[LOG 18:45:17.608] Config(PART) Squad/Parts/Command/probeStackSmall/probeStackSmall/probeStackSmall
[LOG 18:45:17.608] Config(PART) Squad/Parts/Command/probeStackSphere_v2/probeStackSphere_v2/probeCoreSphere_v2
[LOG 18:45:17.608] Config(PART) Squad/Parts/CompoundParts/FuelLine/fuelLine/fuelLine
[LOG 18:45:17.608] Config(PART) Squad/Parts/CompoundParts/strutConnector/strutConnector/strutConnector
[LOG 18:45:17.608] Config(PART) Squad/Parts/Coupling/Decoupler_0/Decoupler_0
[LOG 18:45:17.608] Config(PART) Squad/Parts/Coupling/Decoupler_1/Decoupler_1
[LOG 18:45:17.609] Config(PART) Squad/Parts/Coupling/Decoupler_2/Decoupler_2
[LOG 18:45:17.609] Config(PART) Squad/Parts/Coupling/Decoupler_3/Decoupler_3
[LOG 18:45:17.609] Config(PART) Squad/Parts/Coupling/Separator_0/Separator_0
[LOG 18:45:17.609] Config(PART) Squad/Parts/Coupling/Separator_1/Separator_1
[LOG 18:45:17.609] Config(PART) Squad/Parts/Coupling/Separator_2/Separator_2
[LOG 18:45:17.609] Config(PART) Squad/Parts/Coupling/Separator_3/Separator_3
[LOG 18:45:17.609] Config(PART) Squad/Parts/Electrical/10CSolarPanels/OX-10C/solarPanelOX10C
[LOG 18:45:17.609] Config(PART) Squad/Parts/Electrical/10CSolarPanels/SP-10C/solarPanelSP10C
[LOG 18:45:17.609] Config(PART) Squad/Parts/Electrical/10LSolarPanels/OX-10L/solarPanelOX10L
[LOG 18:45:17.609] Config(PART) Squad/Parts/Electrical/10LSolarPanels/SP-10L/solarPanelSP10L
[LOG 18:45:17.609] Config(PART) Squad/Parts/Electrical/1x6ShroudSolarPanels/1x6ShroudSolarPanels/solarPanels2
[LOG 18:45:17.609] Config(PART) Squad/Parts/Electrical/1x6SolarPanels/1x6SolarPanels/solarPanels4
[LOG 18:45:17.609] Config(PART) Squad/Parts/Electrical/3x2ShroudSolarPanels/3x2ShroudSolarPanels/solarPanels1
[LOG 18:45:17.609] Config(PART) Squad/Parts/Electrical/3x2SolarPanels/3x2SolarPanels/solarPanels3
[LOG 18:45:17.609] Config(PART) Squad/Parts/Electrical/gigantorXlSolarArray/gigantorXlSolarArray/largeSolarPanel
[LOG 18:45:17.609] Config(PART) Squad/Parts/Electrical/radialFlatSolarPanel/radialFlatSolarPanel/solarPanels5
[LOG 18:45:17.609] Config(PART) Squad/Parts/Electrical/RTG/RTG/rtg
[LOG 18:45:17.609] Config(PART) Squad/Parts/Electrical/z-100Battery/z-100Battery/batteryPack
[LOG 18:45:17.609] Config(PART) Squad/Parts/Electrical/z-1kBattery/z-1kBattery/batteryBank
[LOG 18:45:17.609] Config(PART) Squad/Parts/Electrical/z-200Battery/z-200Battery/batteryBankMini
[LOG 18:45:17.609] Config(PART) Squad/Parts/Electrical/z-400Battery/z-400Battery/ksp_r_largeBatteryPack
[LOG 18:45:17.609] Config(PART) Squad/Parts/Electrical/z-4kBattery/z-4kBattery/batteryBankLarge
[LOG 18:45:17.609] Config(PART) Squad/Parts/Engine/ionEngine/ionEngine/ionEngine
[LOG 18:45:17.609] Config(PART) Squad/Parts/Engine/jetEngines/jetEngineAfterburning/turboJet
[LOG 18:45:17.609] Config(PART) Squad/Parts/Engine/jetEngines/jetEngineBasic/JetEngine
[LOG 18:45:17.610] Config(PART) Squad/Parts/Engine/jetEngines/jetEngineBig/turboFanSize2
[LOG 18:45:17.610] Config(PART) Squad/Parts/Engine/jetEngines/jetEngineTurbo/turboFanEngine
[LOG 18:45:17.610] Config(PART) Squad/Parts/Engine/liquidEngine24-77/liquidEngine24-77/smallRadialEngine
[LOG 18:45:17.610] Config(PART) Squad/Parts/Engine/liquidEngine24-77_v2/liquidEngine24-77_v2/smallRadialEngine_v2
[LOG 18:45:17.610] Config(PART) Squad/Parts/Engine/liquidEngine48-7S_v2/liquidEngine48-7S_v2/liquidEngineMini_v2
[LOG 18:45:17.610] Config(PART) Squad/Parts/Engine/liquidEngineAerospike/liquidEngineAerospike/toroidalAerospike
[LOG 18:45:17.610] Config(PART) Squad/Parts/Engine/liquidEngineLV-1_v2/liquidEngineLV-1R _v2/radialEngineMini_v2
[LOG 18:45:17.610] Config(PART) Squad/Parts/Engine/liquidEngineLV-1_v2/liquidEngineLV-1_v2/microEngine_v2
[LOG 18:45:17.610] Config(PART) Squad/Parts/Engine/liquidEngineLV-909_v2/liquidEngineLV-909_v2/liquidEngine3_v2
[LOG 18:45:17.610] Config(PART) Squad/Parts/Engine/liquidEngineLV-N/liquidEngineLV-N/nuclearEngine
[LOG 18:45:17.610] Config(PART) Squad/Parts/Engine/liquidEngineLV-T30/liquidEngineLV-T30/liquidEngine
[LOG 18:45:17.610] Config(PART) Squad/Parts/Engine/liquidEngineLV-T30_v2/liquidEngineLV-T30_v2/liquidEngine_v2
[LOG 18:45:17.610] Config(PART) Squad/Parts/Engine/liquidEngineLV-T45/liquidEngineLV-T45/liquidEngine2
[LOG 18:45:17.610] Config(PART) Squad/Parts/Engine/liquidEngineLV-T45_v2/liquidEngineLV-T45_v2/liquidEngine2_v2
[LOG 18:45:17.610] Config(PART) Squad/Parts/Engine/liquidEngineMainsail_v2/liquidEngineMainsail_v2/liquidEngineMainsail_v2
[LOG 18:45:17.610] Config(PART) Squad/Parts/Engine/liquidEngineMk55/liquidEngineMk55/radialLiquidEngine1-2
[LOG 18:45:17.610] Config(PART) Squad/Parts/Engine/liquidEnginePoodle_v2/liquidEnginePoodle_v2/liquidEngine2-2_v2
[LOG 18:45:17.610] Config(PART) Squad/Parts/Engine/liquidEngineSkipper_v2/skipperLiquidEngine_v2/engineLargeSkipper_v2
[LOG 18:45:17.610] Config(PART) Squad/Parts/Engine/liquidEngineSSME/SSME/SSME
[LOG 18:45:17.610] Config(PART) Squad/Parts/Engine/MassiveSRB/part/MassiveBooster
[LOG 18:45:17.610] Config(PART) Squad/Parts/Engine/miniJet/SmallJetEngine/miniJetEngine
[LOG 18:45:17.610] Config(PART) Squad/Parts/Engine/OMSEngine/omsEngine/omsEngine
[LOG 18:45:17.610] Config(PART) Squad/Parts/Engine/rapierEngine/rapierEngine/RAPIER
[LOG 18:45:17.610] Config(PART) Squad/Parts/Engine/Size1_SRBs/solidBoosterRT-10_v2/solidBooster_v2
[LOG 18:45:17.611] Config(PART) Squad/Parts/Engine/Size1_SRBs/solidBoosterRT-5_v2/solidBooster_sm_v2
[LOG 18:45:17.611] Config(PART) Squad/Parts/Engine/Size2LFB/part/Size2LFB
[LOG 18:45:17.611] Config(PART) Squad/Parts/Engine/Size2LFB_v2/part/Size2LFB_v2
[LOG 18:45:17.611] Config(PART) Squad/Parts/Engine/Size3AdvancedEngine/part/Size3AdvancedEngine
[LOG 18:45:17.611] Config(PART) Squad/Parts/Engine/Size3EngineCluster/part/Size3EngineCluster
[LOG 18:45:17.611] Config(PART) Squad/Parts/Engine/solidBoosterBACC/solidBoosterBACC/solidBooster1-1
[LOG 18:45:17.611] Config(PART) Squad/Parts/Engine/solidBoosterS2-17/solidBoosterS2-17/Thoroughbred
[LOG 18:45:17.611] Config(PART) Squad/Parts/Engine/solidBoosterS2-33/solidBoosterS2-33/Clydesdale
[LOG 18:45:17.611] Config(PART) Squad/Parts/Engine/solidBoosterSep/solidBoosterSep/sepMotor1
[LOG 18:45:17.611] Config(PART) Squad/Parts/Engine/SolidBoostersF/SolidBoosterF3S0/Shrimp
[LOG 18:45:17.611] Config(PART) Squad/Parts/Engine/SolidBoostersF/SolidBoosterFM1/Mite
[LOG 18:45:17.611] Config(PART) Squad/Parts/FuelTank/adapterTanks/Mk3-Mk2/adapterMk3-Mk2
[LOG 18:45:17.611] Config(PART) Squad/Parts/FuelTank/adapterTanks/Mk3-ShuttleAdapter/adapterEngines
[LOG 18:45:17.611] Config(PART) Squad/Parts/FuelTank/adapterTanks/Mk3-Size2/adapterMk3-Size2
[LOG 18:45:17.611] Config(PART) Squad/Parts/FuelTank/adapterTanks/Mk3-Size2Slant/adapterMk3-Size2Slant
[LOG 18:45:17.611] Config(PART) Squad/Parts/FuelTank/adapterTanks/Size2-Mk2/adapterSize2-Mk2
[LOG 18:45:17.611] Config(PART) Squad/Parts/FuelTank/adapterTanks/Size2-Size1/adapterSize2-Size1
[LOG 18:45:17.611] Config(PART) Squad/Parts/FuelTank/adapterTanks/Size2-Size1Slant/adapterSize2-Size1Slant
[LOG 18:45:17.611] Config(PART) Squad/Parts/FuelTank/adapterTanks/Size3-Mk3/adapterSize3-Mk3
[LOG 18:45:17.611] Config(PART) Squad/Parts/FuelTank/drainTankFTE-1/ReleaseValve/ReleaseValve
[LOG 18:45:17.611] Config(PART) Squad/Parts/FuelTank/FoilTanks/RadialTank_Capsule/externalTankCapsule
[LOG 18:45:17.611] Config(PART) Squad/Parts/FuelTank/FoilTanks/RadialTank_Round/externalTankRound
[LOG 18:45:17.611] Config(PART) Squad/Parts/FuelTank/FoilTanks/ToroidTank/externalTankToroid
[LOG 18:45:17.611] Config(PART) Squad/Parts/FuelTank/fuelTankOscarB/fuelTankOscarB/miniFuelTank
[LOG 18:45:17.611] Config(PART) Squad/Parts/FuelTank/miniFuselage/miniFuselage/miniFuselage
[LOG 18:45:17.611] Config(PART) Squad/Parts/FuelTank/mk2Adapters/bicoupler/mk2_1m_Bicoupler
[LOG 18:45:17.611] Config(PART) Squad/Parts/FuelTank/mk2Adapters/long/mk2_1m_AdapterLong
[LOG 18:45:17.611] Config(PART) Squad/Parts/FuelTank/mk2Adapters/standard/mk2SpacePlaneAdapter
[LOG 18:45:17.612] Config(PART) Squad/Parts/FuelTank/mk2FuselageLong/LFO_long/mk2FuselageLongLFO
[LOG 18:45:17.612] Config(PART) Squad/Parts/FuelTank/mk2FuselageLong/L_long/mk2Fuselage
[LOG 18:45:17.612] Config(PART) Squad/Parts/FuelTank/mk2FuselageShort/LFO_short/mk2FuselageShortLFO
[LOG 18:45:17.612] Config(PART) Squad/Parts/FuelTank/mk2FuselageShort/L_short/mk2FuselageShortLiquid
[LOG 18:45:17.612] Config(PART) Squad/Parts/FuelTank/mk2FuselageShort/Mono_short/mk2FuselageShortMono
[LOG 18:45:17.612] Config(PART) Squad/Parts/FuelTank/mk3Fuselage/CREW/mk3CrewCabin
[LOG 18:45:17.612] Config(PART) Squad/Parts/FuelTank/mk3Fuselage/LFO_100/mk3FuselageLFO_100
[LOG 18:45:17.612] Config(PART) Squad/Parts/FuelTank/mk3Fuselage/LFO_25/mk3FuselageLFO_25
[LOG 18:45:17.612] Config(PART) Squad/Parts/FuelTank/mk3Fuselage/LFO_50/mk3FuselageLFO_50
[LOG 18:45:17.612] Config(PART) Squad/Parts/FuelTank/mk3Fuselage/LF_100/mk3FuselageLF_100
[LOG 18:45:17.612] Config(PART) Squad/Parts/FuelTank/mk3Fuselage/LF_25/mk3FuselageLF_25
[LOG 18:45:17.612] Config(PART) Squad/Parts/FuelTank/mk3Fuselage/LF_50/mk3FuselageLF_50
[LOG 18:45:17.612] Config(PART) Squad/Parts/FuelTank/mk3Fuselage/MONO/mk3FuselageMONO
[LOG 18:45:17.612] Config(PART) Squad/Parts/FuelTank/RCSFuelTankR1/RCSFuelTankR1/RCSTank1-2
[LOG 18:45:17.612] Config(PART) Squad/Parts/FuelTank/RCSFuelTankR10/RCSFuelTankR10/rcsTankMini
[LOG 18:45:17.612] Config(PART) Squad/Parts/FuelTank/RCSFuelTankR25/RCSFuelTankR25/RCSFuelTank
[LOG 18:45:17.612] Config(PART) Squad/Parts/FuelTank/RCSTankRadial/radialRCSTank/radialRCSTank
[LOG 18:45:17.612] Config(PART) Squad/Parts/FuelTank/RCStankRadialLong/RCSTankRadialLong/rcsTankRadialLong
[LOG 18:45:17.612] Config(PART) Squad/Parts/FuelTank/RockomaxTanks/Rockomax16/Rockomax16_BW
[LOG 18:45:17.612] Config(PART) Squad/Parts/FuelTank/RockomaxTanks/Rockomax32/Rockomax32_BW
[LOG 18:45:17.612] Config(PART) Squad/Parts/FuelTank/RockomaxTanks/Rockomax64/Rockomax64_BW
[LOG 18:45:17.612] Config(PART) Squad/Parts/FuelTank/RockomaxTanks/Rockomax8/Rockomax8BW
[LOG 18:45:17.612] Config(PART) Squad/Parts/FuelTank/Size1_Tanks/fuelTankT100/fuelTankSmallFlat
[LOG 18:45:17.612] Config(PART) Squad/Parts/FuelTank/Size1_Tanks/fuelTankT200/fuelTankSmall
[LOG 18:45:17.612] Config(PART) Squad/Parts/FuelTank/Size1_Tanks/fuelTankT400/fuelTank
[LOG 18:45:17.612] Config(PART) Squad/Parts/FuelTank/Size1_Tanks/fuelTankT800/fuelTank_long
[LOG 18:45:17.612] Config(PART) Squad/Parts/FuelTank/Size3Tanks/large/Size3LargeTank
[LOG 18:45:17.612] Config(PART) Squad/Parts/FuelTank/Size3Tanks/medium/Size3MediumTank
[LOG 18:45:17.613] Config(PART) Squad/Parts/FuelTank/Size3Tanks/small/Size3SmallTank
[LOG 18:45:17.613] Config(PART) Squad/Parts/FuelTank/xenonTank/xenonTank/xenonTank
[LOG 18:45:17.613] Config(PART) Squad/Parts/FuelTank/xenonTankLarge/xenonTankLarge/xenonTankLarge
[LOG 18:45:17.613] Config(PART) Squad/Parts/FuelTank/xenonTankRadial/xenonTankRadial/xenonTankRadial
[LOG 18:45:17.613] Config(PART) Squad/Parts/Misc/AsteroidDay/CamSat/InfraredTelescope
[LOG 18:45:17.613] Config(PART) Squad/Parts/Misc/AsteroidDay/HECS2/HECS2_ProbeCore
[LOG 18:45:17.613] Config(PART) Squad/Parts/Misc/AsteroidDay/HighGainAntenna/HighGainAntenna
[LOG 18:45:17.613] Config(PART) Squad/Parts/Misc/AsteroidDay/LgRadialSolar/LgRadialSolarPanel
[LOG 18:45:17.613] Config(PART) Squad/Parts/Misc/PotatoComet/part/PotatoComet
[LOG 18:45:17.613] Config(PART) Squad/Parts/Misc/PotatoRoid/part/PotatoRoid
[LOG 18:45:17.613] Config(PART) Squad/Parts/Prebuilt/flag/flag
[LOG 18:45:17.613] Config(PART) Squad/Parts/Prebuilt/kerbalEVA/kerbalEVA
[LOG 18:45:17.613] Config(PART) Squad/Parts/Prebuilt/kerbalEVAfemale/kerbalEVAfemale
[LOG 18:45:17.613] Config(PART) Squad/Parts/Prebuilt/kerbalEVASlimSuit/kerbalEVASlimSuit
[LOG 18:45:17.613] Config(PART) Squad/Parts/Prebuilt/kerbalEVASlimSuitFemale/kerbalEVASlimSuitFemale
[LOG 18:45:17.613] Config(PART) Squad/Parts/Resources/FuelCell/FuelCell/FuelCell
[LOG 18:45:17.613] Config(PART) Squad/Parts/Resources/FuelCell/FuelCellArray/FuelCellArray
[LOG 18:45:17.613] Config(PART) Squad/Parts/Resources/ISRU/ISRU/ISRU
[LOG 18:45:17.613] Config(PART) Squad/Parts/Resources/LargeTank/LargeTank/LargeTank
[LOG 18:45:17.613] Config(PART) Squad/Parts/Resources/MiniDrill/MiniDrill/MiniDrill
[LOG 18:45:17.613] Config(PART) Squad/Parts/Resources/MiniISRU/MiniISRU/MiniISRU
[LOG 18:45:17.613] Config(PART) Squad/Parts/Resources/OrbitalScanner/OrbitalScanner/OrbitalScanner
[LOG 18:45:17.613] Config(PART) Squad/Parts/Resources/RadialDrill/RadialDrill/RadialDrill
[LOG 18:45:17.613] Config(PART) Squad/Parts/Resources/RadialTank/RadialTank/RadialOreTank
[LOG 18:45:17.613] Config(PART) Squad/Parts/Resources/SmallTank/SmallTank/SmallTank
[LOG 18:45:17.613] Config(PART) Squad/Parts/Resources/SurfaceScanner/SurfaceScanner/SurfaceScanner
[LOG 18:45:17.613] Config(PART) Squad/Parts/Resources/SurveyScanner/SurveyScanner/SurveyScanner
[LOG 18:45:17.614] Config(PART) Squad/Parts/Science/AtmosphereSensor/sensorAtmosphere/sensorAtmosphere
[LOG 18:45:17.614] Config(PART) Squad/Parts/Science/GooExperiment/gooExperiment/GooExperiment
[LOG 18:45:17.614] Config(PART) Squad/Parts/Science/LargeCrewedLab/largeCrewedLab/Large_Crewed_Lab
[LOG 18:45:17.614] Config(PART) Squad/Parts/Science/Magnetometer/Magnetometer/Magnetometer
[LOG 18:45:17.614] Config(PART) Squad/Parts/Science/MaterialBay/materialBay/science_module
[LOG 18:45:17.614] Config(PART) Squad/Parts/Science/ScienceBox/ScienceBox/ScienceBox
[LOG 18:45:17.614] Config(PART) Squad/Parts/Science/sensorAccelerometer/sensorAccelerometer/sensorAccelerometer
[LOG 18:45:17.614] Config(PART) Squad/Parts/Science/sensorBarometer/sensorBarometer/sensorBarometer
[LOG 18:45:17.614] Config(PART) Squad/Parts/Science/sensorGravimeter/sensorGravimeter/sensorGravimeter
[LOG 18:45:17.614] Config(PART) Squad/Parts/Science/sensorThermometer/sensorThermometer/sensorThermometer
[LOG 18:45:17.614] Config(PART) Squad/Parts/Structural/FLAdapters/adapterSmallMiniShort/adapterSmallMiniShort
[LOG 18:45:17.614] Config(PART) Squad/Parts/Structural/FLAdapters/adapterSmallMiniTall/adapterSmallMiniTall
[LOG 18:45:17.614] Config(PART) Squad/Parts/Structural/mk1Parts/engineBodyRadial/radialEngineBody
[LOG 18:45:17.614] Config(PART) Squad/Parts/Structural/mk1Parts/engineNacelle/nacelleBody
[LOG 18:45:17.614] Config(PART) Squad/Parts/Structural/mk1Parts/mk1Fuselage/MK1Fuselage
[LOG 18:45:17.614] Config(PART) Squad/Parts/Structural/mk1Parts/mk1FuselageIntake/MK1IntakeFuselage
[LOG 18:45:17.614] Config(PART) Squad/Parts/Structural/mk1Parts/mk1Structural/Mk1FuselageStructural
[LOG 18:45:17.614] Config(PART) Squad/Parts/Structural/Size3To2Adapter_v2/Size2to3_v2/Size3To2Adapter_v2
[LOG 18:45:17.614] Config(PART) Squad/Parts/Structural/stackAdapters/adapterLargeSmallBi/adapterLargeSmallBi
[LOG 18:45:17.614] Config(PART) Squad/Parts/Structural/stackAdapters/adapterLargeSmallQuad/adapterLargeSmallQuad
[LOG 18:45:17.614] Config(PART) Squad/Parts/Structural/stackAdapters/adapterLargeSmallTri/adapterLargeSmallTri
[LOG 18:45:17.614] Config(PART) Squad/Parts/Structural/stationHub/stationHub/stationHub
[LOG 18:45:17.614] Config(PART) Squad/Parts/Structural/structuralIBeam200/structuralIBeam200/structuralIBeam2
[LOG 18:45:17.614] Config(PART) Squad/Parts/Structural/structuralIBeam200Pocket/structuralIBeam200Pocket/structuralIBeam3
[LOG 18:45:17.614] Config(PART) Squad/Parts/Structural/structuralIBeam650/structuralIBeam650/structuralIBeam1
[LOG 18:45:17.614] Config(PART) Squad/Parts/Structural/structuralMicronode/structuralMicronode/structuralMiniNode
[LOG 18:45:17.615] Config(PART) Squad/Parts/Structural/structuralPanel1x1/structuralPanel1x1/structuralPanel1
[LOG 18:45:17.615] Config(PART) Squad/Parts/Structural/structuralPanel2x2/structuralPanel2x2/structuralPanel2
[LOG 18:45:17.615] Config(PART) Squad/Parts/Structural/structuralPylons/smallHardpoint/smallHardpoint
[LOG 18:45:17.615] Config(PART) Squad/Parts/Structural/structuralPylons/structuralPylon/structuralPylon
[LOG 18:45:17.615] Config(PART) Squad/Parts/Structural/strutCubicOcto/strutCubicOcto/strutCube
[LOG 18:45:17.615] Config(PART) Squad/Parts/Structural/strutOcto/strutOcto/strutOcto
[LOG 18:45:17.615] Config(PART) Squad/Parts/Structural/trussGirderAdapter/trussGirderAdapter/trussAdapter
[LOG 18:45:17.615] Config(PART) Squad/Parts/Structural/trussGirderL/trussGirderL/trussPiece1x
[LOG 18:45:17.615] Config(PART) Squad/Parts/Structural/trussGirderXL/trussGirderXL/trussPiece3x
[LOG 18:45:17.615] Config(PART) Squad/Parts/Thermal/FoldingRadiators/foldingRadLarge/foldingRadLarge
[LOG 18:45:17.615] Config(PART) Squad/Parts/Thermal/FoldingRadiators/foldingRadMed/foldingRadMed
[LOG 18:45:17.615] Config(PART) Squad/Parts/Thermal/FoldingRadiators/foldingRadSmall/foldingRadSmall
[LOG 18:45:17.615] Config(PART) Squad/Parts/Thermal/RadiatorPanels/radPanelEdge/radPanelEdge
[LOG 18:45:17.615] Config(PART) Squad/Parts/Thermal/RadiatorPanels/radPanelLg/radPanelLg
[LOG 18:45:17.615] Config(PART) Squad/Parts/Thermal/RadiatorPanels/radPanelSm/radPanelSm
[LOG 18:45:17.615] Config(PART) Squad/Parts/Utility/commDish88-88/commDish88-88/commDish
[LOG 18:45:17.615] Config(PART) Squad/Parts/Utility/commsAntennaDTS-M1/commsAntennaDTS-M1/mediumDishAntenna
[LOG 18:45:17.615] Config(PART) Squad/Parts/Utility/commsDish16/commsAntenna16/longAntenna
[LOG 18:45:17.615] Config(PART) Squad/Parts/Utility/decouplerRadialHDM/decouplerRadialHDM/radialDecoupler1-2
[LOG 18:45:17.615] Config(PART) Squad/Parts/Utility/decouplerRadialTT-38K/decouplerRadialTT-38K/radialDecoupler
[LOG 18:45:17.615] Config(PART) Squad/Parts/Utility/decouplerRadialTT-70/decouplerRadialTT-70/radialDecoupler2
[LOG 18:45:17.615] Config(PART) Squad/Parts/Utility/DirectAntennas/C16S/SurfAntenna
[LOG 18:45:17.615] Config(PART) Squad/Parts/Utility/DirectAntennas/HG-5/HighGainAntenna5
[LOG 18:45:17.615] Config(PART) Squad/Parts/Utility/DirectAntennas/HG-5_v2/HighGainAntenna5_v2
[LOG 18:45:17.615] Config(PART) Squad/Parts/Utility/dockingPort/dockingPort/dockingPort2
[LOG 18:45:17.615] Config(PART) Squad/Parts/Utility/dockingPortInline/dockingPortInline/dockingPortLateral
[LOG 18:45:17.616] Config(PART) Squad/Parts/Utility/dockingPortJr/dockingPortJr/dockingPort3
[LOG 18:45:17.616] Config(PART) Squad/Parts/Utility/dockingPortShielded/dockingPortShielded/dockingPort1
[LOG 18:45:17.616] Config(PART) Squad/Parts/Utility/dockingPortSr/dockingPortSr/dockingPortLarge
[LOG 18:45:17.616] Config(PART) Squad/Parts/Utility/Fireworks/fireworksLauncherBig/fireworksLauncherBig
[LOG 18:45:17.616] Config(PART) Squad/Parts/Utility/Fireworks/fireworksLauncherSmall/fireworksLauncherSmall
[LOG 18:45:17.616] Config(PART) Squad/Parts/Utility/flags/flagFlat/flagFlat/flagPartFlat
[LOG 18:45:17.616] Config(PART) Squad/Parts/Utility/flags/flagSize0/flagSize0/flagPartSize0
[LOG 18:45:17.616] Config(PART) Squad/Parts/Utility/flags/flagSize1/flagSize1/flagPartSize1
[LOG 18:45:17.616] Config(PART) Squad/Parts/Utility/flags/flagSize2/flagSize2/flagPartSize2
[LOG 18:45:17.616] Config(PART) Squad/Parts/Utility/flags/flagSize3/flagSize3/flagPartSize3
[LOG 18:45:17.616] Config(PART) Squad/Parts/Utility/GrapplingDevice/part/GrapplingDevice
[LOG 18:45:17.616] Config(PART) Squad/Parts/Utility/ladderRadial/ladderRadial/ladder1
[LOG 18:45:17.616] Config(PART) Squad/Parts/Utility/ladderTelescopic/ladderTelescopic/telescopicLadder
[LOG 18:45:17.616] Config(PART) Squad/Parts/Utility/ladderTelescopicBay/ladderTelescopicBay/telescopicLadderBay
[LOG 18:45:17.616] Config(PART) Squad/Parts/Utility/landingLegLT-1/landingLegLT-1/landingLeg1
[LOG 18:45:17.616] Config(PART) Squad/Parts/Utility/landingLegLT-2/landingLegLT-2/landingLeg1-2
[LOG 18:45:17.616] Config(PART) Squad/Parts/Utility/landingLegLT-5/landingLegLT-5/miniLandingLeg
[LOG 18:45:17.616] Config(PART) Squad/Parts/Utility/launchClamp1/launchClamp1/launchClamp1
[LOG 18:45:17.616] Config(PART) Squad/Parts/Utility/launchEscapeSystem/part/LaunchEscapeSystem
[LOG 18:45:17.616] Config(PART) Squad/Parts/Utility/Lights/domeLight1/domeLight1
[LOG 18:45:17.616] Config(PART) Squad/Parts/Utility/Lights/groundLight1/groundLight1
[LOG 18:45:17.616] Config(PART) Squad/Parts/Utility/Lights/groundLight2/groundLight2
[LOG 18:45:17.616] Config(PART) Squad/Parts/Utility/Lights/navLight1/navLight1
[LOG 18:45:17.616] Config(PART) Squad/Parts/Utility/Lights/spotLight1/spotLight3
[LOG 18:45:17.616] Config(PART) Squad/Parts/Utility/Lights/stripLight1/stripLight1
[LOG 18:45:17.617] Config(PART) Squad/Parts/Utility/linearVernorRCS/linearRCS/linearRcs
[LOG 18:45:17.617] Config(PART) Squad/Parts/Utility/linearVernorRCS/vernorEngine/vernierEngine
[LOG 18:45:17.617] Config(PART) Squad/Parts/Utility/mk2CargoBay/BayL/mk2CargoBayL
[LOG 18:45:17.617] Config(PART) Squad/Parts/Utility/mk2CargoBay/BayS/mk2CargoBayS
[LOG 18:45:17.617] Config(PART) Squad/Parts/Utility/mk2CrewCabin/mk2CrewCabin/mk2CrewCabin
[LOG 18:45:17.617] Config(PART) Squad/Parts/Utility/mk2DockingPort/mk2DockingPort/mk2DockingPort
[LOG 18:45:17.617] Config(PART) Squad/Parts/Utility/mk3CargoBay/long/mk3CargoBayL
[LOG 18:45:17.617] Config(PART) Squad/Parts/Utility/mk3CargoBay/medium/mk3CargoBayM
[LOG 18:45:17.617] Config(PART) Squad/Parts/Utility/mk3CargoBay/ramp/mk3CargoRamp
[LOG 18:45:17.617] Config(PART) Squad/Parts/Utility/mk3CargoBay/short/mk3CargoBayS
[LOG 18:45:17.617] Config(PART) Squad/Parts/Utility/parachuteMk1/parachuteMk1/parachuteSingle
[LOG 18:45:17.617] Config(PART) Squad/Parts/Utility/parachuteMk12-R/parachuteMk12-R/radialDrogue
[LOG 18:45:17.617] Config(PART) Squad/Parts/Utility/parachuteMk16-XL/parachuteMk16-XL/parachuteLarge
[LOG 18:45:17.617] Config(PART) Squad/Parts/Utility/parachuteMk2-R/parachuteMk2-R/parachuteRadial
[LOG 18:45:17.617] Config(PART) Squad/Parts/Utility/parachuteMk25/parachuteMk25/parachuteDrogue
[LOG 18:45:17.617] Config(PART) Squad/Parts/Utility/radialAttachmentPoint/radialAttachmentPoint/stackPoint1
[LOG 18:45:17.617] Config(PART) Squad/Parts/Utility/rcsBlockRV-105_v2/rcsBlockRV-105/RCSBlock_v2
[LOG 18:45:17.617] Config(PART) Squad/Parts/Utility/rcsBlockRV-105_v2/RCSblock_01_small/RCSblock_01_small
[LOG 18:45:17.618] Config(PART) Squad/Parts/Utility/rcsSmallLinear/RCSLinearSmall/RCSLinearSmall
[LOG 18:45:17.618] Config(PART) Squad/Parts/Utility/RelayAntennas/RA-100/RelayAntenna100
[LOG 18:45:17.618] Config(PART) Squad/Parts/Utility/RelayAntennas/RA-5/RelayAntenna5
[LOG 18:45:17.618] Config(PART) Squad/Parts/Utility/RelayAntennas/RA-50/RelayAntenna50
[LOG 18:45:17.618] Config(PART) Squad/Parts/Utility/rockomaxAdapters/largeAdapter/largeAdapter
[LOG 18:45:17.618] Config(PART) Squad/Parts/Utility/rockomaxAdapters/largeAdapterShort/largeAdapter2
[LOG 18:45:17.618] Config(PART) Squad/Parts/Utility/ServiceBay_v2/ServiceBay_125_v2/ServiceBay_125_v2
[LOG 18:45:17.618] Config(PART) Squad/Parts/Utility/ServiceBay_v2/ServiceBay_250_v2/ServiceBay_250_v2
[LOG 18:45:17.618] Config(PART) Squad/Parts/Utility/smallClaw/smallClaw/smallClaw
[LOG 18:45:17.618] Config(PART) Squad/Parts/Utility/spotLightMk1/spotLightMk1/spotLight1
[LOG 18:45:17.618] Config(PART) Squad/Parts/Utility/spotLightMk1_v2/spotLightMk1_v2/spotLight1_v2
[LOG 18:45:17.618] Config(PART) Squad/Parts/Utility/spotLightMk2/spotLightMk2/spotLight2
[LOG 18:45:17.618] Config(PART) Squad/Parts/Utility/spotLightMk2_v2/spotLightMk2_v2/spotLight2_v2
[LOG 18:45:17.618] Config(PART) Squad/Parts/Utility/stackCouplers/stackBiCoupler_v2/stackBiCoupler_v2
[LOG 18:45:17.618] Config(PART) Squad/Parts/Utility/stackCouplers/stackQuadCoupler/stackQuadCoupler
[LOG 18:45:17.618] Config(PART) Squad/Parts/Utility/stackCouplers/stackTriCoupler_v2/stackTriCoupler_v2
[LOG 18:45:17.618] Config(PART) Squad/Parts/Wheel/LandingGear/GearExtraLarge/GearLarge
[LOG 18:45:17.618] Config(PART) Squad/Parts/Wheel/LandingGear/GearFixed/GearFixed
[LOG 18:45:17.618] Config(PART) Squad/Parts/Wheel/LandingGear/GearFree/GearFree
[LOG 18:45:17.618] Config(PART) Squad/Parts/Wheel/LandingGear/GearLarge/GearMedium
[LOG 18:45:17.618] Config(PART) Squad/Parts/Wheel/LandingGear/GearMedium/GearSmall
[LOG 18:45:17.618] Config(PART) Squad/Parts/Wheel/LandingGear/GearSmall/SmallGearBay
[LOG 18:45:17.618] Config(PART) Squad/Parts/Wheel/roverWheelM1/roverWheelM1/roverWheel1
[LOG 18:45:17.618] Config(PART) Squad/Parts/Wheel/roverWheelS2/roverWheelS2/roverWheel2
[LOG 18:45:17.618] Config(PART) Squad/Parts/Wheel/roverWheelTR-2L/roverWheelTR-2L/wheelMed
[LOG 18:45:17.618] Config(PART) Squad/Parts/Wheel/roverWheelXL3/roverWheelXL3/roverWheel3
[LOG 18:45:17.619] Config(PROP) Squad/Props/AltimeterThreeHands/prop/AltimeterThreeHands
[LOG 18:45:17.619] Config(PROP) Squad/Props/AtmosphereDepth/prop/AtmosphereDepth
[LOG 18:45:17.619] Config(PROP) Squad/Props/AxisIndicator/pitchConfig/AxisIndicatorPitch
[LOG 18:45:17.619] Config(PROP) Squad/Props/AxisIndicator/rollConfig/AxisIndicatorRoll
[LOG 18:45:17.619] Config(PROP) Squad/Props/AxisIndicator/yawConfig/AxisIndicatorYaw
[LOG 18:45:17.619] Config(PROP) Squad/Props/buttonsGeneric/circularButton/genericCircularButton
[LOG 18:45:17.619] Config(PROP) Squad/Props/buttonsGeneric/clusterButtons/genericClusterButtons
[LOG 18:45:17.619] Config(PROP) Squad/Props/buttonsGeneric/clusterButtons2/genericClusterButtons2
[LOG 18:45:17.619] Config(PROP) Squad/Props/buttonsGeneric/clusterKnob/genericClusterKnobs
[LOG 18:45:17.619] Config(PROP) Squad/Props/buttonsGeneric/clusterKnob2/genericClusterKnobs2
[LOG 18:45:17.619] Config(PROP) Squad/Props/buttonsGeneric/clusterMixed/genericClusterMixed
[LOG 18:45:17.619] Config(PROP) Squad/Props/buttonsGeneric/clusterSwitches01/genericClusterSwitches01
[LOG 18:45:17.619] Config(PROP) Squad/Props/buttonsGeneric/clusterSwitches02/genericClusterSwitches02
[LOG 18:45:17.619] Config(PROP) Squad/Props/buttonsGeneric/clusterSwitches03/genericClusterSwitches03
[LOG 18:45:17.619] Config(PROP) Squad/Props/buttonsGeneric/clusterSwitches04/genericClusterSwitches04
[LOG 18:45:17.619] Config(PROP) Squad/Props/buttonsGeneric/clusterSwitches05/genericClusterSwitches05
[LOG 18:45:17.619] Config(PROP) Squad/Props/buttonsGeneric/clusterSwitches06/genericClusterSwitches06
[LOG 18:45:17.619] Config(PROP) Squad/Props/buttonsGeneric/clusterSwitches07/genericClusterSwitches07
[LOG 18:45:17.619] Config(PROP) Squad/Props/buttonsGeneric/directionalKnob/genericDirectionalKnob
[LOG 18:45:17.619] Config(PROP) Squad/Props/buttonsGeneric/directionalKnob2/genericDirectionalKnob2
[LOG 18:45:17.619] Config(PROP) Squad/Props/buttonsGeneric/pullSwitch/genericPullSwitch
[LOG 18:45:17.619] Config(PROP) Squad/Props/buttonsGeneric/squareButton/genericSquareButton
[LOG 18:45:17.619] Config(PROP) Squad/Props/buttonsGeneric/standingSwitch/genericStandingSwitch
[LOG 18:45:17.619] Config(PROP) Squad/Props/buttonsGeneric/switch/genericSwitch
[LOG 18:45:17.619] Config(PROP) Squad/Props/buttonsGeneric/switchWithGuards/genericSwitchWithGuards
[LOG 18:45:17.619] Config(PROP) Squad/Props/ButtonSquare/prop/ButtonSquare
[LOG 18:45:17.619] Config(PROP) Squad/Props/circularButton/prop/circularButton
[LOG 18:45:17.619] Config(PROP) Squad/Props/Compass/prop/Compass
[LOG 18:45:17.620] Config(PROP) Squad/Props/directionalKnob/prop/directionalKnob
[LOG 18:45:17.620] Config(PROP) Squad/Props/directionalKnob2/prop/directionalKnob2
[LOG 18:45:17.620] Config(PROP) Squad/Props/IndicatorPanel/prop/IndicatorPanel
[LOG 18:45:17.620] Config(PROP) Squad/Props/IVANavBall/prop/NavBall
[LOG 18:45:17.620] Config(PROP) Squad/Props/IVANavBallNoBase/prop/NavBallNoBase
[LOG 18:45:17.620] Config(PROP) Squad/Props/ledPanelSpeed/prop/ledPanelSpeed
[LOG 18:45:17.620] Config(PROP) Squad/Props/Monitor/DockingMode/MonitorDockingMode
[LOG 18:45:17.620] Config(PROP) Squad/Props/NavBall/prop/NavBall
[LOG 18:45:17.620] Config(PROP) Squad/Props/PropsGeneric/Button_DockingMode/Button_DockingMode
[LOG 18:45:17.620] Config(PROP) Squad/Props/PropsGeneric/CargoBagA/CargoBagA
[LOG 18:45:17.620] Config(PROP) Squad/Props/PropsGeneric/CargoBagB/CargoBagB
[LOG 18:45:17.620] Config(PROP) Squad/Props/PropsGeneric/CargoBagC/CargoBagC
[LOG 18:45:17.620] Config(PROP) Squad/Props/PropsGeneric/Hatch_Plane/Hatch_Plane
[LOG 18:45:17.620] Config(PROP) Squad/Props/PropsGeneric/Hatch_Plane_Curve90/Hatch_Plane_Curve90
[LOG 18:45:17.620] Config(PROP) Squad/Props/PropsGeneric/Hatch_Plane_Frame/Hatch_Plane_Frame
[LOG 18:45:17.620] Config(PROP) Squad/Props/PropsGeneric/Seat_Passenger/Seat_Passenger
[LOG 18:45:17.620] Config(PROP) Squad/Props/PropsGeneric/Seat_Pilot/Seat_Pilot
[LOG 18:45:17.620] Config(PROP) Squad/Props/PropsGeneric/Seat_Pilot_Helmet/Seat_Pilot_Helmet
[LOG 18:45:17.620] Config(PROP) Squad/Props/PropsGeneric/SideStick/SideStick
[LOG 18:45:17.620] Config(PROP) Squad/Props/pullSwitch/prop/pullSwitch
[LOG 18:45:17.620] Config(PROP) Squad/Props/radarAltitude/prop/RadarAltimeter
[LOG 18:45:17.620] Config(PROP) Squad/Props/squareButton/prop/squareButton
[LOG 18:45:17.620] Config(PROP) Squad/Props/standingSwitch/prop/standingSwitch
[LOG 18:45:17.620] Config(PROP) Squad/Props/switch/prop/switch
[LOG 18:45:17.620] Config(PROP) Squad/Props/switchGuard/prop/switchGuard
[LOG 18:45:17.620] Config(PROP) Squad/Props/switchWithGuards/prop/switchWithGuards
[LOG 18:45:17.620] Config(PROP) Squad/Props/throttle/prop/throttle
[LOG 18:45:17.620] Config(PROP) Squad/Props/VSI/prop/VSI
[LOG 18:45:17.621] Config(SPACEOBJECTS_LIMITS) Squad/Resources/CometDefs/SPACEOBJECTS_LIMITS
[LOG 18:45:17.621] Config(COMET_MANAGER) Squad/Resources/CometDefs/COMET_MANAGER
[LOG 18:45:17.621] Config(COMET_ORBIT_TYPE) Squad/Resources/CometDefs/short
[LOG 18:45:17.621] Config(COMET_ORBIT_TYPE) Squad/Resources/CometDefs/intermediate
[LOG 18:45:17.621] Config(COMET_ORBIT_TYPE) Squad/Resources/CometDefs/long
[LOG 18:45:17.621] Config(COMET_ORBIT_TYPE) Squad/Resources/CometDefs/interstellar
[LOG 18:45:17.621] Config(FIREWORKFX_DEFINITION) Squad/Resources/FireworkFXDefinitions/classicTrail
[LOG 18:45:17.621] Config(FIREWORKFX_DEFINITION) Squad/Resources/FireworkFXDefinitions/whirlyTrail
[LOG 18:45:17.621] Config(FIREWORKFX_DEFINITION) Squad/Resources/FireworkFXDefinitions/strobeTrail
[LOG 18:45:17.621] Config(FIREWORKFX_DEFINITION) Squad/Resources/FireworkFXDefinitions/bareTrail
[LOG 18:45:17.621] Config(FIREWORKFX_DEFINITION) Squad/Resources/FireworkFXDefinitions/classicBurst
[LOG 18:45:17.621] Config(FIREWORKFX_DEFINITION) Squad/Resources/FireworkFXDefinitions/chrysBurst
[LOG 18:45:17.621] Config(FIREWORKFX_DEFINITION) Squad/Resources/FireworkFXDefinitions/palmBurst
[LOG 18:45:17.621] Config(FIREWORKFX_DEFINITION) Squad/Resources/FireworkFXDefinitions/ringBurst
[LOG 18:45:17.621] Config(FIREWORKFX_DEFINITION) Squad/Resources/FireworkFXDefinitions/crosetteBurst
[LOG 18:45:17.621] Config(FIREWORKFX_DEFINITION) Squad/Resources/FireworkFXDefinitions/willowBurst
[LOG 18:45:17.621] Config(FIREWORKFX_DEFINITION) Squad/Resources/FireworkFXDefinitions/crackeBurst
[LOG 18:45:17.621] Config(FIREWORKFX_DEFINITION) Squad/Resources/FireworkFXDefinitions/palmCrackleBurst
[LOG 18:45:17.621] Config(FIREWORKFX_DEFINITION) Squad/Resources/FireworkFXDefinitions/dragonBurst
[LOG 18:45:17.621] Config(GLOBAL_RESOURCE) Squad/Resources/Ore/GLOBAL_RESOURCE
[LOG 18:45:17.621] Config(PLANETARY_RESOURCE) Squad/Resources/Ore/PLANETARY_RESOURCE
[LOG 18:45:17.621] Config(PLANETARY_RESOURCE) Squad/Resources/Ore/PLANETARY_RESOURCE
[LOG 18:45:17.621] Config(RESOURCE_OVERLAY_CONFIGURATION_SOLID) Squad/Resources/Overlay/RESOURCE_OVERLAY_CONFIGURATION_SOLID
[LOG 18:45:17.621] Config(RESOURCE_OVERLAY_CONFIGURATION_LINES) Squad/Resources/Overlay/RESOURCE_OVERLAY_CONFIGURATION_LINES
[LOG 18:45:17.621] Config(RESOURCE_OVERLAY_CONFIGURATION_DOTS) Squad/Resources/Overlay/RESOURCE_OVERLAY_CONFIGURATION_DOTS
[LOG 18:45:17.621] Config(RESOURCE_CONFIGURATION) Squad/Resources/ResourceDefaults/RESOURCE_CONFIGURATION
[LOG 18:45:17.621] Config(RESOURCE_DEFINITION) Squad/Resources/ResourcesGeneric/LiquidFuel
[LOG 18:45:17.621] Config(RESOURCE_DEFINITION) Squad/Resources/ResourcesGeneric/Oxidizer
[LOG 18:45:17.621] Config(RESOURCE_DEFINITION) Squad/Resources/ResourcesGeneric/SolidFuel
[LOG 18:45:17.621] Config(RESOURCE_DEFINITION) Squad/Resources/ResourcesGeneric/MonoPropellant
[LOG 18:45:17.622] Config(RESOURCE_DEFINITION) Squad/Resources/ResourcesGeneric/XenonGas
[LOG 18:45:17.622] Config(RESOURCE_DEFINITION) Squad/Resources/ResourcesGeneric/ElectricCharge
[LOG 18:45:17.622] Config(RESOURCE_DEFINITION) Squad/Resources/ResourcesGeneric/IntakeAir
[LOG 18:45:17.622] Config(RESOURCE_DEFINITION) Squad/Resources/ResourcesGeneric/EVA Propellant
[LOG 18:45:17.622] Config(RESOURCE_DEFINITION) Squad/Resources/ResourcesGeneric/Ore
[LOG 18:45:17.622] Config(RESOURCE_DEFINITION) Squad/Resources/ResourcesGeneric/Ablator
[LOG 18:45:17.622] Config(EXPERIMENT_DEFINITION) Squad/Resources/ScienceDefs/EXPERIMENT_DEFINITION
[LOG 18:45:17.622] Config(EXPERIMENT_DEFINITION) Squad/Resources/ScienceDefs/EXPERIMENT_DEFINITION
[LOG 18:45:17.622] Config(EXPERIMENT_DEFINITION) Squad/Resources/ScienceDefs/EXPERIMENT_DEFINITION
[LOG 18:45:17.622] Config(EXPERIMENT_DEFINITION) Squad/Resources/ScienceDefs/EXPERIMENT_DEFINITION
[LOG 18:45:17.622] Config(EXPERIMENT_DEFINITION) Squad/Resources/ScienceDefs/EXPERIMENT_DEFINITION
[LOG 18:45:17.622] Config(EXPERIMENT_DEFINITION) Squad/Resources/ScienceDefs/EXPERIMENT_DEFINITION
[LOG 18:45:17.622] Config(EXPERIMENT_DEFINITION) Squad/Resources/ScienceDefs/EXPERIMENT_DEFINITION
[LOG 18:45:17.622] Config(EXPERIMENT_DEFINITION) Squad/Resources/ScienceDefs/EXPERIMENT_DEFINITION
[LOG 18:45:17.622] Config(EXPERIMENT_DEFINITION) Squad/Resources/ScienceDefs/EXPERIMENT_DEFINITION
[LOG 18:45:17.622] Config(EXPERIMENT_DEFINITION) Squad/Resources/ScienceDefs/EXPERIMENT_DEFINITION
[LOG 18:45:17.622] Config(EXPERIMENT_DEFINITION) Squad/Resources/ScienceDefs/EXPERIMENT_DEFINITION
[LOG 18:45:17.622] Config(EXPERIMENT_DEFINITION) Squad/Resources/ScienceDefs/EXPERIMENT_DEFINITION
[LOG 18:45:17.622] Config(EXPERIMENT_DEFINITION) Squad/Resources/ScienceDefs/EXPERIMENT_DEFINITION
[LOG 18:45:17.622] Config(EXPERIMENT_DEFINITION) Squad/Resources/ScienceDefs/EXPERIMENT_DEFINITION
[LOG 18:45:17.622] Config(EXPERIMENT_DEFINITION) Squad/Resources/ScienceDefs/EXPERIMENT_DEFINITION
[LOG 18:45:17.622] Config(EXPERIMENT_DEFINITION) Squad/Resources/ScienceDefs/EXPERIMENT_DEFINITION
[LOG 18:45:17.622] Config(EXPERIMENT_DEFINITION) Squad/Resources/ScienceDefs/EXPERIMENT_DEFINITION
[LOG 18:45:17.622] Config(EXPERIMENT_DEFINITION) Squad/Resources/ScienceDefs/EXPERIMENT_DEFINITION
[LOG 18:45:17.622] Config(STORY_DEF) Squad/Resources/StoryDefs/STORY_DEF
[LOG 18:45:17.622] Config(TechTree) Squad/Resources/TechTree/TechTree
[LOG 18:45:17.623] Config(INTERNAL) Squad/Spaces/crewCabinInternals/internal/crewCabinInternals
[LOG 18:45:17.623] Config(INTERNAL) Squad/Spaces/cupolaInternal/internal/cupolaInternal
[LOG 18:45:17.623] Config(INTERNAL) Squad/Spaces/GenericSpace1/internal/GenericSpace1
[LOG 18:45:17.623] Config(INTERNAL) Squad/Spaces/GenericSpace3/internal/GenericSpace3
[LOG 18:45:17.623] Config(INTERNAL) Squad/Spaces/landerCabinInternals/internal/landerCabinInternals
[LOG 18:45:17.623] Config(INTERNAL) Squad/Spaces/landerCabinSmallInternal/internal/landerCabinSmallInternal
[LOG 18:45:17.623] Config(INTERNAL) Squad/Spaces/LargeCrewedLabInternals/internal/Mobile_Processing_Lab_Int
[LOG 18:45:17.623] Config(INTERNAL) Squad/Spaces/Mk1-3/internal/Mk1-3
[LOG 18:45:17.623] Config(INTERNAL) Squad/Spaces/mk1CabinInternal/internal/mk1CabinInternal
[LOG 18:45:17.623] Config(INTERNAL) Squad/Spaces/mk1CockpitInternal/internal/mk1CockpitInternal
[LOG 18:45:17.623] Config(INTERNAL) Squad/Spaces/mk1InlineInternal/internal/mk1InlineInternal
[LOG 18:45:17.623] Config(INTERNAL) Squad/Spaces/mk1PodCockpit/internal/mk1PodCockpit
[LOG 18:45:17.623] Config(INTERNAL) Squad/Spaces/mk1pod_IVA/mk1pod_Internal/mk1pod_IVA
[LOG 18:45:17.623] Config(INTERNAL) Squad/Spaces/mk2CockpitStandardInternal/internal/mk2CockpitStandardInternals
[LOG 18:45:17.623] Config(INTERNAL) Squad/Spaces/Mk2CrewCabinInternal/internal_MK2_CrewCab/MK2_CrewCab_Int
[LOG 18:45:17.623] Config(INTERNAL) Squad/Spaces/mk2InlineInternal/internal/mk2InlineInternal
[LOG 18:45:17.623] Config(INTERNAL) Squad/Spaces/mk2LanderCanInternal/internal/mk2LanderCanInternal
[LOG 18:45:17.623] Config(INTERNAL) Squad/Spaces/MK3CockpitInternal/internal_MK3/MK3_Cockpit_Int
[LOG 18:45:17.623] Config(INTERNAL) Squad/Spaces/MK3_CrewCab_Int/internal_MK3_CrewCab/MK3_CrewCab_Int
[LOG 18:45:17.623] Config(INTERNAL) Squad/Spaces/Placeholder/internal/Placeholder
[LOG 18:45:17.623] Config(INTERNAL) Squad/Spaces/PodCockpit/internal/PodCockpit
[LOG 18:45:17.623] Config(STRATEGY_DEPARTMENT) Squad/Strategies/Departments/Finances
[LOG 18:45:17.623] Config(STRATEGY_DEPARTMENT) Squad/Strategies/Departments/Science
[LOG 18:45:17.624] Config(STRATEGY_DEPARTMENT) Squad/Strategies/Departments/Public Relations
[LOG 18:45:17.624] Config(STRATEGY_DEPARTMENT) Squad/Strategies/Departments/Operations
[LOG 18:45:17.624] Config(STRATEGY) Squad/Strategies/Strategies/AppreciationCampaignCfg
[LOG 18:45:17.624] Config(STRATEGY) Squad/Strategies/Strategies/FundraisingCampaignCfg
[LOG 18:45:17.624] Config(STRATEGY) Squad/Strategies/Strategies/OpenSourceTechProgramCfg
[LOG 18:45:17.624] Config(STRATEGY) Squad/Strategies/Strategies/UnpaidResearchProgramCfg
[LOG 18:45:17.624] Config(STRATEGY) Squad/Strategies/Strategies/OutsourcedResearchCfg
[LOG 18:45:17.624] Config(STRATEGY) Squad/Strategies/Strategies/PatentsLicensingCfg
[LOG 18:45:17.624] Config(STRATEGY) Squad/Strategies/Strategies/AgressiveNegotiations
[LOG 18:45:17.624] Config(STRATEGY) Squad/Strategies/Strategies/RecoveryTransponders
[LOG 18:45:17.624] Config(STRATEGY) Squad/Strategies/Strategies/BailoutGrant
[LOG 18:45:17.624] Config(STRATEGY) Squad/Strategies/Strategies/researchIPsellout
[LOG 18:45:17.624] Config(STRATEGY) Squad/Strategies/Strategies/LeadershipInitiative
[LOG 18:45:17.624] Config(TUTORIAL) Squad/Tutorials/FlightSuborbital/FlightSuborbital
[LOG 18:45:17.624] Config(TUTORIAL) Squad/Tutorials/FromMun/FromMun
[LOG 18:45:17.624] Config(TUTORIAL) Squad/Tutorials/GoForOrbit/GoForOrbit
[LOG 18:45:17.624] Config(MISSIONPACK) SquadExpansion/MakingHistory/Missions/MissionPacks/squad_MakingHistory
[LOG 18:45:17.624] Config(MISSIONPACK) SquadExpansion/MakingHistory/Missions/MissionPacks/squad_MakingHistory_Other
[LOG 18:45:17.624] Config(MISSIONPACK) SquadExpansion/MakingHistory/Missions/MissionPacks/squad_MakingHistory_Tutorial
[LOG 18:45:17.624] Config(MEBASICNODE) SquadExpansion/MakingHistory/Nodes/AccuracyLogic/TestAccuracyLogic
[LOG 18:45:17.625] Config(MEBASICNODE) SquadExpansion/MakingHistory/Nodes/ActionChancePartResourceLevels/ActionPartResourceAmount
[LOG 18:45:17.625] Config(MEBASICNODE) SquadExpansion/MakingHistory/Nodes/ActionExplode/ActionVesselExplode
[LOG 18:45:17.625] Config(MEBASICNODE) SquadExpansion/MakingHistory/Nodes/ActionMissionScore/MissionScore
[LOG 18:45:17.625] Config(MEBASICNODE) SquadExpansion/MakingHistory/Nodes/ActionModifierFunds/ModifyFunds
[LOG 18:45:17.625] Config(MEBASICNODE) SquadExpansion/MakingHistory/Nodes/ActionModifierScore/MissionScore
[LOG 18:45:17.625] Config(MEBASICNODE) SquadExpansion/MakingHistory/Nodes/ActionPartExplode/ActionPartExplode
[LOG 18:45:17.625] Config(MEBASICNODE) SquadExpansion/MakingHistory/Nodes/ActionPartResourceDrain/ActionPartResourceDrain
[LOG 18:45:17.625] Config(MEBASICNODE) SquadExpansion/MakingHistory/Nodes/ActionVesselActionGroup/ActionVesselActionGroup
[LOG 18:45:17.625] Config(MEBASICNODE) SquadExpansion/MakingHistory/Nodes/ActionVesselStage/ActionVesselStage
[LOG 18:45:17.625] Config(MEBASICNODE) SquadExpansion/MakingHistory/Nodes/CreateAsteroid/CreateAsteroid
[LOG 18:45:17.625] Config(MEBASICNODE) SquadExpansion/MakingHistory/Nodes/CreateComet/CreateComet
[LOG 18:45:17.625] Config(MEBASICNODE) SquadExpansion/MakingHistory/Nodes/CreateFlag/CreateFlag
[LOG 18:45:17.625] Config(MEBASICNODE) SquadExpansion/MakingHistory/Nodes/CreateLaunchSite/CreateLaunchSite
[LOG 18:45:17.625] Config(MEBASICNODE) SquadExpansion/MakingHistory/Nodes/CreateVessel/CreateVessel
[LOG 18:45:17.625] Config(MEBASICNODE) SquadExpansion/MakingHistory/Nodes/CrewAssignment/TestCrewAssignment
[LOG 18:45:17.625] Config(MEBASICNODE) SquadExpansion/MakingHistory/Nodes/Destroyed/Crashed
[LOG 18:45:17.625] Config(MEBASICNODE) SquadExpansion/MakingHistory/Nodes/DialogMessage/DialogMessage
[LOG 18:45:17.625] Config(MEBASICNODE) SquadExpansion/MakingHistory/Nodes/Distance/Distance
[LOG 18:45:17.625] Config(MEBASICNODE) SquadExpansion/MakingHistory/Nodes/EmptyFalse/EmptyFalse
[LOG 18:45:17.625] Config(MEBASICNODE) SquadExpansion/MakingHistory/Nodes/EmptyTrue/EmptyTrue
[LOG 18:45:17.625] Config(MEBASICNODE) SquadExpansion/MakingHistory/Nodes/EscapeSOI/SOILeft
[LOG 18:45:17.625] Config(MEBASICNODE) SquadExpansion/MakingHistory/Nodes/EVA/EVA
[LOG 18:45:17.625] Config(MEBASICNODE) SquadExpansion/MakingHistory/Nodes/Flying/Flying
[LOG 18:45:17.625] Config(MEBASICNODE) SquadExpansion/MakingHistory/Nodes/FundsRecovery/FundsRecovery
[LOG 18:45:17.625] Config(MEBASICNODE) SquadExpansion/MakingHistory/Nodes/KerbalBoarded/TestKerbalBoarded
[LOG 18:45:17.626] Config(MEBASICNODE) SquadExpansion/MakingHistory/Nodes/KerbalKilled/EVA
[LOG 18:45:17.626] Config(MEBASICNODE) SquadExpansion/MakingHistory/Nodes/KerbalRecovery/KerbalRecovery
[LOG 18:45:17.626] Config(MEBASICNODE) SquadExpansion/MakingHistory/Nodes/KerbalRescue/KerbalRescue
[LOG 18:45:17.626] Config(MEBASICNODE) SquadExpansion/MakingHistory/Nodes/Landed/Landed
[LOG 18:45:17.626] Config(MEBASICNODE) SquadExpansion/MakingHistory/Nodes/Message/Message
[LOG 18:45:17.626] Config(MEBASICNODE) SquadExpansion/MakingHistory/Nodes/MissionFunds/MissionFunds
[LOG 18:45:17.626] Config(MEBASICNODE) SquadExpansion/MakingHistory/Nodes/MissionScore/MissionScore
[LOG 18:45:17.626] Config(MEBASICNODE) SquadExpansion/MakingHistory/Nodes/Orbit/Orbit
[LOG 18:45:17.626] Config(MEBASICNODE) SquadExpansion/MakingHistory/Nodes/OrbitParams/OrbitParams
[LOG 18:45:17.626] Config(MEBASICNODE) SquadExpansion/MakingHistory/Nodes/PartDocking/TestPartDocking
[LOG 18:45:17.626] Config(MEBASICNODE) SquadExpansion/MakingHistory/Nodes/PartFailure/PartFailure
[LOG 18:45:17.626] Config(MEBASICNODE) SquadExpansion/MakingHistory/Nodes/PartGrapple/TestGrapple
[LOG 18:45:17.626] Config(MEBASICNODE) SquadExpansion/MakingHistory/Nodes/PartRepair/PartRepair
[LOG 18:45:17.626] Config(MEBASICNODE) SquadExpansion/MakingHistory/Nodes/PlaceKerbal/CreateKerbal
[LOG 18:45:17.626] Config(MEBASICNODE) SquadExpansion/MakingHistory/Nodes/PlantFlag/PlantFlag
[LOG 18:45:17.626] Config(MEBASICNODE) SquadExpansion/MakingHistory/Nodes/ReachSOI/ReachSOI
[LOG 18:45:17.626] Config(MEBASICNODE) SquadExpansion/MakingHistory/Nodes/Resource/ResourceAmount
[LOG 18:45:17.626] Config(MEBASICNODE) SquadExpansion/MakingHistory/Nodes/ResourceRecovery/TestResourcesRecovery
[LOG 18:45:17.626] Config(MEBASICNODE) SquadExpansion/MakingHistory/Nodes/ScienceExperiment/ScienceExperiment
[LOG 18:45:17.626] Config(MEBASICNODE) SquadExpansion/MakingHistory/Nodes/SetCamera/SetCamera
[LOG 18:45:17.626] Config(MEBASICNODE) SquadExpansion/MakingHistory/Nodes/SplashDown/SplashDown
[LOG 18:45:17.626] Config(MEBASICNODE) SquadExpansion/MakingHistory/Nodes/StageActivated/TestVesselStageActivated
[LOG 18:45:17.627] Config(MEBASICNODE) SquadExpansion/MakingHistory/Nodes/TakeKerbal/TestTakeKerbal
[LOG 18:45:17.627] Config(MEBASICNODE) SquadExpansion/MakingHistory/Nodes/TestFlyThrough/TestFlyThrough
[LOG 18:45:17.627] Config(MEBASICNODE) SquadExpansion/MakingHistory/Nodes/TestGoTo/TestGoTo
[LOG 18:45:17.627] Config(MEBASICNODE) SquadExpansion/MakingHistory/Nodes/TimeMET/TimeMET
[LOG 18:45:17.627] Config(MEBASICNODE) SquadExpansion/MakingHistory/Nodes/TimeOfMission/TimeOfMission
[LOG 18:45:17.627] Config(MEBASICNODE) SquadExpansion/MakingHistory/Nodes/TimeSinceNode/TestTimeSinceNode
[LOG 18:45:17.627] Config(MEBASICNODE) SquadExpansion/MakingHistory/Nodes/VesselActiveCount/TestVesselActiveCount
[LOG 18:45:17.627] Config(MEBASICNODE) SquadExpansion/MakingHistory/Nodes/VesselAltitudeGoal/VesselAltitudeGoal
[LOG 18:45:17.627] Config(MEBASICNODE) SquadExpansion/MakingHistory/Nodes/VesselCrewCount/VeselCrewCount
[LOG 18:45:17.627] Config(MEBASICNODE) SquadExpansion/MakingHistory/Nodes/VesselMassLogic/VesselMass
[LOG 18:45:17.627] Config(MEBASICNODE) SquadExpansion/MakingHistory/Nodes/VesselPartCount/PartCount
[LOG 18:45:17.627] Config(MEBASICNODE) SquadExpansion/MakingHistory/Nodes/VesselRecovery/TestVesselRecovery
[LOG 18:45:17.627] Config(MEBASICNODE) SquadExpansion/MakingHistory/Nodes/VesselStage/TestVesselStage
[LOG 18:45:17.627] Config(MEBASICNODE) SquadExpansion/MakingHistory/Nodes/VesselVelocity/VesselVelocity
[LOG 18:45:17.627] Config(PART) SquadExpansion/MakingHistory/Parts/Aero/protectiveRocketNoseMk16/rocketNoseCone_size4/rocketNoseConeSize4
[LOG 18:45:17.627] Config(PART) SquadExpansion/MakingHistory/Parts/Aero/protectiveRocketNoseMk5A/Size_1_5_Cone/Size_1_5_Cone
[LOG 18:45:17.627] Config(PART) SquadExpansion/MakingHistory/Parts/Coupling/Decoupler_1p5/Decoupler_1p5
[LOG 18:45:17.627] Config(PART) SquadExpansion/MakingHistory/Parts/Coupling/Decoupler_4/Decoupler_4
[LOG 18:45:17.627] Config(PART) SquadExpansion/MakingHistory/Parts/Coupling/EnginePlate_1p5/EnginePlate1p5
[LOG 18:45:17.627] Config(PART) SquadExpansion/MakingHistory/Parts/Coupling/EnginePlate_2/EnginePlate2
[LOG 18:45:17.627] Config(PART) SquadExpansion/MakingHistory/Parts/Coupling/EnginePlate_3/EnginePlate3
[LOG 18:45:17.627] Config(PART) SquadExpansion/MakingHistory/Parts/Coupling/EnginePlate_4/EnginePlate4
[LOG 18:45:17.627] Config(PART) SquadExpansion/MakingHistory/Parts/Coupling/EnginePlate_5/EnginePlate5
[LOG 18:45:17.627] Config(PART) SquadExpansion/MakingHistory/Parts/Coupling/InflatableAirlock/InflatableAirlock
[LOG 18:45:17.627] Config(PART) SquadExpansion/MakingHistory/Parts/Coupling/Separator_1p5/Separator_1p5
[LOG 18:45:17.628] Config(PART) SquadExpansion/MakingHistory/Parts/Coupling/Separator_4/Separator_4
[LOG 18:45:17.628] Config(PART) SquadExpansion/MakingHistory/Parts/Coupling/Size1p5_Strut_Decoupler/Size1p5_Strut_Decoupler
[LOG 18:45:17.628] Config(PART) SquadExpansion/MakingHistory/Parts/Engine/LiquidEngineKE-1/LiquidEngineKE-1
[LOG 18:45:17.628] Config(PART) SquadExpansion/MakingHistory/Parts/Engine/LiquidEngineLV-T91/LiquidEngineLV-T91
[LOG 18:45:17.628] Config(PART) SquadExpansion/MakingHistory/Parts/Engine/LiquidEngineLV-TX87/LiquidEngineLV-TX87
[LOG 18:45:17.628] Config(PART) SquadExpansion/MakingHistory/Parts/Engine/LiquidEngineRE-I2/LiquidEngineRE-I2
[LOG 18:45:17.628] Config(PART) SquadExpansion/MakingHistory/Parts/Engine/LiquidEngineRE-J10/LiquidEngineRE-J10
[LOG 18:45:17.628] Config(PART) SquadExpansion/MakingHistory/Parts/Engine/LiquidEngineRK-7/LiquidEngineRK-7
[LOG 18:45:17.628] Config(PART) SquadExpansion/MakingHistory/Parts/Engine/LiquidEngineRV-1/LiquidEngineRV-1
[LOG 18:45:17.628] Config(PART) SquadExpansion/MakingHistory/Parts/Engine/solidBoosterTHK/solidBoosterTHK/Pollux
[LOG 18:45:17.628] Config(PART) SquadExpansion/MakingHistory/Parts/FuelTank/MonoPropMini/monopropMiniSphere
[LOG 18:45:17.628] Config(PART) SquadExpansion/MakingHistory/Parts/FuelTank/Size1p5_Monoprop/Size1p5_Monoprop
[LOG 18:45:17.628] Config(PART) SquadExpansion/MakingHistory/Parts/FuelTank/Size1p5_Size0_Adapter_01/Size1p5_Size0_Adapter_01
[LOG 18:45:17.628] Config(PART) SquadExpansion/MakingHistory/Parts/FuelTank/Size1p5_Size1_Adapter_01/Size1p5_Size1_Adapter_01
[LOG 18:45:17.628] Config(PART) SquadExpansion/MakingHistory/Parts/FuelTank/Size1p5_Size1_Adapter_02/Size1p5_Size1_Adapter_02
[LOG 18:45:17.628] Config(PART) SquadExpansion/MakingHistory/Parts/FuelTank/Size1p5_Size2_Adapter_01/Size1p5_Size2_Adapter_01
[LOG 18:45:17.628] Config(PART) SquadExpansion/MakingHistory/Parts/FuelTank/Size1p5_Tank_01/Size1p5_Tank_01
[LOG 18:45:17.628] Config(PART) SquadExpansion/MakingHistory/Parts/FuelTank/Size1p5_Tank_02/Size1p5_Tank_02
[LOG 18:45:17.628] Config(PART) SquadExpansion/MakingHistory/Parts/FuelTank/Size1p5_Tank_03/Size1p5_Tank_03
[LOG 18:45:17.628] Config(PART) SquadExpansion/MakingHistory/Parts/FuelTank/Size1p5_Tank_04/Size1p5_Tank_04
[LOG 18:45:17.628] Config(PART) SquadExpansion/MakingHistory/Parts/FuelTank/Size1p5_Tank_05/Size1p5_Tank_05
[LOG 18:45:17.628] Config(PART) SquadExpansion/MakingHistory/Parts/FuelTank/Size3_Size4_Adapter_01/Size3_Size4_Adapter_01
[LOG 18:45:17.628] Config(PART) SquadExpansion/MakingHistory/Parts/FuelTank/Size4_EngineAdapter_01/Size4_EngineAdapter_01
[LOG 18:45:17.628] Config(PART) SquadExpansion/MakingHistory/Parts/FuelTank/Size4_Tank_01/Size4_Tank_01
[LOG 18:45:17.628] Config(PART) SquadExpansion/MakingHistory/Parts/FuelTank/Size4_Tank_02/Size4_Tank_02
[LOG 18:45:17.628] Config(PART) SquadExpansion/MakingHistory/Parts/FuelTank/Size4_Tank_03/Size4_Tank_03
[LOG 18:45:17.629] Config(PART) SquadExpansion/MakingHistory/Parts/FuelTank/Size4_Tank_04/Size4_Tank_04
[LOG 18:45:17.629] Config(PART) SquadExpansion/MakingHistory/Parts/Ground/RoverWheel/roverWheelM1-F
[LOG 18:45:17.629] Config(PART) SquadExpansion/MakingHistory/Parts/Payload/fairingSize1p5/fairingSize1p5
[LOG 18:45:17.629] Config(PART) SquadExpansion/MakingHistory/Parts/Payload/fairingSize4/fairingSize4
[LOG 18:45:17.629] Config(PART) SquadExpansion/MakingHistory/Parts/Payload/Size1to0ServiceModule/Size1to0ServiceModule
[LOG 18:45:17.629] Config(PART) SquadExpansion/MakingHistory/Parts/Payload/SM18/ServiceModule18
[LOG 18:45:17.629] Config(PART) SquadExpansion/MakingHistory/Parts/Payload/SM25/ServiceModule25
[LOG 18:45:17.629] Config(PART) SquadExpansion/MakingHistory/Parts/Pods/KV1Pod/kv1Pod
[LOG 18:45:17.629] Config(PART) SquadExpansion/MakingHistory/Parts/Pods/KV2Pod/kv2Pod
[LOG 18:45:17.629] Config(PART) SquadExpansion/MakingHistory/Parts/Pods/KV3Pod/kv3Pod
[LOG 18:45:17.629] Config(PART) SquadExpansion/MakingHistory/Parts/Pods/Mk2Pod/Mk2Pod
[LOG 18:45:17.629] Config(PART) SquadExpansion/MakingHistory/Parts/Pods/Size1_5_Lander/MEMLander
[LOG 18:45:17.629] Config(PART) SquadExpansion/MakingHistory/Parts/Prebuilt/kerbalEVAfemaleVintage/kerbalEVAfemaleVintage
[LOG 18:45:17.629] Config(PART) SquadExpansion/MakingHistory/Parts/Prebuilt/kerbalEVAVintage/kerbalEVAVintage
[LOG 18:45:17.629] Config(PART) SquadExpansion/MakingHistory/Parts/Structural/EquiTriangle0/EquiTriangle0
[LOG 18:45:17.629] Config(PART) SquadExpansion/MakingHistory/Parts/Structural/EquiTriangle1/EquiTriangle1
[LOG 18:45:17.629] Config(PART) SquadExpansion/MakingHistory/Parts/Structural/EquiTriangle1p5/EquiTriangle1p5
[LOG 18:45:17.629] Config(PART) SquadExpansion/MakingHistory/Parts/Structural/EquiTriangle2/EquiTriangle2
[LOG 18:45:17.629] Config(PART) SquadExpansion/MakingHistory/Parts/Structural/Panel0/Panel0
[LOG 18:45:17.629] Config(PART) SquadExpansion/MakingHistory/Parts/Structural/Panel1/Panel1
[LOG 18:45:17.629] Config(PART) SquadExpansion/MakingHistory/Parts/Structural/Panel1p5/Panel1p5
[LOG 18:45:17.629] Config(PART) SquadExpansion/MakingHistory/Parts/Structural/Panel2/Panel2
[LOG 18:45:17.629] Config(PART) SquadExpansion/MakingHistory/Parts/Structural/Triangle0/Triangle0
[LOG 18:45:17.629] Config(PART) SquadExpansion/MakingHistory/Parts/Structural/Triangle1/Triangle1
[LOG 18:45:17.629] Config(PART) SquadExpansion/MakingHistory/Parts/Structural/Triangle1p5/Triangle1p5
[LOG 18:45:17.629] Config(PART) SquadExpansion/MakingHistory/Parts/Structural/Triangle2/Triangle2
[LOG 18:45:17.630] Config(PART) SquadExpansion/MakingHistory/Parts/Structural/Tube1/Tube1
[LOG 18:45:17.630] Config(PART) SquadExpansion/MakingHistory/Parts/Structural/Tube1p5/Tube1p5
[LOG 18:45:17.630] Config(PART) SquadExpansion/MakingHistory/Parts/Structural/Tube2/Tube2
[LOG 18:45:17.630] Config(PART) SquadExpansion/MakingHistory/Parts/Structural/Tube3/Tube3
[LOG 18:45:17.630] Config(PART) SquadExpansion/MakingHistory/Parts/Structural/Tube4/Tube4
[LOG 18:45:17.630] Config(PART) SquadExpansion/MakingHistory/Parts/Thermal/HeatShield1p5/HeatShield1p5
[LOG 18:45:17.630] Config(PART) SquadExpansion/MakingHistory/Parts/Utility/flags/flagSize1p5/flagSize1p5/flagPartSize1p5
[LOG 18:45:17.630] Config(PART) SquadExpansion/MakingHistory/Parts/Utility/flags/flagSize4/flagSize4/flagPartSize4
[LOG 18:45:17.630] Config(INTERNAL) SquadExpansion/MakingHistory/Spaces/KVPods/Airlock_Internal/Airlock_IVA
[LOG 18:45:17.630] Config(INTERNAL) SquadExpansion/MakingHistory/Spaces/KVPods/KV1_Internal/KV1_IVA
[LOG 18:45:17.630] Config(INTERNAL) SquadExpansion/MakingHistory/Spaces/KVPods/KV2_Internal/KV2_IVA
[LOG 18:45:17.630] Config(INTERNAL) SquadExpansion/MakingHistory/Spaces/KVPods/KV3_Internal/KV3_IVA
[LOG 18:45:17.630] Config(INTERNAL) SquadExpansion/MakingHistory/Spaces/MEM/MEM_IVA/MEM_IVA
[LOG 18:45:17.630] Config(INTERNAL) SquadExpansion/MakingHistory/Spaces/Mk2Pod/Mk2Pod_Internal/MK2POD_IVA
[LOG 18:45:17.630] Config(Contracts) SquadExpansion/Serenity/Contracts/contracts/Contracts
[LOG 18:45:17.630] Config(EXPERIENCE_TRAIT) SquadExpansion/Serenity/Experience/Traits/Engineer
[LOG 18:45:17.630] Config(EXPERIENCE_TRAIT) SquadExpansion/Serenity/Experience/Traits/Scientist
[LOG 18:45:17.630] Config(Localization) SquadExpansion/Serenity/Localization/dictionary/Localization
[LOG 18:45:17.630] Config(PART) SquadExpansion/Serenity/Parts/Aero/FanShroud_01/FanShroud_01
[LOG 18:45:17.630] Config(PART) SquadExpansion/Serenity/Parts/Aero/FanShroud_02/FanShroud_02
[LOG 18:45:17.630] Config(PART) SquadExpansion/Serenity/Parts/Aero/FanShroud_03/FanShroud_03
[LOG 18:45:17.630] Config(PART) SquadExpansion/Serenity/Parts/Aero/noseconeTiny/noseconeTiny
[LOG 18:45:17.630] Config(PART) SquadExpansion/Serenity/Parts/Aero/noseconeVS/noseconeVS
[LOG 18:45:17.630] Config(PART) SquadExpansion/Serenity/Parts/DeployedScience/centralStation/DeployedCentralStation
[LOG 18:45:17.631] Config(PART) SquadExpansion/Serenity/Parts/DeployedScience/gooObservation/DeployedGoExOb
[LOG 18:45:17.631] Config(PART) SquadExpansion/Serenity/Parts/DeployedScience/ionCollector/DeployedIONExp
[LOG 18:45:17.631] Config(PART) SquadExpansion/Serenity/Parts/DeployedScience/rtg/DeployedRTG
[LOG 18:45:17.631] Config(PART) SquadExpansion/Serenity/Parts/DeployedScience/satDish/DeployedSatDish
[LOG 18:45:17.631] Config(PART) SquadExpansion/Serenity/Parts/DeployedScience/seismicSensor/DeployedSeismicSensor
[LOG 18:45:17.631] Config(PART) SquadExpansion/Serenity/Parts/DeployedScience/solarPanel/DeployedSolarPanel
[LOG 18:45:17.631] Config(PART) SquadExpansion/Serenity/Parts/DeployedScience/weatherStation/DeployedWeatherStn
[LOG 18:45:17.631] Config(PART) SquadExpansion/Serenity/Parts/Prebuilt/kerbalEVA/kerbalEVA
[LOG 18:45:17.631] Config(PART) SquadExpansion/Serenity/Parts/Prebuilt/kerbalEVAfemale/kerbalEVAfemale
[LOG 18:45:17.631] Config(PART) SquadExpansion/Serenity/Parts/Prebuilt/kerbalEVAfemaleFuture/kerbalEVAfemaleFuture
[LOG 18:45:17.631] Config(PART) SquadExpansion/Serenity/Parts/Prebuilt/kerbalEVAfemaleVintage/kerbalEVAfemaleVintage
[LOG 18:45:17.631] Config(PART) SquadExpansion/Serenity/Parts/Prebuilt/kerbalEVAFuture/kerbalEVAFuture
[LOG 18:45:17.631] Config(PART) SquadExpansion/Serenity/Parts/Prebuilt/kerbalEVASlimSuit/kerbalEVASlimSuit
[LOG 18:45:17.631] Config(PART) SquadExpansion/Serenity/Parts/Prebuilt/kerbalEVASlimSuitFemale/kerbalEVASlimSuitFemale
[LOG 18:45:17.631] Config(PART) SquadExpansion/Serenity/Parts/Prebuilt/kerbalEVAVintage/kerbalEVAVintage
[LOG 18:45:17.631] Config(PART) SquadExpansion/Serenity/Parts/Propellers/largeFanBlade/largeFanBlade
[LOG 18:45:17.631] Config(PART) SquadExpansion/Serenity/Parts/Propellers/largeHeliBlade/largeHeliBlade
[LOG 18:45:17.631] Config(PART) SquadExpansion/Serenity/Parts/Propellers/largePropeller/largePropeller
[LOG 18:45:17.631] Config(PART) SquadExpansion/Serenity/Parts/Propellers/mediumFanBlade/mediumFanBlade
[LOG 18:45:17.631] Config(PART) SquadExpansion/Serenity/Parts/Propellers/mediumHeliBlade/mediumHeliBlade
[LOG 18:45:17.631] Config(PART) SquadExpansion/Serenity/Parts/Propellers/mediumPropeller/mediumPropeller
[LOG 18:45:17.631] Config(PART) SquadExpansion/Serenity/Parts/Propellers/smallFanBlade/smallFanBlade
[LOG 18:45:17.631] Config(PART) SquadExpansion/Serenity/Parts/Propellers/smallHeliBlade/smallHeliBlade
[LOG 18:45:17.631] Config(PART) SquadExpansion/Serenity/Parts/Propellers/smallPropeller/smallPropeller
[LOG 18:45:17.631] Config(PART) SquadExpansion/Serenity/Parts/Robotics/hinge_01/hinge_01
[LOG 18:45:17.631] Config(PART) SquadExpansion/Serenity/Parts/Robotics/hinge_01_s/hinge_01_s
[LOG 18:45:17.631] Config(PART) SquadExpansion/Serenity/Parts/Robotics/hinge_03/hinge_03
[LOG 18:45:17.631] Config(PART) SquadExpansion/Serenity/Parts/Robotics/hinge_03_s/hinge_03_s
[LOG 18:45:17.632] Config(PART) SquadExpansion/Serenity/Parts/Robotics/hinge_04/hinge_04
[LOG 18:45:17.632] Config(PART) SquadExpansion/Serenity/Parts/Robotics/piston_01/piston_01
[LOG 18:45:17.632] Config(PART) SquadExpansion/Serenity/Parts/Robotics/piston_02/piston_02
[LOG 18:45:17.632] Config(PART) SquadExpansion/Serenity/Parts/Robotics/piston_03/piston_03
[LOG 18:45:17.632] Config(PART) SquadExpansion/Serenity/Parts/Robotics/piston_04/piston_04
[LOG 18:45:17.632] Config(PART) SquadExpansion/Serenity/Parts/Robotics/RotorEngine_02/RotorEngine_02
[LOG 18:45:17.632] Config(PART) SquadExpansion/Serenity/Parts/Robotics/RotorEngine_03/RotorEngine_03
[LOG 18:45:17.632] Config(PART) SquadExpansion/Serenity/Parts/Robotics/rotor_01/rotor_01
[LOG 18:45:17.632] Config(PART) SquadExpansion/Serenity/Parts/Robotics/rotor_01s/rotor_01s
[LOG 18:45:17.632] Config(PART) SquadExpansion/Serenity/Parts/Robotics/rotor_02/rotor_02
[LOG 18:45:17.632] Config(PART) SquadExpansion/Serenity/Parts/Robotics/rotor_02s/rotor_02s
[LOG 18:45:17.632] Config(PART) SquadExpansion/Serenity/Parts/Robotics/rotor_03/rotor_03
[LOG 18:45:17.632] Config(PART) SquadExpansion/Serenity/Parts/Robotics/rotor_03s/rotor_03s
[LOG 18:45:17.632] Config(PART) SquadExpansion/Serenity/Parts/Robotics/rotoServo_00/rotoServo_00
[LOG 18:45:17.632] Config(PART) SquadExpansion/Serenity/Parts/Robotics/rotoServo_02/rotoServo_02
[LOG 18:45:17.632] Config(PART) SquadExpansion/Serenity/Parts/Robotics/rotoServo_03/rotoServo_03
[LOG 18:45:17.632] Config(PART) SquadExpansion/Serenity/Parts/Robotics/rotoServo_04/rotoServo_04
[LOG 18:45:17.632] Config(PART) SquadExpansion/Serenity/Parts/Robotics/Controllers/KAL1000/controller1000
[LOG 18:45:17.632] Config(PART) SquadExpansion/Serenity/Parts/Science/RobotArmScanner/RobotArmScanner_S1/RobotArmScanner_S1
[LOG 18:45:17.632] Config(PART) SquadExpansion/Serenity/Parts/Science/RobotArmScanner/RobotArmScanner_S2/RobotArmScanner_S2
[LOG 18:45:17.632] Config(PART) SquadExpansion/Serenity/Parts/Science/RobotArmScanner/RobotArmScanner_S3/RobotArmScanner_S3
[LOG 18:45:17.632] Config(PART) SquadExpansion/Serenity/Parts/Structural/gripPads/lGripPad/lGripPad
[LOG 18:45:17.632] Config(PART) SquadExpansion/Serenity/Parts/Structural/gripPads/lGripStrip/lGripStrip
[LOG 18:45:17.632] Config(PART) SquadExpansion/Serenity/Parts/Structural/gripPads/mGripPad/mGripPad
[LOG 18:45:17.632] Config(PART) SquadExpansion/Serenity/Parts/Structural/gripPads/sGripPad/sGripPad
[LOG 18:45:17.633] Config(PART) SquadExpansion/Serenity/Parts/Structural/gripPads/sGripStrip/sGripStrip
[LOG 18:45:17.633] Config(DEPLOYEDSCIENCE) SquadExpansion/Serenity/Resources/DeployedScience/DEPLOYEDSCIENCE
[LOG 18:45:17.633] Config(PHYSICMATERIAL_DEFINITION) SquadExpansion/Serenity/Resources/PhysicsMaterials/MediumGrip
[LOG 18:45:17.633] Config(PHYSICMATERIAL_DEFINITION) SquadExpansion/Serenity/Resources/PhysicsMaterials/HighGrip
[LOG 18:45:17.633] Config(PHYSICMATERIAL_DEFINITION) SquadExpansion/Serenity/Resources/PhysicsMaterials/ExtremeGrip
[LOG 18:45:17.633] Config(PHYSICMATERIAL_DEFINITION) SquadExpansion/Serenity/Resources/PhysicsMaterials/LowGrip
[LOG 18:45:17.633] Config(PHYSICMATERIAL_DEFINITION) SquadExpansion/Serenity/Resources/PhysicsMaterials/Default
[LOG 18:45:17.633] Config(ROC_DEFINITION) SquadExpansion/Serenity/Resources/rocsdef/ROC_DEFINITION
[LOG 18:45:17.633] Config(ROC_DEFINITION) SquadExpansion/Serenity/Resources/rocsdef/ROC_DEFINITION
[LOG 18:45:17.633] Config(ROC_DEFINITION) SquadExpansion/Serenity/Resources/rocsdef/ROC_DEFINITION
[LOG 18:45:17.633] Config(ROC_DEFINITION) SquadExpansion/Serenity/Resources/rocsdef/ROC_DEFINITION
[LOG 18:45:17.633] Config(ROC_DEFINITION) SquadExpansion/Serenity/Resources/rocsdef/ROC_DEFINITION
[LOG 18:45:17.633] Config(ROC_DEFINITION) SquadExpansion/Serenity/Resources/rocsdef/ROC_DEFINITION
[LOG 18:45:17.633] Config(ROC_DEFINITION) SquadExpansion/Serenity/Resources/rocsdef/ROC_DEFINITION
[LOG 18:45:17.633] Config(ROC_DEFINITION) SquadExpansion/Serenity/Resources/rocsdef/ROC_DEFINITION
[LOG 18:45:17.633] Config(ROC_DEFINITION) SquadExpansion/Serenity/Resources/rocsdef/ROC_DEFINITION
[LOG 18:45:17.633] Config(ROC_DEFINITION) SquadExpansion/Serenity/Resources/rocsdef/ROC_DEFINITION
[LOG 18:45:17.633] Config(ROC_DEFINITION) SquadExpansion/Serenity/Resources/rocsdef/ROC_DEFINITION
[LOG 18:45:17.633] Config(ROC_DEFINITION) SquadExpansion/Serenity/Resources/rocsdef/ROC_DEFINITION
[LOG 18:45:17.633] Config(ROC_DEFINITION) SquadExpansion/Serenity/Resources/rocsdef/ROC_DEFINITION
[LOG 18:45:17.633] Config(ROC_DEFINITION) SquadExpansion/Serenity/Resources/rocsdef/ROC_DEFINITION
[LOG 18:45:17.633] Config(ROC_DEFINITION) SquadExpansion/Serenity/Resources/rocsdef/ROC_DEFINITION
[LOG 18:45:17.633] Config(ROC_DEFINITION) SquadExpansion/Serenity/Resources/rocsdef/ROC_DEFINITION
[LOG 18:45:17.633] Config(ROC_DEFINITION) SquadExpansion/Serenity/Resources/rocsdef/ROC_DEFINITION
[LOG 18:45:17.633] Config(ROC_DEFINITION) SquadExpansion/Serenity/Resources/rocsdef/ROC_DEFINITION
[LOG 18:45:17.633] Config(ROC_DEFINITION) SquadExpansion/Serenity/Resources/rocsdef/ROC_DEFINITION
[LOG 18:45:17.633] Config(ROC_DEFINITION) SquadExpansion/Serenity/Resources/rocsdef/ROC_DEFINITION
[LOG 18:45:17.633] Config(ROC_DEFINITION) SquadExpansion/Serenity/Resources/rocsdef/ROC_DEFINITION
[LOG 18:45:17.633] Config(ROC_DEFINITION) SquadExpansion/Serenity/Resources/rocsdef/ROC_DEFINITION
[LOG 18:45:17.633] Config(ROC_DEFINITION) SquadExpansion/Serenity/Resources/rocsdef/ROC_DEFINITION
[LOG 18:45:17.633] Config(ROC_DEFINITION) SquadExpansion/Serenity/Resources/rocsdef/ROC_DEFINITION
[LOG 18:45:17.634] Config(ROC_DEFINITION) SquadExpansion/Serenity/Resources/rocsdef/ROC_DEFINITION
[LOG 18:45:17.634] Config(ROC_DEFINITION) SquadExpansion/Serenity/Resources/rocsdef/ROC_DEFINITION
[LOG 18:45:17.634] Config(ROC_DEFINITION) SquadExpansion/Serenity/Resources/rocsdef/ROC_DEFINITION
[LOG 18:45:17.634] Config(ROC_DEFINITION) SquadExpansion/Serenity/Resources/rocsdef/ROC_DEFINITION
[LOG 18:45:17.634] Config(ROC_DEFINITION) SquadExpansion/Serenity/Resources/rocsdef/ROC_DEFINITION
[LOG 18:45:17.634] Config(ROC_DEFINITION) SquadExpansion/Serenity/Resources/rocsdef/ROC_DEFINITION
[LOG 18:45:17.634] Config(ROC_DEFINITION) SquadExpansion/Serenity/Resources/rocsdef/ROC_DEFINITION
[LOG 18:45:17.634] Config(ROC_DEFINITION) SquadExpansion/Serenity/Resources/rocsdef/ROC_DEFINITION
[LOG 18:45:17.634] Config(ROC_DEFINITION) SquadExpansion/Serenity/Resources/rocsdef/ROC_DEFINITION
[LOG 18:45:17.634] Config(ROC_DEFINITION) SquadExpansion/Serenity/Resources/rocsdef/ROC_DEFINITION
[LOG 18:45:17.634] Config(EXPERIMENT_DEFINITION) SquadExpansion/Serenity/Resources/ScienceDefs/EXPERIMENT_DEFINITION
[LOG 18:45:17.634] Config(EXPERIMENT_DEFINITION) SquadExpansion/Serenity/Resources/ScienceDefs/EXPERIMENT_DEFINITION
[LOG 18:45:17.634] Config(EXPERIMENT_DEFINITION) SquadExpansion/Serenity/Resources/ScienceDefs/EXPERIMENT_DEFINITION
[LOG 18:45:17.634] Config(EXPERIMENT_DEFINITION) SquadExpansion/Serenity/Resources/ScienceDefs/EXPERIMENT_DEFINITION
[LOG 18:45:17.634] Config(EXPERIMENT_DEFINITION) SquadExpansion/Serenity/Resources/ScienceDefs/EXPERIMENT_DEFINITION
[LOG 18:45:17.634] Config(EXPERIMENT_DEFINITION) SquadExpansion/Serenity/Resources/ScienceDefs/EXPERIMENT_DEFINITION
[LOG 18:45:17.634] Config(EXPERIMENT_DEFINITION) SquadExpansion/Serenity/Resources/ScienceDefs/EXPERIMENT_DEFINITION
[LOG 18:45:17.634] Config(EXPERIMENT_DEFINITION) SquadExpansion/Serenity/Resources/ScienceDefs/EXPERIMENT_DEFINITION
[LOG 18:45:17.634] Config(EXPERIMENT_DEFINITION) SquadExpansion/Serenity/Resources/ScienceDefs/EXPERIMENT_DEFINITION
[LOG 18:45:17.634] Config(EXPERIMENT_DEFINITION) SquadExpansion/Serenity/Resources/ScienceDefs/EXPERIMENT_DEFINITION
[LOG 18:45:17.634] Config(EXPERIMENT_DEFINITION) SquadExpansion/Serenity/Resources/ScienceDefs/EXPERIMENT_DEFINITION
[LOG 18:45:17.634] Config(EXPERIMENT_DEFINITION) SquadExpansion/Serenity/Resources/ScienceDefs/EXPERIMENT_DEFINITION
[LOG 18:45:17.634] Config(EXPERIMENT_DEFINITION) SquadExpansion/Serenity/Resources/ScienceDefs/EXPERIMENT_DEFINITION
[LOG 18:45:17.634] Config(EXPERIMENT_DEFINITION) SquadExpansion/Serenity/Resources/ScienceDefs/EXPERIMENT_DEFINITION
[LOG 18:45:17.634] Config(EXPERIMENT_DEFINITION) SquadExpansion/Serenity/Resources/ScienceDefs/EXPERIMENT_DEFINITION
[LOG 18:45:17.635] Config(EXPERIMENT_DEFINITION) SquadExpansion/Serenity/Resources/ScienceDefs/EXPERIMENT_DEFINITION
[LOG 18:45:17.635] Config(EXPERIMENT_DEFINITION) SquadExpansion/Serenity/Resources/ScienceDefs/EXPERIMENT_DEFINITION
[LOG 18:45:17.635] Config(EXPERIMENT_DEFINITION) SquadExpansion/Serenity/Resources/ScienceDefs/EXPERIMENT_DEFINITION
[LOG 18:45:17.635] Config(EXPERIMENT_DEFINITION) SquadExpansion/Serenity/Resources/ScienceDefs/EXPERIMENT_DEFINITION
[LOG 18:45:17.635] Config(EXPERIMENT_DEFINITION) SquadExpansion/Serenity/Resources/ScienceDefs/EXPERIMENT_DEFINITION
[LOG 18:45:17.635] Config(EXPERIMENT_DEFINITION) SquadExpansion/Serenity/Resources/ScienceDefs/EXPERIMENT_DEFINITION
[LOG 18:45:17.635] Config(EXPERIMENT_DEFINITION) SquadExpansion/Serenity/Resources/ScienceDefs/EXPERIMENT_DEFINITION
[LOG 18:45:17.635] Config(EXPERIMENT_DEFINITION) SquadExpansion/Serenity/Resources/ScienceDefs/EXPERIMENT_DEFINITION
[LOG 18:45:17.635] Config(EXPERIMENT_DEFINITION) SquadExpansion/Serenity/Resources/ScienceDefs/EXPERIMENT_DEFINITION
[LOG 18:45:17.635] Config(EXPERIMENT_DEFINITION) SquadExpansion/Serenity/Resources/ScienceDefs/EXPERIMENT_DEFINITION
[LOG 18:45:17.635] Config(EXPERIMENT_DEFINITION) SquadExpansion/Serenity/Resources/ScienceDefs/EXPERIMENT_DEFINITION
[LOG 18:45:17.635] Config(EXPERIMENT_DEFINITION) SquadExpansion/Serenity/Resources/ScienceDefs/EXPERIMENT_DEFINITION
[LOG 18:45:17.635] Config(EXPERIMENT_DEFINITION) SquadExpansion/Serenity/Resources/ScienceDefs/EXPERIMENT_DEFINITION
[LOG 18:45:17.635] Config(EXPERIMENT_DEFINITION) SquadExpansion/Serenity/Resources/ScienceDefs/EXPERIMENT_DEFINITION
[LOG 18:45:17.635] Config(EXPERIMENT_DEFINITION) SquadExpansion/Serenity/Resources/ScienceDefs/EXPERIMENT_DEFINITION
[LOG 18:45:17.635] Config(EXPERIMENT_DEFINITION) SquadExpansion/Serenity/Resources/ScienceDefs/EXPERIMENT_DEFINITION
[LOG 18:45:17.635] Config(EXPERIMENT_DEFINITION) SquadExpansion/Serenity/Resources/ScienceDefs/EXPERIMENT_DEFINITION
[LOG 18:45:17.635] Config(EXPERIMENT_DEFINITION) SquadExpansion/Serenity/Resources/ScienceDefs/EXPERIMENT_DEFINITION
[LOG 18:45:17.635] Config(EXPERIMENT_DEFINITION) SquadExpansion/Serenity/Resources/ScienceDefs/EXPERIMENT_DEFINITION
[LOG 18:45:17.635] Config(EXPERIMENT_DEFINITION) SquadExpansion/Serenity/Resources/ScienceDefs/EXPERIMENT_DEFINITION
[LOG 18:45:17.635] Config(EXPERIMENT_DEFINITION) SquadExpansion/Serenity/Resources/ScienceDefs/EXPERIMENT_DEFINITION
[LOG 18:45:17.635] Config(EXPERIMENT_DEFINITION) SquadExpansion/Serenity/Resources/ScienceDefs/EXPERIMENT_DEFINITION
[LOG 18:45:17.635] Config(EXPERIMENT_DEFINITION) SquadExpansion/Serenity/Resources/ScienceDefs/EXPERIMENT_DEFINITION
[LOG 18:45:17.635] Config(STORY_DEF) SquadExpansion/Serenity/Resources/StoryDefs/STORY_DEF
[LOG 18:45:17.635] Compiling Configs Completed.
[LOG 18:45:17.638] Resource LiquidFuel added to database
[LOG 18:45:17.638] Resource Oxidizer added to database
[LOG 18:45:17.638] Resource SolidFuel added to database
[LOG 18:45:17.638] Resource MonoPropellant added to database
[LOG 18:45:17.638] Resource XenonGas added to database
[LOG 18:45:17.638] Resource ElectricCharge added to database
[LOG 18:45:17.638] Resource IntakeAir added to database
[LOG 18:45:17.639] Resource EVA Propellant added to database
[LOG 18:45:17.639] Resource Ore added to database
[LOG 18:45:17.639] Resource Ablator added to database
[LOG 18:45:17.640] Resource MediumGrip added to database
[LOG 18:45:17.640] Resource HighGrip added to database
[LOG 18:45:17.640] Resource ExtremeGrip added to database
[LOG 18:45:17.640] Resource LowGrip added to database
[LOG 18:45:17.640] Resource Default added to database
[LOG 18:45:17.640] CodeAssetLoader: Compiling all code assets
[LOG 18:45:17.644] ExperienceSystemConfig: Added Effect 'DeployedSciencePowerSkill' to Trait 'Ingénieur'
[LOG 18:45:17.645] ExperienceSystemConfig: Added Effect 'DeployedScienceExpSkill' to Trait 'Scientifique'
[LOG 18:45:17.649] ConfigNode[]
[LOG 18:45:17.650] GameDatabase: Assets loaded in 7.400s
[LOG 18:45:17.651] [ModuleManager] Waited 0.000s for patching to finish
[LOG 18:45:17.651] [ModuleManager] Applying patched game database
[LOG 18:45:17.653] [ModuleManager] Dumping ModuleManager log to main log
[LOG 18:45:17.655] [ModuleManager] 
#### BEGIN MODULEMANAGER LOG ####


[LOG 18:45:11.411] Log started at 2026-09-17 18:45:11.411
[LOG 18:45:13.546] Checking Cache
[LOG 18:45:13.878] SHA generated in 0.328s
[LOG 18:45:13.878]       SHA = C8-65-D2-EA-47-D7-47-00-32-7F-17-D9-78-88-FF-C8-F4-A6-2A-AF-B6-BE-14-08-E1-91-76-F8-14-A9-93-5F
[LOG 18:45:13.899] Cache SHA = 1F-41-7E-51-6D-FB-84-62-D4-7D-14-6D-FC-FA-28-B2-94-27-81-8B-91-5E-B8-D0-67-E8-8A-1A-F1-87-BE-51
[LOG 18:45:13.899] useCache = False
[LOG 18:45:13.900] Pre patch init
[LOG 18:45:14.126] compiling list of loaded mods...
Mod DLLs found:
  Name                                    Assembly Version         Assembly File Version    KSPAssembly Version      SHA256

  Assembly-CSharp                         0.0.0.0                  0.0.0.0                  1.12                     d9e42483f25ee80a9c11d6c1c0a0d29b4ec78c1e08d76c971b71580c9cce51e4
  ModuleManager                           4.2.3.0                  4.2.3.0                  2.5                      95847827ab293b9e82a19b7efb97ffea3e98cc03b181862536ac8eb572e30d7d
  0Harmony                                2.2.1.0                  2.2.1.0                                           19ce60ac3280f72ec1751d36a40cb7e2fece2934df8345969dc7feb83bd633e4
  HarmonyInstallChecker                   2.2.1.0                  2.2.1.0                  1.0                      f11e659e91a52c21c5bda78e52b82a7bdc246bcab6a999733af3c69a11a9dc0e
  0_MultipleModuleInPartAPI               1.0.0.0                  1.0.0.0                  1.0                      df4a22fb0535de7fa154ca234b50dd7c2fc6be879e4a877d9bad1f87bafafcbf
  KSPCommunityFixes                       1.41.0.0                 1.41.1.0                 1.41                     e08ebbec7ab34f4f7ff56d6e900051bb0d259a4bc092881d7db3ca2f9f2e9a11
  PQSBenchMod                             0.1.0.0                  0.1.0.0                                           98d95fcb4f1501297f10479c27a32de944966030cd1bd04fdc31b0cb856642e9
  RockPrecisionFixMod                     0.1.0.0                  0.1.0.0                                           5a6061cda7c9d1c15dd316061a59f4013482ac17afe1f1928772d79c742d6373
  TerrainPrecisionFixMod                  0.1.0.0                  0.1.0.0                                           98971aa16886042ade0eff9bb685b344d818b81e0d0ed4fc8779643f22ded01a
Non-DLL mods added (:FOR[xxx]):
Mods by directory (sub directories of GameData):
  000_Harmony
  Squad
  SquadExpansion
Mods added by assemblies:

[LOG 18:45:14.128] Loading Physics.cfg
[LOG 18:45:14.132] Extracting patches
[LOG 18:45:14.145] Deleting root node in file KSPCommunityFixes/MMPatches/ModSupport/FixDockingNodes node: @PART[*]:HAS[@MODULE[ModuleDockingNodeFixed]]:NEEDS[FixDockingNodes]:FINAL as it can't satisfy its NEEDS
[LOG 18:45:14.146] Deleting root node in file KSPCommunityFixes/MMPatches/ModSupport/KSPRecall node: @KSP_COMMUNITY_FIXES:NEEDS[AttachedOnEditor] as it can't satisfy its NEEDS
[LOG 18:45:14.146] Deleting root node in file KSPCommunityFixes/MMPatches/ModSupport/UniversalStorage node: @KSP_COMMUNITY_FIXES:NEEDS[UniversalStorage2] as it can't satisfy its NEEDS
[LOG 18:45:14.281] Applying patches
[LOG 18:45:14.284] :INSERT (initial) pass
[LOG 18:45:14.337] :FIRST pass
[LOG 18:45:14.353] Applying update KSPCommunityFixes/MMPatches/StockTweaks/LadderToggleableLight/@PART[telescopicLadderBay]:FIRST to Squad/Parts/Utility/ladderTelescopicBay/ladderTelescopicBay.cfg/PART[telescopicLadderBay]
[LOG 18:45:14.385] Applying update KSPCommunityFixes/MMPatches/StockTweaks/LadderToggleableLight/@PART[telescopicLadderBay]:HAS[#LadderToggleableLight[?rue]]:FIRST to Squad/Parts/Utility/ladderTelescopicBay/ladderTelescopicBay.cfg/PART[telescopicLadderBay]
[LOG 18:45:14.386] Applying update KSPCommunityFixes/MMPatches/StockTweaks/LadderToggleableLight/@PART[telescopicLadderBay]:HAS[#LadderToggleableLight]:FIRST to Squad/Parts/Utility/ladderTelescopicBay/ladderTelescopicBay.cfg/PART[telescopicLadderBay]
[LOG 18:45:14.387] Applying update KSPCommunityFixes/MMPatches/StockTweaks/LandingGearLights/@PART[GearSmall]:FIRST to Squad/Parts/Wheel/LandingGear/GearMedium.cfg/PART[GearSmall]
[LOG 18:45:14.391] Applying update KSPCommunityFixes/MMPatches/StockTweaks/LandingGearLights/@PART[SmallGearBay]:FIRST to Squad/Parts/Wheel/LandingGear/GearSmall.cfg/PART[SmallGearBay]
[LOG 18:45:14.392] :LEGACY (default) pass
[LOG 18:45:14.394] :BEFORE[0_MULTIPLEMODULEINPARTAPI] pass
[LOG 18:45:14.394] :FOR[0_MULTIPLEMODULEINPARTAPI] pass
[LOG 18:45:14.394] :AFTER[0_MULTIPLEMODULEINPARTAPI] pass
[LOG 18:45:14.394] :BEFORE[000_HARMONY] pass
[LOG 18:45:14.394] :FOR[000_HARMONY] pass
[LOG 18:45:14.394] :AFTER[000_HARMONY] pass
[LOG 18:45:14.394] :BEFORE[0HARMONY] pass
[LOG 18:45:14.394] :FOR[0HARMONY] pass
[LOG 18:45:14.394] :AFTER[0HARMONY] pass
[LOG 18:45:14.394] :BEFORE[ASSEMBLY-CSHARP] pass
[LOG 18:45:14.394] :FOR[ASSEMBLY-CSHARP] pass
[LOG 18:45:14.394] :AFTER[ASSEMBLY-CSHARP] pass
[LOG 18:45:14.394] :BEFORE[HARMONYINSTALLCHECKER] pass
[LOG 18:45:14.394] :FOR[HARMONYINSTALLCHECKER] pass
[LOG 18:45:14.394] :AFTER[HARMONYINSTALLCHECKER] pass
[LOG 18:45:14.394] :BEFORE[KSPCOMMUNITYFIXES] pass
[LOG 18:45:14.394] :FOR[KSPCOMMUNITYFIXES] pass
[LOG 18:45:14.394] Applying update KSPCommunityFixes/MMPatches/StockTweaks/ManufacturerFixes/@PART[sasModule]:FOR[KSPCommunityFixes] to Squad/Parts/Command/inlineReactionWheel/inlineReactionWheel.cfg/PART[sasModule]
[LOG 18:45:14.396] Applying update KSPCommunityFixes/MMPatches/StockTweaks/ManufacturerFixes/@PART[xenonTankRadial]:FOR[KSPCommunityFixes] to Squad/Parts/FuelTank/xenonTankRadial/xenonTankRadial.cfg/PART[xenonTankRadial]
[LOG 18:45:14.397] Applying update KSPCommunityFixes/MMPatches/StockTweaks/ManufacturerFixes/@PART[winglet|fireworksLauncherSmall|fireworksLauncherBig]:FOR[KSPCommunityFixes] to Squad/Parts/Aero/wingletAV-T1/wingletAV-T1.cfg/PART[winglet]
[LOG 18:45:14.400] Applying update KSPCommunityFixes/MMPatches/StockTweaks/ManufacturerFixes/@PART[winglet|fireworksLauncherSmall|fireworksLauncherBig]:FOR[KSPCommunityFixes] to Squad/Parts/Utility/Fireworks/fireworksLauncherBig.cfg/PART[fireworksLauncherBig]
[LOG 18:45:14.400] Applying update KSPCommunityFixes/MMPatches/StockTweaks/ManufacturerFixes/@PART[winglet|fireworksLauncherSmall|fireworksLauncherBig]:FOR[KSPCommunityFixes] to Squad/Parts/Utility/Fireworks/fireworksLauncherSmall.cfg/PART[fireworksLauncherSmall]
[LOG 18:45:14.403] Applying update KSPCommunityFixes/MMPatches/StockTweaks/ManufacturerFixes/@PART[solidBooster_sm_v2|solidBooster_v2]:FOR[KSPCommunityFixes] to Squad/Parts/Engine/Size1_SRBs/solidBoosterRT-10_v2.cfg/PART[solidBooster_v2]
[LOG 18:45:14.403] Applying update KSPCommunityFixes/MMPatches/StockTweaks/ManufacturerFixes/@PART[solidBooster_sm_v2|solidBooster_v2]:FOR[KSPCommunityFixes] to Squad/Parts/Engine/Size1_SRBs/solidBoosterRT-5_v2.cfg/PART[solidBooster_sm_v2]
[LOG 18:45:14.405] Applying update KSPCommunityFixes/MMPatches/StockTweaks/ManufacturerFixes/@PART[ServiceBay_125_v2|ServiceBay_250_v2]:FOR[KSPCommunityFixes] to Squad/Parts/Utility/ServiceBay_v2/ServiceBay_125_v2.cfg/PART[ServiceBay_125_v2]
[LOG 18:45:14.405] Applying update KSPCommunityFixes/MMPatches/StockTweaks/ManufacturerFixes/@PART[ServiceBay_125_v2|ServiceBay_250_v2]:FOR[KSPCommunityFixes] to Squad/Parts/Utility/ServiceBay_v2/ServiceBay_250_v2.cfg/PART[ServiceBay_250_v2]
[LOG 18:45:14.406] Applying update KSPCommunityFixes/MMPatches/StockTweaks/ManufacturerFixes/@PART[externalTankCapsule]:FOR[KSPCommunityFixes] to Squad/Parts/FuelTank/FoilTanks/RadialTank_Capsule.cfg/PART[externalTankCapsule]
[LOG 18:45:14.407] Applying update KSPCommunityFixes/MMPatches/StockTweaks/ManufacturerFixes/@PART[RCSFuelTank|rcsTankMini|RCSTank1-2]:FOR[KSPCommunityFixes] to Squad/Parts/FuelTank/RCSFuelTankR1/RCSFuelTankR1.cfg/PART[RCSTank1-2]
[LOG 18:45:14.407] Applying update KSPCommunityFixes/MMPatches/StockTweaks/ManufacturerFixes/@PART[RCSFuelTank|rcsTankMini|RCSTank1-2]:FOR[KSPCommunityFixes] to Squad/Parts/FuelTank/RCSFuelTankR10/RCSFuelTankR10.cfg/PART[rcsTankMini]
[LOG 18:45:14.407] Applying update KSPCommunityFixes/MMPatches/StockTweaks/ManufacturerFixes/@PART[RCSFuelTank|rcsTankMini|RCSTank1-2]:FOR[KSPCommunityFixes] to Squad/Parts/FuelTank/RCSFuelTankR25/RCSFuelTankR25.cfg/PART[RCSFuelTank]
[LOG 18:45:14.408] Applying update KSPCommunityFixes/MMPatches/StockTweaks/ManufacturerFixes/@PART[landerCabinSmall]:FOR[KSPCommunityFixes] to Squad/Parts/Command/mk1LanderCan/mk1LanderCan.cfg/PART[landerCabinSmall]
[LOG 18:45:14.410] Applying update KSPCommunityFixes/MMPatches/StockTweaks/ManufacturerFixes/@PART[dockingPortLateral]:FOR[KSPCommunityFixes] to Squad/Parts/Utility/dockingPortInline/dockingPortInline.cfg/PART[dockingPortLateral]
[LOG 18:45:14.411] Applying update KSPCommunityFixes/MMPatches/StockTweaks/ManufacturerFixes/@PART[EnginePlate4]:FOR[KSPCommunityFixes]:NEEDS[SquadExpansion/MakingHistory] to SquadExpansion/MakingHistory/Parts/Coupling/EnginePlate_4.cfg/PART[EnginePlate4]
[LOG 18:45:14.416] Applying update KSPCommunityFixes/MMPatches/StockTweaks/ManufacturerFixes/@PART[Mk2Pod]:FOR[KSPCommunityFixes]:NEEDS[SquadExpansion/MakingHistory] to SquadExpansion/MakingHistory/Parts/Pods/Mk2Pod.cfg/PART[Mk2Pod]
[LOG 18:45:14.417] Applying update KSPCommunityFixes/MMPatches/StockTweaks/ManufacturerFixes/@PART[evaChute|parachuteSingle|parachuteRadial|radialDrogue|parachuteLarge|parachuteDrogue]:FOR[KSPCommunityFixes] to Squad/Parts/Cargo/Parachute/Parachute.cfg/PART[evaChute]
[LOG 18:45:14.419] Applying update KSPCommunityFixes/MMPatches/StockTweaks/ManufacturerFixes/@PART[evaChute|parachuteSingle|parachuteRadial|radialDrogue|parachuteLarge|parachuteDrogue]:FOR[KSPCommunityFixes] to Squad/Parts/Utility/parachuteMk1/parachuteMk1.cfg/PART[parachuteSingle]
[LOG 18:45:14.419] Applying update KSPCommunityFixes/MMPatches/StockTweaks/ManufacturerFixes/@PART[evaChute|parachuteSingle|parachuteRadial|radialDrogue|parachuteLarge|parachuteDrogue]:FOR[KSPCommunityFixes] to Squad/Parts/Utility/parachuteMk12-R/parachuteMk12-R.cfg/PART[radialDrogue]
[LOG 18:45:14.423] Applying update KSPCommunityFixes/MMPatches/StockTweaks/ManufacturerFixes/@PART[evaChute|parachuteSingle|parachuteRadial|radialDrogue|parachuteLarge|parachuteDrogue]:FOR[KSPCommunityFixes] to Squad/Parts/Utility/parachuteMk16-XL/parachuteMk16-XL.cfg/PART[parachuteLarge]
[LOG 18:45:14.423] Applying update KSPCommunityFixes/MMPatches/StockTweaks/ManufacturerFixes/@PART[evaChute|parachuteSingle|parachuteRadial|radialDrogue|parachuteLarge|parachuteDrogue]:FOR[KSPCommunityFixes] to Squad/Parts/Utility/parachuteMk2-R/parachuteMk2-R.cfg/PART[parachuteRadial]
[LOG 18:45:14.423] Applying update KSPCommunityFixes/MMPatches/StockTweaks/ManufacturerFixes/@PART[evaChute|parachuteSingle|parachuteRadial|radialDrogue|parachuteLarge|parachuteDrogue]:FOR[KSPCommunityFixes] to Squad/Parts/Utility/parachuteMk25/parachuteMk25.cfg/PART[parachuteDrogue]
[LOG 18:45:14.425] Applying update KSPCommunityFixes/MMPatches/StockTweaks/ManufacturerFixes/@PART[stackPoint1|dockingPort1|dockingPort2|dockingPort3|dockingPortLarge]:FOR[KSPCommunityFixes] to Squad/Parts/Utility/dockingPort/dockingPort.cfg/PART[dockingPort2]
[LOG 18:45:14.425] Applying update KSPCommunityFixes/MMPatches/StockTweaks/ManufacturerFixes/@PART[stackPoint1|dockingPort1|dockingPort2|dockingPort3|dockingPortLarge]:FOR[KSPCommunityFixes] to Squad/Parts/Utility/dockingPortJr/dockingPortJr.cfg/PART[dockingPort3]
[LOG 18:45:14.425] Applying update KSPCommunityFixes/MMPatches/StockTweaks/ManufacturerFixes/@PART[stackPoint1|dockingPort1|dockingPort2|dockingPort3|dockingPortLarge]:FOR[KSPCommunityFixes] to Squad/Parts/Utility/dockingPortShielded/dockingPortShielded.cfg/PART[dockingPort1]
[LOG 18:45:14.425] Applying update KSPCommunityFixes/MMPatches/StockTweaks/ManufacturerFixes/@PART[stackPoint1|dockingPort1|dockingPort2|dockingPort3|dockingPortLarge]:FOR[KSPCommunityFixes] to Squad/Parts/Utility/dockingPortSr/dockingPortSr.cfg/PART[dockingPortLarge]
[LOG 18:45:14.426] Applying update KSPCommunityFixes/MMPatches/StockTweaks/ManufacturerFixes/@PART[stackPoint1|dockingPort1|dockingPort2|dockingPort3|dockingPortLarge]:FOR[KSPCommunityFixes] to Squad/Parts/Utility/radialAttachmentPoint/radialAttachmentPoint.cfg/PART[stackPoint1]
[LOG 18:45:14.426] :AFTER[KSPCOMMUNITYFIXES] pass
[LOG 18:45:14.426] :BEFORE[MODULEMANAGER] pass
[LOG 18:45:14.426] :FOR[MODULEMANAGER] pass
[LOG 18:45:14.426] :AFTER[MODULEMANAGER] pass
[LOG 18:45:14.426] :BEFORE[PQSBENCHMOD] pass
[LOG 18:45:14.426] :FOR[PQSBENCHMOD] pass
[LOG 18:45:14.426] :AFTER[PQSBENCHMOD] pass
[LOG 18:45:14.426] :BEFORE[ROCKPRECISIONFIXMOD] pass
[LOG 18:45:14.426] :FOR[ROCKPRECISIONFIXMOD] pass
[LOG 18:45:14.426] :AFTER[ROCKPRECISIONFIXMOD] pass
[LOG 18:45:14.426] :BEFORE[SQUAD] pass
[LOG 18:45:14.426] :FOR[SQUAD] pass
[LOG 18:45:14.426] :AFTER[SQUAD] pass
[LOG 18:45:14.426] :BEFORE[SQUADEXPANSION] pass
[LOG 18:45:14.426] :FOR[SQUADEXPANSION] pass
[LOG 18:45:14.426] :AFTER[SQUADEXPANSION] pass
[LOG 18:45:14.426] :BEFORE[TERRAINPRECISIONFIXMOD] pass
[LOG 18:45:14.426] :FOR[TERRAINPRECISIONFIXMOD] pass
[LOG 18:45:14.426] :AFTER[TERRAINPRECISIONFIXMOD] pass
[LOG 18:45:14.427] :LAST[999_KSP-RECALL] pass
[LOG 18:45:14.494] :FINAL pass
[LOG 18:45:14.495] Done patching
[LOG 18:45:14.495] Saving Cache
[LOG 18:45:14.583] Saving cache
[LOG 18:45:15.283] ModuleManager: 33 patches applied

[LOG 18:45:15.283] Ran in 1.735s
[LOG 18:45:15.310] Done!



#### END MODULEMANAGER LOG ####
[LOG 18:45:17.656] [ModuleManager] Running tests...
[LOG 18:45:17.657] [ModuleManager] tests complete.
[LOG 18:45:17.658] [ModuleManager] Reloading resources definitions
[LOG 18:45:17.658] Resource LiquidFuel added to database
[LOG 18:45:17.658] Resource Oxidizer added to database
[LOG 18:45:17.658] Resource SolidFuel added to database
[LOG 18:45:17.658] Resource MonoPropellant added to database
[LOG 18:45:17.658] Resource XenonGas added to database
[LOG 18:45:17.658] Resource ElectricCharge added to database
[LOG 18:45:17.658] Resource IntakeAir added to database
[LOG 18:45:17.658] Resource EVA Propellant added to database
[LOG 18:45:17.658] Resource Ore added to database
[LOG 18:45:17.658] Resource Ablator added to database
[LOG 18:45:17.658] [ModuleManager] Reloading Trait configs
[LOG 18:45:17.659] ExperienceSystemConfig: Added Effect 'DeployedSciencePowerSkill' to Trait 'Ingénieur'
[LOG 18:45:17.659] ExperienceSystemConfig: Added Effect 'DeployedScienceExpSkill' to Trait 'Scientifique'
[LOG 18:45:17.659] [ModuleManager] Reloading Part Upgrades
[LOG 18:45:17.659] [ModuleManager] Setting modded physics as the active one
[LOG 18:45:17.663] PhysicsGlobals: Loading database
[LOG 18:45:17.665] [ModuleManager] Running post patch callbacks
[LOG 18:45:17.683] [KSPCommunityFixes] Patch AutoStrutDrift applied.
[LOG 18:45:17.688] [KSPCommunityFixes] Patch EditorAnimatedPartsShipModified applied.
[LOG 18:45:17.694] [KSPCommunityFixes] Patch DragCubeLoadException applied.
[LOG 18:45:17.699] [KSPCommunityFixes] Patch DoubleCurvePreserveTangents applied.
[LOG 18:45:17.748] [KSPCommunityFixes] Patch DockingPortRotationDriftAndFixes applied.
[LOG 18:45:17.799] [KSPCommunityFixes] Patch DockingPortConserveMomentum applied.
[LOG 18:45:17.804] [KSPCommunityFixes] Patch DebugConsoleDontStealInput applied.
[LOG 18:45:17.809] [KSPCommunityFixes] Patch CorrectDragForFlags applied.
[LOG 18:45:17.810] [KSPCommunityFixes] Patch CometMiningNotRemovingMass applied.
[LOG 18:45:17.816] [KSPCommunityFixes] Patch ChutePhantomSymmetry applied.
[LOG 18:45:17.819] [KSPCommunityFixes] Patch CometSpawnerUniqueFlightId applied.
[LOG 18:45:17.820] [KSPCommunityFixes] Patch AsteroidSpawnerUniqueFlightId applied.
[LOG 18:45:17.821] [KSPCommunityFixes] Patch AsteroidInfiniteMining applied.
[LOG 18:45:17.835] [KSPCommunityFixes] Patch PersistentIConfigNode applied.
[LOG 18:45:17.835] [KSPCommunityFixes] Patch OnSymmetryFieldChanged not applied (not enabled in Settings.cfg)
[LOG 18:45:17.835] [KSPCommunityFixes] Patch ModUpgradePipeline not applied (not enabled in Settings.cfg)
[LOG 18:45:17.835] [KSPCommunityFixes] Patch KSPFieldEnumDesc not applied (not enabled in Settings.cfg)
[LOG 18:45:17.836] [KSPCommunityFixes] Patch EventProfilerMarkers not applied (not enabled in Settings.cfg)
[LOG 18:45:17.836] [KSPCommunityFixes] Patch DockingPortLockedEvents not applied (not enabled in Settings.cfg)
[LOG 18:45:17.839] [KSPCommunityFixes] Patch DepartmentHeadImage applied.
[LOG 18:45:17.851] [KSPCommunityFixes] Patch BaseFieldListUseFieldHost applied.
[LOG 18:45:17.882] [KSPCommunityFixes] Patch ResourceConverterPerf applied.
[LOG 18:45:17.892] [KSPCommunityFixes] Patch ProgressTrackingSpeedBoost applied.
[LOG 18:45:17.895] [KSPCommunityFixes] Patch PQSUpdateNoMemoryAlloc applied.
[LOG 18:45:17.895] [KSPCommunityFixes] Patch PQSOnlyStartOnce not applied (not enabled in Settings.cfg)
[LOG 18:45:17.906] [KSPCommunityFixes] Patch PQSCoroutineLeak applied.
[LOG 18:45:17.941] [KSPCommunityFixes] Patch PartSystemsFastUpdate applied.
[LOG 18:45:17.973] [KSPCommunityFixes] Patch PartParsingPerf applied.
[LOG 18:45:17.980] [KSPCommunityFixes] Patch EnginePlateAirstreamShieldedTopPart applied.
[LOG 18:45:17.992] [KSPCommunityFixes] Patch EVAConstructionMass applied.
[LOG 18:45:18.004] [KSPCommunityFixes] Patch EVAConstructionUninitializedInventory applied.
[LOG 18:45:18.013] [KSPCommunityFixes] Patch EVAKerbalRecovery applied.
[LOG 18:45:18.024] [KSPCommunityFixes] Patch TimeWarpOrbitShift applied.
[LOG 18:45:18.026] [KSPCommunityFixes] Patch TimeWarpBodyCollision applied.
[LOG 18:45:18.045] [KSPCommunityFixes] Patch ThumbnailSpotlight applied.
[LOG 18:45:18.051] [KSPCommunityFixes] Patch SymmetryReferenceOnDelete applied.
[LOG 18:45:18.051] [KSPCommunityFixes] Patch StrategyDuration not applied (not enabled in Settings.cfg)
[LOG 18:45:18.054] [KSPCommunityFixes] Patch StockAlarmDescPreserveLineBreak applied.
[LOG 18:45:18.083] [KSPCommunityFixes] Patch StickySplashedFixer applied.
[LOG 18:45:18.090] [KSPCommunityFixes] Patch ScatterDistribution applied.
[LOG 18:45:18.122] [KSPCommunityFixes] Patch RoboticsDrift applied.
[LOG 18:45:18.124] [KSPCommunityFixes] Patch RestoreMaxPhysicsDT applied.
[LOG 18:45:18.144] [KSPCommunityFixes] Patch RespawnDeadKerbals applied.
[LOG 18:45:18.149] [KSPCommunityFixes] Patch RescaledRoboticParts applied.
[LOG 18:45:18.152] [KSPCommunityFixes] Patch ReRootPreserveSurfaceAttach applied.
[LOG 18:45:18.177] [KSPCommunityFixes] Patch OptimizedModuleRaycasts applied.
[LOG 18:45:18.185] GetSubclassesOfParentClass: Found 1 types with ModuleInventoryPart parent in 9 assemblies.
[LOG 18:45:18.190] [KSPCommunityFixes] Patch RefundingOnRecovery applied.
[LOG 18:45:18.191] [KSPCommunityFixes] Patch PatchedConicEncounterFlickering applied.
[LOG 18:45:18.204] [KSPCommunityFixes] Patch PartListTooltipIconSpin applied.
[LOG 18:45:18.208] [KSPCommunityFixes] Patch PackedPartsRotation applied.
[LOG 18:45:18.223] [KSPCommunityFixes] Patch ModulePartVariantsNodePersistence applied.
[LOG 18:45:18.226] [KSPCommunityFixes] Patch ModuleAnimateGenericCrewModSpawnIVA applied.
[LOG 18:45:18.228] [KSPCommunityFixes] Patch ModuleActiveRadiatorNoParentException applied.
[LOG 18:45:18.231] [KSPCommunityFixes] Patch MapTargetBodyWithEncounter applied.
[LOG 18:45:18.234] [KSPCommunityFixes] Patch LostSoundAfterSceneSwitch applied.
[LOG 18:45:18.243] [KSPCommunityFixes] Patch LadderToggleableLight applied.
[LOG 18:45:18.260] [KSPCommunityFixes] Patch InventoryPartMass applied.
[LOG 18:45:18.268] [KSPCommunityFixes] Patch HarvesterECConsumption applied.
[LOG 18:45:18.269] [KSPCommunityFixes] Patch FixGetUnivseralTime applied.
[LOG 18:45:18.285] [KSPCommunityFixes] Patch ExtendedDeployableParts applied.
[LOG 18:45:18.287] [KSPCommunityFixes] Patch PropellantFlowDescription applied.
[LOG 18:45:18.324] [KSPCommunityFixes] Patch OptimisedVectorLines applied.
[LOG 18:45:18.332] [KSPCommunityFixes] Patch ModuleDockingNodeFindOtherNodesFaster applied.
[LOG 18:45:18.337] [KSPCommunityFixes] Patch ModuleColorChangerOptimization applied.
[LOG 18:45:18.345] [KSPCommunityFixes] Patch AutoSavedCraftNameAtLaunch applied.
[LOG 18:45:18.374] [KSPCommunityFixes] Patch PAWCollapsedInventories applied.
[LOG 18:45:18.378] [KSPCommunityFixes] Patch UIFloatEditNumericInput applied.
[LOG 18:45:18.406] [KSPCommunityFixes] Patch PAWStockGroups applied.
[LOG 18:45:18.418] [KSPCommunityFixes] Patch AltimeterHorizontalPosition applied.
[LOG 18:45:18.427] [KSPCommunityFixes] Patch SceneLoadSpeedBoost applied.
[LOG 18:45:18.471] [KSPCommunityFixes] Patch OnDemandPartBuoyancy applied.
[LOG 18:45:18.473] [KSPCommunityFixes] Patch ForceSyncSceneSwitch applied.
[LOG 18:45:18.473] [KSPCommunityFixes] Patch FewerSaves not applied (not enabled in Settings.cfg)
[LOG 18:45:18.474] [KSPCommunityFixes] Patch WheelInertiaLimit applied.
[LOG 18:45:18.474] [KSPCommunityFixes] Patch StockAlarmCustomFormatterDate isn't applicable to this KSP version.
[LOG 18:45:18.482] [KSPCommunityFixes] Patch ROCValidationOOR applied.
[LOG 18:45:18.486] [KSPCommunityFixes] Patch ZeroCostTechNodes applied.
[LOG 18:45:18.487] [KSPCommunityFixes] Patch ReactionWheelsPotentialTorque applied.
[LOG 18:45:18.493] [KSPCommunityFixes] Patch PAWGroupMemory applied.
[LOG 18:45:18.538] [KSPCommunityFixes] Patch PartStartStability applied.
[LOG 18:45:18.546] [KSPCommunityFixes] Patch PartBoundsIgnoreDisabledTransforms applied.
[LOG 18:45:18.611] [KSPCommunityFixes] Patch ModuleIndexingMismatch applied.
[LOG 18:45:18.617] [KSPCommunityFixes] Patch MapSOCorrectWrapping applied.
[LOG 18:45:18.618] [KSPCommunityFixes] Patch KerbalTooltipMaxSustainedG applied.
[LOG 18:45:18.621] [KSPCommunityFixes] Patch KerbalInventoryPersistence applied.
[LOG 18:45:18.621] [KSPCommunityFixes] Patch FlightSceneLoadKraken not applied (not enabled in Settings.cfg)
[LOG 18:45:18.624] [KSPCommunityFixes] Patch FIUpdateRadiation applied.
[LOG 18:45:18.627] [KSPCommunityFixes] Patch FastAndFixedEnumExtensions applied.
[LOG 18:45:18.671] [KSPCommunityFixes] Patch DeltaVHideWhenDisabled applied.
[LOG 18:45:18.676] [KSPCommunityFixes] Patch BlockMapViewPartClick applied.
[LOG 18:45:18.680] [KSPCommunityFixes] Patch PAWItemsOrder applied.
[LOG 18:45:18.742] [KSPCommunityFixes] Patch BetterEditorUndoRedo applied.
[LOG 18:45:18.755] [KSPCommunityFixes] Patch AutostrutActions applied.
[LOG 18:45:18.755] [KSPCommunityFixes] Patch DisableNewGameIntro not applied (not enabled in Settings.cfg)
[LOG 18:45:18.792] [KSPCommunityFixes] Patch MinorPerfTweaks applied.
[LOG 18:45:18.900] [KSPCommunityFixes] Patch MemoryLeaks applied.
[LOG 18:45:18.908] [KSPCommunityFixes] Patch LowerMinPhysicsDTPerFrame applied.
[LOG 18:45:18.913] [KSPCommunityFixes] Patch LocalizerPerf applied.
[LOG 18:45:18.916] [KSPCommunityFixes] Patch IMGUIOptimization applied.
[LOG 18:45:18.935] [KSPCommunityFixes] Patch FloatingOriginPerf applied.
[LOG 18:45:19.006] [KSPCommunityFixes] Patch FlightIntegratorPerf applied.
[LOG 18:45:19.012] [KSPCommunityFixes] Patch FasterPartFindTransform applied.
[LOG 18:45:19.028] [KSPCommunityFixes] Patch FasterEditorPartList applied.
[LOG 18:45:19.030] [KSPCommunityFixes] Patch ExpansionBundlePreload applied.
[LOG 18:45:19.044] [KSPCommunityFixes] Patch DragCubeGeneration applied.
[LOG 18:45:19.049] [KSPCommunityFixes] Patch DisableMapUpdateInFlight applied.
[LOG 18:45:19.050] [KSPCommunityFixes] Patch DisableHiddenPortraits applied.
[LOG 18:45:19.052] [KSPCommunityFixes] Patch DisableManeuverTool applied.
[LOG 18:45:19.078] [KSPCommunityFixes] Patch CraftBrowserOptimisations applied.
[LOG 18:45:19.081] [KSPCommunityFixes] Patch CommNetThrottling applied.
[LOG 18:45:19.086] [KSPCommunityFixes] Patch FairingMouseOverPersistence applied.
[LOG 18:45:19.106] [KSPCommunityFixes] Patch OptionalMakingHistoryDLCFeatures applied.
[LOG 18:45:19.110] [KSPCommunityFixes] Patch ResourceLockActions applied.
[LOG 18:45:19.119] [KSPCommunityFixes] Patch ShowContractFinishDates applied.
[LOG 18:45:19.130] [KSPCommunityFixes] Patch TargetParentBody applied.
[LOG 18:45:19.155] [KSPCommunityFixes] Patch ToolbarShowHide applied.
[LOG 18:45:19.158] [KSPCommunityFixes] Patch ContractProgressEnumCache applied.
[LOG 18:45:19.183] [KSPCommunityFixes] Patch ActiveRadiatorPerf applied.
[LOG 18:45:19.188] [KSPCommunityFixes] Patch CargoBayPerf applied.
[LOG 18:45:19.198] [KSPCommunityFixes] Patch CollisionEnhancerFastUpdate applied.
[LOG 18:45:19.204] [KSPCommunityFixes] Patch CollisionManagerFastUpdate applied.
[LOG 18:45:19.209] [KSPCommunityFixes] Patch AsteroidAndCometDrillCache applied.
[LOG 18:45:19.223] [KSPCommunityFixes] Patch TweakableWheelsAutostrut applied.
[LOG 18:45:19.257] [KSPCommunityFixes] Patch PatchSettings applied.
[LOG 18:45:19.307] [KSPCommunityFixes] Patch UpgradeBugs applied.
[LOG 18:45:19.307] [KSPCommunityFixes] Patch PartTooltipUpgradesApplyToSubstituteParts not applied (not enabled in Settings.cfg)
[LOG 18:45:19.386] [ModuleManager] Calling ConfigNodePerf.ModuleManagerPostLoad()
[LOG 18:45:19.387] [ModuleManager] Post patch ran in 1.735s
[LOG 18:45:19.411] PartLoader: Creating part database
[LOG 18:45:19.412] PartLoader: Compiling Part 'Squad/Parts/Aero/aerodynamicNoseCone/aerodynamicNoseCone/noseCone'
[LOG 18:45:19.435] EffectList: Created 15 effect types
[LOG 18:45:19.536] PartLoader: Part 'Squad/Parts/Aero/aerodynamicNoseCone/aerodynamicNoseCone/noseCone' has no database record. Creating.
[LOG 18:45:19.536] [DragCubeSystem]: Drag cubes not found or cannot be read for part Part. Generating New drag cubes.
[LOG 18:45:19.537] [KSPCF/DragCubeGeneration] Creating drag cubes for part 'noseCone'
[LOG 18:45:19.588] PartLoader: Compiling Part 'Squad/Parts/Aero/airbrake/Airbrake/airbrake1'
[LOG 18:45:19.618] PartLoader: Part 'Squad/Parts/Aero/airbrake/Airbrake/airbrake1' has no database record. Creating.
[LOG 18:45:19.618] [DragCubeSystem]: Drag cubes not found or cannot be read for part Part. Generating New drag cubes.
[LOG 18:45:19.619] [KSPCF/DragCubeGeneration] Creating drag cubes for part 'airbrake1'
[LOG 18:45:19.662] PartLoader: Compiling Part 'Squad/Parts/Aero/airIntakeRadialXM-G50/airIntakeRadialXM-G50/airScoop'
[LOG 18:45:19.689] PartLoader: Part 'Squad/Parts/Aero/airIntakeRadialXM-G50/airIntakeRadialXM-G50/airScoop' has no database record. Creating.
[LOG 18:45:19.689] [DragCubeSystem]: Drag cubes not found or cannot be read for part Part. Generating New drag cubes.
[LOG 18:45:19.689] [KSPCF/DragCubeGeneration] Creating drag cubes for part 'airScoop'
[LOG 18:45:19.699] PartLoader: Compiling Part 'Squad/Parts/Aero/airlinerWings/ControlSurface/airlinerCtrlSrf'
[LOG 18:45:19.716] PartLoader: Part 'Squad/Parts/Aero/airlinerWings/ControlSurface/airlinerCtrlSrf' has no database record. Creating.
[LOG 18:45:19.716] [DragCubeSystem]: Drag cubes not found or cannot be read for part Part. Generating New drag cubes.
[LOG 18:45:19.716] [KSPCF/DragCubeGeneration] Creating drag cubes for part 'airlinerCtrlSrf'
[LOG 18:45:19.745] PartLoader: Compiling Part 'Squad/Parts/Aero/airlinerWings/MainWing/airlinerMainWing'
[LOG 18:45:19.755] PartLoader: Part 'Squad/Parts/Aero/airlinerWings/MainWing/airlinerMainWing' has no database record. Creating.
[LOG 18:45:19.755] [DragCubeSystem]: Drag cubes not found or cannot be read for part Part. Generating New drag cubes.
[LOG 18:45:19.755] [KSPCF/DragCubeGeneration] Creating drag cubes for part 'airlinerMainWing'
[LOG 18:45:19.760] PartLoader: Compiling Part 'Squad/Parts/Aero/airlinerWings/TailFin/airlinerTailFin'
[LOG 18:45:19.777] PartLoader: Part 'Squad/Parts/Aero/airlinerWings/TailFin/airlinerTailFin' has no database record. Creating.
[LOG 18:45:19.777] [DragCubeSystem]: Drag cubes not found or cannot be read for part Part. Generating New drag cubes.
[LOG 18:45:19.777] [KSPCF/DragCubeGeneration] Creating drag cubes for part 'airlinerTailFin'
[LOG 18:45:19.806] PartLoader: Compiling Part 'Squad/Parts/Aero/airplaneFins/advancedCanard/AdvancedCanard'
[LOG 18:45:19.813] PartLoader: Part 'Squad/Parts/Aero/airplaneFins/advancedCanard/AdvancedCanard' has no database record. Creating.
[LOG 18:45:19.813] [DragCubeSystem]: Drag cubes not found or cannot be read for part Part. Generating New drag cubes.
[LOG 18:45:19.813] [KSPCF/DragCubeGeneration] Creating drag cubes for part 'AdvancedCanard'
[LOG 18:45:19.851] PartLoader: Compiling Part 'Squad/Parts/Aero/airplaneFins/standardCanard/CanardController'
[LOG 18:45:19.856] PartLoader: Part 'Squad/Parts/Aero/airplaneFins/standardCanard/CanardController' has no database record. Creating.
[LOG 18:45:19.856] [DragCubeSystem]: Drag cubes not found or cannot be read for part Part. Generating New drag cubes.
[LOG 18:45:19.856] [KSPCF/DragCubeGeneration] Creating drag cubes for part 'CanardController'
[LOG 18:45:19.873] PartLoader: Compiling Part 'Squad/Parts/Aero/airplaneFins/sweptWing/sweptWing'
[LOG 18:45:19.877] PartLoader: Part 'Squad/Parts/Aero/airplaneFins/sweptWing/sweptWing' has no database record. Creating.
[LOG 18:45:19.878] [DragCubeSystem]: Drag cubes not found or cannot be read for part Part. Generating New drag cubes.
[LOG 18:45:19.878] [KSPCF/DragCubeGeneration] Creating drag cubes for part 'sweptWing'
[LOG 18:45:19.882] PartLoader: Compiling Part 'Squad/Parts/Aero/airplaneFins/tailfin/tailfin'
[LOG 18:45:19.888] PartLoader: Part 'Squad/Parts/Aero/airplaneFins/tailfin/tailfin' has no database record. Creating.
[LOG 18:45:19.888] [DragCubeSystem]: Drag cubes not found or cannot be read for part Part. Generating New drag cubes.
[LOG 18:45:19.888] [KSPCF/DragCubeGeneration] Creating drag cubes for part 'tailfin'
[LOG 18:45:19.907] PartLoader: Compiling Part 'Squad/Parts/Aero/basicFin/basicFin/basicFin'
[LOG 18:45:19.911] PartLoader: Part 'Squad/Parts/Aero/basicFin/basicFin/basicFin' has no database record. Creating.
[LOG 18:45:19.911] [DragCubeSystem]: Drag cubes not found or cannot be read for part Part. Generating New drag cubes.
[LOG 18:45:19.911] [KSPCF/DragCubeGeneration] Creating drag cubes for part 'basicFin'
[LOG 18:45:19.918] PartLoader: Compiling Part 'Squad/Parts/Aero/circularIntake/circularIntake/CircularIntake'
[LOG 18:45:19.928] PartLoader: Part 'Squad/Parts/Aero/circularIntake/circularIntake/CircularIntake' has no database record. Creating.
[LOG 18:45:19.929] PartLoader: Compiling Part 'Squad/Parts/Aero/circularIntake/intakeShockCone/shockConeIntake'
[LOG 18:45:19.934] PartLoader: Part 'Squad/Parts/Aero/circularIntake/intakeShockCone/shockConeIntake' has no database record. Creating.
[LOG 18:45:19.935] PartLoader: Compiling Part 'Squad/Parts/Aero/cones/avionicsNoseCone/avionicsNoseCone'
[LOG 18:45:19.949] PartLoader: Part 'Squad/Parts/Aero/cones/avionicsNoseCone/avionicsNoseCone' has no database record. Creating.
[LOG 18:45:19.949] [DragCubeSystem]: Drag cubes not found or cannot be read for part Part. Generating New drag cubes.
[LOG 18:45:19.949] [KSPCF/DragCubeGeneration] Creating drag cubes for part 'avionicsNoseCone'
[LOG 18:45:19.957] PartLoader: Compiling Part 'Squad/Parts/Aero/cones/ConeA/pointyNoseConeA'
[LOG 18:45:19.962] PartLoader: Part 'Squad/Parts/Aero/cones/ConeA/pointyNoseConeA' has no database record. Creating.
[LOG 18:45:19.963] [DragCubeSystem]: Drag cubes not found or cannot be read for part Part. Generating New drag cubes.
[LOG 18:45:19.963] [KSPCF/DragCubeGeneration] Creating drag cubes for part 'pointyNoseConeA'
[LOG 18:45:19.968] PartLoader: Compiling Part 'Squad/Parts/Aero/cones/ConeB/pointyNoseConeB'
[LOG 18:45:19.973] PartLoader: Part 'Squad/Parts/Aero/cones/ConeB/pointyNoseConeB' has no database record. Creating.
[LOG 18:45:19.973] [DragCubeSystem]: Drag cubes not found or cannot be read for part Part. Generating New drag cubes.
[LOG 18:45:19.973] [KSPCF/DragCubeGeneration] Creating drag cubes for part 'pointyNoseConeB'
[LOG 18:45:19.978] PartLoader: Compiling Part 'Squad/Parts/Aero/cones/noseConeAdapter/noseConeAdapter'
[LOG 18:45:19.985] PartLoader: Part 'Squad/Parts/Aero/cones/noseConeAdapter/noseConeAdapter' has no database record. Creating.
[LOG 18:45:19.985] [DragCubeSystem]: Drag cubes not found or cannot be read for part Part. Generating New drag cubes.
[LOG 18:45:19.985] [KSPCF/DragCubeGeneration] Creating drag cubes for part 'noseConeAdapter'
[LOG 18:45:19.990] PartLoader: Compiling Part 'Squad/Parts/Aero/cones/protectiveRocketNoseMk7_v2/rocketNoseCone_v2'
[LOG 18:45:19.995] PartLoader: Part 'Squad/Parts/Aero/cones/protectiveRocketNoseMk7_v2/rocketNoseCone_v2' has no database record. Creating.
[LOG 18:45:19.995] [DragCubeSystem]: Drag cubes not found or cannot be read for part Part. Generating New drag cubes.
[LOG 18:45:19.995] [KSPCF/DragCubeGeneration] Creating drag cubes for part 'rocketNoseCone.v2'
[LOG 18:45:20.001] PartLoader: Compiling Part 'Squad/Parts/Aero/cones/protectiveRocketNoseMk7_v3/rocketNoseCone_v3'
[LOG 18:45:20.006] PartLoader: Part 'Squad/Parts/Aero/cones/protectiveRocketNoseMk7_v3/rocketNoseCone_v3' has no database record. Creating.
[LOG 18:45:20.006] [DragCubeSystem]: Drag cubes not found or cannot be read for part Part. Generating New drag cubes.
[LOG 18:45:20.006] [KSPCF/DragCubeGeneration] Creating drag cubes for part 'rocketNoseCone.v3'
[LOG 18:45:20.011] PartLoader: Compiling Part 'Squad/Parts/Aero/cones/rocketNoseCone_size3/rocketNoseConeSize3'
[LOG 18:45:20.016] PartLoader: Part 'Squad/Parts/Aero/cones/rocketNoseCone_size3/rocketNoseConeSize3' has no database record. Creating.
[LOG 18:45:20.016] [DragCubeSystem]: Drag cubes not found or cannot be read for part Part. Generating New drag cubes.
[LOG 18:45:20.016] [KSPCF/DragCubeGeneration] Creating drag cubes for part 'rocketNoseConeSize3'
[LOG 18:45:20.022] PartLoader: Compiling Part 'Squad/Parts/Aero/cones/smallNoseCone/standardNoseCone'
[LOG 18:45:20.026] PartLoader: Part 'Squad/Parts/Aero/cones/smallNoseCone/standardNoseCone' has no database record. Creating.
[LOG 18:45:20.026] [DragCubeSystem]: Drag cubes not found or cannot be read for part Part. Generating New drag cubes.
[LOG 18:45:20.027] [KSPCF/DragCubeGeneration] Creating drag cubes for part 'standardNoseCone'
[LOG 18:45:20.032] PartLoader: Compiling Part 'Squad/Parts/Aero/cones/tailConnectorA/airplaneTail'
[LOG 18:45:20.039] PartLoader: Part 'Squad/Parts/Aero/cones/tailConnectorA/airplaneTail' has no database record. Creating.
[LOG 18:45:20.039] [DragCubeSystem]: Drag cubes not found or cannot be read for part Part. Generating New drag cubes.
[LOG 18:45:20.039] [KSPCF/DragCubeGeneration] Creating drag cubes for part 'airplaneTail'
[LOG 18:45:20.043] PartLoader: Compiling Part 'Squad/Parts/Aero/cones/tailConnectorB/airplaneTailB'
[LOG 18:45:20.047] PartLoader: Part 'Squad/Parts/Aero/cones/tailConnectorB/airplaneTailB' has no database record. Creating.
[LOG 18:45:20.047] [DragCubeSystem]: Drag cubes not found or cannot be read for part Part. Generating New drag cubes.
[LOG 18:45:20.047] [KSPCF/DragCubeGeneration] Creating drag cubes for part 'airplaneTailB'
[LOG 18:45:20.052] PartLoader: Compiling Part 'Squad/Parts/Aero/fairings/fairingSize1/fairingSize1'
[LOG 18:45:20.086] PartLoader: Part 'Squad/Parts/Aero/fairings/fairingSize1/fairingSize1' has no database record. Creating.
[LOG 18:45:20.087] [DragCubeSystem]: Drag cubes not found or cannot be read for part Part. Generating New drag cubes.
[LOG 18:45:20.087] [KSPCF/DragCubeGeneration] Creating drag cubes for part 'fairingSize1'
[LOG 18:45:20.092] PartLoader: Compiling Part 'Squad/Parts/Aero/fairings/fairingSize2/fairingSize2'
[LOG 18:45:20.107] PartLoader: Part 'Squad/Parts/Aero/fairings/fairingSize2/fairingSize2' has no database record. Creating.
[LOG 18:45:20.107] [DragCubeSystem]: Drag cubes not found or cannot be read for part Part. Generating New drag cubes.
[LOG 18:45:20.107] [KSPCF/DragCubeGeneration] Creating drag cubes for part 'fairingSize2'
[LOG 18:45:20.112] PartLoader: Compiling Part 'Squad/Parts/Aero/fairings/fairingSize3/fairingSize3'
[LOG 18:45:20.127] PartLoader: Part 'Squad/Parts/Aero/fairings/fairingSize3/fairingSize3' has no database record. Creating.
[LOG 18:45:20.127] [DragCubeSystem]: Drag cubes not found or cannot be read for part Part. Generating New drag cubes.
[LOG 18:45:20.127] [KSPCF/DragCubeGeneration] Creating drag cubes for part 'fairingSize3'
[LOG 18:45:20.132] PartLoader: Compiling Part 'Squad/Parts/Aero/HeatShield/HeatShield0/HeatShield0'
[LOG 18:45:20.152] PartLoader: Part 'Squad/Parts/Aero/HeatShield/HeatShield0/HeatShield0' has no database record. Creating.
[LOG 18:45:20.152] [DragCubeSystem]: Drag cubes not found or cannot be read for part Part. Generating New drag cubes.
[LOG 18:45:20.152] [KSPCF/DragCubeGeneration] Creating drag cubes for part 'HeatShield0'
[LOG 18:45:20.160] PartLoader: Compiling Part 'Squad/Parts/Aero/HeatShield/HeatShield1/HeatShield1'
[LOG 18:45:20.174] PartLoader: Part 'Squad/Parts/Aero/HeatShield/HeatShield1/HeatShield1' has no database record. Creating.
[LOG 18:45:20.174] [DragCubeSystem]: Drag cubes not found or cannot be read for part Part. Generating New drag cubes.
[LOG 18:45:20.174] [KSPCF/DragCubeGeneration] Creating drag cubes for part 'HeatShield1'
[LOG 18:45:20.190] PartLoader: Compiling Part 'Squad/Parts/Aero/HeatShield/HeatShield2/HeatShield2'
[LOG 18:45:20.201] PartLoader: Part 'Squad/Parts/Aero/HeatShield/HeatShield2/HeatShield2' has no database record. Creating.
[LOG 18:45:20.201] [DragCubeSystem]: Drag cubes not found or cannot be read for part Part. Generating New drag cubes.
[LOG 18:45:20.201] [KSPCF/DragCubeGeneration] Creating drag cubes for part 'HeatShield2'
[LOG 18:45:20.215] PartLoader: Compiling Part 'Squad/Parts/Aero/HeatShield/HeatShield3/HeatShield3'
[LOG 18:45:20.221] PartLoader: Part 'Squad/Parts/Aero/HeatShield/HeatShield3/HeatShield3' has no database record. Creating.
[LOG 18:45:20.221] [DragCubeSystem]: Drag cubes not found or cannot be read for part Part. Generating New drag cubes.
[LOG 18:45:20.221] [KSPCF/DragCubeGeneration] Creating drag cubes for part 'HeatShield3'
[LOG 18:45:20.234] PartLoader: Compiling Part 'Squad/Parts/Aero/InflatableHeatShield/HeatShield/InflatableHeatShield'
[LOG 18:45:20.247] PartLoader: Part 'Squad/Parts/Aero/InflatableHeatShield/HeatShield/InflatableHeatShield' has no database record. Creating.
[LOG 18:45:20.247] [DragCubeSystem]: Drag cubes not found or cannot be read for part Part. Generating New drag cubes.
[LOG 18:45:20.247] [KSPCF/DragCubeGeneration] Creating drag cubes for part 'InflatableHeatShield'
[LOG 18:45:20.262] PartLoader: Compiling Part 'Squad/Parts/Aero/intakeRadialLong/intakeRadialLong/IntakeRadialLong'
[LOG 18:45:20.266] PartLoader: Part 'Squad/Parts/Aero/intakeRadialLong/intakeRadialLong/IntakeRadialLong' has no database record. Creating.
[LOG 18:45:20.266] [DragCubeSystem]: Drag cubes not found or cannot be read for part Part. Generating New drag cubes.
[LOG 18:45:20.266] [KSPCF/DragCubeGeneration] Creating drag cubes for part 'IntakeRadialLong'
[LOG 18:45:20.271] PartLoader: Compiling Part 'Squad/Parts/Aero/miniIntake/SmallIntake/miniIntake'
[LOG 18:45:20.277] PartLoader: Part 'Squad/Parts/Aero/miniIntake/SmallIntake/miniIntake' has no database record. Creating.
[LOG 18:45:20.278] PartLoader: Compiling Part 'Squad/Parts/Aero/ramAirIntake/ramAirIntake/ramAirIntake'
[LOG 18:45:20.282] PartLoader: Part 'Squad/Parts/Aero/ramAirIntake/ramAirIntake/ramAirIntake' has no database record. Creating.
[LOG 18:45:20.283] PartLoader: Compiling Part 'Squad/Parts/Aero/shuttleWings/delta/wingShuttleDelta'
[LOG 18:45:20.286] PartLoader: Part 'Squad/Parts/Aero/shuttleWings/delta/wingShuttleDelta' has no database record. Creating.
[LOG 18:45:20.286] [DragCubeSystem]: Drag cubes not found or cannot be read for part Part. Generating New drag cubes.
[LOG 18:45:20.286] [KSPCF/DragCubeGeneration] Creating drag cubes for part 'wingShuttleDelta'
[LOG 18:45:20.290] PartLoader: Compiling Part 'Squad/Parts/Aero/shuttleWings/elevon1/wingShuttleElevon1'
[LOG 18:45:20.296] PartLoader: Part 'Squad/Parts/Aero/shuttleWings/elevon1/wingShuttleElevon1' has no database record. Creating.
[LOG 18:45:20.296] [DragCubeSystem]: Drag cubes not found or cannot be read for part Part. Generating New drag cubes.
[LOG 18:45:20.296] [KSPCF/DragCubeGeneration] Creating drag cubes for part 'wingShuttleElevon1'
[LOG 18:45:20.312] PartLoader: Compiling Part 'Squad/Parts/Aero/shuttleWings/elevon2/wingShuttleElevon2'
[LOG 18:45:20.318] PartLoader: Part 'Squad/Parts/Aero/shuttleWings/elevon2/wingShuttleElevon2' has no database record. Creating.
[LOG 18:45:20.318] [DragCubeSystem]: Drag cubes not found or cannot be read for part Part. Generating New drag cubes.
[LOG 18:45:20.318] [KSPCF/DragCubeGeneration] Creating drag cubes for part 'wingShuttleElevon2'
[LOG 18:45:20.335] PartLoader: Compiling Part 'Squad/Parts/Aero/shuttleWings/rudder/wingShuttleRudder'
[LOG 18:45:20.342] PartLoader: Part 'Squad/Parts/Aero/shuttleWings/rudder/wingShuttleRudder' has no database record. Creating.
[LOG 18:45:20.342] [DragCubeSystem]: Drag cubes not found or cannot be read for part Part. Generating New drag cubes.
[LOG 18:45:20.342] [KSPCF/DragCubeGeneration] Creating drag cubes for part 'wingShuttleRudder'
[LOG 18:45:20.357] PartLoader: Compiling Part 'Squad/Parts/Aero/shuttleWings/strake/wingShuttleStrake'
[LOG 18:45:20.363] PartLoader: Part 'Squad/Parts/Aero/shuttleWings/strake/wingShuttleStrake' has no database record. Creating.
[LOG 18:45:20.363] [DragCubeSystem]: Drag cubes not found or cannot be read for part Part. Generating New drag cubes.
[LOG 18:45:20.363] [KSPCF/DragCubeGeneration] Creating drag cubes for part 'wingShuttleStrake'
[LOG 18:45:20.368] PartLoader: Compiling Part 'Squad/Parts/Aero/wingletAV-R8/wingletAV-R8/R8winglet'
[LOG 18:45:20.375] PartLoader: Part 'Squad/Parts/Aero/wingletAV-R8/wingletAV-R8/R8winglet' has no database record. Creating.
[LOG 18:45:20.375] [DragCubeSystem]: Drag cubes not found or cannot be read for part Part. Generating New drag cubes.
[LOG 18:45:20.375] [KSPCF/DragCubeGeneration] Creating drag cubes for part 'R8winglet'
[LOG 18:45:20.391] PartLoader: Compiling Part 'Squad/Parts/Aero/wingletAV-T1/wingletAV-T1/winglet'
[LOG 18:45:20.395] PartLoader: Part 'Squad/Parts/Aero/wingletAV-T1/wingletAV-T1/winglet' has no database record. Creating.
[LOG 18:45:20.395] [DragCubeSystem]: Drag cubes not found or cannot be read for part Part. Generating New drag cubes.
[LOG 18:45:20.395] [KSPCF/DragCubeGeneration] Creating drag cubes for part 'winglet'
[LOG 18:45:20.400] PartLoader: Compiling Part 'Squad/Parts/Aero/wingletDeltaDeluxe/wingletDeltaDeluxe/winglet3'
[LOG 18:45:20.407] PartLoader: Part 'Squad/Parts/Aero/wingletDeltaDeluxe/wingletDeltaDeluxe/winglet3' has no database record. Creating.
[LOG 18:45:20.407] [DragCubeSystem]: Drag cubes not found or cannot be read for part Part. Generating New drag cubes.
[LOG 18:45:20.407] [KSPCF/DragCubeGeneration] Creating drag cubes for part 'winglet3'
[LOG 18:45:20.423] PartLoader: Compiling Part 'Squad/Parts/Aero/wings/connector1/wingConnector'
[LOG 18:45:20.429] PartLoader: Part 'Squad/Parts/Aero/wings/connector1/wingConnector' has no database record. Creating.
[LOG 18:45:20.429] [DragCubeSystem]: Drag cubes not found or cannot be read for part Part. Generating New drag cubes.
[LOG 18:45:20.429] [KSPCF/DragCubeGeneration] Creating drag cubes for part 'wingConnector'
[LOG 18:45:20.433] PartLoader: Compiling Part 'Squad/Parts/Aero/wings/connector2/wingConnector2'
[LOG 18:45:20.436] PartLoader: Part 'Squad/Parts/Aero/wings/connector2/wingConnector2' has no database record. Creating.
[LOG 18:45:20.436] [DragCubeSystem]: Drag cubes not found or cannot be read for part Part. Generating New drag cubes.
[LOG 18:45:20.436] [KSPCF/DragCubeGeneration] Creating drag cubes for part 'wingConnector2'
[LOG 18:45:20.440] PartLoader: Compiling Part 'Squad/Parts/Aero/wings/connector3/wingConnector3'
[LOG 18:45:20.445] PartLoader: Part 'Squad/Parts/Aero/wings/connector3/wingConnector3' has no database record. Creating.
[LOG 18:45:20.446] [DragCubeSystem]: Drag cubes not found or cannot be read for part Part. Generating New drag cubes.
[LOG 18:45:20.446] [KSPCF/DragCubeGeneration] Creating drag cubes for part 'wingConnector3'
[LOG 18:45:20.449] PartLoader: Compiling Part 'Squad/Parts/Aero/wings/connector4/wingConnector4'
[LOG 18:45:20.454] PartLoader: Part 'Squad/Parts/Aero/wings/connector4/wingConnector4' has no database record. Creating.
[LOG 18:45:20.455] [DragCubeSystem]: Drag cubes not found or cannot be read for part Part. Generating New drag cubes.
[LOG 18:45:20.455] [KSPCF/DragCubeGeneration] Creating drag cubes for part 'wingConnector4'
[LOG 18:45:20.459] PartLoader: Compiling Part 'Squad/Parts/Aero/wings/connector5/wingConnector5'
[LOG 18:45:20.463] PartLoader: Part 'Squad/Parts/Aero/wings/connector5/wingConnector5' has no database record. Creating.
[LOG 18:45:20.463] [DragCubeSystem]: Drag cubes not found or cannot be read for part Part. Generating New drag cubes.
[LOG 18:45:20.463] [KSPCF/DragCubeGeneration] Creating drag cubes for part 'wingConnector5'
[LOG 18:45:20.467] PartLoader: Compiling Part 'Squad/Parts/Aero/wings/delta/deltaWing'
[LOG 18:45:20.471] PartLoader: Part 'Squad/Parts/Aero/wings/delta/deltaWing' has no database record. Creating.
[LOG 18:45:20.471] [DragCubeSystem]: Drag cubes not found or cannot be read for part Part. Generating New drag cubes.
[LOG 18:45:20.471] [KSPCF/DragCubeGeneration] Creating drag cubes for part 'deltaWing'
[LOG 18:45:20.475] PartLoader: Compiling Part 'Squad/Parts/Aero/wings/delta_small/delta_small'
[LOG 18:45:20.481] PartLoader: Part 'Squad/Parts/Aero/wings/delta_small/delta_small' has no database record. Creating.
[LOG 18:45:20.481] [DragCubeSystem]: Drag cubes not found or cannot be read for part Part. Generating New drag cubes.
[LOG 18:45:20.481] [KSPCF/DragCubeGeneration] Creating drag cubes for part 'delta.small'
[LOG 18:45:20.485] PartLoader: Compiling Part 'Squad/Parts/Aero/wings/elevon1/StandardCtrlSrf'
[LOG 18:45:20.492] PartLoader: Part 'Squad/Parts/Aero/wings/elevon1/StandardCtrlSrf' has no database record. Creating.
[LOG 18:45:20.492] [DragCubeSystem]: Drag cubes not found or cannot be read for part Part. Generating New drag cubes.
[LOG 18:45:20.492] [KSPCF/DragCubeGeneration] Creating drag cubes for part 'StandardCtrlSrf'
[LOG 18:45:20.508] PartLoader: Compiling Part 'Squad/Parts/Aero/wings/elevon2/elevon2'
[LOG 18:45:20.516] PartLoader: Part 'Squad/Parts/Aero/wings/elevon2/elevon2' has no database record. Creating.
[LOG 18:45:20.516] [DragCubeSystem]: Drag cubes not found or cannot be read for part Part. Generating New drag cubes.
[LOG 18:45:20.516] [KSPCF/DragCubeGeneration] Creating drag cubes for part 'elevon2'
[LOG 18:45:20.532] PartLoader: Compiling Part 'Squad/Parts/Aero/wings/elevon3/elevon3'
[LOG 18:45:20.538] PartLoader: Part 'Squad/Parts/Aero/wings/elevon3/elevon3' has no database record. Creating.
[LOG 18:45:20.538] [DragCubeSystem]: Drag cubes not found or cannot be read for part Part. Generating New drag cubes.
[LOG 18:45:20.538] [KSPCF/DragCubeGeneration] Creating drag cubes for part 'elevon3'
[LOG 18:45:20.554] PartLoader: Compiling Part 'Squad/Parts/Aero/wings/elevon4/smallCtrlSrf'
[LOG 18:45:20.562] PartLoader: Part 'Squad/Parts/Aero/wings/elevon4/smallCtrlSrf' has no database record. Creating.
[LOG 18:45:20.562] [DragCubeSystem]: Drag cubes not found or cannot be read for part Part. Generating New drag cubes.
[LOG 18:45:20.562] [KSPCF/DragCubeGeneration] Creating drag cubes for part 'smallCtrlSrf'
[LOG 18:45:20.579] PartLoader: Compiling Part 'Squad/Parts/Aero/wings/elevon5/elevon5'
[LOG 18:45:20.585] PartLoader: Part 'Squad/Parts/Aero/wings/elevon5/elevon5' has no database record. Creating.
[LOG 18:45:20.585] [DragCubeSystem]: Drag cubes not found or cannot be read for part Part. Generating New drag cubes.
[LOG 18:45:20.585] [KSPCF/DragCubeGeneration] Creating drag cubes for part 'elevon5'
[LOG 18:45:20.601] PartLoader: Compiling Part 'Squad/Parts/Aero/wings/strake/wingStrake'
[LOG 18:45:20.605] PartLoader: Part 'Squad/Parts/Aero/wings/strake/wingStrake' has no database record. Creating.
[LOG 18:45:20.606] [DragCubeSystem]: Drag cubes not found or cannot be read for part Part. Generating New drag cubes.
[LOG 18:45:20.606] [KSPCF/DragCubeGeneration] Creating drag cubes for part 'wingStrake'
[LOG 18:45:20.610] PartLoader: Compiling Part 'Squad/Parts/Aero/wings/structural1/structuralWing'
[LOG 18:45:20.615] PartLoader: Part 'Squad/Parts/Aero/wings/structural1/structuralWing' has no database record. Creating.
[LOG 18:45:20.615] [DragCubeSystem]: Drag cubes not found or cannot be read for part Part. Generating New drag cubes.
[LOG 18:45:20.615] [KSPCF/DragCubeGeneration] Creating drag cubes for part 'structuralWing'
[LOG 18:45:20.619] PartLoader: Compiling Part 'Squad/Parts/Aero/wings/structural2/structuralWing2'
[LOG 18:45:20.622] PartLoader: Part 'Squad/Parts/Aero/wings/structural2/structuralWing2' has no database record. Creating.
[LOG 18:45:20.622] [DragCubeSystem]: Drag cubes not found or cannot be read for part Part. Generating New drag cubes.
[LOG 18:45:20.622] [KSPCF/DragCubeGeneration] Creating drag cubes for part 'structuralWing2'
[LOG 18:45:20.626] PartLoader: Compiling Part 'Squad/Parts/Aero/wings/structural3/structuralWing3'
[LOG 18:45:20.629] PartLoader: Part 'Squad/Parts/Aero/wings/structural3/structuralWing3' has no database record. Creating.
[LOG 18:45:20.629] [DragCubeSystem]: Drag cubes not found or cannot be read for part Part. Generating New drag cubes.
[LOG 18:45:20.629] [KSPCF/DragCubeGeneration] Creating drag cubes for part 'structuralWing3'
[LOG 18:45:20.634] PartLoader: Compiling Part 'Squad/Parts/Aero/wings/structural4/structuralWing4'
[LOG 18:45:20.637] PartLoader: Part 'Squad/Parts/Aero/wings/structural4/structuralWing4' has no database record. Creating.
[LOG 18:45:20.637] [DragCubeSystem]: Drag cubes not found or cannot be read for part Part. Generating New drag cubes.
[LOG 18:45:20.637] [KSPCF/DragCubeGeneration] Creating drag cubes for part 'structuralWing4'
[LOG 18:45:20.641] PartLoader: Compiling Part 'Squad/Parts/Aero/wings/swept1/sweptWing1'
[LOG 18:45:20.646] PartLoader: Part 'Squad/Parts/Aero/wings/swept1/sweptWing1' has no database record. Creating.
[LOG 18:45:20.646] [DragCubeSystem]: Drag cubes not found or cannot be read for part Part. Generating New drag cubes.
[LOG 18:45:20.646] [KSPCF/DragCubeGeneration] Creating drag cubes for part 'sweptWing1'
[LOG 18:45:20.650] PartLoader: Compiling Part 'Squad/Parts/Aero/wings/swept2/sweptWing2'
[LOG 18:45:20.654] PartLoader: Part 'Squad/Parts/Aero/wings/swept2/sweptWing2' has no database record. Creating.
[LOG 18:45:20.654] [DragCubeSystem]: Drag cubes not found or cannot be read for part Part. Generating New drag cubes.
[LOG 18:45:20.654] [KSPCF/DragCubeGeneration] Creating drag cubes for part 'sweptWing2'
[LOG 18:45:20.658] PartLoader: Compiling Part 'Squad/Parts/Cargo/CargoContainers/cargoContainer/cargoContainer'
[WRN 18:45:20.661] [Part]: Cannot have ModuleCargoPart and ModuleInventoryPart on same Part [cargoContainer'. Removed ModuleCargoPart
[LOG 18:45:20.669] PartLoader: Part 'Squad/Parts/Cargo/CargoContainers/cargoContainer/cargoContainer' has no database record. Creating.
[LOG 18:45:20.669] [DragCubeSystem]: Drag cubes not found or cannot be read for part Part. Generating New drag cubes.
[LOG 18:45:20.669] [KSPCF/DragCubeGeneration] Creating drag cubes for part 'cargoContainer'
[LOG 18:45:20.675] PartLoader: Compiling Part 'Squad/Parts/Cargo/CargoContainers/smallCargoContainer/smallCargoContainer'
[WRN 18:45:20.678] [Part]: Cannot have ModuleCargoPart and ModuleInventoryPart on same Part [smallCargoContainer'. Removed ModuleCargoPart
[LOG 18:45:20.681] PartLoader: Part 'Squad/Parts/Cargo/CargoContainers/smallCargoContainer/smallCargoContainer' has no database record. Creating.
[LOG 18:45:20.681] [DragCubeSystem]: Drag cubes not found or cannot be read for part Part. Generating New drag cubes.
[LOG 18:45:20.681] [KSPCF/DragCubeGeneration] Creating drag cubes for part 'smallCargoContainer'
[LOG 18:45:20.686] PartLoader: Compiling Part 'Squad/Parts/Cargo/Cylinder/Cylinder/evaCylinder'
[LOG 18:45:20.691] PartLoader: Part 'Squad/Parts/Cargo/Cylinder/Cylinder/evaCylinder' has no database record. Creating.
[LOG 18:45:20.691] [DragCubeSystem]: Drag cubes not found or cannot be read for part Part. Generating New drag cubes.
[LOG 18:45:20.691] [KSPCF/DragCubeGeneration] Creating drag cubes for part 'evaCylinder'
[LOG 18:45:20.696] PartLoader: Compiling Part 'Squad/Parts/Cargo/GroundAnchor/groundAnchor/groundAnchor'
[LOG 18:45:20.712] PartLoader: Part 'Squad/Parts/Cargo/GroundAnchor/groundAnchor/groundAnchor' has no database record. Creating.
[LOG 18:45:20.712] [DragCubeSystem]: Drag cubes not found or cannot be read for part Part. Generating New drag cubes.
[LOG 18:45:20.712] [KSPCF/DragCubeGeneration] Creating drag cubes for part 'groundAnchor'
[LOG 18:45:20.725] PartLoader: Compiling Part 'Squad/Parts/Cargo/Jetpack/Jetpack/evaJetpack'
[LOG 18:45:20.730] PartLoader: Part 'Squad/Parts/Cargo/Jetpack/Jetpack/evaJetpack' has no database record. Creating.
[LOG 18:45:20.730] [DragCubeSystem]: Drag cubes not found or cannot be read for part Part. Generating New drag cubes.
[LOG 18:45:20.730] [KSPCF/DragCubeGeneration] Creating drag cubes for part 'evaJetpack'
[LOG 18:45:20.735] PartLoader: Compiling Part 'Squad/Parts/Cargo/Parachute/Parachute/evaChute'
[LOG 18:45:20.739] PartLoader: Part 'Squad/Parts/Cargo/Parachute/Parachute/evaChute' has no database record. Creating.
[LOG 18:45:20.739] [DragCubeSystem]: Drag cubes not found or cannot be read for part Part. Generating New drag cubes.
[LOG 18:45:20.739] [KSPCF/DragCubeGeneration] Creating drag cubes for part 'evaChute'
[LOG 18:45:20.743] PartLoader: Compiling Part 'Squad/Parts/Cargo/RepairKit/RepairKit/evaRepairKit'
[LOG 18:45:20.747] PartLoader: Part 'Squad/Parts/Cargo/RepairKit/RepairKit/evaRepairKit' has no database record. Creating.
[LOG 18:45:20.747] [DragCubeSystem]: Drag cubes not found or cannot be read for part Part. Generating New drag cubes.
[LOG 18:45:20.747] [KSPCF/DragCubeGeneration] Creating drag cubes for part 'evaRepairKit'
[LOG 18:45:20.752] PartLoader: Compiling Part 'Squad/Parts/Cargo/ScienceKit/evaScienceKit/evaScienceKit'
[LOG 18:45:20.756] PartLoader: Part 'Squad/Parts/Cargo/ScienceKit/evaScienceKit/evaScienceKit' has no database record. Creating.
[LOG 18:45:20.756] [DragCubeSystem]: Drag cubes not found or cannot be read for part Part. Generating New drag cubes.
[LOG 18:45:20.757] [KSPCF/DragCubeGeneration] Creating drag cubes for part 'evaScienceKit'
[LOG 18:45:20.761] PartLoader: Compiling Part 'Squad/Parts/Cargo/StorageUnits/CargoStorageUnit/CargoStorageUnit'
[WRN 18:45:20.764] [Part]: Cannot have ModuleCargoPart and ModuleInventoryPart on same Part [CargoStorageUnit'. Removed ModuleCargoPart
[LOG 18:45:20.770] PartLoader: Part 'Squad/Parts/Cargo/StorageUnits/CargoStorageUnit/CargoStorageUnit' has no database record. Creating.
[LOG 18:45:20.770] [DragCubeSystem]: Drag cubes not found or cannot be read for part Part. Generating New drag cubes.
[LOG 18:45:20.770] [KSPCF/DragCubeGeneration] Creating drag cubes for part 'CargoStorageUnit'
[LOG 18:45:20.775] PartLoader: Compiling Part 'Squad/Parts/Cargo/StorageUnits/ConformalStorageUnit/ConformalStorageUnit'
[WRN 18:45:20.777] [Part]: Cannot have ModuleCargoPart and ModuleInventoryPart on same Part [ConformalStorageUnit'. Removed ModuleCargoPart
[LOG 18:45:20.780] PartLoader: Part 'Squad/Parts/Cargo/StorageUnits/ConformalStorageUnit/ConformalStorageUnit' has no database record. Creating.
[LOG 18:45:20.780] [DragCubeSystem]: Drag cubes not found or cannot be read for part Part. Generating New drag cubes.
[LOG 18:45:20.780] [KSPCF/DragCubeGeneration] Creating drag cubes for part 'ConformalStorageUnit'
[LOG 18:45:20.784] PartLoader: Compiling Part 'Squad/Parts/Command/advancedSasModuleLarge/advSasModuleLarge/asasmodule1-2'
[LOG 18:45:20.794] PartLoader: Part 'Squad/Parts/Command/advancedSasModuleLarge/advSasModuleLarge/asasmodule1-2' has no database record. Creating.
[LOG 18:45:20.795] PartLoader: Compiling Part 'Squad/Parts/Command/cupola/cupola/cupola'
[LOG 18:45:20.834] PartLoader: Part 'Squad/Parts/Command/cupola/cupola/cupola' has no database record. Creating.
[LOG 18:45:20.834] [DragCubeSystem]: Drag cubes not found or cannot be read for part Part. Generating New drag cubes.
[LOG 18:45:20.834] [KSPCF/DragCubeGeneration] Creating drag cubes for part 'cupola'
[LOG 18:45:20.845] PartLoader: Compiling Part 'Squad/Parts/Command/externalCommandSeat/externalCommandSeat/seatExternalCmd'
[LOG 18:45:20.854] PartLoader: Part 'Squad/Parts/Command/externalCommandSeat/externalCommandSeat/seatExternalCmd' has no database record. Creating.
[LOG 18:45:20.854] [DragCubeSystem]: Drag cubes not found or cannot be read for part Part. Generating New drag cubes.
[LOG 18:45:20.854] [KSPCF/DragCubeGeneration] Creating drag cubes for part 'seatExternalCmd'
[LOG 18:45:20.859] PartLoader: Compiling Part 'Squad/Parts/Command/hitchhikerStorageContainer/hitchikerStorageContainer/crewCabin'
[LOG 18:45:20.868] PartLoader: Part 'Squad/Parts/Command/hitchhikerStorageContainer/hitchikerStorageContainer/crewCabin' has no database record. Creating.
[LOG 18:45:20.868] [DragCubeSystem]: Drag cubes not found or cannot be read for part Part. Generating New drag cubes.
[LOG 18:45:20.868] [KSPCF/DragCubeGeneration] Creating drag cubes for part 'crewCabin'
[LOG 18:45:20.873] PartLoader: Compiling Part 'Squad/Parts/Command/inlineAdvancedStabilizer/inlineAdvancedStabilizer/advSasModule'
[LOG 18:45:20.878] PartLoader: Part 'Squad/Parts/Command/inlineAdvancedStabilizer/inlineAdvancedStabilizer/advSasModule' has no database record. Creating.
[LOG 18:45:20.878] [DragCubeSystem]: Drag cubes not found or cannot be read for part Part. Generating New drag cubes.
[LOG 18:45:20.878] [KSPCF/DragCubeGeneration] Creating drag cubes for part 'advSasModule'
[LOG 18:45:20.883] PartLoader: Compiling Part 'Squad/Parts/Command/inlineReactionWheel/inlineReactionWheel/sasModule'
[LOG 18:45:20.888] PartLoader: Part 'Squad/Parts/Command/inlineReactionWheel/inlineReactionWheel/sasModule' has no database record. Creating.
[LOG 18:45:20.888] [DragCubeSystem]: Drag cubes not found or cannot be read for part Part. Generating New drag cubes.
[LOG 18:45:20.888] [KSPCF/DragCubeGeneration] Creating drag cubes for part 'sasModule'
[LOG 18:45:20.893] PartLoader: Compiling Part 'Squad/Parts/Command/Mk1-3Pod/mk1-3/mk1-3pod'
[LOG 18:45:20.930] PartLoader: Part 'Squad/Parts/Command/Mk1-3Pod/mk1-3/mk1-3pod' has no database record. Creating.
[LOG 18:45:20.930] [DragCubeSystem]: Drag cubes not found or cannot be read for part Part. Generating New drag cubes.
[LOG 18:45:20.930] [KSPCF/DragCubeGeneration] Creating drag cubes for part 'mk1-3pod'
[LOG 18:45:20.937] PartLoader: Compiling Part 'Squad/Parts/Command/mk1Cockpits/mk1Cockpit/Mark1Cockpit'
[WRN 18:45:20.941] [Part]: Cannot have ModuleCargoPart and ModuleInventoryPart on same Part [Mark1Cockpit'. Removed ModuleCargoPart
[LOG 18:45:20.944] PartLoader: Part 'Squad/Parts/Command/mk1Cockpits/mk1Cockpit/Mark1Cockpit' has no database record. Creating.
[LOG 18:45:20.944] [DragCubeSystem]: Drag cubes not found or cannot be read for part Part. Generating New drag cubes.
[LOG 18:45:20.944] [KSPCF/DragCubeGeneration] Creating drag cubes for part 'Mark1Cockpit'
[LOG 18:45:20.949] PartLoader: Compiling Part 'Squad/Parts/Command/mk1Cockpits/mk1CrewCabin/MK1CrewCabin'
[WRN 18:45:20.953] [Part]: Cannot have ModuleCargoPart and ModuleInventoryPart on same Part [MK1CrewCabin'. Removed ModuleCargoPart
[LOG 18:45:20.955] PartLoader: Part 'Squad/Parts/Command/mk1Cockpits/mk1CrewCabin/MK1CrewCabin' has no database record. Creating.
[LOG 18:45:20.955] [DragCubeSystem]: Drag cubes not found or cannot be read for part Part. Generating New drag cubes.
[LOG 18:45:20.955] [KSPCF/DragCubeGeneration] Creating drag cubes for part 'MK1CrewCabin'
[LOG 18:45:20.960] PartLoader: Compiling Part 'Squad/Parts/Command/mk1Cockpits/mk1InlineCockpit/Mark2Cockpit'
[WRN 18:45:20.963] [Part]: Cannot have ModuleCargoPart and ModuleInventoryPart on same Part [Mark2Cockpit'. Removed ModuleCargoPart
[LOG 18:45:20.967] PartLoader: Part 'Squad/Parts/Command/mk1Cockpits/mk1InlineCockpit/Mark2Cockpit' has no database record. Creating.
[LOG 18:45:20.967] [DragCubeSystem]: Drag cubes not found or cannot be read for part Part. Generating New drag cubes.
[LOG 18:45:20.967] [KSPCF/DragCubeGeneration] Creating drag cubes for part 'Mark2Cockpit'
[LOG 18:45:20.975] PartLoader: Compiling Part 'Squad/Parts/Command/mk1LanderCan/mk1LanderCan/landerCabinSmall'
[WRN 18:45:20.980] [Part]: Cannot have ModuleCargoPart and ModuleInventoryPart on same Part [landerCabinSmall'. Removed ModuleCargoPart
[LOG 18:45:20.984] PartLoader: Part 'Squad/Parts/Command/mk1LanderCan/mk1LanderCan/landerCabinSmall' has no database record. Creating.
[LOG 18:45:20.984] [DragCubeSystem]: Drag cubes not found or cannot be read for part Part. Generating New drag cubes.
[LOG 18:45:20.984] [KSPCF/DragCubeGeneration] Creating drag cubes for part 'landerCabinSmall'
[LOG 18:45:20.989] PartLoader: Compiling Part 'Squad/Parts/Command/mk1pod_v2/mk1Pod_v2/mk1pod_v2'
[WRN 18:45:20.994] [Part]: Cannot have ModuleCargoPart and ModuleInventoryPart on same Part [mk1pod.v2'. Removed ModuleCargoPart
[LOG 18:45:20.998] PartLoader: Part 'Squad/Parts/Command/mk1pod_v2/mk1Pod_v2/mk1pod_v2' has no database record. Creating.
[LOG 18:45:20.998] [DragCubeSystem]: Drag cubes not found or cannot be read for part Part. Generating New drag cubes.
[LOG 18:45:20.998] [KSPCF/DragCubeGeneration] Creating drag cubes for part 'mk1pod.v2'
[LOG 18:45:21.006] PartLoader: Compiling Part 'Squad/Parts/Command/mk2CockpitInline/mk2CockpitInline/mk2Cockpit_Inline'
[WRN 18:45:21.013] [Part]: Cannot have ModuleCargoPart and ModuleInventoryPart on same Part [mk2Cockpit.Inline'. Removed ModuleCargoPart
[LOG 18:45:21.018] PartLoader: Part 'Squad/Parts/Command/mk2CockpitInline/mk2CockpitInline/mk2Cockpit_Inline' has no database record. Creating.
[LOG 18:45:21.018] [DragCubeSystem]: Drag cubes not found or cannot be read for part Part. Generating New drag cubes.
[LOG 18:45:21.018] [KSPCF/DragCubeGeneration] Creating drag cubes for part 'mk2Cockpit.Inline'
[LOG 18:45:21.024] PartLoader: Compiling Part 'Squad/Parts/Command/mk2CockpitStandard/mk2CockpitStandard/mk2Cockpit_Standard'
[WRN 18:45:21.029] [Part]: Cannot have ModuleCargoPart and ModuleInventoryPart on same Part [mk2Cockpit.Standard'. Removed ModuleCargoPart
[LOG 18:45:21.038] PartLoader: Part 'Squad/Parts/Command/mk2CockpitStandard/mk2CockpitStandard/mk2Cockpit_Standard' has no database record. Creating.
[LOG 18:45:21.038] [DragCubeSystem]: Drag cubes not found or cannot be read for part Part. Generating New drag cubes.
[LOG 18:45:21.038] [KSPCF/DragCubeGeneration] Creating drag cubes for part 'mk2Cockpit.Standard'
[LOG 18:45:21.044] PartLoader: Compiling Part 'Squad/Parts/Command/mk2DroneCore/mk2Dronecore/mk2DroneCore'
[LOG 18:45:21.051] PartLoader: Part 'Squad/Parts/Command/mk2DroneCore/mk2Dronecore/mk2DroneCore' has no database record. Creating.
[LOG 18:45:21.052] PartLoader: Compiling Part 'Squad/Parts/Command/mk2LanderCan/mk2LanderCan/mk2LanderCabin'
[WRN 18:45:21.056] [Part]: Cannot have ModuleCargoPart and ModuleInventoryPart on same Part [mk2LanderCabin'. Removed ModuleCargoPart
[LOG 18:45:21.060] PartLoader: Part 'Squad/Parts/Command/mk2LanderCan/mk2LanderCan/mk2LanderCabin' has no database record. Creating.
[LOG 18:45:21.060] [DragCubeSystem]: Drag cubes not found or cannot be read for part Part. Generating New drag cubes.
[LOG 18:45:21.060] [KSPCF/DragCubeGeneration] Creating drag cubes for part 'mk2LanderCabin'
[LOG 18:45:21.067] PartLoader: Compiling Part 'Squad/Parts/Command/mk2LanderCan_v2/mk2LanderCan_v2/mk2LanderCabin_v2'
[WRN 18:45:21.075] [Part]: Cannot have ModuleCargoPart and ModuleInventoryPart on same Part [mk2LanderCabin.v2'. Removed ModuleCargoPart
[LOG 18:45:21.086] PartLoader: Part 'Squad/Parts/Command/mk2LanderCan_v2/mk2LanderCan_v2/mk2LanderCabin_v2' has no database record. Creating.
[LOG 18:45:21.086] [DragCubeSystem]: Drag cubes not found or cannot be read for part Part. Generating New drag cubes.
[LOG 18:45:21.087] [KSPCF/DragCubeGeneration] Creating drag cubes for part 'mk2LanderCabin.v2'
[LOG 18:45:21.095] PartLoader: Compiling Part 'Squad/Parts/Command/mk3CockpitShuttle/mk3CockpitShuttle/mk3Cockpit_Shuttle'
[LOG 18:45:21.108] PartLoader: Part 'Squad/Parts/Command/mk3CockpitShuttle/mk3CockpitShuttle/mk3Cockpit_Shuttle' has no database record. Creating.
[LOG 18:45:21.108] [DragCubeSystem]: Drag cubes not found or cannot be read for part Part. Generating New drag cubes.
[LOG 18:45:21.108] [KSPCF/DragCubeGeneration] Creating drag cubes for part 'mk3Cockpit.Shuttle'
[LOG 18:45:21.116] PartLoader: Compiling Part 'Squad/Parts/Command/MpoProbe/MpoProbe/MpoProbe'
[LOG 18:45:21.133] PartLoader: Part 'Squad/Parts/Command/MpoProbe/MpoProbe/MpoProbe' has no database record. Creating.
[LOG 18:45:21.133] [DragCubeSystem]: Drag cubes not found or cannot be read for part Part. Generating New drag cubes.
[LOG 18:45:21.133] [KSPCF/DragCubeGeneration] Creating drag cubes for part 'MpoProbe'
[LOG 18:45:21.140] PartLoader: Compiling Part 'Squad/Parts/Command/MtmStage/MTM_Stage/MtmStage'
[LOG 18:45:21.148] PartLoader: Part 'Squad/Parts/Command/MtmStage/MTM_Stage/MtmStage' has no database record. Creating.
[LOG 18:45:21.148] [DragCubeSystem]: Drag cubes not found or cannot be read for part Part. Generating New drag cubes.
[LOG 18:45:21.148] [KSPCF/DragCubeGeneration] Creating drag cubes for part 'MtmStage'
[LOG 18:45:21.156] PartLoader: Compiling Part 'Squad/Parts/Command/probeCoreCube/probeCoreCube/probeCoreCube'
[LOG 18:45:21.173] PartLoader: Part 'Squad/Parts/Command/probeCoreCube/probeCoreCube/probeCoreCube' has no database record. Creating.
[LOG 18:45:21.174] PartLoader: Compiling Part 'Squad/Parts/Command/probeCoreHex/probeCoreHex/probeCoreHex'
[LOG 18:45:21.179] PartLoader: Part 'Squad/Parts/Command/probeCoreHex/probeCoreHex/probeCoreHex' has no database record. Creating.
[LOG 18:45:21.180] [DragCubeSystem]: Drag cubes not found or cannot be read for part Part. Generating New drag cubes.
[LOG 18:45:21.180] [KSPCF/DragCubeGeneration] Creating drag cubes for part 'probeCoreHex'
[LOG 18:45:21.185] PartLoader: Compiling Part 'Squad/Parts/Command/probeCoreHex_v2/probeCoreHex_v2/probeCoreHex_v2'
[LOG 18:45:21.190] PartLoader: Part 'Squad/Parts/Command/probeCoreHex_v2/probeCoreHex_v2/probeCoreHex_v2' has no database record. Creating.
[LOG 18:45:21.190] [DragCubeSystem]: Drag cubes not found or cannot be read for part Part. Generating New drag cubes.
[LOG 18:45:21.190] [KSPCF/DragCubeGeneration] Creating drag cubes for part 'probeCoreHex.v2'
[LOG 18:45:21.194] PartLoader: Compiling Part 'Squad/Parts/Command/probeCoreOcto2_v2/probeCoreOcto2_v2/probeCoreOcto2_v2'
[LOG 18:45:21.202] PartLoader: Part 'Squad/Parts/Command/probeCoreOcto2_v2/probeCoreOcto2_v2/probeCoreOcto2_v2' has no database record. Creating.
[LOG 18:45:21.202] [DragCubeSystem]: Drag cubes not found or cannot be read for part Part. Generating New drag cubes.
[LOG 18:45:21.202] [KSPCF/DragCubeGeneration] Creating drag cubes for part 'probeCoreOcto2.v2'
[LOG 18:45:21.208] PartLoader: Compiling Part 'Squad/Parts/Command/probeCoreOcto_v2/probeCoreOcto_v2/probeCoreOcto_v2'
[LOG 18:45:21.216] PartLoader: Part 'Squad/Parts/Command/probeCoreOcto_v2/probeCoreOcto_v2/probeCoreOcto_v2' has no database record. Creating.
[LOG 18:45:21.216] [DragCubeSystem]: Drag cubes not found or cannot be read for part Part. Generating New drag cubes.
[LOG 18:45:21.216] [KSPCF/DragCubeGeneration] Creating drag cubes for part 'probeCoreOcto.v2'
[LOG 18:45:21.221] PartLoader: Compiling Part 'Squad/Parts/Command/probeRoverBody/probeRoverBody/roverBody'
[LOG 18:45:21.226] PartLoader: Part 'Squad/Parts/Command/probeRoverBody/probeRoverBody/roverBody' has no database record. Creating.
[LOG 18:45:21.226] [DragCubeSystem]: Drag cubes not found or cannot be read for part Part. Generating New drag cubes.
[LOG 18:45:21.226] [KSPCF/DragCubeGeneration] Creating drag cubes for part 'roverBody'
[LOG 18:45:21.231] PartLoader: Compiling Part 'Squad/Parts/Command/probeRoverBody_v2/probeRoverBody_v2/roverBody_v2'
[LOG 18:45:21.238] PartLoader: Part 'Squad/Parts/Command/probeRoverBody_v2/probeRoverBody_v2/roverBody_v2' has no database record. Creating.
[LOG 18:45:21.238] [DragCubeSystem]: Drag cubes not found or cannot be read for part Part. Generating New drag cubes.
[LOG 18:45:21.238] [KSPCF/DragCubeGeneration] Creating drag cubes for part 'roverBody.v2'
[LOG 18:45:21.256] PartLoader: Compiling Part 'Squad/Parts/Command/probeStackLarge/probeStackLarge/probeStackLarge'
[LOG 18:45:21.265] PartLoader: Part 'Squad/Parts/Command/probeStackLarge/probeStackLarge/probeStackLarge' has no database record. Creating.
[LOG 18:45:21.266] [DragCubeSystem]: Drag cubes not found or cannot be read for part Part. Generating New drag cubes.
[LOG 18:45:21.266] [KSPCF/DragCubeGeneration] Creating drag cubes for part 'probeStackLarge'
[LOG 18:45:21.270] PartLoader: Compiling Part 'Squad/Parts/Command/probeStackSmall/probeStackSmall/probeStackSmall'
[LOG 18:45:21.277] PartLoader: Part 'Squad/Parts/Command/probeStackSmall/probeStackSmall/probeStackSmall' has no database record. Creating.
[LOG 18:45:21.277] [DragCubeSystem]: Drag cubes not found or cannot be read for part Part. Generating New drag cubes.
[LOG 18:45:21.277] [KSPCF/DragCubeGeneration] Creating drag cubes for part 'probeStackSmall'
[LOG 18:45:21.282] PartLoader: Compiling Part 'Squad/Parts/Command/probeStackSphere_v2/probeStackSphere_v2/probeCoreSphere_v2'
[LOG 18:45:21.287] PartLoader: Part 'Squad/Parts/Command/probeStackSphere_v2/probeStackSphere_v2/probeCoreSphere_v2' has no database record. Creating.
[LOG 18:45:21.287] PartLoader: Compiling Part 'Squad/Parts/CompoundParts/FuelLine/fuelLine/fuelLine'
[LOG 18:45:21.313] PartLoader: Part 'Squad/Parts/CompoundParts/FuelLine/fuelLine/fuelLine' has no database record. Creating.
[LOG 18:45:21.313] [DragCubeSystem]: Drag cubes not found or cannot be read for part CompoundPart. Generating New drag cubes.
[LOG 18:45:21.313] [KSPCF/DragCubeGeneration] Creating drag cubes for part 'fuelLine'
[LOG 18:45:21.317] PartLoader: Compiling Part 'Squad/Parts/CompoundParts/strutConnector/strutConnector/strutConnector'
[LOG 18:45:21.324] PartLoader: Part 'Squad/Parts/CompoundParts/strutConnector/strutConnector/strutConnector' has no database record. Creating.
[LOG 18:45:21.324] [DragCubeSystem]: Drag cubes not found or cannot be read for part CompoundPart. Generating New drag cubes.
[LOG 18:45:21.324] [KSPCF/DragCubeGeneration] Creating drag cubes for part 'strutConnector'
[LOG 18:45:21.329] PartLoader: Compiling Part 'Squad/Parts/Coupling/Decoupler_0/Decoupler_0'
[LOG 18:45:21.343] PartLoader: Part 'Squad/Parts/Coupling/Decoupler_0/Decoupler_0' has no database record. Creating.
[LOG 18:45:21.344] PartLoader: Compiling Part 'Squad/Parts/Coupling/Decoupler_1/Decoupler_1'
[LOG 18:45:21.353] PartLoader: Part 'Squad/Parts/Coupling/Decoupler_1/Decoupler_1' has no database record. Creating.
[LOG 18:45:21.353] PartLoader: Compiling Part 'Squad/Parts/Coupling/Decoupler_2/Decoupler_2'
[LOG 18:45:21.362] PartLoader: Part 'Squad/Parts/Coupling/Decoupler_2/Decoupler_2' has no database record. Creating.
[LOG 18:45:21.362] PartLoader: Compiling Part 'Squad/Parts/Coupling/Decoupler_3/Decoupler_3'
[LOG 18:45:21.367] PartLoader: Part 'Squad/Parts/Coupling/Decoupler_3/Decoupler_3' has no database record. Creating.
[LOG 18:45:21.368] PartLoader: Compiling Part 'Squad/Parts/Coupling/Separator_0/Separator_0'
[LOG 18:45:21.373] PartLoader: Part 'Squad/Parts/Coupling/Separator_0/Separator_0' has no database record. Creating.
[LOG 18:45:21.373] PartLoader: Compiling Part 'Squad/Parts/Coupling/Separator_1/Separator_1'
[LOG 18:45:21.378] PartLoader: Part 'Squad/Parts/Coupling/Separator_1/Separator_1' has no database record. Creating.
[LOG 18:45:21.379] PartLoader: Compiling Part 'Squad/Parts/Coupling/Separator_2/Separator_2'
[LOG 18:45:21.384] PartLoader: Part 'Squad/Parts/Coupling/Separator_2/Separator_2' has no database record. Creating.
[LOG 18:45:21.384] PartLoader: Compiling Part 'Squad/Parts/Coupling/Separator_3/Separator_3'
[LOG 18:45:21.389] PartLoader: Part 'Squad/Parts/Coupling/Separator_3/Separator_3' has no database record. Creating.
[LOG 18:45:21.389] PartLoader: Compiling Part 'Squad/Parts/Electrical/10CSolarPanels/OX-10C/solarPanelOX10C'
[LOG 18:45:21.400] PartLoader: Part 'Squad/Parts/Electrical/10CSolarPanels/OX-10C/solarPanelOX10C' has no database record. Creating.
[LOG 18:45:21.400] [DragCubeSystem]: Drag cubes not found or cannot be read for part Part. Generating New drag cubes.
[LOG 18:45:21.400] [KSPCF/DragCubeGeneration] Creating drag cubes for part 'solarPanelOX10C'
[LOG 18:45:21.418] PartLoader: Compiling Part 'Squad/Parts/Electrical/10CSolarPanels/SP-10C/solarPanelSP10C'
[LOG 18:45:21.422] PartLoader: Part 'Squad/Parts/Electrical/10CSolarPanels/SP-10C/solarPanelSP10C' has no database record. Creating.
[LOG 18:45:21.422] [DragCubeSystem]: Drag cubes not found or cannot be read for part Part. Generating New drag cubes.
[LOG 18:45:21.422] [KSPCF/DragCubeGeneration] Creating drag cubes for part 'solarPanelSP10C'
[LOG 18:45:21.440] PartLoader: Compiling Part 'Squad/Parts/Electrical/10LSolarPanels/OX-10L/solarPanelOX10L'
[LOG 18:45:21.446] PartLoader: Part 'Squad/Parts/Electrical/10LSolarPanels/OX-10L/solarPanelOX10L' has no database record. Creating.
[LOG 18:45:21.446] [DragCubeSystem]: Drag cubes not found or cannot be read for part Part. Generating New drag cubes.
[LOG 18:45:21.446] [KSPCF/DragCubeGeneration] Creating drag cubes for part 'solarPanelOX10L'
[LOG 18:45:21.464] PartLoader: Compiling Part 'Squad/Parts/Electrical/10LSolarPanels/SP-10L/solarPanelSP10L'
[LOG 18:45:21.472] PartLoader: Part 'Squad/Parts/Electrical/10LSolarPanels/SP-10L/solarPanelSP10L' has no database record. Creating.
[LOG 18:45:21.472] [DragCubeSystem]: Drag cubes not found or cannot be read for part Part. Generating New drag cubes.
[LOG 18:45:21.472] [KSPCF/DragCubeGeneration] Creating drag cubes for part 'solarPanelSP10L'
[LOG 18:45:21.489] PartLoader: Compiling Part 'Squad/Parts/Electrical/1x6ShroudSolarPanels/1x6ShroudSolarPanels/solarPanels2'
[LOG 18:45:21.497] PartLoader: Part 'Squad/Parts/Electrical/1x6ShroudSolarPanels/1x6ShroudSolarPanels/solarPanels2' has no database record. Creating.
[LOG 18:45:21.497] [DragCubeSystem]: Drag cubes not found or cannot be read for part Part. Generating New drag cubes.
[LOG 18:45:21.497] [KSPCF/DragCubeGeneration] Creating drag cubes for part 'solarPanels2'
[LOG 18:45:21.512] PartLoader: Compiling Part 'Squad/Parts/Electrical/1x6SolarPanels/1x6SolarPanels/solarPanels4'
[LOG 18:45:21.516] PartLoader: Part 'Squad/Parts/Electrical/1x6SolarPanels/1x6SolarPanels/solarPanels4' has no database record. Creating.
[LOG 18:45:21.517] [DragCubeSystem]: Drag cubes not found or cannot be read for part Part. Generating New drag cubes.
[LOG 18:45:21.517] [KSPCF/DragCubeGeneration] Creating drag cubes for part 'solarPanels4'
[LOG 18:45:21.531] PartLoader: Compiling Part 'Squad/Parts/Electrical/3x2ShroudSolarPanels/3x2ShroudSolarPanels/solarPanels1'
[LOG 18:45:21.535] PartLoader: Part 'Squad/Parts/Electrical/3x2ShroudSolarPanels/3x2ShroudSolarPanels/solarPanels1' has no database record. Creating.
[LOG 18:45:21.535] [DragCubeSystem]: Drag cubes not found or cannot be read for part Part. Generating New drag cubes.
[LOG 18:45:21.535] [KSPCF/DragCubeGeneration] Creating drag cubes for part 'solarPanels1'
[LOG 18:45:21.550] PartLoader: Compiling Part 'Squad/Parts/Electrical/3x2SolarPanels/3x2SolarPanels/solarPanels3'
[LOG 18:45:21.555] PartLoader: Part 'Squad/Parts/Electrical/3x2SolarPanels/3x2SolarPanels/solarPanels3' has no database record. Creating.
[LOG 18:45:21.555] [DragCubeSystem]: Drag cubes not found or cannot be read for part Part. Generating New drag cubes.
[LOG 18:45:21.555] [KSPCF/DragCubeGeneration] Creating drag cubes for part 'solarPanels3'
[LOG 18:45:21.570] PartLoader: Compiling Part 'Squad/Parts/Electrical/gigantorXlSolarArray/gigantorXlSolarArray/largeSolarPanel'
[LOG 18:45:21.577] PartLoader: Part 'Squad/Parts/Electrical/gigantorXlSolarArray/gigantorXlSolarArray/largeSolarPanel' has no database record. Creating.
[LOG 18:45:21.577] [DragCubeSystem]: Drag cubes not found or cannot be read for part Part. Generating New drag cubes.
[LOG 18:45:21.577] [KSPCF/DragCubeGeneration] Creating drag cubes for part 'largeSolarPanel'
[LOG 18:45:21.592] PartLoader: Compiling Part 'Squad/Parts/Electrical/radialFlatSolarPanel/radialFlatSolarPanel/solarPanels5'
[LOG 18:45:21.598] PartLoader: Part 'Squad/Parts/Electrical/radialFlatSolarPanel/radialFlatSolarPanel/solarPanels5' has no database record. Creating.
[LOG 18:45:21.598] [DragCubeSystem]: Drag cubes not found or cannot be read for part Part. Generating New drag cubes.
[LOG 18:45:21.598] [KSPCF/DragCubeGeneration] Creating drag cubes for part 'solarPanels5'
[LOG 18:45:21.605] PartLoader: Compiling Part 'Squad/Parts/Electrical/RTG/RTG/rtg'
[LOG 18:45:21.616] PartLoader: Part 'Squad/Parts/Electrical/RTG/RTG/rtg' has no database record. Creating.
[LOG 18:45:21.616] [DragCubeSystem]: Drag cubes not found or cannot be read for part Part. Generating New drag cubes.
[LOG 18:45:21.616] [KSPCF/DragCubeGeneration] Creating drag cubes for part 'rtg'
[LOG 18:45:21.622] PartLoader: Compiling Part 'Squad/Parts/Electrical/z-100Battery/z-100Battery/batteryPack'
[LOG 18:45:21.626] PartLoader: Part 'Squad/Parts/Electrical/z-100Battery/z-100Battery/batteryPack' has no database record. Creating.
[LOG 18:45:21.626] [DragCubeSystem]: Drag cubes not found or cannot be read for part Part. Generating New drag cubes.
[LOG 18:45:21.626] [KSPCF/DragCubeGeneration] Creating drag cubes for part 'batteryPack'
[LOG 18:45:21.629] PartLoader: Compiling Part 'Squad/Parts/Electrical/z-1kBattery/z-1kBattery/batteryBank'
[LOG 18:45:21.633] PartLoader: Part 'Squad/Parts/Electrical/z-1kBattery/z-1kBattery/batteryBank' has no database record. Creating.
[LOG 18:45:21.633] [DragCubeSystem]: Drag cubes not found or cannot be read for part Part. Generating New drag cubes.
[LOG 18:45:21.633] [KSPCF/DragCubeGeneration] Creating drag cubes for part 'batteryBank'
[LOG 18:45:21.638] PartLoader: Compiling Part 'Squad/Parts/Electrical/z-200Battery/z-200Battery/batteryBankMini'
[LOG 18:45:21.642] PartLoader: Part 'Squad/Parts/Electrical/z-200Battery/z-200Battery/batteryBankMini' has no database record. Creating.
[LOG 18:45:21.642] [DragCubeSystem]: Drag cubes not found or cannot be read for part Part. Generating New drag cubes.
[LOG 18:45:21.642] [KSPCF/DragCubeGeneration] Creating drag cubes for part 'batteryBankMini'
[LOG 18:45:21.647] PartLoader: Compiling Part 'Squad/Parts/Electrical/z-400Battery/z-400Battery/ksp_r_largeBatteryPack'
[LOG 18:45:21.650] PartLoader: Part 'Squad/Parts/Electrical/z-400Battery/z-400Battery/ksp_r_largeBatteryPack' has no database record. Creating.
[LOG 18:45:21.650] [DragCubeSystem]: Drag cubes not found or cannot be read for part Part. Generating New drag cubes.
[LOG 18:45:21.650] [KSPCF/DragCubeGeneration] Creating drag cubes for part 'ksp.r.largeBatteryPack'
[LOG 18:45:21.654] PartLoader: Compiling Part 'Squad/Parts/Electrical/z-4kBattery/z-4kBattery/batteryBankLarge'
[LOG 18:45:21.657] PartLoader: Part 'Squad/Parts/Electrical/z-4kBattery/z-4kBattery/batteryBankLarge' has no database record. Creating.
[LOG 18:45:21.657] [DragCubeSystem]: Drag cubes not found or cannot be read for part Part. Generating New drag cubes.
[LOG 18:45:21.657] [KSPCF/DragCubeGeneration] Creating drag cubes for part 'batteryBankLarge'
[LOG 18:45:21.661] PartLoader: Compiling Part 'Squad/Parts/Engine/ionEngine/ionEngine/ionEngine'
[LOG 18:45:21.689] PartLoader: Part 'Squad/Parts/Engine/ionEngine/ionEngine/ionEngine' has no database record. Creating.
[LOG 18:45:21.689] [DragCubeSystem]: Drag cubes not found or cannot be read for part Part. Generating New drag cubes.
[LOG 18:45:21.689] [KSPCF/DragCubeGeneration] Creating drag cubes for part 'ionEngine'
[LOG 18:45:21.698] PartLoader: Compiling Part 'Squad/Parts/Engine/jetEngines/jetEngineAfterburning/turboJet'
[LOG 18:45:21.726] PartLoader: Part 'Squad/Parts/Engine/jetEngines/jetEngineAfterburning/turboJet' has no database record. Creating.
[LOG 18:45:21.727] [DragCubeSystem]: Drag cubes not found or cannot be read for part Part. Generating New drag cubes.
[LOG 18:45:21.727] [KSPCF/DragCubeGeneration] Creating drag cubes for part 'turboJet'
[LOG 18:45:21.736] PartLoader: Compiling Part 'Squad/Parts/Engine/jetEngines/jetEngineBasic/JetEngine'
[LOG 18:45:21.750] PartLoader: Part 'Squad/Parts/Engine/jetEngines/jetEngineBasic/JetEngine' has no database record. Creating.
[LOG 18:45:21.750] [DragCubeSystem]: Drag cubes not found or cannot be read for part Part. Generating New drag cubes.
[LOG 18:45:21.750] [KSPCF/DragCubeGeneration] Creating drag cubes for part 'JetEngine'
[LOG 18:45:21.763] PartLoader: Compiling Part 'Squad/Parts/Engine/jetEngines/jetEngineBig/turboFanSize2'
[LOG 18:45:21.774] PartLoader: Part 'Squad/Parts/Engine/jetEngines/jetEngineBig/turboFanSize2' has no database record. Creating.
[LOG 18:45:21.774] [DragCubeSystem]: Drag cubes not found or cannot be read for part Part. Generating New drag cubes.
[LOG 18:45:21.775] [KSPCF/DragCubeGeneration] Creating drag cubes for part 'turboFanSize2'
[LOG 18:45:21.790] PartLoader: Compiling Part 'Squad/Parts/Engine/jetEngines/jetEngineTurbo/turboFanEngine'
[LOG 18:45:21.801] PartLoader: Part 'Squad/Parts/Engine/jetEngines/jetEngineTurbo/turboFanEngine' has no database record. Creating.
[LOG 18:45:21.801] [DragCubeSystem]: Drag cubes not found or cannot be read for part Part. Generating New drag cubes.
[LOG 18:45:21.801] [KSPCF/DragCubeGeneration] Creating drag cubes for part 'turboFanEngine'
[LOG 18:45:21.807] PartLoader: Compiling Part 'Squad/Parts/Engine/liquidEngine24-77/liquidEngine24-77/smallRadialEngine'
[LOG 18:45:21.814] PartLoader: Part 'Squad/Parts/Engine/liquidEngine24-77/liquidEngine24-77/smallRadialEngine' has no database record. Creating.
[LOG 18:45:21.814] [DragCubeSystem]: Drag cubes not found or cannot be read for part Part. Generating New drag cubes.
[LOG 18:45:21.814] [KSPCF/DragCubeGeneration] Creating drag cubes for part 'smallRadialEngine'
[LOG 18:45:21.821] PartLoader: Compiling Part 'Squad/Parts/Engine/liquidEngine24-77_v2/liquidEngine24-77_v2/smallRadialEngine_v2'
[LOG 18:45:21.834] PartLoader: Part 'Squad/Parts/Engine/liquidEngine24-77_v2/liquidEngine24-77_v2/smallRadialEngine_v2' has no database record. Creating.
[LOG 18:45:21.834] [DragCubeSystem]: Drag cubes not found or cannot be read for part Part. Generating New drag cubes.
[LOG 18:45:21.834] [KSPCF/DragCubeGeneration] Creating drag cubes for part 'smallRadialEngine.v2'
[LOG 18:45:21.840] PartLoader: Compiling Part 'Squad/Parts/Engine/liquidEngine48-7S_v2/liquidEngine48-7S_v2/liquidEngineMini_v2'
[LOG 18:45:21.849] PartLoader: Part 'Squad/Parts/Engine/liquidEngine48-7S_v2/liquidEngine48-7S_v2/liquidEngineMini_v2' has no database record. Creating.
[LOG 18:45:21.849] [DragCubeSystem]: Drag cubes not found or cannot be read for part Part. Generating New drag cubes.
[LOG 18:45:21.850] [KSPCF/DragCubeGeneration] Creating drag cubes for part 'liquidEngineMini.v2'
[LOG 18:45:21.878] PartLoader: Compiling Part 'Squad/Parts/Engine/liquidEngineAerospike/liquidEngineAerospike/toroidalAerospike'
[LOG 18:45:21.895] PartLoader: Part 'Squad/Parts/Engine/liquidEngineAerospike/liquidEngineAerospike/toroidalAerospike' has no database record. Creating.
[LOG 18:45:21.895] [DragCubeSystem]: Drag cubes not found or cannot be read for part Part. Generating New drag cubes.
[LOG 18:45:21.895] [KSPCF/DragCubeGeneration] Creating drag cubes for part 'toroidalAerospike'
[LOG 18:45:21.910] PartLoader: Compiling Part 'Squad/Parts/Engine/liquidEngineLV-1_v2/liquidEngineLV-1R _v2/radialEngineMini_v2'
[LOG 18:45:21.919] PartLoader: Part 'Squad/Parts/Engine/liquidEngineLV-1_v2/liquidEngineLV-1R _v2/radialEngineMini_v2' has no database record. Creating.
[LOG 18:45:21.919] [DragCubeSystem]: Drag cubes not found or cannot be read for part Part. Generating New drag cubes.
[LOG 18:45:21.919] [KSPCF/DragCubeGeneration] Creating drag cubes for part 'radialEngineMini.v2'
[LOG 18:45:21.934] PartLoader: Compiling Part 'Squad/Parts/Engine/liquidEngineLV-1_v2/liquidEngineLV-1_v2/microEngine_v2'
[LOG 18:45:21.941] PartLoader: Part 'Squad/Parts/Engine/liquidEngineLV-1_v2/liquidEngineLV-1_v2/microEngine_v2' has no database record. Creating.
[LOG 18:45:21.941] [DragCubeSystem]: Drag cubes not found or cannot be read for part Part. Generating New drag cubes.
[LOG 18:45:21.941] [KSPCF/DragCubeGeneration] Creating drag cubes for part 'microEngine.v2'
[LOG 18:45:21.955] PartLoader: Compiling Part 'Squad/Parts/Engine/liquidEngineLV-909_v2/liquidEngineLV-909_v2/liquidEngine3_v2'
[LOG 18:45:21.964] PartLoader: Part 'Squad/Parts/Engine/liquidEngineLV-909_v2/liquidEngineLV-909_v2/liquidEngine3_v2' has no database record. Creating.
[LOG 18:45:21.964] [DragCubeSystem]: Drag cubes not found or cannot be read for part Part. Generating New drag cubes.
[LOG 18:45:21.964] [KSPCF/DragCubeGeneration] Creating drag cubes for part 'liquidEngine3.v2'
[LOG 18:45:21.992] PartLoader: Compiling Part 'Squad/Parts/Engine/liquidEngineLV-N/liquidEngineLV-N/nuclearEngine'
[LOG 18:45:21.999] PartLoader: Part 'Squad/Parts/Engine/liquidEngineLV-N/liquidEngineLV-N/nuclearEngine' has no database record. Creating.
[LOG 18:45:21.999] [DragCubeSystem]: Drag cubes not found or cannot be read for part Part. Generating New drag cubes.
[LOG 18:45:21.999] [KSPCF/DragCubeGeneration] Part 'nuclearEngine' has defined a procedural drag cube setup
[LOG 18:45:22.000] PartLoader: Compiling Part 'Squad/Parts/Engine/liquidEngineLV-T30/liquidEngineLV-T30/liquidEngine'
[LOG 18:45:22.006] PartLoader: Part 'Squad/Parts/Engine/liquidEngineLV-T30/liquidEngineLV-T30/liquidEngine' has no database record. Creating.
[LOG 18:45:22.006] [DragCubeSystem]: Drag cubes not found or cannot be read for part Part. Generating New drag cubes.
[LOG 18:45:22.006] [KSPCF/DragCubeGeneration] Creating drag cubes for part 'liquidEngine'
[LOG 18:45:22.019] PartLoader: Compiling Part 'Squad/Parts/Engine/liquidEngineLV-T30_v2/liquidEngineLV-T30_v2/liquidEngine_v2'
[LOG 18:45:22.029] PartLoader: Part 'Squad/Parts/Engine/liquidEngineLV-T30_v2/liquidEngineLV-T30_v2/liquidEngine_v2' has no database record. Creating.
[LOG 18:45:22.030] PartLoader: Compiling Part 'Squad/Parts/Engine/liquidEngineLV-T45/liquidEngineLV-T45/liquidEngine2'
[LOG 18:45:22.037] PartLoader: Part 'Squad/Parts/Engine/liquidEngineLV-T45/liquidEngineLV-T45/liquidEngine2' has no database record. Creating.
[LOG 18:45:22.037] [DragCubeSystem]: Drag cubes not found or cannot be read for part Part. Generating New drag cubes.
[LOG 18:45:22.037] [KSPCF/DragCubeGeneration] Creating drag cubes for part 'liquidEngine2'
[LOG 18:45:22.051] PartLoader: Compiling Part 'Squad/Parts/Engine/liquidEngineLV-T45_v2/liquidEngineLV-T45_v2/liquidEngine2_v2'
[LOG 18:45:22.062] PartLoader: Part 'Squad/Parts/Engine/liquidEngineLV-T45_v2/liquidEngineLV-T45_v2/liquidEngine2_v2' has no database record. Creating.
[LOG 18:45:22.063] PartLoader: Compiling Part 'Squad/Parts/Engine/liquidEngineMainsail_v2/liquidEngineMainsail_v2/liquidEngineMainsail_v2'
[LOG 18:45:22.074] PartLoader: Part 'Squad/Parts/Engine/liquidEngineMainsail_v2/liquidEngineMainsail_v2/liquidEngineMainsail_v2' has no database record. Creating.
[LOG 18:45:22.074] [DragCubeSystem]: Drag cubes not found or cannot be read for part Part. Generating New drag cubes.
[LOG 18:45:22.074] [KSPCF/DragCubeGeneration] Creating drag cubes for part 'liquidEngineMainsail.v2'
[LOG 18:45:22.104] PartLoader: Compiling Part 'Squad/Parts/Engine/liquidEngineMk55/liquidEngineMk55/radialLiquidEngine1-2'
[LOG 18:45:22.111] PartLoader: Part 'Squad/Parts/Engine/liquidEngineMk55/liquidEngineMk55/radialLiquidEngine1-2' has no database record. Creating.
[LOG 18:45:22.111] [DragCubeSystem]: Drag cubes not found or cannot be read for part Part. Generating New drag cubes.
[LOG 18:45:22.111] [KSPCF/DragCubeGeneration] Creating drag cubes for part 'radialLiquidEngine1-2'
[LOG 18:45:22.117] PartLoader: Compiling Part 'Squad/Parts/Engine/liquidEnginePoodle_v2/liquidEnginePoodle_v2/liquidEngine2-2_v2'
[LOG 18:45:22.126] PartLoader: Part 'Squad/Parts/Engine/liquidEnginePoodle_v2/liquidEnginePoodle_v2/liquidEngine2-2_v2' has no database record. Creating.
[LOG 18:45:22.128] PartLoader: Compiling Part 'Squad/Parts/Engine/liquidEngineSkipper_v2/skipperLiquidEngine_v2/engineLargeSkipper_v2'
[LOG 18:45:22.137] PartLoader: Part 'Squad/Parts/Engine/liquidEngineSkipper_v2/skipperLiquidEngine_v2/engineLargeSkipper_v2' has no database record. Creating.
[LOG 18:45:22.137] [DragCubeSystem]: Drag cubes not found or cannot be read for part Part. Generating New drag cubes.
[LOG 18:45:22.137] [KSPCF/DragCubeGeneration] Creating drag cubes for part 'engineLargeSkipper.v2'
[LOG 18:45:22.164] PartLoader: Compiling Part 'Squad/Parts/Engine/liquidEngineSSME/SSME/SSME'
[LOG 18:45:22.173] PartLoader: Part 'Squad/Parts/Engine/liquidEngineSSME/SSME/SSME' has no database record. Creating.
[LOG 18:45:22.173] [DragCubeSystem]: Drag cubes not found or cannot be read for part Part. Generating New drag cubes.
[LOG 18:45:22.173] [KSPCF/DragCubeGeneration] Creating drag cubes for part 'SSME'
[LOG 18:45:22.185] PartLoader: Compiling Part 'Squad/Parts/Engine/MassiveSRB/part/MassiveBooster'
[LOG 18:45:22.193] PartLoader: Part 'Squad/Parts/Engine/MassiveSRB/part/MassiveBooster' has no database record. Creating.
[LOG 18:45:22.193] [DragCubeSystem]: Drag cubes not found or cannot be read for part Part. Generating New drag cubes.
[LOG 18:45:22.196] [KSPCF/DragCubeGeneration] Creating drag cubes for part 'MassiveBooster'
[LOG 18:45:22.202] PartLoader: Compiling Part 'Squad/Parts/Engine/miniJet/SmallJetEngine/miniJetEngine'
[LOG 18:45:22.208] PartLoader: Part 'Squad/Parts/Engine/miniJet/SmallJetEngine/miniJetEngine' has no database record. Creating.
[LOG 18:45:22.208] [DragCubeSystem]: Drag cubes not found or cannot be read for part Part. Generating New drag cubes.
[LOG 18:45:22.208] [KSPCF/DragCubeGeneration] Creating drag cubes for part 'miniJetEngine'
[LOG 18:45:22.213] PartLoader: Compiling Part 'Squad/Parts/Engine/OMSEngine/omsEngine/omsEngine'
[LOG 18:45:22.222] PartLoader: Part 'Squad/Parts/Engine/OMSEngine/omsEngine/omsEngine' has no database record. Creating.
[LOG 18:45:22.222] [DragCubeSystem]: Drag cubes not found or cannot be read for part Part. Generating New drag cubes.
[LOG 18:45:22.222] [KSPCF/DragCubeGeneration] Creating drag cubes for part 'omsEngine'
[LOG 18:45:22.227] PartLoader: Compiling Part 'Squad/Parts/Engine/rapierEngine/rapierEngine/RAPIER'
[LOG 18:45:22.237] PartLoader: Part 'Squad/Parts/Engine/rapierEngine/rapierEngine/RAPIER' has no database record. Creating.
[LOG 18:45:22.237] [DragCubeSystem]: Drag cubes not found or cannot be read for part Part. Generating New drag cubes.
[LOG 18:45:22.237] [KSPCF/DragCubeGeneration] Creating drag cubes for part 'RAPIER'
[LOG 18:45:22.242] PartLoader: Compiling Part 'Squad/Parts/Engine/Size1_SRBs/solidBoosterRT-10_v2/solidBooster_v2'
[LOG 18:45:22.251] PartLoader: Part 'Squad/Parts/Engine/Size1_SRBs/solidBoosterRT-10_v2/solidBooster_v2' has no database record. Creating.
[LOG 18:45:22.251] [DragCubeSystem]: Drag cubes not found or cannot be read for part Part. Generating New drag cubes.
[LOG 18:45:22.251] [KSPCF/DragCubeGeneration] Creating drag cubes for part 'solidBooster.v2'
[LOG 18:45:22.270] PartLoader: Compiling Part 'Squad/Parts/Engine/Size1_SRBs/solidBoosterRT-5_v2/solidBooster_sm_v2'
[LOG 18:45:22.280] PartLoader: Part 'Squad/Parts/Engine/Size1_SRBs/solidBoosterRT-5_v2/solidBooster_sm_v2' has no database record. Creating.
[LOG 18:45:22.280] [DragCubeSystem]: Drag cubes not found or cannot be read for part Part. Generating New drag cubes.
[LOG 18:45:22.280] [KSPCF/DragCubeGeneration] Creating drag cubes for part 'solidBooster.sm.v2'
[LOG 18:45:22.301] PartLoader: Compiling Part 'Squad/Parts/Engine/Size2LFB/part/Size2LFB'
[LOG 18:45:22.320] PartLoader: Part 'Squad/Parts/Engine/Size2LFB/part/Size2LFB' has no database record. Creating.
[LOG 18:45:22.320] [DragCubeSystem]: Drag cubes not found or cannot be read for part Part. Generating New drag cubes.
[LOG 18:45:22.320] [KSPCF/DragCubeGeneration] Creating drag cubes for part 'Size2LFB'
[LOG 18:45:22.326] PartLoader: Compiling Part 'Squad/Parts/Engine/Size2LFB_v2/part/Size2LFB_v2'
[LOG 18:45:22.334] PartLoader: Part 'Squad/Parts/Engine/Size2LFB_v2/part/Size2LFB_v2' has no database record. Creating.
[LOG 18:45:22.334] [DragCubeSystem]: Drag cubes not found or cannot be read for part Part. Generating New drag cubes.
[LOG 18:45:22.335] [KSPCF/DragCubeGeneration] Creating drag cubes for part 'Size2LFB.v2'
[LOG 18:45:22.340] PartLoader: Compiling Part 'Squad/Parts/Engine/Size3AdvancedEngine/part/Size3AdvancedEngine'
[LOG 18:45:22.351] PartLoader: Part 'Squad/Parts/Engine/Size3AdvancedEngine/part/Size3AdvancedEngine' has no database record. Creating.
[LOG 18:45:22.351] [DragCubeSystem]: Drag cubes not found or cannot be read for part Part. Generating New drag cubes.
[LOG 18:45:22.352] [KSPCF/DragCubeGeneration] Creating drag cubes for part 'Size3AdvancedEngine'
[LOG 18:45:22.365] PartLoader: Compiling Part 'Squad/Parts/Engine/Size3EngineCluster/part/Size3EngineCluster'
[LOG 18:45:22.373] PartLoader: Part 'Squad/Parts/Engine/Size3EngineCluster/part/Size3EngineCluster' has no database record. Creating.
[LOG 18:45:22.373] [DragCubeSystem]: Drag cubes not found or cannot be read for part Part. Generating New drag cubes.
[LOG 18:45:22.373] [KSPCF/DragCubeGeneration] Creating drag cubes for part 'Size3EngineCluster'
[LOG 18:45:22.379] PartLoader: Compiling Part 'Squad/Parts/Engine/solidBoosterBACC/solidBoosterBACC/solidBooster1-1'
[LOG 18:45:22.386] PartLoader: Part 'Squad/Parts/Engine/solidBoosterBACC/solidBoosterBACC/solidBooster1-1' has no database record. Creating.
[LOG 18:45:22.386] [DragCubeSystem]: Drag cubes not found or cannot be read for part Part. Generating New drag cubes.
[LOG 18:45:22.386] [KSPCF/DragCubeGeneration] Creating drag cubes for part 'solidBooster1-1'
[LOG 18:45:22.391] PartLoader: Compiling Part 'Squad/Parts/Engine/solidBoosterS2-17/solidBoosterS2-17/Thoroughbred'
[LOG 18:45:22.400] PartLoader: Part 'Squad/Parts/Engine/solidBoosterS2-17/solidBoosterS2-17/Thoroughbred' has no database record. Creating.
[LOG 18:45:22.401] [DragCubeSystem]: Drag cubes not found or cannot be read for part Part. Generating New drag cubes.
[LOG 18:45:22.401] [KSPCF/DragCubeGeneration] Creating drag cubes for part 'Thoroughbred'
[LOG 18:45:22.406] PartLoader: Compiling Part 'Squad/Parts/Engine/solidBoosterS2-33/solidBoosterS2-33/Clydesdale'
[LOG 18:45:22.413] PartLoader: Part 'Squad/Parts/Engine/solidBoosterS2-33/solidBoosterS2-33/Clydesdale' has no database record. Creating.
[LOG 18:45:22.413] [DragCubeSystem]: Drag cubes not found or cannot be read for part Part. Generating New drag cubes.
[LOG 18:45:22.414] [KSPCF/DragCubeGeneration] Creating drag cubes for part 'Clydesdale'
[LOG 18:45:22.419] PartLoader: Compiling Part 'Squad/Parts/Engine/solidBoosterSep/solidBoosterSep/sepMotor1'
[LOG 18:45:22.423] [ModuleCargoPart]: Setting stackableQuantity to 1 as sepMotor1 contains resources
[LOG 18:45:22.425] PartLoader: Part 'Squad/Parts/Engine/solidBoosterSep/solidBoosterSep/sepMotor1' has no database record. Creating.
[LOG 18:45:22.425] [DragCubeSystem]: Drag cubes not found or cannot be read for part Part. Generating New drag cubes.
[LOG 18:45:22.425] [KSPCF/DragCubeGeneration] Creating drag cubes for part 'sepMotor1'
[LOG 18:45:22.429] PartLoader: Compiling Part 'Squad/Parts/Engine/SolidBoostersF/SolidBoosterF3S0/Shrimp'
[LOG 18:45:22.436] PartLoader: Part 'Squad/Parts/Engine/SolidBoostersF/SolidBoosterF3S0/Shrimp' has no database record. Creating.
[LOG 18:45:22.436] [DragCubeSystem]: Drag cubes not found or cannot be read for part Part. Generating New drag cubes.
[LOG 18:45:22.436] [KSPCF/DragCubeGeneration] Creating drag cubes for part 'Shrimp'
[LOG 18:45:22.441] PartLoader: Compiling Part 'Squad/Parts/Engine/SolidBoostersF/SolidBoosterFM1/Mite'
[LOG 18:45:22.448] PartLoader: Part 'Squad/Parts/Engine/SolidBoostersF/SolidBoosterFM1/Mite' has no database record. Creating.
[LOG 18:45:22.448] [DragCubeSystem]: Drag cubes not found or cannot be read for part Part. Generating New drag cubes.
[LOG 18:45:22.448] [KSPCF/DragCubeGeneration] Creating drag cubes for part 'Mite'
[LOG 18:45:22.453] PartLoader: Compiling Part 'Squad/Parts/FuelTank/adapterTanks/Mk3-Mk2/adapterMk3-Mk2'
[LOG 18:45:22.456] PartLoader: Part 'Squad/Parts/FuelTank/adapterTanks/Mk3-Mk2/adapterMk3-Mk2' has no database record. Creating.
[LOG 18:45:22.456] [DragCubeSystem]: Drag cubes not found or cannot be read for part Part. Generating New drag cubes.
[LOG 18:45:22.456] [KSPCF/DragCubeGeneration] Creating drag cubes for part 'adapterMk3-Mk2'
[LOG 18:45:22.459] PartLoader: Compiling Part 'Squad/Parts/FuelTank/adapterTanks/Mk3-ShuttleAdapter/adapterEngines'
[LOG 18:45:22.462] PartLoader: Part 'Squad/Parts/FuelTank/adapterTanks/Mk3-ShuttleAdapter/adapterEngines' has no database record. Creating.
[LOG 18:45:22.462] [DragCubeSystem]: Drag cubes not found or cannot be read for part Part. Generating New drag cubes.
[LOG 18:45:22.462] [KSPCF/DragCubeGeneration] Creating drag cubes for part 'adapterEngines'
[LOG 18:45:22.465] PartLoader: Compiling Part 'Squad/Parts/FuelTank/adapterTanks/Mk3-Size2/adapterMk3-Size2'
[LOG 18:45:22.467] PartLoader: Part 'Squad/Parts/FuelTank/adapterTanks/Mk3-Size2/adapterMk3-Size2' has no database record. Creating.
[LOG 18:45:22.467] [DragCubeSystem]: Drag cubes not found or cannot be read for part Part. Generating New drag cubes.
[LOG 18:45:22.467] [KSPCF/DragCubeGeneration] Creating drag cubes for part 'adapterMk3-Size2'
[LOG 18:45:22.473] PartLoader: Compiling Part 'Squad/Parts/FuelTank/adapterTanks/Mk3-Size2Slant/adapterMk3-Size2Slant'
[LOG 18:45:22.475] PartLoader: Part 'Squad/Parts/FuelTank/adapterTanks/Mk3-Size2Slant/adapterMk3-Size2Slant' has no database record. Creating.
[LOG 18:45:22.475] [DragCubeSystem]: Drag cubes not found or cannot be read for part Part. Generating New drag cubes.
[LOG 18:45:22.475] [KSPCF/DragCubeGeneration] Creating drag cubes for part 'adapterMk3-Size2Slant'
[LOG 18:45:22.479] PartLoader: Compiling Part 'Squad/Parts/FuelTank/adapterTanks/Size2-Mk2/adapterSize2-Mk2'
[LOG 18:45:22.482] PartLoader: Part 'Squad/Parts/FuelTank/adapterTanks/Size2-Mk2/adapterSize2-Mk2' has no database record. Creating.
[LOG 18:45:22.482] [DragCubeSystem]: Drag cubes not found or cannot be read for part Part. Generating New drag cubes.
[LOG 18:45:22.482] [KSPCF/DragCubeGeneration] Creating drag cubes for part 'adapterSize2-Mk2'
[LOG 18:45:22.487] PartLoader: Compiling Part 'Squad/Parts/FuelTank/adapterTanks/Size2-Size1/adapterSize2-Size1'
[LOG 18:45:22.490] PartLoader: Part 'Squad/Parts/FuelTank/adapterTanks/Size2-Size1/adapterSize2-Size1' has no database record. Creating.
[LOG 18:45:22.490] [DragCubeSystem]: Drag cubes not found or cannot be read for part Part. Generating New drag cubes.
[LOG 18:45:22.490] [KSPCF/DragCubeGeneration] Creating drag cubes for part 'adapterSize2-Size1'
[LOG 18:45:22.495] PartLoader: Compiling Part 'Squad/Parts/FuelTank/adapterTanks/Size2-Size1Slant/adapterSize2-Size1Slant'
[LOG 18:45:22.498] PartLoader: Part 'Squad/Parts/FuelTank/adapterTanks/Size2-Size1Slant/adapterSize2-Size1Slant' has no database record. Creating.
[LOG 18:45:22.498] [DragCubeSystem]: Drag cubes not found or cannot be read for part Part. Generating New drag cubes.
[LOG 18:45:22.498] [KSPCF/DragCubeGeneration] Creating drag cubes for part 'adapterSize2-Size1Slant'
[LOG 18:45:22.502] PartLoader: Compiling Part 'Squad/Parts/FuelTank/adapterTanks/Size3-Mk3/adapterSize3-Mk3'
[LOG 18:45:22.504] PartLoader: Part 'Squad/Parts/FuelTank/adapterTanks/Size3-Mk3/adapterSize3-Mk3' has no database record. Creating.
[LOG 18:45:22.504] [DragCubeSystem]: Drag cubes not found or cannot be read for part Part. Generating New drag cubes.
[LOG 18:45:22.504] [KSPCF/DragCubeGeneration] Creating drag cubes for part 'adapterSize3-Mk3'
[LOG 18:45:22.510] PartLoader: Compiling Part 'Squad/Parts/FuelTank/drainTankFTE-1/ReleaseValve/ReleaseValve'
[LOG 18:45:22.519] PartLoader: Part 'Squad/Parts/FuelTank/drainTankFTE-1/ReleaseValve/ReleaseValve' has no database record. Creating.
[LOG 18:45:22.520] [DragCubeSystem]: Drag cubes not found or cannot be read for part Part. Generating New drag cubes.
[LOG 18:45:22.520] [KSPCF/DragCubeGeneration] Creating drag cubes for part 'ReleaseValve'
[LOG 18:45:22.524] PartLoader: Compiling Part 'Squad/Parts/FuelTank/FoilTanks/RadialTank_Capsule/externalTankCapsule'
[LOG 18:45:22.528] PartLoader: Part 'Squad/Parts/FuelTank/FoilTanks/RadialTank_Capsule/externalTankCapsule' has no database record. Creating.
[LOG 18:45:22.528] [DragCubeSystem]: Drag cubes not found or cannot be read for part Part. Generating New drag cubes.
[LOG 18:45:22.528] [KSPCF/DragCubeGeneration] Creating drag cubes for part 'externalTankCapsule'
[LOG 18:45:22.532] PartLoader: Compiling Part 'Squad/Parts/FuelTank/FoilTanks/RadialTank_Round/externalTankRound'
[LOG 18:45:22.535] PartLoader: Part 'Squad/Parts/FuelTank/FoilTanks/RadialTank_Round/externalTankRound' has no database record. Creating.
[LOG 18:45:22.535] [DragCubeSystem]: Drag cubes not found or cannot be read for part Part. Generating New drag cubes.
[LOG 18:45:22.535] [KSPCF/DragCubeGeneration] Creating drag cubes for part 'externalTankRound'
[LOG 18:45:22.540] PartLoader: Compiling Part 'Squad/Parts/FuelTank/FoilTanks/ToroidTank/externalTankToroid'
[LOG 18:45:22.545] PartLoader: Part 'Squad/Parts/FuelTank/FoilTanks/ToroidTank/externalTankToroid' has no database record. Creating.
[LOG 18:45:22.545] [DragCubeSystem]: Drag cubes not found or cannot be read for part Part. Generating New drag cubes.
[LOG 18:45:22.545] [KSPCF/DragCubeGeneration] Creating drag cubes for part 'externalTankToroid'
[LOG 18:45:22.549] PartLoader: Compiling Part 'Squad/Parts/FuelTank/fuelTankOscarB/fuelTankOscarB/miniFuelTank'
[LOG 18:45:22.552] PartLoader: Part 'Squad/Parts/FuelTank/fuelTankOscarB/fuelTankOscarB/miniFuelTank' has no database record. Creating.
[LOG 18:45:22.552] [DragCubeSystem]: Drag cubes not found or cannot be read for part Part. Generating New drag cubes.
[LOG 18:45:22.552] [KSPCF/DragCubeGeneration] Creating drag cubes for part 'miniFuelTank'
[LOG 18:45:22.557] PartLoader: Compiling Part 'Squad/Parts/FuelTank/miniFuselage/miniFuselage/miniFuselage'
[LOG 18:45:22.559] PartLoader: Part 'Squad/Parts/FuelTank/miniFuselage/miniFuselage/miniFuselage' has no database record. Creating.
[LOG 18:45:22.559] [DragCubeSystem]: Drag cubes not found or cannot be read for part Part. Generating New drag cubes.
[LOG 18:45:22.559] [KSPCF/DragCubeGeneration] Creating drag cubes for part 'miniFuselage'
[LOG 18:45:22.564] PartLoader: Compiling Part 'Squad/Parts/FuelTank/mk2Adapters/bicoupler/mk2_1m_Bicoupler'
[LOG 18:45:22.567] PartLoader: Part 'Squad/Parts/FuelTank/mk2Adapters/bicoupler/mk2_1m_Bicoupler' has no database record. Creating.
[LOG 18:45:22.567] [DragCubeSystem]: Drag cubes not found or cannot be read for part Part. Generating New drag cubes.
[LOG 18:45:22.567] [KSPCF/DragCubeGeneration] Creating drag cubes for part 'mk2.1m.Bicoupler'
[LOG 18:45:22.572] PartLoader: Compiling Part 'Squad/Parts/FuelTank/mk2Adapters/long/mk2_1m_AdapterLong'
[LOG 18:45:22.574] PartLoader: Part 'Squad/Parts/FuelTank/mk2Adapters/long/mk2_1m_AdapterLong' has no database record. Creating.
[LOG 18:45:22.574] [DragCubeSystem]: Drag cubes not found or cannot be read for part Part. Generating New drag cubes.
[LOG 18:45:22.574] [KSPCF/DragCubeGeneration] Creating drag cubes for part 'mk2.1m.AdapterLong'
[LOG 18:45:22.580] PartLoader: Compiling Part 'Squad/Parts/FuelTank/mk2Adapters/standard/mk2SpacePlaneAdapter'
[LOG 18:45:22.583] PartLoader: Part 'Squad/Parts/FuelTank/mk2Adapters/standard/mk2SpacePlaneAdapter' has no database record. Creating.
[LOG 18:45:22.583] [DragCubeSystem]: Drag cubes not found or cannot be read for part Part. Generating New drag cubes.
[LOG 18:45:22.583] [KSPCF/DragCubeGeneration] Creating drag cubes for part 'mk2SpacePlaneAdapter'
[LOG 18:45:22.587] PartLoader: Compiling Part 'Squad/Parts/FuelTank/mk2FuselageLong/LFO_long/mk2FuselageLongLFO'
[LOG 18:45:22.590] PartLoader: Part 'Squad/Parts/FuelTank/mk2FuselageLong/LFO_long/mk2FuselageLongLFO' has no database record. Creating.
[LOG 18:45:22.590] [DragCubeSystem]: Drag cubes not found or cannot be read for part Part. Generating New drag cubes.
[LOG 18:45:22.590] [KSPCF/DragCubeGeneration] Creating drag cubes for part 'mk2FuselageLongLFO'
[LOG 18:45:22.594] PartLoader: Compiling Part 'Squad/Parts/FuelTank/mk2FuselageLong/L_long/mk2Fuselage'
[LOG 18:45:22.598] PartLoader: Part 'Squad/Parts/FuelTank/mk2FuselageLong/L_long/mk2Fuselage' has no database record. Creating.
[LOG 18:45:22.598] [DragCubeSystem]: Drag cubes not found or cannot be read for part Part. Generating New drag cubes.
[LOG 18:45:22.598] [KSPCF/DragCubeGeneration] Creating drag cubes for part 'mk2Fuselage'
[LOG 18:45:22.602] PartLoader: Compiling Part 'Squad/Parts/FuelTank/mk2FuselageShort/LFO_short/mk2FuselageShortLFO'
[LOG 18:45:22.605] PartLoader: Part 'Squad/Parts/FuelTank/mk2FuselageShort/LFO_short/mk2FuselageShortLFO' has no database record. Creating.
[LOG 18:45:22.605] [DragCubeSystem]: Drag cubes not found or cannot be read for part Part. Generating New drag cubes.
[LOG 18:45:22.605] [KSPCF/DragCubeGeneration] Creating drag cubes for part 'mk2FuselageShortLFO'
[LOG 18:45:22.609] PartLoader: Compiling Part 'Squad/Parts/FuelTank/mk2FuselageShort/L_short/mk2FuselageShortLiquid'
[LOG 18:45:22.613] PartLoader: Part 'Squad/Parts/FuelTank/mk2FuselageShort/L_short/mk2FuselageShortLiquid' has no database record. Creating.
[LOG 18:45:22.613] [DragCubeSystem]: Drag cubes not found or cannot be read for part Part. Generating New drag cubes.
[LOG 18:45:22.613] [KSPCF/DragCubeGeneration] Creating drag cubes for part 'mk2FuselageShortLiquid'
[LOG 18:45:22.617] PartLoader: Compiling Part 'Squad/Parts/FuelTank/mk2FuselageShort/Mono_short/mk2FuselageShortMono'
[LOG 18:45:22.621] PartLoader: Part 'Squad/Parts/FuelTank/mk2FuselageShort/Mono_short/mk2FuselageShortMono' has no database record. Creating.
[LOG 18:45:22.621] [DragCubeSystem]: Drag cubes not found or cannot be read for part Part. Generating New drag cubes.
[LOG 18:45:22.621] [KSPCF/DragCubeGeneration] Creating drag cubes for part 'mk2FuselageShortMono'
[LOG 18:45:22.625] PartLoader: Compiling Part 'Squad/Parts/FuelTank/mk3Fuselage/CREW/mk3CrewCabin'
[LOG 18:45:22.629] PartLoader: Part 'Squad/Parts/FuelTank/mk3Fuselage/CREW/mk3CrewCabin' has no database record. Creating.
[LOG 18:45:22.629] [DragCubeSystem]: Drag cubes not found or cannot be read for part Part. Generating New drag cubes.
[LOG 18:45:22.629] [KSPCF/DragCubeGeneration] Creating drag cubes for part 'mk3CrewCabin'
[LOG 18:45:22.634] PartLoader: Compiling Part 'Squad/Parts/FuelTank/mk3Fuselage/LFO_100/mk3FuselageLFO_100'
[LOG 18:45:22.638] PartLoader: Part 'Squad/Parts/FuelTank/mk3Fuselage/LFO_100/mk3FuselageLFO_100' has no database record. Creating.
[LOG 18:45:22.638] [DragCubeSystem]: Drag cubes not found or cannot be read for part Part. Generating New drag cubes.
[LOG 18:45:22.638] [KSPCF/DragCubeGeneration] Creating drag cubes for part 'mk3FuselageLFO.100'
[LOG 18:45:22.642] PartLoader: Compiling Part 'Squad/Parts/FuelTank/mk3Fuselage/LFO_25/mk3FuselageLFO_25'
[LOG 18:45:22.644] PartLoader: Part 'Squad/Parts/FuelTank/mk3Fuselage/LFO_25/mk3FuselageLFO_25' has no database record. Creating.
[LOG 18:45:22.644] [DragCubeSystem]: Drag cubes not found or cannot be read for part Part. Generating New drag cubes.
[LOG 18:45:22.644] [KSPCF/DragCubeGeneration] Creating drag cubes for part 'mk3FuselageLFO.25'
[LOG 18:45:22.649] PartLoader: Compiling Part 'Squad/Parts/FuelTank/mk3Fuselage/LFO_50/mk3FuselageLFO_50'
[LOG 18:45:22.653] PartLoader: Part 'Squad/Parts/FuelTank/mk3Fuselage/LFO_50/mk3FuselageLFO_50' has no database record. Creating.
[LOG 18:45:22.653] [DragCubeSystem]: Drag cubes not found or cannot be read for part Part. Generating New drag cubes.
[LOG 18:45:22.653] [KSPCF/DragCubeGeneration] Creating drag cubes for part 'mk3FuselageLFO.50'
[LOG 18:45:22.658] PartLoader: Compiling Part 'Squad/Parts/FuelTank/mk3Fuselage/LF_100/mk3FuselageLF_100'
[LOG 18:45:22.660] PartLoader: Part 'Squad/Parts/FuelTank/mk3Fuselage/LF_100/mk3FuselageLF_100' has no database record. Creating.
[LOG 18:45:22.660] [DragCubeSystem]: Drag cubes not found or cannot be read for part Part. Generating New drag cubes.
[LOG 18:45:22.660] [KSPCF/DragCubeGeneration] Creating drag cubes for part 'mk3FuselageLF.100'
[LOG 18:45:22.664] PartLoader: Compiling Part 'Squad/Parts/FuelTank/mk3Fuselage/LF_25/mk3FuselageLF_25'
[LOG 18:45:22.666] PartLoader: Part 'Squad/Parts/FuelTank/mk3Fuselage/LF_25/mk3FuselageLF_25' has no database record. Creating.
[LOG 18:45:22.666] [DragCubeSystem]: Drag cubes not found or cannot be read for part Part. Generating New drag cubes.
[LOG 18:45:22.666] [KSPCF/DragCubeGeneration] Creating drag cubes for part 'mk3FuselageLF.25'
[LOG 18:45:22.670] PartLoader: Compiling Part 'Squad/Parts/FuelTank/mk3Fuselage/LF_50/mk3FuselageLF_50'
[LOG 18:45:22.673] PartLoader: Part 'Squad/Parts/FuelTank/mk3Fuselage/LF_50/mk3FuselageLF_50' has no database record. Creating.
[LOG 18:45:22.673] [DragCubeSystem]: Drag cubes not found or cannot be read for part Part. Generating New drag cubes.
[LOG 18:45:22.673] [KSPCF/DragCubeGeneration] Creating drag cubes for part 'mk3FuselageLF.50'
[LOG 18:45:22.678] PartLoader: Compiling Part 'Squad/Parts/FuelTank/mk3Fuselage/MONO/mk3FuselageMONO'
[LOG 18:45:22.680] PartLoader: Part 'Squad/Parts/FuelTank/mk3Fuselage/MONO/mk3FuselageMONO' has no database record. Creating.
[LOG 18:45:22.680] [DragCubeSystem]: Drag cubes not found or cannot be read for part Part. Generating New drag cubes.
[LOG 18:45:22.680] [KSPCF/DragCubeGeneration] Creating drag cubes for part 'mk3FuselageMONO'
[LOG 18:45:22.685] PartLoader: Compiling Part 'Squad/Parts/FuelTank/RCSFuelTankR1/RCSFuelTankR1/RCSTank1-2'
[LOG 18:45:22.688] PartLoader: Part 'Squad/Parts/FuelTank/RCSFuelTankR1/RCSFuelTankR1/RCSTank1-2' has no database record. Creating.
[LOG 18:45:22.688] [DragCubeSystem]: Drag cubes not found or cannot be read for part Part. Generating New drag cubes.
[LOG 18:45:22.688] [KSPCF/DragCubeGeneration] Creating drag cubes for part 'RCSTank1-2'
[LOG 18:45:22.694] PartLoader: Compiling Part 'Squad/Parts/FuelTank/RCSFuelTankR10/RCSFuelTankR10/rcsTankMini'
[LOG 18:45:22.697] PartLoader: Part 'Squad/Parts/FuelTank/RCSFuelTankR10/RCSFuelTankR10/rcsTankMini' has no database record. Creating.
[LOG 18:45:22.698] [DragCubeSystem]: Drag cubes not found or cannot be read for part Part. Generating New drag cubes.
[LOG 18:45:22.698] [KSPCF/DragCubeGeneration] Creating drag cubes for part 'rcsTankMini'
[LOG 18:45:22.702] PartLoader: Compiling Part 'Squad/Parts/FuelTank/RCSFuelTankR25/RCSFuelTankR25/RCSFuelTank'
[LOG 18:45:22.705] PartLoader: Part 'Squad/Parts/FuelTank/RCSFuelTankR25/RCSFuelTankR25/RCSFuelTank' has no database record. Creating.
[LOG 18:45:22.705] [DragCubeSystem]: Drag cubes not found or cannot be read for part Part. Generating New drag cubes.
[LOG 18:45:22.705] [KSPCF/DragCubeGeneration] Creating drag cubes for part 'RCSFuelTank'
[LOG 18:45:22.710] PartLoader: Compiling Part 'Squad/Parts/FuelTank/RCSTankRadial/radialRCSTank/radialRCSTank'
[LOG 18:45:22.712] PartLoader: Part 'Squad/Parts/FuelTank/RCSTankRadial/radialRCSTank/radialRCSTank' has no database record. Creating.
[LOG 18:45:22.712] [DragCubeSystem]: Drag cubes not found or cannot be read for part Part. Generating New drag cubes.
[LOG 18:45:22.712] [KSPCF/DragCubeGeneration] Creating drag cubes for part 'radialRCSTank'
[LOG 18:45:22.717] PartLoader: Compiling Part 'Squad/Parts/FuelTank/RCStankRadialLong/RCSTankRadialLong/rcsTankRadialLong'
[LOG 18:45:22.720] PartLoader: Part 'Squad/Parts/FuelTank/RCStankRadialLong/RCSTankRadialLong/rcsTankRadialLong' has no database record. Creating.
[LOG 18:45:22.721] [DragCubeSystem]: Drag cubes not found or cannot be read for part Part. Generating New drag cubes.
[LOG 18:45:22.721] [KSPCF/DragCubeGeneration] Creating drag cubes for part 'rcsTankRadialLong'
[LOG 18:45:22.725] PartLoader: Compiling Part 'Squad/Parts/FuelTank/RockomaxTanks/Rockomax16/Rockomax16_BW'
[LOG 18:45:22.728] PartLoader: Part 'Squad/Parts/FuelTank/RockomaxTanks/Rockomax16/Rockomax16_BW' has no database record. Creating.
[LOG 18:45:22.728] [DragCubeSystem]: Drag cubes not found or cannot be read for part Part. Generating New drag cubes.
[LOG 18:45:22.728] [KSPCF/DragCubeGeneration] Creating drag cubes for part 'Rockomax16.BW'
[LOG 18:45:22.732] PartLoader: Compiling Part 'Squad/Parts/FuelTank/RockomaxTanks/Rockomax32/Rockomax32_BW'
[LOG 18:45:22.734] PartLoader: Part 'Squad/Parts/FuelTank/RockomaxTanks/Rockomax32/Rockomax32_BW' has no database record. Creating.
[LOG 18:45:22.734] [DragCubeSystem]: Drag cubes not found or cannot be read for part Part. Generating New drag cubes.
[LOG 18:45:22.734] [KSPCF/DragCubeGeneration] Creating drag cubes for part 'Rockomax32.BW'
[LOG 18:45:22.750] PartLoader: Compiling Part 'Squad/Parts/FuelTank/RockomaxTanks/Rockomax64/Rockomax64_BW'
[LOG 18:45:22.753] PartLoader: Part 'Squad/Parts/FuelTank/RockomaxTanks/Rockomax64/Rockomax64_BW' has no database record. Creating.
[LOG 18:45:22.753] [DragCubeSystem]: Drag cubes not found or cannot be read for part Part. Generating New drag cubes.
[LOG 18:45:22.753] [KSPCF/DragCubeGeneration] Creating drag cubes for part 'Rockomax64.BW'
[LOG 18:45:22.763] PartLoader: Compiling Part 'Squad/Parts/FuelTank/RockomaxTanks/Rockomax8/Rockomax8BW'
[LOG 18:45:22.766] PartLoader: Part 'Squad/Parts/FuelTank/RockomaxTanks/Rockomax8/Rockomax8BW' has no database record. Creating.
[LOG 18:45:22.766] [DragCubeSystem]: Drag cubes not found or cannot be read for part Part. Generating New drag cubes.
[LOG 18:45:22.766] [KSPCF/DragCubeGeneration] Creating drag cubes for part 'Rockomax8BW'
[LOG 18:45:22.776] PartLoader: Compiling Part 'Squad/Parts/FuelTank/Size1_Tanks/fuelTankT100/fuelTankSmallFlat'
[LOG 18:45:22.779] PartLoader: Part 'Squad/Parts/FuelTank/Size1_Tanks/fuelTankT100/fuelTankSmallFlat' has no database record. Creating.
[LOG 18:45:22.779] [DragCubeSystem]: Drag cubes not found or cannot be read for part Part. Generating New drag cubes.
[LOG 18:45:22.779] [KSPCF/DragCubeGeneration] Creating drag cubes for part 'fuelTankSmallFlat'
[LOG 18:45:22.784] PartLoader: Compiling Part 'Squad/Parts/FuelTank/Size1_Tanks/fuelTankT200/fuelTankSmall'
[LOG 18:45:22.788] PartLoader: Part 'Squad/Parts/FuelTank/Size1_Tanks/fuelTankT200/fuelTankSmall' has no database record. Creating.
[LOG 18:45:22.788] [DragCubeSystem]: Drag cubes not found or cannot be read for part Part. Generating New drag cubes.
[LOG 18:45:22.788] [KSPCF/DragCubeGeneration] Creating drag cubes for part 'fuelTankSmall'
[LOG 18:45:22.793] PartLoader: Compiling Part 'Squad/Parts/FuelTank/Size1_Tanks/fuelTankT400/fuelTank'
[LOG 18:45:22.796] PartLoader: Part 'Squad/Parts/FuelTank/Size1_Tanks/fuelTankT400/fuelTank' has no database record. Creating.
[LOG 18:45:22.796] [DragCubeSystem]: Drag cubes not found or cannot be read for part Part. Generating New drag cubes.
[LOG 18:45:22.796] [KSPCF/DragCubeGeneration] Creating drag cubes for part 'fuelTank'
[LOG 18:45:22.800] PartLoader: Compiling Part 'Squad/Parts/FuelTank/Size1_Tanks/fuelTankT800/fuelTank_long'
[LOG 18:45:22.804] PartLoader: Part 'Squad/Parts/FuelTank/Size1_Tanks/fuelTankT800/fuelTank_long' has no database record. Creating.
[LOG 18:45:22.804] [DragCubeSystem]: Drag cubes not found or cannot be read for part Part. Generating New drag cubes.
[LOG 18:45:22.804] [KSPCF/DragCubeGeneration] Creating drag cubes for part 'fuelTank.long'
[LOG 18:45:22.809] PartLoader: Compiling Part 'Squad/Parts/FuelTank/Size3Tanks/large/Size3LargeTank'
[LOG 18:45:22.813] PartLoader: Part 'Squad/Parts/FuelTank/Size3Tanks/large/Size3LargeTank' has no database record. Creating.
[LOG 18:45:22.813] [DragCubeSystem]: Drag cubes not found or cannot be read for part Part. Generating New drag cubes.
[LOG 18:45:22.814] [KSPCF/DragCubeGeneration] Creating drag cubes for part 'Size3LargeTank'
[LOG 18:45:22.818] PartLoader: Compiling Part 'Squad/Parts/FuelTank/Size3Tanks/medium/Size3MediumTank'
[LOG 18:45:22.821] PartLoader: Part 'Squad/Parts/FuelTank/Size3Tanks/medium/Size3MediumTank' has no database record. Creating.
[LOG 18:45:22.821] [DragCubeSystem]: Drag cubes not found or cannot be read for part Part. Generating New drag cubes.
[LOG 18:45:22.821] [KSPCF/DragCubeGeneration] Creating drag cubes for part 'Size3MediumTank'
[LOG 18:45:22.825] PartLoader: Compiling Part 'Squad/Parts/FuelTank/Size3Tanks/small/Size3SmallTank'
[LOG 18:45:22.829] PartLoader: Part 'Squad/Parts/FuelTank/Size3Tanks/small/Size3SmallTank' has no database record. Creating.
[LOG 18:45:22.829] [DragCubeSystem]: Drag cubes not found or cannot be read for part Part. Generating New drag cubes.
[LOG 18:45:22.829] [KSPCF/DragCubeGeneration] Creating drag cubes for part 'Size3SmallTank'
[LOG 18:45:22.833] PartLoader: Compiling Part 'Squad/Parts/FuelTank/xenonTank/xenonTank/xenonTank'
[LOG 18:45:22.835] PartLoader: Part 'Squad/Parts/FuelTank/xenonTank/xenonTank/xenonTank' has no database record. Creating.
[LOG 18:45:22.835] [DragCubeSystem]: Drag cubes not found or cannot be read for part Part. Generating New drag cubes.
[LOG 18:45:22.835] [KSPCF/DragCubeGeneration] Creating drag cubes for part 'xenonTank'
[LOG 18:45:22.839] PartLoader: Compiling Part 'Squad/Parts/FuelTank/xenonTankLarge/xenonTankLarge/xenonTankLarge'
[LOG 18:45:22.844] PartLoader: Part 'Squad/Parts/FuelTank/xenonTankLarge/xenonTankLarge/xenonTankLarge' has no database record. Creating.
[LOG 18:45:22.844] [DragCubeSystem]: Drag cubes not found or cannot be read for part Part. Generating New drag cubes.
[LOG 18:45:22.844] [KSPCF/DragCubeGeneration] Creating drag cubes for part 'xenonTankLarge'
[LOG 18:45:22.848] PartLoader: Compiling Part 'Squad/Parts/FuelTank/xenonTankRadial/xenonTankRadial/xenonTankRadial'
[LOG 18:45:22.851] PartLoader: Part 'Squad/Parts/FuelTank/xenonTankRadial/xenonTankRadial/xenonTankRadial' has no database record. Creating.
[LOG 18:45:22.851] [DragCubeSystem]: Drag cubes not found or cannot be read for part Part. Generating New drag cubes.
[LOG 18:45:22.851] [KSPCF/DragCubeGeneration] Creating drag cubes for part 'xenonTankRadial'
[LOG 18:45:22.856] PartLoader: Compiling Part 'Squad/Parts/Misc/AsteroidDay/CamSat/InfraredTelescope'
[LOG 18:45:22.863] PartLoader: Part 'Squad/Parts/Misc/AsteroidDay/CamSat/InfraredTelescope' has no database record. Creating.
[LOG 18:45:22.863] [DragCubeSystem]: Drag cubes not found or cannot be read for part Part. Generating New drag cubes.
[LOG 18:45:22.863] [KSPCF/DragCubeGeneration] Creating drag cubes for part 'InfraredTelescope'
[LOG 18:45:22.867] PartLoader: Compiling Part 'Squad/Parts/Misc/AsteroidDay/HECS2/HECS2_ProbeCore'
[LOG 18:45:22.873] PartLoader: Part 'Squad/Parts/Misc/AsteroidDay/HECS2/HECS2_ProbeCore' has no database record. Creating.
[LOG 18:45:22.873] [DragCubeSystem]: Drag cubes not found or cannot be read for part Part. Generating New drag cubes.
[LOG 18:45:22.873] [KSPCF/DragCubeGeneration] Creating drag cubes for part 'HECS2.ProbeCore'
[LOG 18:45:22.879] PartLoader: Compiling Part 'Squad/Parts/Misc/AsteroidDay/HighGainAntenna/HighGainAntenna'
[LOG 18:45:22.887] PartLoader: Part 'Squad/Parts/Misc/AsteroidDay/HighGainAntenna/HighGainAntenna' has no database record. Creating.
[LOG 18:45:22.887] [DragCubeSystem]: Drag cubes not found or cannot be read for part Part. Generating New drag cubes.
[LOG 18:45:22.887] [KSPCF/DragCubeGeneration] Creating drag cubes for part 'HighGainAntenna'
[LOG 18:45:22.899] PartLoader: Compiling Part 'Squad/Parts/Misc/AsteroidDay/LgRadialSolar/LgRadialSolarPanel'
[LOG 18:45:22.903] PartLoader: Part 'Squad/Parts/Misc/AsteroidDay/LgRadialSolar/LgRadialSolarPanel' has no database record. Creating.
[LOG 18:45:22.904] [DragCubeSystem]: Drag cubes not found or cannot be read for part Part. Generating New drag cubes.
[LOG 18:45:22.904] [KSPCF/DragCubeGeneration] Creating drag cubes for part 'LgRadialSolarPanel'
[LOG 18:45:22.910] PartLoader: Compiling Part 'Squad/Parts/Misc/PotatoComet/part/PotatoComet'
[LOG 18:45:22.923] PartLoader: Part 'Squad/Parts/Misc/PotatoComet/part/PotatoComet' has no database record. Creating.
[LOG 18:45:22.923] PartLoader: Compiling Part 'Squad/Parts/Misc/PotatoRoid/part/PotatoRoid'
[LOG 18:45:22.934] PartLoader: Part 'Squad/Parts/Misc/PotatoRoid/part/PotatoRoid' has no database record. Creating.
[LOG 18:45:22.934] PartLoader: Compiling Part 'Squad/Parts/Prebuilt/flag/flag'
[LOG 18:45:22.937] PartLoader: Compiling Part 'Squad/Parts/Prebuilt/kerbalEVA/kerbalEVA'
[LOG 18:45:22.955] PartLoader: Compiling Part 'Squad/Parts/Prebuilt/kerbalEVAfemale/kerbalEVAfemale'
[LOG 18:45:22.961] PartLoader: Compiling Part 'Squad/Parts/Prebuilt/kerbalEVASlimSuit/kerbalEVASlimSuit'
[LOG 18:45:22.967] PartLoader: Compiling Part 'Squad/Parts/Prebuilt/kerbalEVASlimSuitFemale/kerbalEVASlimSuitFemale'
[LOG 18:45:22.972] PartLoader: Compiling Part 'Squad/Parts/Resources/FuelCell/FuelCell/FuelCell'
[LOG 18:45:22.980] PartLoader: Part 'Squad/Parts/Resources/FuelCell/FuelCell/FuelCell' has no database record. Creating.
[LOG 18:45:22.981] [DragCubeSystem]: Drag cubes not found or cannot be read for part Part. Generating New drag cubes.
[LOG 18:45:22.981] [KSPCF/DragCubeGeneration] Creating drag cubes for part 'FuelCell'
[LOG 18:45:22.987] PartLoader: Compiling Part 'Squad/Parts/Resources/FuelCell/FuelCellArray/FuelCellArray'
[LOG 18:45:22.991] PartLoader: Part 'Squad/Parts/Resources/FuelCell/FuelCellArray/FuelCellArray' has no database record. Creating.
[LOG 18:45:22.991] [DragCubeSystem]: Drag cubes not found or cannot be read for part Part. Generating New drag cubes.
[LOG 18:45:22.991] [KSPCF/DragCubeGeneration] Creating drag cubes for part 'FuelCellArray'
[LOG 18:45:22.996] PartLoader: Compiling Part 'Squad/Parts/Resources/ISRU/ISRU/ISRU'
[LOG 18:45:23.004] PartLoader: Part 'Squad/Parts/Resources/ISRU/ISRU/ISRU' has no database record. Creating.
[LOG 18:45:23.004] [DragCubeSystem]: Drag cubes not found or cannot be read for part Part. Generating New drag cubes.
[LOG 18:45:23.004] [KSPCF/DragCubeGeneration] Creating drag cubes for part 'ISRU'
[LOG 18:45:23.017] PartLoader: Compiling Part 'Squad/Parts/Resources/LargeTank/LargeTank/LargeTank'
[LOG 18:45:23.022] PartLoader: Part 'Squad/Parts/Resources/LargeTank/LargeTank/LargeTank' has no database record. Creating.
[LOG 18:45:23.022] [DragCubeSystem]: Drag cubes not found or cannot be read for part Part. Generating New drag cubes.
[LOG 18:45:23.022] [KSPCF/DragCubeGeneration] Creating drag cubes for part 'LargeTank'
[LOG 18:45:23.027] PartLoader: Compiling Part 'Squad/Parts/Resources/MiniDrill/MiniDrill/MiniDrill'
[LOG 18:45:23.051] PartLoader: Part 'Squad/Parts/Resources/MiniDrill/MiniDrill/MiniDrill' has no database record. Creating.
[LOG 18:45:23.051] [DragCubeSystem]: Drag cubes not found or cannot be read for part Part. Generating New drag cubes.
[LOG 18:45:23.051] [KSPCF/DragCubeGeneration] Creating drag cubes for part 'MiniDrill'
[LOG 18:45:23.073] PartLoader: Compiling Part 'Squad/Parts/Resources/MiniISRU/MiniISRU/MiniISRU'
[LOG 18:45:23.080] PartLoader: Part 'Squad/Parts/Resources/MiniISRU/MiniISRU/MiniISRU' has no database record. Creating.
[LOG 18:45:23.080] [DragCubeSystem]: Drag cubes not found or cannot be read for part Part. Generating New drag cubes.
[LOG 18:45:23.080] [KSPCF/DragCubeGeneration] Creating drag cubes for part 'MiniISRU'
[LOG 18:45:23.087] PartLoader: Compiling Part 'Squad/Parts/Resources/OrbitalScanner/OrbitalScanner/OrbitalScanner'
[LOG 18:45:23.104] PartLoader: Part 'Squad/Parts/Resources/OrbitalScanner/OrbitalScanner/OrbitalScanner' has no database record. Creating.
[LOG 18:45:23.104] [DragCubeSystem]: Drag cubes not found or cannot be read for part Part. Generating New drag cubes.
[LOG 18:45:23.104] [KSPCF/DragCubeGeneration] Creating drag cubes for part 'OrbitalScanner'
[LOG 18:45:23.116] PartLoader: Compiling Part 'Squad/Parts/Resources/RadialDrill/RadialDrill/RadialDrill'
[LOG 18:45:23.125] PartLoader: Part 'Squad/Parts/Resources/RadialDrill/RadialDrill/RadialDrill' has no database record. Creating.
[LOG 18:45:23.125] [DragCubeSystem]: Drag cubes not found or cannot be read for part Part. Generating New drag cubes.
[LOG 18:45:23.125] [KSPCF/DragCubeGeneration] Creating drag cubes for part 'RadialDrill'
[LOG 18:45:23.150] PartLoader: Compiling Part 'Squad/Parts/Resources/RadialTank/RadialTank/RadialOreTank'
[LOG 18:45:23.153] PartLoader: Part 'Squad/Parts/Resources/RadialTank/RadialTank/RadialOreTank' has no database record. Creating.
[LOG 18:45:23.153] [DragCubeSystem]: Drag cubes not found or cannot be read for part Part. Generating New drag cubes.
[LOG 18:45:23.153] [KSPCF/DragCubeGeneration] Creating drag cubes for part 'RadialOreTank'
[LOG 18:45:23.157] PartLoader: Compiling Part 'Squad/Parts/Resources/SmallTank/SmallTank/SmallTank'
[LOG 18:45:23.159] PartLoader: Part 'Squad/Parts/Resources/SmallTank/SmallTank/SmallTank' has no database record. Creating.
[LOG 18:45:23.159] [DragCubeSystem]: Drag cubes not found or cannot be read for part Part. Generating New drag cubes.
[LOG 18:45:23.159] [KSPCF/DragCubeGeneration] Creating drag cubes for part 'SmallTank'
[LOG 18:45:23.163] PartLoader: Compiling Part 'Squad/Parts/Resources/SurfaceScanner/SurfaceScanner/SurfaceScanner'
[LOG 18:45:23.176] PartLoader: Part 'Squad/Parts/Resources/SurfaceScanner/SurfaceScanner/SurfaceScanner' has no database record. Creating.
[LOG 18:45:23.176] [DragCubeSystem]: Drag cubes not found or cannot be read for part Part. Generating New drag cubes.
[LOG 18:45:23.176] [KSPCF/DragCubeGeneration] Creating drag cubes for part 'SurfaceScanner'
[LOG 18:45:23.180] PartLoader: Compiling Part 'Squad/Parts/Resources/SurveyScanner/SurveyScanner/SurveyScanner'
[LOG 18:45:23.189] PartLoader: Part 'Squad/Parts/Resources/SurveyScanner/SurveyScanner/SurveyScanner' has no database record. Creating.
[LOG 18:45:23.189] [DragCubeSystem]: Drag cubes not found or cannot be read for part Part. Generating New drag cubes.
[LOG 18:45:23.189] [KSPCF/DragCubeGeneration] Creating drag cubes for part 'SurveyScanner'
[LOG 18:45:23.200] PartLoader: Compiling Part 'Squad/Parts/Science/AtmosphereSensor/sensorAtmosphere/sensorAtmosphere'
[LOG 18:45:23.203] PartLoader: Part 'Squad/Parts/Science/AtmosphereSensor/sensorAtmosphere/sensorAtmosphere' has no database record. Creating.
[LOG 18:45:23.203] [DragCubeSystem]: Drag cubes not found or cannot be read for part Part. Generating New drag cubes.
[LOG 18:45:23.203] [KSPCF/DragCubeGeneration] Creating drag cubes for part 'sensorAtmosphere'
[LOG 18:45:23.207] PartLoader: Compiling Part 'Squad/Parts/Science/GooExperiment/gooExperiment/GooExperiment'
[LOG 18:45:23.211] PartLoader: Part 'Squad/Parts/Science/GooExperiment/gooExperiment/GooExperiment' has no database record. Creating.
[LOG 18:45:23.211] [DragCubeSystem]: Drag cubes not found or cannot be read for part Part. Generating New drag cubes.
[LOG 18:45:23.211] [KSPCF/DragCubeGeneration] Creating drag cubes for part 'GooExperiment'
[LOG 18:45:23.221] PartLoader: Compiling Part 'Squad/Parts/Science/LargeCrewedLab/largeCrewedLab/Large_Crewed_Lab'
[LOG 18:45:23.236] PartLoader: Part 'Squad/Parts/Science/LargeCrewedLab/largeCrewedLab/Large_Crewed_Lab' has no database record. Creating.
[LOG 18:45:23.236] [DragCubeSystem]: Drag cubes not found or cannot be read for part Part. Generating New drag cubes.
[LOG 18:45:23.236] [KSPCF/DragCubeGeneration] Creating drag cubes for part 'Large.Crewed.Lab'
[LOG 18:45:23.241] PartLoader: Compiling Part 'Squad/Parts/Science/Magnetometer/Magnetometer/Magnetometer'
[LOG 18:45:23.251] PartLoader: Part 'Squad/Parts/Science/Magnetometer/Magnetometer/Magnetometer' has no database record. Creating.
[LOG 18:45:23.251] [DragCubeSystem]: Drag cubes not found or cannot be read for part Part. Generating New drag cubes.
[LOG 18:45:23.251] [KSPCF/DragCubeGeneration] Creating drag cubes for part 'Magnetometer'
[LOG 18:45:23.266] PartLoader: Compiling Part 'Squad/Parts/Science/MaterialBay/materialBay/science_module'
[LOG 18:45:23.270] PartLoader: Part 'Squad/Parts/Science/MaterialBay/materialBay/science_module' has no database record. Creating.
[LOG 18:45:23.270] [DragCubeSystem]: Drag cubes not found or cannot be read for part Part. Generating New drag cubes.
[LOG 18:45:23.270] [KSPCF/DragCubeGeneration] Creating drag cubes for part 'science.module'
[LOG 18:45:23.281] PartLoader: Compiling Part 'Squad/Parts/Science/ScienceBox/ScienceBox/ScienceBox'
[LOG 18:45:23.284] PartLoader: Part 'Squad/Parts/Science/ScienceBox/ScienceBox/ScienceBox' has no database record. Creating.
[LOG 18:45:23.284] [DragCubeSystem]: Drag cubes not found or cannot be read for part Part. Generating New drag cubes.
[LOG 18:45:23.284] [KSPCF/DragCubeGeneration] Creating drag cubes for part 'ScienceBox'
[LOG 18:45:23.288] PartLoader: Compiling Part 'Squad/Parts/Science/sensorAccelerometer/sensorAccelerometer/sensorAccelerometer'
[LOG 18:45:23.295] PartLoader: Part 'Squad/Parts/Science/sensorAccelerometer/sensorAccelerometer/sensorAccelerometer' has no database record. Creating.
[LOG 18:45:23.295] [DragCubeSystem]: Drag cubes not found or cannot be read for part Part. Generating New drag cubes.
[LOG 18:45:23.295] [KSPCF/DragCubeGeneration] Creating drag cubes for part 'sensorAccelerometer'
[LOG 18:45:23.299] PartLoader: Compiling Part 'Squad/Parts/Science/sensorBarometer/sensorBarometer/sensorBarometer'
[LOG 18:45:23.302] PartLoader: Part 'Squad/Parts/Science/sensorBarometer/sensorBarometer/sensorBarometer' has no database record. Creating.
[LOG 18:45:23.302] [DragCubeSystem]: Drag cubes not found or cannot be read for part Part. Generating New drag cubes.
[LOG 18:45:23.302] [KSPCF/DragCubeGeneration] Creating drag cubes for part 'sensorBarometer'
[LOG 18:45:23.306] PartLoader: Compiling Part 'Squad/Parts/Science/sensorGravimeter/sensorGravimeter/sensorGravimeter'
[LOG 18:45:23.310] PartLoader: Part 'Squad/Parts/Science/sensorGravimeter/sensorGravimeter/sensorGravimeter' has no database record. Creating.
[LOG 18:45:23.310] [DragCubeSystem]: Drag cubes not found or cannot be read for part Part. Generating New drag cubes.
[LOG 18:45:23.310] [KSPCF/DragCubeGeneration] Creating drag cubes for part 'sensorGravimeter'
[LOG 18:45:23.315] PartLoader: Compiling Part 'Squad/Parts/Science/sensorThermometer/sensorThermometer/sensorThermometer'
[LOG 18:45:23.318] PartLoader: Part 'Squad/Parts/Science/sensorThermometer/sensorThermometer/sensorThermometer' has no database record. Creating.
[LOG 18:45:23.318] [DragCubeSystem]: Drag cubes not found or cannot be read for part Part. Generating New drag cubes.
[LOG 18:45:23.318] [KSPCF/DragCubeGeneration] Creating drag cubes for part 'sensorThermometer'
[LOG 18:45:23.322] PartLoader: Compiling Part 'Squad/Parts/Structural/FLAdapters/adapterSmallMiniShort/adapterSmallMiniShort'
[LOG 18:45:23.325] PartLoader: Part 'Squad/Parts/Structural/FLAdapters/adapterSmallMiniShort/adapterSmallMiniShort' has no database record. Creating.
[LOG 18:45:23.325] [DragCubeSystem]: Drag cubes not found or cannot be read for part Part. Generating New drag cubes.
[LOG 18:45:23.326] [KSPCF/DragCubeGeneration] Creating drag cubes for part 'adapterSmallMiniShort'
[LOG 18:45:23.330] PartLoader: Compiling Part 'Squad/Parts/Structural/FLAdapters/adapterSmallMiniTall/adapterSmallMiniTall'
[LOG 18:45:23.332] PartLoader: Part 'Squad/Parts/Structural/FLAdapters/adapterSmallMiniTall/adapterSmallMiniTall' has no database record. Creating.
[LOG 18:45:23.332] [DragCubeSystem]: Drag cubes not found or cannot be read for part Part. Generating New drag cubes.
[LOG 18:45:23.332] [KSPCF/DragCubeGeneration] Creating drag cubes for part 'adapterSmallMiniTall'
[LOG 18:45:23.336] PartLoader: Compiling Part 'Squad/Parts/Structural/mk1Parts/engineBodyRadial/radialEngineBody'
[LOG 18:45:23.339] PartLoader: Part 'Squad/Parts/Structural/mk1Parts/engineBodyRadial/radialEngineBody' has no database record. Creating.
[LOG 18:45:23.339] [DragCubeSystem]: Drag cubes not found or cannot be read for part Part. Generating New drag cubes.
[LOG 18:45:23.339] [KSPCF/DragCubeGeneration] Creating drag cubes for part 'radialEngineBody'
[LOG 18:45:23.343] PartLoader: Compiling Part 'Squad/Parts/Structural/mk1Parts/engineNacelle/nacelleBody'
[LOG 18:45:23.346] PartLoader: Part 'Squad/Parts/Structural/mk1Parts/engineNacelle/nacelleBody' has no database record. Creating.
[LOG 18:45:23.346] [DragCubeSystem]: Drag cubes not found or cannot be read for part Part. Generating New drag cubes.
[LOG 18:45:23.347] [KSPCF/DragCubeGeneration] Creating drag cubes for part 'nacelleBody'
[LOG 18:45:23.352] PartLoader: Compiling Part 'Squad/Parts/Structural/mk1Parts/mk1Fuselage/MK1Fuselage'
[LOG 18:45:23.355] PartLoader: Part 'Squad/Parts/Structural/mk1Parts/mk1Fuselage/MK1Fuselage' has no database record. Creating.
[LOG 18:45:23.355] [DragCubeSystem]: Drag cubes not found or cannot be read for part Part. Generating New drag cubes.
[LOG 18:45:23.355] [KSPCF/DragCubeGeneration] Creating drag cubes for part 'MK1Fuselage'
[LOG 18:45:23.358] PartLoader: Compiling Part 'Squad/Parts/Structural/mk1Parts/mk1FuselageIntake/MK1IntakeFuselage'
[LOG 18:45:23.362] PartLoader: Part 'Squad/Parts/Structural/mk1Parts/mk1FuselageIntake/MK1IntakeFuselage' has no database record. Creating.
[LOG 18:45:23.362] [DragCubeSystem]: Drag cubes not found or cannot be read for part Part. Generating New drag cubes.
[LOG 18:45:23.362] [KSPCF/DragCubeGeneration] Creating drag cubes for part 'MK1IntakeFuselage'
[LOG 18:45:23.366] PartLoader: Compiling Part 'Squad/Parts/Structural/mk1Parts/mk1Structural/Mk1FuselageStructural'
[LOG 18:45:23.369] PartLoader: Part 'Squad/Parts/Structural/mk1Parts/mk1Structural/Mk1FuselageStructural' has no database record. Creating.
[LOG 18:45:23.369] PartLoader: Compiling Part 'Squad/Parts/Structural/Size3To2Adapter_v2/Size2to3_v2/Size3To2Adapter_v2'
[LOG 18:45:23.371] PartLoader: Part 'Squad/Parts/Structural/Size3To2Adapter_v2/Size2to3_v2/Size3To2Adapter_v2' has no database record. Creating.
[LOG 18:45:23.372] PartLoader: Compiling Part 'Squad/Parts/Structural/stackAdapters/adapterLargeSmallBi/adapterLargeSmallBi'
[LOG 18:45:23.374] PartLoader: Part 'Squad/Parts/Structural/stackAdapters/adapterLargeSmallBi/adapterLargeSmallBi' has no database record. Creating.
[LOG 18:45:23.374] [DragCubeSystem]: Drag cubes not found or cannot be read for part Part. Generating New drag cubes.
[LOG 18:45:23.374] [KSPCF/DragCubeGeneration] Creating drag cubes for part 'adapterLargeSmallBi'
[LOG 18:45:23.378] PartLoader: Compiling Part 'Squad/Parts/Structural/stackAdapters/adapterLargeSmallQuad/adapterLargeSmallQuad'
[LOG 18:45:23.381] PartLoader: Part 'Squad/Parts/Structural/stackAdapters/adapterLargeSmallQuad/adapterLargeSmallQuad' has no database record. Creating.
[LOG 18:45:23.381] [DragCubeSystem]: Drag cubes not found or cannot be read for part Part. Generating New drag cubes.
[LOG 18:45:23.381] [KSPCF/DragCubeGeneration] Creating drag cubes for part 'adapterLargeSmallQuad'
[LOG 18:45:23.386] PartLoader: Compiling Part 'Squad/Parts/Structural/stackAdapters/adapterLargeSmallTri/adapterLargeSmallTri'
[LOG 18:45:23.391] PartLoader: Part 'Squad/Parts/Structural/stackAdapters/adapterLargeSmallTri/adapterLargeSmallTri' has no database record. Creating.
[LOG 18:45:23.391] [DragCubeSystem]: Drag cubes not found or cannot be read for part Part. Generating New drag cubes.
[LOG 18:45:23.391] [KSPCF/DragCubeGeneration] Creating drag cubes for part 'adapterLargeSmallTri'
[LOG 18:45:23.395] PartLoader: Compiling Part 'Squad/Parts/Structural/stationHub/stationHub/stationHub'
[LOG 18:45:23.398] PartLoader: Part 'Squad/Parts/Structural/stationHub/stationHub/stationHub' has no database record. Creating.
[LOG 18:45:23.398] [DragCubeSystem]: Drag cubes not found or cannot be read for part Part. Generating New drag cubes.
[LOG 18:45:23.398] [KSPCF/DragCubeGeneration] Creating drag cubes for part 'stationHub'
[LOG 18:45:23.402] PartLoader: Compiling Part 'Squad/Parts/Structural/structuralIBeam200/structuralIBeam200/structuralIBeam2'
[LOG 18:45:23.408] PartLoader: Part 'Squad/Parts/Structural/structuralIBeam200/structuralIBeam200/structuralIBeam2' has no database record. Creating.
[LOG 18:45:23.408] [DragCubeSystem]: Drag cubes not found or cannot be read for part Part. Generating New drag cubes.
[LOG 18:45:23.408] [KSPCF/DragCubeGeneration] Creating drag cubes for part 'structuralIBeam2'
[LOG 18:45:23.412] PartLoader: Compiling Part 'Squad/Parts/Structural/structuralIBeam200Pocket/structuralIBeam200Pocket/structuralIBeam3'
[LOG 18:45:23.414] PartLoader: Part 'Squad/Parts/Structural/structuralIBeam200Pocket/structuralIBeam200Pocket/structuralIBeam3' has no database record. Creating.
[LOG 18:45:23.414] [DragCubeSystem]: Drag cubes not found or cannot be read for part Part. Generating New drag cubes.
[LOG 18:45:23.414] [KSPCF/DragCubeGeneration] Creating drag cubes for part 'structuralIBeam3'
[LOG 18:45:23.418] PartLoader: Compiling Part 'Squad/Parts/Structural/structuralIBeam650/structuralIBeam650/structuralIBeam1'
[LOG 18:45:23.422] PartLoader: Part 'Squad/Parts/Structural/structuralIBeam650/structuralIBeam650/structuralIBeam1' has no database record. Creating.
[LOG 18:45:23.422] [DragCubeSystem]: Drag cubes not found or cannot be read for part Part. Generating New drag cubes.
[LOG 18:45:23.422] [KSPCF/DragCubeGeneration] Creating drag cubes for part 'structuralIBeam1'
[LOG 18:45:23.425] PartLoader: Compiling Part 'Squad/Parts/Structural/structuralMicronode/structuralMicronode/structuralMiniNode'
[LOG 18:45:23.428] PartLoader: Part 'Squad/Parts/Structural/structuralMicronode/structuralMicronode/structuralMiniNode' has no database record. Creating.
[LOG 18:45:23.428] [DragCubeSystem]: Drag cubes not found or cannot be read for part Part. Generating New drag cubes.
[LOG 18:45:23.428] [KSPCF/DragCubeGeneration] Creating drag cubes for part 'structuralMiniNode'
[LOG 18:45:23.432] PartLoader: Compiling Part 'Squad/Parts/Structural/structuralPanel1x1/structuralPanel1x1/structuralPanel1'
[LOG 18:45:23.435] PartLoader: Part 'Squad/Parts/Structural/structuralPanel1x1/structuralPanel1x1/structuralPanel1' has no database record. Creating.
[LOG 18:45:23.435] [DragCubeSystem]: Drag cubes not found or cannot be read for part Part. Generating New drag cubes.
[LOG 18:45:23.435] [KSPCF/DragCubeGeneration] Creating drag cubes for part 'structuralPanel1'
[LOG 18:45:23.439] PartLoader: Compiling Part 'Squad/Parts/Structural/structuralPanel2x2/structuralPanel2x2/structuralPanel2'
[LOG 18:45:23.441] PartLoader: Part 'Squad/Parts/Structural/structuralPanel2x2/structuralPanel2x2/structuralPanel2' has no database record. Creating.
[LOG 18:45:23.441] [DragCubeSystem]: Drag cubes not found or cannot be read for part Part. Generating New drag cubes.
[LOG 18:45:23.441] [KSPCF/DragCubeGeneration] Creating drag cubes for part 'structuralPanel2'
[LOG 18:45:23.445] PartLoader: Compiling Part 'Squad/Parts/Structural/structuralPylons/smallHardpoint/smallHardpoint'
[LOG 18:45:23.449] PartLoader: Part 'Squad/Parts/Structural/structuralPylons/smallHardpoint/smallHardpoint' has no database record. Creating.
[LOG 18:45:23.449] [DragCubeSystem]: Drag cubes not found or cannot be read for part Part. Generating New drag cubes.
[LOG 18:45:23.449] [KSPCF/DragCubeGeneration] Creating drag cubes for part 'smallHardpoint'
[LOG 18:45:23.453] PartLoader: Compiling Part 'Squad/Parts/Structural/structuralPylons/structuralPylon/structuralPylon'
[LOG 18:45:23.462] PartLoader: Part 'Squad/Parts/Structural/structuralPylons/structuralPylon/structuralPylon' has no database record. Creating.
[LOG 18:45:23.462] [DragCubeSystem]: Drag cubes not found or cannot be read for part Part. Generating New drag cubes.
[LOG 18:45:23.462] [KSPCF/DragCubeGeneration] Creating drag cubes for part 'structuralPylon'
[LOG 18:45:23.466] PartLoader: Compiling Part 'Squad/Parts/Structural/strutCubicOcto/strutCubicOcto/strutCube'
[LOG 18:45:23.469] PartLoader: Part 'Squad/Parts/Structural/strutCubicOcto/strutCubicOcto/strutCube' has no database record. Creating.
[LOG 18:45:23.470] [DragCubeSystem]: Drag cubes not found or cannot be read for part Part. Generating New drag cubes.
[LOG 18:45:23.470] [KSPCF/DragCubeGeneration] Creating drag cubes for part 'strutCube'
[LOG 18:45:23.474] PartLoader: Compiling Part 'Squad/Parts/Structural/strutOcto/strutOcto/strutOcto'
[LOG 18:45:23.478] PartLoader: Part 'Squad/Parts/Structural/strutOcto/strutOcto/strutOcto' has no database record. Creating.
[LOG 18:45:23.478] [DragCubeSystem]: Drag cubes not found or cannot be read for part Part. Generating New drag cubes.
[LOG 18:45:23.478] [KSPCF/DragCubeGeneration] Creating drag cubes for part 'strutOcto'
[LOG 18:45:23.482] PartLoader: Compiling Part 'Squad/Parts/Structural/trussGirderAdapter/trussGirderAdapter/trussAdapter'
[LOG 18:45:23.485] PartLoader: Part 'Squad/Parts/Structural/trussGirderAdapter/trussGirderAdapter/trussAdapter' has no database record. Creating.
[LOG 18:45:23.485] [DragCubeSystem]: Drag cubes not found or cannot be read for part Part. Generating New drag cubes.
[LOG 18:45:23.485] [KSPCF/DragCubeGeneration] Creating drag cubes for part 'trussAdapter'
[LOG 18:45:23.490] PartLoader: Compiling Part 'Squad/Parts/Structural/trussGirderL/trussGirderL/trussPiece1x'
[LOG 18:45:23.497] PartLoader: Part 'Squad/Parts/Structural/trussGirderL/trussGirderL/trussPiece1x' has no database record. Creating.
[LOG 18:45:23.497] [DragCubeSystem]: Drag cubes not found or cannot be read for part Part. Generating New drag cubes.
[LOG 18:45:23.497] [KSPCF/DragCubeGeneration] Creating drag cubes for part 'trussPiece1x'
[LOG 18:45:23.501] PartLoader: Compiling Part 'Squad/Parts/Structural/trussGirderXL/trussGirderXL/trussPiece3x'
[LOG 18:45:23.505] PartLoader: Part 'Squad/Parts/Structural/trussGirderXL/trussGirderXL/trussPiece3x' has no database record. Creating.
[LOG 18:45:23.505] [DragCubeSystem]: Drag cubes not found or cannot be read for part Part. Generating New drag cubes.
[LOG 18:45:23.505] [KSPCF/DragCubeGeneration] Creating drag cubes for part 'trussPiece3x'
[LOG 18:45:23.509] PartLoader: Compiling Part 'Squad/Parts/Thermal/FoldingRadiators/foldingRadLarge/foldingRadLarge'
[LOG 18:45:23.525] PartLoader: Part 'Squad/Parts/Thermal/FoldingRadiators/foldingRadLarge/foldingRadLarge' has no database record. Creating.
[LOG 18:45:23.527] PartLoader: Compiling Part 'Squad/Parts/Thermal/FoldingRadiators/foldingRadMed/foldingRadMed'
[LOG 18:45:23.532] PartLoader: Part 'Squad/Parts/Thermal/FoldingRadiators/foldingRadMed/foldingRadMed' has no database record. Creating.
[LOG 18:45:23.533] PartLoader: Compiling Part 'Squad/Parts/Thermal/FoldingRadiators/foldingRadSmall/foldingRadSmall'
[LOG 18:45:23.539] PartLoader: Part 'Squad/Parts/Thermal/FoldingRadiators/foldingRadSmall/foldingRadSmall' has no database record. Creating.
[LOG 18:45:23.539] PartLoader: Compiling Part 'Squad/Parts/Thermal/RadiatorPanels/radPanelEdge/radPanelEdge'
[LOG 18:45:23.551] PartLoader: Part 'Squad/Parts/Thermal/RadiatorPanels/radPanelEdge/radPanelEdge' has no database record. Creating.
[LOG 18:45:23.551] [DragCubeSystem]: Drag cubes not found or cannot be read for part Part. Generating New drag cubes.
[LOG 18:45:23.551] [KSPCF/DragCubeGeneration] Creating drag cubes for part 'radPanelEdge'
[LOG 18:45:23.555] PartLoader: Compiling Part 'Squad/Parts/Thermal/RadiatorPanels/radPanelLg/radPanelLg'
[LOG 18:45:23.559] PartLoader: Part 'Squad/Parts/Thermal/RadiatorPanels/radPanelLg/radPanelLg' has no database record. Creating.
[LOG 18:45:23.559] [DragCubeSystem]: Drag cubes not found or cannot be read for part Part. Generating New drag cubes.
[LOG 18:45:23.559] [KSPCF/DragCubeGeneration] Creating drag cubes for part 'radPanelLg'
[LOG 18:45:23.563] PartLoader: Compiling Part 'Squad/Parts/Thermal/RadiatorPanels/radPanelSm/radPanelSm'
[LOG 18:45:23.568] PartLoader: Part 'Squad/Parts/Thermal/RadiatorPanels/radPanelSm/radPanelSm' has no database record. Creating.
[LOG 18:45:23.568] [DragCubeSystem]: Drag cubes not found or cannot be read for part Part. Generating New drag cubes.
[LOG 18:45:23.568] [KSPCF/DragCubeGeneration] Creating drag cubes for part 'radPanelSm'
[LOG 18:45:23.572] PartLoader: Compiling Part 'Squad/Parts/Utility/commDish88-88/commDish88-88/commDish'
[LOG 18:45:23.577] PartLoader: Part 'Squad/Parts/Utility/commDish88-88/commDish88-88/commDish' has no database record. Creating.
[LOG 18:45:23.577] [DragCubeSystem]: Drag cubes not found or cannot be read for part Part. Generating New drag cubes.
[LOG 18:45:23.577] [KSPCF/DragCubeGeneration] Creating drag cubes for part 'commDish'
[LOG 18:45:23.592] PartLoader: Compiling Part 'Squad/Parts/Utility/commsAntennaDTS-M1/commsAntennaDTS-M1/mediumDishAntenna'
[LOG 18:45:23.596] PartLoader: Part 'Squad/Parts/Utility/commsAntennaDTS-M1/commsAntennaDTS-M1/mediumDishAntenna' has no database record. Creating.
[LOG 18:45:23.596] [DragCubeSystem]: Drag cubes not found or cannot be read for part Part. Generating New drag cubes.
[LOG 18:45:23.596] [KSPCF/DragCubeGeneration] Creating drag cubes for part 'mediumDishAntenna'
[LOG 18:45:23.609] PartLoader: Compiling Part 'Squad/Parts/Utility/commsDish16/commsAntenna16/longAntenna'
[LOG 18:45:23.613] PartLoader: Part 'Squad/Parts/Utility/commsDish16/commsAntenna16/longAntenna' has no database record. Creating.
[LOG 18:45:23.614] [DragCubeSystem]: Drag cubes not found or cannot be read for part Part. Generating New drag cubes.
[LOG 18:45:23.614] [KSPCF/DragCubeGeneration] Creating drag cubes for part 'longAntenna'
[LOG 18:45:23.624] PartLoader: Compiling Part 'Squad/Parts/Utility/decouplerRadialHDM/decouplerRadialHDM/radialDecoupler1-2'
[LOG 18:45:23.631] PartLoader: Part 'Squad/Parts/Utility/decouplerRadialHDM/decouplerRadialHDM/radialDecoupler1-2' has no database record. Creating.
[LOG 18:45:23.631] [DragCubeSystem]: Drag cubes not found or cannot be read for part Part. Generating New drag cubes.
[LOG 18:45:23.631] [KSPCF/DragCubeGeneration] Creating drag cubes for part 'radialDecoupler1-2'
[LOG 18:45:23.636] PartLoader: Compiling Part 'Squad/Parts/Utility/decouplerRadialTT-38K/decouplerRadialTT-38K/radialDecoupler'
[LOG 18:45:23.640] PartLoader: Part 'Squad/Parts/Utility/decouplerRadialTT-38K/decouplerRadialTT-38K/radialDecoupler' has no database record. Creating.
[LOG 18:45:23.640] [DragCubeSystem]: Drag cubes not found or cannot be read for part Part. Generating New drag cubes.
[LOG 18:45:23.640] [KSPCF/DragCubeGeneration] Creating drag cubes for part 'radialDecoupler'
[LOG 18:45:23.645] PartLoader: Compiling Part 'Squad/Parts/Utility/decouplerRadialTT-70/decouplerRadialTT-70/radialDecoupler2'
[LOG 18:45:23.649] PartLoader: Part 'Squad/Parts/Utility/decouplerRadialTT-70/decouplerRadialTT-70/radialDecoupler2' has no database record. Creating.
[LOG 18:45:23.649] [DragCubeSystem]: Drag cubes not found or cannot be read for part Part. Generating New drag cubes.
[LOG 18:45:23.649] [KSPCF/DragCubeGeneration] Creating drag cubes for part 'radialDecoupler2'
[LOG 18:45:23.653] PartLoader: Compiling Part 'Squad/Parts/Utility/DirectAntennas/C16S/SurfAntenna'
[LOG 18:45:23.656] PartLoader: Part 'Squad/Parts/Utility/DirectAntennas/C16S/SurfAntenna' has no database record. Creating.
[LOG 18:45:23.657] [DragCubeSystem]: Drag cubes not found or cannot be read for part Part. Generating New drag cubes.
[LOG 18:45:23.657] [KSPCF/DragCubeGeneration] Creating drag cubes for part 'SurfAntenna'
[LOG 18:45:23.662] PartLoader: Compiling Part 'Squad/Parts/Utility/DirectAntennas/HG-5/HighGainAntenna5'
[LOG 18:45:23.667] PartLoader: Part 'Squad/Parts/Utility/DirectAntennas/HG-5/HighGainAntenna5' has no database record. Creating.
[LOG 18:45:23.667] [DragCubeSystem]: Drag cubes not found or cannot be read for part Part. Generating New drag cubes.
[LOG 18:45:23.667] [KSPCF/DragCubeGeneration] Creating drag cubes for part 'HighGainAntenna5'
[LOG 18:45:23.678] PartLoader: Compiling Part 'Squad/Parts/Utility/DirectAntennas/HG-5_v2/HighGainAntenna5_v2'
[LOG 18:45:23.682] PartLoader: Part 'Squad/Parts/Utility/DirectAntennas/HG-5_v2/HighGainAntenna5_v2' has no database record. Creating.
[LOG 18:45:23.682] [DragCubeSystem]: Drag cubes not found or cannot be read for part Part. Generating New drag cubes.
[LOG 18:45:23.682] [KSPCF/DragCubeGeneration] Creating drag cubes for part 'HighGainAntenna5.v2'
[LOG 18:45:23.692] PartLoader: Compiling Part 'Squad/Parts/Utility/dockingPort/dockingPort/dockingPort2'
[LOG 18:45:23.703] PartLoader: Part 'Squad/Parts/Utility/dockingPort/dockingPort/dockingPort2' has no database record. Creating.
[LOG 18:45:23.703] [DragCubeSystem]: Drag cubes not found or cannot be read for part Part. Generating New drag cubes.
[LOG 18:45:23.703] [KSPCF/DragCubeGeneration] Creating drag cubes for part 'dockingPort2'
[LOG 18:45:23.708] PartLoader: Compiling Part 'Squad/Parts/Utility/dockingPortInline/dockingPortInline/dockingPortLateral'
[LOG 18:45:23.713] PartLoader: Part 'Squad/Parts/Utility/dockingPortInline/dockingPortInline/dockingPortLateral' has no database record. Creating.
[LOG 18:45:23.713] [DragCubeSystem]: Drag cubes not found or cannot be read for part Part. Generating New drag cubes.
[LOG 18:45:23.713] [KSPCF/DragCubeGeneration] Creating drag cubes for part 'dockingPortLateral'
[LOG 18:45:23.725] PartLoader: Compiling Part 'Squad/Parts/Utility/dockingPortJr/dockingPortJr/dockingPort3'
[LOG 18:45:23.729] PartLoader: Part 'Squad/Parts/Utility/dockingPortJr/dockingPortJr/dockingPort3' has no database record. Creating.
[LOG 18:45:23.729] [DragCubeSystem]: Drag cubes not found or cannot be read for part Part. Generating New drag cubes.
[LOG 18:45:23.729] [KSPCF/DragCubeGeneration] Creating drag cubes for part 'dockingPort3'
[LOG 18:45:23.733] PartLoader: Compiling Part 'Squad/Parts/Utility/dockingPortShielded/dockingPortShielded/dockingPort1'
[LOG 18:45:23.739] PartLoader: Part 'Squad/Parts/Utility/dockingPortShielded/dockingPortShielded/dockingPort1' has no database record. Creating.
[LOG 18:45:23.739] [DragCubeSystem]: Drag cubes not found or cannot be read for part Part. Generating New drag cubes.
[LOG 18:45:23.739] [KSPCF/DragCubeGeneration] Creating drag cubes for part 'dockingPort1'
[LOG 18:45:23.750] PartLoader: Compiling Part 'Squad/Parts/Utility/dockingPortSr/dockingPortSr/dockingPortLarge'
[LOG 18:45:23.755] PartLoader: Part 'Squad/Parts/Utility/dockingPortSr/dockingPortSr/dockingPortLarge' has no database record. Creating.
[LOG 18:45:23.755] [DragCubeSystem]: Drag cubes not found or cannot be read for part Part. Generating New drag cubes.
[LOG 18:45:23.755] [KSPCF/DragCubeGeneration] Creating drag cubes for part 'dockingPortLarge'
[LOG 18:45:23.760] PartLoader: Compiling Part 'Squad/Parts/Utility/Fireworks/fireworksLauncherBig/fireworksLauncherBig'
[LOG 18:45:23.772] PartLoader: Part 'Squad/Parts/Utility/Fireworks/fireworksLauncherBig/fireworksLauncherBig' has no database record. Creating.
[LOG 18:45:23.772] [DragCubeSystem]: Drag cubes not found or cannot be read for part Part. Generating New drag cubes.
[LOG 18:45:23.773] [KSPCF/DragCubeGeneration] Creating drag cubes for part 'fireworksLauncherBig'
[LOG 18:45:23.777] PartLoader: Compiling Part 'Squad/Parts/Utility/Fireworks/fireworksLauncherSmall/fireworksLauncherSmall'
[LOG 18:45:23.785] PartLoader: Part 'Squad/Parts/Utility/Fireworks/fireworksLauncherSmall/fireworksLauncherSmall' has no database record. Creating.
[LOG 18:45:23.785] [DragCubeSystem]: Drag cubes not found or cannot be read for part Part. Generating New drag cubes.
[LOG 18:45:23.785] [KSPCF/DragCubeGeneration] Creating drag cubes for part 'fireworksLauncherSmall'
[LOG 18:45:23.789] PartLoader: Compiling Part 'Squad/Parts/Utility/flags/flagFlat/flagFlat/flagPartFlat'
[LOG 18:45:23.797] PartLoader: Part 'Squad/Parts/Utility/flags/flagFlat/flagFlat/flagPartFlat' has no database record. Creating.
[LOG 18:45:23.797] [DragCubeSystem]: Drag cubes not found or cannot be read for part Part. Generating New drag cubes.
[LOG 18:45:23.798] [KSPCF/DragCubeGeneration] Creating drag cubes for part 'flagPartFlat'
[LOG 18:45:23.802] PartLoader: Compiling Part 'Squad/Parts/Utility/flags/flagSize0/flagSize0/flagPartSize0'
[LOG 18:45:23.808] PartLoader: Part 'Squad/Parts/Utility/flags/flagSize0/flagSize0/flagPartSize0' has no database record. Creating.
[LOG 18:45:23.808] [DragCubeSystem]: Drag cubes not found or cannot be read for part Part. Generating New drag cubes.
[LOG 18:45:23.809] [KSPCF/DragCubeGeneration] Creating drag cubes for part 'flagPartSize0'
[LOG 18:45:23.813] PartLoader: Compiling Part 'Squad/Parts/Utility/flags/flagSize1/flagSize1/flagPartSize1'
[LOG 18:45:23.818] PartLoader: Part 'Squad/Parts/Utility/flags/flagSize1/flagSize1/flagPartSize1' has no database record. Creating.
[LOG 18:45:23.819] [DragCubeSystem]: Drag cubes not found or cannot be read for part Part. Generating New drag cubes.
[LOG 18:45:23.819] [KSPCF/DragCubeGeneration] Creating drag cubes for part 'flagPartSize1'
[LOG 18:45:23.823] PartLoader: Compiling Part 'Squad/Parts/Utility/flags/flagSize2/flagSize2/flagPartSize2'
[LOG 18:45:23.828] PartLoader: Part 'Squad/Parts/Utility/flags/flagSize2/flagSize2/flagPartSize2' has no database record. Creating.
[LOG 18:45:23.828] [DragCubeSystem]: Drag cubes not found or cannot be read for part Part. Generating New drag cubes.
[LOG 18:45:23.828] [KSPCF/DragCubeGeneration] Creating drag cubes for part 'flagPartSize2'
[LOG 18:45:23.832] PartLoader: Compiling Part 'Squad/Parts/Utility/flags/flagSize3/flagSize3/flagPartSize3'
[LOG 18:45:23.837] PartLoader: Part 'Squad/Parts/Utility/flags/flagSize3/flagSize3/flagPartSize3' has no database record. Creating.
[LOG 18:45:23.837] [DragCubeSystem]: Drag cubes not found or cannot be read for part Part. Generating New drag cubes.
[LOG 18:45:23.837] [KSPCF/DragCubeGeneration] Creating drag cubes for part 'flagPartSize3'
[LOG 18:45:23.842] PartLoader: Compiling Part 'Squad/Parts/Utility/GrapplingDevice/part/GrapplingDevice'
[LOG 18:45:23.854] PartLoader: Part 'Squad/Parts/Utility/GrapplingDevice/part/GrapplingDevice' has no database record. Creating.
[LOG 18:45:23.855] [DragCubeSystem]: Drag cubes not found or cannot be read for part Part. Generating New drag cubes.
[LOG 18:45:23.855] [KSPCF/DragCubeGeneration] Creating drag cubes for part 'GrapplingDevice'
[LOG 18:45:23.871] PartLoader: Compiling Part 'Squad/Parts/Utility/ladderRadial/ladderRadial/ladder1'
[LOG 18:45:23.873] PartLoader: Part 'Squad/Parts/Utility/ladderRadial/ladderRadial/ladder1' has no database record. Creating.
[LOG 18:45:23.873] [DragCubeSystem]: Drag cubes not found or cannot be read for part Part. Generating New drag cubes.
[LOG 18:45:23.873] [KSPCF/DragCubeGeneration] Creating drag cubes for part 'ladder1'
[LOG 18:45:23.877] PartLoader: Compiling Part 'Squad/Parts/Utility/ladderTelescopic/ladderTelescopic/telescopicLadder'
[LOG 18:45:23.883] PartLoader: Part 'Squad/Parts/Utility/ladderTelescopic/ladderTelescopic/telescopicLadder' has no database record. Creating.
[LOG 18:45:23.883] [DragCubeSystem]: Drag cubes not found or cannot be read for part Part. Generating New drag cubes.
[LOG 18:45:23.883] [KSPCF/DragCubeGeneration] Creating drag cubes for part 'telescopicLadder'
[LOG 18:45:23.894] PartLoader: Compiling Part 'Squad/Parts/Utility/ladderTelescopicBay/ladderTelescopicBay/telescopicLadderBay'
[LOG 18:45:23.907] PartLoader: Part 'Squad/Parts/Utility/ladderTelescopicBay/ladderTelescopicBay/telescopicLadderBay' has no database record. Creating.
[LOG 18:45:23.907] [DragCubeSystem]: Drag cubes not found or cannot be read for part Part. Generating New drag cubes.
[LOG 18:45:23.907] [KSPCF/DragCubeGeneration] Creating drag cubes for part 'telescopicLadderBay'
[LOG 18:45:23.920] PartLoader: Compiling Part 'Squad/Parts/Utility/landingLegLT-1/landingLegLT-1/landingLeg1'
[LOG 18:45:23.946] PartLoader: Part 'Squad/Parts/Utility/landingLegLT-1/landingLegLT-1/landingLeg1' has no database record. Creating.
[LOG 18:45:23.946] [DragCubeSystem]: Drag cubes not found or cannot be read for part Part. Generating New drag cubes.
[LOG 18:45:23.946] [KSPCF/DragCubeGeneration] Creating drag cubes for part 'landingLeg1'
[LOG 18:45:23.958] PartLoader: Compiling Part 'Squad/Parts/Utility/landingLegLT-2/landingLegLT-2/landingLeg1-2'
[LOG 18:45:23.965] PartLoader: Part 'Squad/Parts/Utility/landingLegLT-2/landingLegLT-2/landingLeg1-2' has no database record. Creating.
[LOG 18:45:23.965] [DragCubeSystem]: Drag cubes not found or cannot be read for part Part. Generating New drag cubes.
[LOG 18:45:23.965] [KSPCF/DragCubeGeneration] Creating drag cubes for part 'landingLeg1-2'
[LOG 18:45:23.976] PartLoader: Compiling Part 'Squad/Parts/Utility/landingLegLT-5/landingLegLT-5/miniLandingLeg'
[LOG 18:45:23.982] PartLoader: Part 'Squad/Parts/Utility/landingLegLT-5/landingLegLT-5/miniLandingLeg' has no database record. Creating.
[LOG 18:45:23.983] [DragCubeSystem]: Drag cubes not found or cannot be read for part Part. Generating New drag cubes.
[LOG 18:45:23.983] [KSPCF/DragCubeGeneration] Creating drag cubes for part 'miniLandingLeg'
[LOG 18:45:23.994] PartLoader: Compiling Part 'Squad/Parts/Utility/launchClamp1/launchClamp1/launchClamp1'
[LOG 18:45:24.001] PartLoader: Part 'Squad/Parts/Utility/launchClamp1/launchClamp1/launchClamp1' has no database record. Creating.
[LOG 18:45:24.001] [DragCubeSystem]: Drag cubes not found or cannot be read for part Part. Generating New drag cubes.
[LOG 18:45:24.001] [KSPCF/DragCubeGeneration] Creating drag cubes for part 'launchClamp1'
[LOG 18:45:24.005] PartLoader: Compiling Part 'Squad/Parts/Utility/launchEscapeSystem/part/LaunchEscapeSystem'
[LOG 18:45:24.010] PartLoader: Part 'Squad/Parts/Utility/launchEscapeSystem/part/LaunchEscapeSystem' has no database record. Creating.
[LOG 18:45:24.010] [DragCubeSystem]: Drag cubes not found or cannot be read for part Part. Generating New drag cubes.
[LOG 18:45:24.010] [KSPCF/DragCubeGeneration] Creating drag cubes for part 'LaunchEscapeSystem'
[LOG 18:45:24.015] PartLoader: Compiling Part 'Squad/Parts/Utility/Lights/domeLight1/domeLight1'
[LOG 18:45:24.020] PartLoader: Part 'Squad/Parts/Utility/Lights/domeLight1/domeLight1' has no database record. Creating.
[LOG 18:45:24.020] [DragCubeSystem]: Drag cubes not found or cannot be read for part Part. Generating New drag cubes.
[LOG 18:45:24.020] [KSPCF/DragCubeGeneration] Creating drag cubes for part 'domeLight1'
[LOG 18:45:24.025] PartLoader: Compiling Part 'Squad/Parts/Utility/Lights/groundLight1/groundLight1'
[LOG 18:45:24.032] PartLoader: Part 'Squad/Parts/Utility/Lights/groundLight1/groundLight1' has no database record. Creating.
[LOG 18:45:24.032] [DragCubeSystem]: Drag cubes not found or cannot be read for part Part. Generating New drag cubes.
[LOG 18:45:24.032] [KSPCF/DragCubeGeneration] Creating drag cubes for part 'groundLight1'
[LOG 18:45:24.036] PartLoader: Compiling Part 'Squad/Parts/Utility/Lights/groundLight2/groundLight2'
[LOG 18:45:24.040] PartLoader: Part 'Squad/Parts/Utility/Lights/groundLight2/groundLight2' has no database record. Creating.
[LOG 18:45:24.040] [DragCubeSystem]: Drag cubes not found or cannot be read for part Part. Generating New drag cubes.
[LOG 18:45:24.040] [KSPCF/DragCubeGeneration] Creating drag cubes for part 'groundLight2'
[LOG 18:45:24.044] PartLoader: Compiling Part 'Squad/Parts/Utility/Lights/navLight1/navLight1'
[LOG 18:45:24.049] PartLoader: Part 'Squad/Parts/Utility/Lights/navLight1/navLight1' has no database record. Creating.
[LOG 18:45:24.049] [DragCubeSystem]: Drag cubes not found or cannot be read for part Part. Generating New drag cubes.
[LOG 18:45:24.049] [KSPCF/DragCubeGeneration] Creating drag cubes for part 'navLight1'
[LOG 18:45:24.053] PartLoader: Compiling Part 'Squad/Parts/Utility/Lights/spotLight1/spotLight3'
[LOG 18:45:24.058] PartLoader: Part 'Squad/Parts/Utility/Lights/spotLight1/spotLight3' has no database record. Creating.
[LOG 18:45:24.058] [DragCubeSystem]: Drag cubes not found or cannot be read for part Part. Generating New drag cubes.
[LOG 18:45:24.058] [KSPCF/DragCubeGeneration] Creating drag cubes for part 'spotLight3'
[LOG 18:45:24.063] PartLoader: Compiling Part 'Squad/Parts/Utility/Lights/stripLight1/stripLight1'
[LOG 18:45:24.067] PartLoader: Part 'Squad/Parts/Utility/Lights/stripLight1/stripLight1' has no database record. Creating.
[LOG 18:45:24.067] [DragCubeSystem]: Drag cubes not found or cannot be read for part Part. Generating New drag cubes.
[LOG 18:45:24.067] [KSPCF/DragCubeGeneration] Creating drag cubes for part 'stripLight1'
[LOG 18:45:24.072] PartLoader: Compiling Part 'Squad/Parts/Utility/linearVernorRCS/linearRCS/linearRcs'
[LOG 18:45:24.079] PartLoader: Part 'Squad/Parts/Utility/linearVernorRCS/linearRCS/linearRcs' has no database record. Creating.
[LOG 18:45:24.079] [DragCubeSystem]: Drag cubes not found or cannot be read for part Part. Generating New drag cubes.
[LOG 18:45:24.079] [KSPCF/DragCubeGeneration] Creating drag cubes for part 'linearRcs'
[LOG 18:45:24.083] PartLoader: Compiling Part 'Squad/Parts/Utility/linearVernorRCS/vernorEngine/vernierEngine'
[LOG 18:45:24.088] PartLoader: Part 'Squad/Parts/Utility/linearVernorRCS/vernorEngine/vernierEngine' has no database record. Creating.
[LOG 18:45:24.088] [DragCubeSystem]: Drag cubes not found or cannot be read for part Part. Generating New drag cubes.
[LOG 18:45:24.088] [KSPCF/DragCubeGeneration] Creating drag cubes for part 'vernierEngine'
[LOG 18:45:24.093] PartLoader: Compiling Part 'Squad/Parts/Utility/mk2CargoBay/BayL/mk2CargoBayL'
[LOG 18:45:24.098] PartLoader: Part 'Squad/Parts/Utility/mk2CargoBay/BayL/mk2CargoBayL' has no database record. Creating.
[LOG 18:45:24.098] PartLoader: Compiling Part 'Squad/Parts/Utility/mk2CargoBay/BayS/mk2CargoBayS'
[LOG 18:45:24.101] PartLoader: Part 'Squad/Parts/Utility/mk2CargoBay/BayS/mk2CargoBayS' has no database record. Creating.
[LOG 18:45:24.101] PartLoader: Compiling Part 'Squad/Parts/Utility/mk2CrewCabin/mk2CrewCabin/mk2CrewCabin'
[WRN 18:45:24.104] [Part]: Cannot have ModuleCargoPart and ModuleInventoryPart on same Part [mk2CrewCabin'. Removed ModuleCargoPart
[LOG 18:45:24.106] PartLoader: Part 'Squad/Parts/Utility/mk2CrewCabin/mk2CrewCabin/mk2CrewCabin' has no database record. Creating.
[LOG 18:45:24.106] [DragCubeSystem]: Drag cubes not found or cannot be read for part Part. Generating New drag cubes.
[LOG 18:45:24.106] [KSPCF/DragCubeGeneration] Creating drag cubes for part 'mk2CrewCabin'
[LOG 18:45:24.111] PartLoader: Compiling Part 'Squad/Parts/Utility/mk2DockingPort/mk2DockingPort/mk2DockingPort'
[LOG 18:45:24.120] PartLoader: Part 'Squad/Parts/Utility/mk2DockingPort/mk2DockingPort/mk2DockingPort' has no database record. Creating.
[LOG 18:45:24.121] PartLoader: Compiling Part 'Squad/Parts/Utility/mk3CargoBay/long/mk3CargoBayL'
[LOG 18:45:24.126] PartLoader: Part 'Squad/Parts/Utility/mk3CargoBay/long/mk3CargoBayL' has no database record. Creating.
[LOG 18:45:24.126] PartLoader: Compiling Part 'Squad/Parts/Utility/mk3CargoBay/medium/mk3CargoBayM'
[LOG 18:45:24.129] PartLoader: Part 'Squad/Parts/Utility/mk3CargoBay/medium/mk3CargoBayM' has no database record. Creating.
[LOG 18:45:24.129] PartLoader: Compiling Part 'Squad/Parts/Utility/mk3CargoBay/ramp/mk3CargoRamp'
[LOG 18:45:24.133] PartLoader: Part 'Squad/Parts/Utility/mk3CargoBay/ramp/mk3CargoRamp' has no database record. Creating.
[LOG 18:45:24.133] PartLoader: Compiling Part 'Squad/Parts/Utility/mk3CargoBay/short/mk3CargoBayS'
[LOG 18:45:24.136] PartLoader: Part 'Squad/Parts/Utility/mk3CargoBay/short/mk3CargoBayS' has no database record. Creating.
[LOG 18:45:24.136] PartLoader: Compiling Part 'Squad/Parts/Utility/parachuteMk1/parachuteMk1/parachuteSingle'
[LOG 18:45:24.146] PartLoader: Part 'Squad/Parts/Utility/parachuteMk1/parachuteMk1/parachuteSingle' has no database record. Creating.
[LOG 18:45:24.146] [DragCubeSystem]: Drag cubes not found or cannot be read for part Part. Generating New drag cubes.
[LOG 18:45:24.146] [KSPCF/DragCubeGeneration] Creating drag cubes for part 'parachuteSingle'
[LOG 18:45:24.165] PartLoader: Compiling Part 'Squad/Parts/Utility/parachuteMk12-R/parachuteMk12-R/radialDrogue'
[LOG 18:45:24.169] PartLoader: Part 'Squad/Parts/Utility/parachuteMk12-R/parachuteMk12-R/radialDrogue' has no database record. Creating.
[LOG 18:45:24.169] [DragCubeSystem]: Drag cubes not found or cannot be read for part Part. Generating New drag cubes.
[LOG 18:45:24.169] [KSPCF/DragCubeGeneration] Creating drag cubes for part 'radialDrogue'
[LOG 18:45:24.183] PartLoader: Compiling Part 'Squad/Parts/Utility/parachuteMk16-XL/parachuteMk16-XL/parachuteLarge'
[LOG 18:45:24.188] PartLoader: Part 'Squad/Parts/Utility/parachuteMk16-XL/parachuteMk16-XL/parachuteLarge' has no database record. Creating.
[LOG 18:45:24.189] [DragCubeSystem]: Drag cubes not found or cannot be read for part Part. Generating New drag cubes.
[LOG 18:45:24.189] [KSPCF/DragCubeGeneration] Creating drag cubes for part 'parachuteLarge'
[LOG 18:45:24.204] PartLoader: Compiling Part 'Squad/Parts/Utility/parachuteMk2-R/parachuteMk2-R/parachuteRadial'
[LOG 18:45:24.208] PartLoader: Part 'Squad/Parts/Utility/parachuteMk2-R/parachuteMk2-R/parachuteRadial' has no database record. Creating.
[LOG 18:45:24.208] [DragCubeSystem]: Drag cubes not found or cannot be read for part Part. Generating New drag cubes.
[LOG 18:45:24.208] [KSPCF/DragCubeGeneration] Creating drag cubes for part 'parachuteRadial'
[LOG 18:45:24.222] PartLoader: Compiling Part 'Squad/Parts/Utility/parachuteMk25/parachuteMk25/parachuteDrogue'
[LOG 18:45:24.226] PartLoader: Part 'Squad/Parts/Utility/parachuteMk25/parachuteMk25/parachuteDrogue' has no database record. Creating.
[LOG 18:45:24.226] [DragCubeSystem]: Drag cubes not found or cannot be read for part Part. Generating New drag cubes.
[LOG 18:45:24.226] [KSPCF/DragCubeGeneration] Creating drag cubes for part 'parachuteDrogue'
[LOG 18:45:24.239] PartLoader: Compiling Part 'Squad/Parts/Utility/radialAttachmentPoint/radialAttachmentPoint/stackPoint1'
[LOG 18:45:24.242] PartLoader: Part 'Squad/Parts/Utility/radialAttachmentPoint/radialAttachmentPoint/stackPoint1' has no database record. Creating.
[LOG 18:45:24.242] [DragCubeSystem]: Drag cubes not found or cannot be read for part Part. Generating New drag cubes.
[LOG 18:45:24.242] [KSPCF/DragCubeGeneration] Creating drag cubes for part 'stackPoint1'
[LOG 18:45:24.246] PartLoader: Compiling Part 'Squad/Parts/Utility/rcsBlockRV-105_v2/rcsBlockRV-105/RCSBlock_v2'
[LOG 18:45:24.252] PartLoader: Part 'Squad/Parts/Utility/rcsBlockRV-105_v2/rcsBlockRV-105/RCSBlock_v2' has no database record. Creating.
[LOG 18:45:24.253] [DragCubeSystem]: Drag cubes not found or cannot be read for part Part. Generating New drag cubes.
[LOG 18:45:24.253] [KSPCF/DragCubeGeneration] Creating drag cubes for part 'RCSBlock.v2'
[LOG 18:45:24.276] PartLoader: Compiling Part 'Squad/Parts/Utility/rcsBlockRV-105_v2/RCSblock_01_small/RCSblock_01_small'
[LOG 18:45:24.283] PartLoader: Part 'Squad/Parts/Utility/rcsBlockRV-105_v2/RCSblock_01_small/RCSblock_01_small' has no database record. Creating.
[LOG 18:45:24.283] [DragCubeSystem]: Drag cubes not found or cannot be read for part Part. Generating New drag cubes.
[LOG 18:45:24.283] [KSPCF/DragCubeGeneration] Creating drag cubes for part 'RCSblock.01.small'
[LOG 18:45:24.306] PartLoader: Compiling Part 'Squad/Parts/Utility/rcsSmallLinear/RCSLinearSmall/RCSLinearSmall'
[LOG 18:45:24.311] PartLoader: Part 'Squad/Parts/Utility/rcsSmallLinear/RCSLinearSmall/RCSLinearSmall' has no database record. Creating.
[LOG 18:45:24.311] [DragCubeSystem]: Drag cubes not found or cannot be read for part Part. Generating New drag cubes.
[LOG 18:45:24.311] [KSPCF/DragCubeGeneration] Creating drag cubes for part 'RCSLinearSmall'
[LOG 18:45:24.323] PartLoader: Compiling Part 'Squad/Parts/Utility/RelayAntennas/RA-100/RelayAntenna100'
[LOG 18:45:24.326] PartLoader: Part 'Squad/Parts/Utility/RelayAntennas/RA-100/RelayAntenna100' has no database record. Creating.
[LOG 18:45:24.326] [DragCubeSystem]: Drag cubes not found or cannot be read for part Part. Generating New drag cubes.
[LOG 18:45:24.327] [KSPCF/DragCubeGeneration] Creating drag cubes for part 'RelayAntenna100'
[LOG 18:45:24.331] PartLoader: Compiling Part 'Squad/Parts/Utility/RelayAntennas/RA-5/RelayAntenna5'
[LOG 18:45:24.334] PartLoader: Part 'Squad/Parts/Utility/RelayAntennas/RA-5/RelayAntenna5' has no database record. Creating.
[LOG 18:45:24.334] [DragCubeSystem]: Drag cubes not found or cannot be read for part Part. Generating New drag cubes.
[LOG 18:45:24.334] [KSPCF/DragCubeGeneration] Creating drag cubes for part 'RelayAntenna5'
[LOG 18:45:24.339] PartLoader: Compiling Part 'Squad/Parts/Utility/RelayAntennas/RA-50/RelayAntenna50'
[LOG 18:45:24.342] PartLoader: Part 'Squad/Parts/Utility/RelayAntennas/RA-50/RelayAntenna50' has no database record. Creating.
[LOG 18:45:24.342] [DragCubeSystem]: Drag cubes not found or cannot be read for part Part. Generating New drag cubes.
[LOG 18:45:24.343] [KSPCF/DragCubeGeneration] Creating drag cubes for part 'RelayAntenna50'
[LOG 18:45:24.347] PartLoader: Compiling Part 'Squad/Parts/Utility/rockomaxAdapters/largeAdapter/largeAdapter'
[LOG 18:45:24.352] PartLoader: Part 'Squad/Parts/Utility/rockomaxAdapters/largeAdapter/largeAdapter' has no database record. Creating.
[LOG 18:45:24.352] [DragCubeSystem]: Drag cubes not found or cannot be read for part Part. Generating New drag cubes.
[LOG 18:45:24.352] [KSPCF/DragCubeGeneration] Creating drag cubes for part 'largeAdapter'
[LOG 18:45:24.356] PartLoader: Compiling Part 'Squad/Parts/Utility/rockomaxAdapters/largeAdapterShort/largeAdapter2'
[LOG 18:45:24.359] PartLoader: Part 'Squad/Parts/Utility/rockomaxAdapters/largeAdapterShort/largeAdapter2' has no database record. Creating.
[LOG 18:45:24.359] [DragCubeSystem]: Drag cubes not found or cannot be read for part Part. Generating New drag cubes.
[LOG 18:45:24.359] [KSPCF/DragCubeGeneration] Creating drag cubes for part 'largeAdapter2'
[LOG 18:45:24.363] PartLoader: Compiling Part 'Squad/Parts/Utility/ServiceBay_v2/ServiceBay_125_v2/ServiceBay_125_v2'
[LOG 18:45:24.368] PartLoader: Part 'Squad/Parts/Utility/ServiceBay_v2/ServiceBay_125_v2/ServiceBay_125_v2' has no database record. Creating.
[LOG 18:45:24.368] [DragCubeSystem]: Drag cubes not found or cannot be read for part Part. Generating New drag cubes.
[LOG 18:45:24.368] [KSPCF/DragCubeGeneration] Creating drag cubes for part 'ServiceBay.125.v2'
[LOG 18:45:24.378] PartLoader: Compiling Part 'Squad/Parts/Utility/ServiceBay_v2/ServiceBay_250_v2/ServiceBay_250_v2'
[LOG 18:45:24.383] PartLoader: Part 'Squad/Parts/Utility/ServiceBay_v2/ServiceBay_250_v2/ServiceBay_250_v2' has no database record. Creating.
[LOG 18:45:24.383] [DragCubeSystem]: Drag cubes not found or cannot be read for part Part. Generating New drag cubes.
[LOG 18:45:24.383] [KSPCF/DragCubeGeneration] Creating drag cubes for part 'ServiceBay.250.v2'
[LOG 18:45:24.394] PartLoader: Compiling Part 'Squad/Parts/Utility/smallClaw/smallClaw/smallClaw'
[LOG 18:45:24.409] PartLoader: Part 'Squad/Parts/Utility/smallClaw/smallClaw/smallClaw' has no database record. Creating.
[LOG 18:45:24.409] [DragCubeSystem]: Drag cubes not found or cannot be read for part Part. Generating New drag cubes.
[LOG 18:45:24.409] [KSPCF/DragCubeGeneration] Creating drag cubes for part 'smallClaw'
[LOG 18:45:24.425] PartLoader: Compiling Part 'Squad/Parts/Utility/spotLightMk1/spotLightMk1/spotLight1'
[LOG 18:45:24.431] PartLoader: Part 'Squad/Parts/Utility/spotLightMk1/spotLightMk1/spotLight1' has no database record. Creating.
[LOG 18:45:24.431] [DragCubeSystem]: Drag cubes not found or cannot be read for part Part. Generating New drag cubes.
[LOG 18:45:24.431] [KSPCF/DragCubeGeneration] Creating drag cubes for part 'spotLight1'
[LOG 18:45:24.435] PartLoader: Compiling Part 'Squad/Parts/Utility/spotLightMk1_v2/spotLightMk1_v2/spotLight1_v2'
[LOG 18:45:24.439] PartLoader: Part 'Squad/Parts/Utility/spotLightMk1_v2/spotLightMk1_v2/spotLight1_v2' has no database record. Creating.
[LOG 18:45:24.439] [DragCubeSystem]: Drag cubes not found or cannot be read for part Part. Generating New drag cubes.
[LOG 18:45:24.439] [KSPCF/DragCubeGeneration] Creating drag cubes for part 'spotLight1.v2'
[LOG 18:45:24.443] PartLoader: Compiling Part 'Squad/Parts/Utility/spotLightMk2/spotLightMk2/spotLight2'
[LOG 18:45:24.447] PartLoader: Part 'Squad/Parts/Utility/spotLightMk2/spotLightMk2/spotLight2' has no database record. Creating.
[LOG 18:45:24.447] [DragCubeSystem]: Drag cubes not found or cannot be read for part Part. Generating New drag cubes.
[LOG 18:45:24.447] [KSPCF/DragCubeGeneration] Creating drag cubes for part 'spotLight2'
[LOG 18:45:24.451] PartLoader: Compiling Part 'Squad/Parts/Utility/spotLightMk2_v2/spotLightMk2_v2/spotLight2_v2'
[LOG 18:45:24.457] PartLoader: Part 'Squad/Parts/Utility/spotLightMk2_v2/spotLightMk2_v2/spotLight2_v2' has no database record. Creating.
[LOG 18:45:24.457] [DragCubeSystem]: Drag cubes not found or cannot be read for part Part. Generating New drag cubes.
[LOG 18:45:24.457] [KSPCF/DragCubeGeneration] Creating drag cubes for part 'spotLight2.v2'
[LOG 18:45:24.462] PartLoader: Compiling Part 'Squad/Parts/Utility/stackCouplers/stackBiCoupler_v2/stackBiCoupler_v2'
[LOG 18:45:24.466] PartLoader: Part 'Squad/Parts/Utility/stackCouplers/stackBiCoupler_v2/stackBiCoupler_v2' has no database record. Creating.
[LOG 18:45:24.466] [DragCubeSystem]: Drag cubes not found or cannot be read for part Part. Generating New drag cubes.
[LOG 18:45:24.466] [KSPCF/DragCubeGeneration] Creating drag cubes for part 'stackBiCoupler.v2'
[LOG 18:45:24.470] PartLoader: Compiling Part 'Squad/Parts/Utility/stackCouplers/stackQuadCoupler/stackQuadCoupler'
[LOG 18:45:24.474] PartLoader: Part 'Squad/Parts/Utility/stackCouplers/stackQuadCoupler/stackQuadCoupler' has no database record. Creating.
[LOG 18:45:24.475] [DragCubeSystem]: Drag cubes not found or cannot be read for part Part. Generating New drag cubes.
[LOG 18:45:24.475] [KSPCF/DragCubeGeneration] Creating drag cubes for part 'stackQuadCoupler'
[LOG 18:45:24.479] PartLoader: Compiling Part 'Squad/Parts/Utility/stackCouplers/stackTriCoupler_v2/stackTriCoupler_v2'
[LOG 18:45:24.482] PartLoader: Part 'Squad/Parts/Utility/stackCouplers/stackTriCoupler_v2/stackTriCoupler_v2' has no database record. Creating.
[LOG 18:45:24.482] [DragCubeSystem]: Drag cubes not found or cannot be read for part Part. Generating New drag cubes.
[LOG 18:45:24.482] [KSPCF/DragCubeGeneration] Creating drag cubes for part 'stackTriCoupler.v2'
[LOG 18:45:24.486] PartLoader: Compiling Part 'Squad/Parts/Wheel/LandingGear/GearExtraLarge/GearLarge'
[LOG 18:45:24.502] PartLoader: Part 'Squad/Parts/Wheel/LandingGear/GearExtraLarge/GearLarge' has no database record. Creating.
[LOG 18:45:24.502] [DragCubeSystem]: Drag cubes not found or cannot be read for part Part. Generating New drag cubes.
[LOG 18:45:24.502] [KSPCF/DragCubeGeneration] Creating drag cubes for part 'GearLarge'
[LOG 18:45:24.519] PartLoader: Compiling Part 'Squad/Parts/Wheel/LandingGear/GearFixed/GearFixed'
[LOG 18:45:24.525] PartLoader: Part 'Squad/Parts/Wheel/LandingGear/GearFixed/GearFixed' has no database record. Creating.
[LOG 18:45:24.525] [DragCubeSystem]: Drag cubes not found or cannot be read for part Part. Generating New drag cubes.
[LOG 18:45:24.525] [KSPCF/DragCubeGeneration] Creating drag cubes for part 'GearFixed'
[LOG 18:45:24.529] PartLoader: Compiling Part 'Squad/Parts/Wheel/LandingGear/GearFree/GearFree'
[LOG 18:45:24.538] PartLoader: Part 'Squad/Parts/Wheel/LandingGear/GearFree/GearFree' has no database record. Creating.
[LOG 18:45:24.538] [DragCubeSystem]: Drag cubes not found or cannot be read for part Part. Generating New drag cubes.
[LOG 18:45:24.538] [KSPCF/DragCubeGeneration] Creating drag cubes for part 'GearFree'
[LOG 18:45:24.543] PartLoader: Compiling Part 'Squad/Parts/Wheel/LandingGear/GearLarge/GearMedium'
[LOG 18:45:24.554] PartLoader: Part 'Squad/Parts/Wheel/LandingGear/GearLarge/GearMedium' has no database record. Creating.
[LOG 18:45:24.554] [DragCubeSystem]: Drag cubes not found or cannot be read for part Part. Generating New drag cubes.
[LOG 18:45:24.554] [KSPCF/DragCubeGeneration] Creating drag cubes for part 'GearMedium'
[LOG 18:45:24.570] PartLoader: Compiling Part 'Squad/Parts/Wheel/LandingGear/GearMedium/GearSmall'
[LOG 18:45:24.587] PartLoader: Part 'Squad/Parts/Wheel/LandingGear/GearMedium/GearSmall' has no database record. Creating.
[LOG 18:45:24.587] [DragCubeSystem]: Drag cubes not found or cannot be read for part Part. Generating New drag cubes.
[LOG 18:45:24.587] [KSPCF/DragCubeGeneration] Creating drag cubes for part 'GearSmall'
[LOG 18:45:24.602] PartLoader: Compiling Part 'Squad/Parts/Wheel/LandingGear/GearSmall/SmallGearBay'
[LOG 18:45:24.613] PartLoader: Part 'Squad/Parts/Wheel/LandingGear/GearSmall/SmallGearBay' has no database record. Creating.
[LOG 18:45:24.613] [DragCubeSystem]: Drag cubes not found or cannot be read for part Part. Generating New drag cubes.
[LOG 18:45:24.613] [KSPCF/DragCubeGeneration] Creating drag cubes for part 'SmallGearBay'
[LOG 18:45:24.626] PartLoader: Compiling Part 'Squad/Parts/Wheel/roverWheelM1/roverWheelM1/roverWheel1'
[LOG 18:45:24.638] PartLoader: Part 'Squad/Parts/Wheel/roverWheelM1/roverWheelM1/roverWheel1' has no database record. Creating.
[LOG 18:45:24.639] [DragCubeSystem]: Drag cubes not found or cannot be read for part Part. Generating New drag cubes.
[LOG 18:45:24.639] [KSPCF/DragCubeGeneration] Creating drag cubes for part 'roverWheel1'
[LOG 18:45:24.645] PartLoader: Compiling Part 'Squad/Parts/Wheel/roverWheelS2/roverWheelS2/roverWheel2'
[LOG 18:45:24.651] PartLoader: Part 'Squad/Parts/Wheel/roverWheelS2/roverWheelS2/roverWheel2' has no database record. Creating.
[LOG 18:45:24.651] [DragCubeSystem]: Drag cubes not found or cannot be read for part Part. Generating New drag cubes.
[LOG 18:45:24.652] [KSPCF/DragCubeGeneration] Creating drag cubes for part 'roverWheel2'
[LOG 18:45:24.658] PartLoader: Compiling Part 'Squad/Parts/Wheel/roverWheelTR-2L/roverWheelTR-2L/wheelMed'
[LOG 18:45:24.664] PartLoader: Part 'Squad/Parts/Wheel/roverWheelTR-2L/roverWheelTR-2L/wheelMed' has no database record. Creating.
[LOG 18:45:24.664] [DragCubeSystem]: Drag cubes not found or cannot be read for part Part. Generating New drag cubes.
[LOG 18:45:24.664] [KSPCF/DragCubeGeneration] Creating drag cubes for part 'wheelMed'
[LOG 18:45:24.670] PartLoader: Compiling Part 'Squad/Parts/Wheel/roverWheelXL3/roverWheelXL3/roverWheel3'
[LOG 18:45:24.681] PartLoader: Part 'Squad/Parts/Wheel/roverWheelXL3/roverWheelXL3/roverWheel3' has no database record. Creating.
[LOG 18:45:24.681] [DragCubeSystem]: Drag cubes not found or cannot be read for part Part. Generating New drag cubes.
[LOG 18:45:24.681] [KSPCF/DragCubeGeneration] Creating drag cubes for part 'roverWheel3'
[LOG 18:45:24.687] PartLoader: Compiling Part 'SquadExpansion/MakingHistory/Parts/Aero/protectiveRocketNoseMk16/rocketNoseCone_size4/rocketNoseConeSize4'
[LOG 18:45:24.690] PartLoader: Part 'SquadExpansion/MakingHistory/Parts/Aero/protectiveRocketNoseMk16/rocketNoseCone_size4/rocketNoseConeSize4' has no database record. Creating.
[LOG 18:45:24.690] [DragCubeSystem]: Drag cubes not found or cannot be read for part Part. Generating New drag cubes.
[LOG 18:45:24.690] [KSPCF/DragCubeGeneration] Creating drag cubes for part 'rocketNoseConeSize4'
[LOG 18:45:24.694] PartLoader: Compiling Part 'SquadExpansion/MakingHistory/Parts/Aero/protectiveRocketNoseMk5A/Size_1_5_Cone/Size_1_5_Cone'
[LOG 18:45:24.697] PartLoader: Part 'SquadExpansion/MakingHistory/Parts/Aero/protectiveRocketNoseMk5A/Size_1_5_Cone/Size_1_5_Cone' has no database record. Creating.
[LOG 18:45:24.697] [DragCubeSystem]: Drag cubes not found or cannot be read for part Part. Generating New drag cubes.
[LOG 18:45:24.697] [KSPCF/DragCubeGeneration] Creating drag cubes for part 'Size.1.5.Cone'
[LOG 18:45:24.702] PartLoader: Compiling Part 'SquadExpansion/MakingHistory/Parts/Coupling/Decoupler_1p5/Decoupler_1p5'
[LOG 18:45:24.706] PartLoader: Part 'SquadExpansion/MakingHistory/Parts/Coupling/Decoupler_1p5/Decoupler_1p5' has no database record. Creating.
[LOG 18:45:24.707] PartLoader: Compiling Part 'SquadExpansion/MakingHistory/Parts/Coupling/Decoupler_4/Decoupler_4'
[LOG 18:45:24.710] PartLoader: Part 'SquadExpansion/MakingHistory/Parts/Coupling/Decoupler_4/Decoupler_4' has no database record. Creating.
[LOG 18:45:24.711] PartLoader: Compiling Part 'SquadExpansion/MakingHistory/Parts/Coupling/EnginePlate_1p5/EnginePlate1p5'
[LOG 18:45:24.720] PartLoader: Part 'SquadExpansion/MakingHistory/Parts/Coupling/EnginePlate_1p5/EnginePlate1p5' has no database record. Creating.
[LOG 18:45:24.720] [DragCubeSystem]: Drag cubes not found or cannot be read for part Part. Generating New drag cubes.
[LOG 18:45:24.721] [KSPCF/DragCubeGeneration] Part 'EnginePlate1p5' has defined a procedural drag cube setup
[LOG 18:45:24.721] PartLoader: Compiling Part 'SquadExpansion/MakingHistory/Parts/Coupling/EnginePlate_2/EnginePlate2'
[LOG 18:45:24.730] PartLoader: Part 'SquadExpansion/MakingHistory/Parts/Coupling/EnginePlate_2/EnginePlate2' has no database record. Creating.
[LOG 18:45:24.730] [DragCubeSystem]: Drag cubes not found or cannot be read for part Part. Generating New drag cubes.
[LOG 18:45:24.731] [KSPCF/DragCubeGeneration] Part 'EnginePlate2' has defined a procedural drag cube setup
[LOG 18:45:24.731] PartLoader: Compiling Part 'SquadExpansion/MakingHistory/Parts/Coupling/EnginePlate_3/EnginePlate3'
[LOG 18:45:24.739] PartLoader: Part 'SquadExpansion/MakingHistory/Parts/Coupling/EnginePlate_3/EnginePlate3' has no database record. Creating.
[LOG 18:45:24.740] [DragCubeSystem]: Drag cubes not found or cannot be read for part Part. Generating New drag cubes.
[LOG 18:45:24.740] [KSPCF/DragCubeGeneration] Part 'EnginePlate3' has defined a procedural drag cube setup
[LOG 18:45:24.740] PartLoader: Compiling Part 'SquadExpansion/MakingHistory/Parts/Coupling/EnginePlate_4/EnginePlate4'
[LOG 18:45:24.747] PartLoader: Part 'SquadExpansion/MakingHistory/Parts/Coupling/EnginePlate_4/EnginePlate4' has no database record. Creating.
[LOG 18:45:24.747] [DragCubeSystem]: Drag cubes not found or cannot be read for part Part. Generating New drag cubes.
[LOG 18:45:24.747] [KSPCF/DragCubeGeneration] Part 'EnginePlate4' has defined a procedural drag cube setup
[LOG 18:45:24.748] PartLoader: Compiling Part 'SquadExpansion/MakingHistory/Parts/Coupling/EnginePlate_5/EnginePlate5'
[LOG 18:45:24.755] PartLoader: Part 'SquadExpansion/MakingHistory/Parts/Coupling/EnginePlate_5/EnginePlate5' has no database record. Creating.
[LOG 18:45:24.755] [DragCubeSystem]: Drag cubes not found or cannot be read for part Part. Generating New drag cubes.
[LOG 18:45:24.755] [KSPCF/DragCubeGeneration] Part 'EnginePlate5' has defined a procedural drag cube setup
[LOG 18:45:24.755] PartLoader: Compiling Part 'SquadExpansion/MakingHistory/Parts/Coupling/InflatableAirlock/InflatableAirlock'
[LOG 18:45:24.766] PartLoader: Part 'SquadExpansion/MakingHistory/Parts/Coupling/InflatableAirlock/InflatableAirlock' has no database record. Creating.
[LOG 18:45:24.766] [DragCubeSystem]: Drag cubes not found or cannot be read for part Part. Generating New drag cubes.
[LOG 18:45:24.766] [KSPCF/DragCubeGeneration] Creating drag cubes for part 'InflatableAirlock'
[LOG 18:45:24.792] PartLoader: Compiling Part 'SquadExpansion/MakingHistory/Parts/Coupling/Separator_1p5/Separator_1p5'
[LOG 18:45:24.797] PartLoader: Part 'SquadExpansion/MakingHistory/Parts/Coupling/Separator_1p5/Separator_1p5' has no database record. Creating.
[LOG 18:45:24.797] PartLoader: Compiling Part 'SquadExpansion/MakingHistory/Parts/Coupling/Separator_4/Separator_4'
[LOG 18:45:24.801] PartLoader: Part 'SquadExpansion/MakingHistory/Parts/Coupling/Separator_4/Separator_4' has no database record. Creating.
[LOG 18:45:24.801] PartLoader: Compiling Part 'SquadExpansion/MakingHistory/Parts/Coupling/Size1p5_Strut_Decoupler/Size1p5_Strut_Decoupler'
[LOG 18:45:24.805] PartLoader: Part 'SquadExpansion/MakingHistory/Parts/Coupling/Size1p5_Strut_Decoupler/Size1p5_Strut_Decoupler' has no database record. Creating.
[LOG 18:45:24.806] PartLoader: Compiling Part 'SquadExpansion/MakingHistory/Parts/Engine/LiquidEngineKE-1/LiquidEngineKE-1'
[LOG 18:45:24.815] PartLoader: Part 'SquadExpansion/MakingHistory/Parts/Engine/LiquidEngineKE-1/LiquidEngineKE-1' has no database record. Creating.
[LOG 18:45:24.815] [DragCubeSystem]: Drag cubes not found or cannot be read for part Part. Generating New drag cubes.
[LOG 18:45:24.815] [KSPCF/DragCubeGeneration] Creating drag cubes for part 'LiquidEngineKE-1'
[LOG 18:45:24.842] PartLoader: Compiling Part 'SquadExpansion/MakingHistory/Parts/Engine/LiquidEngineLV-T91/LiquidEngineLV-T91'
[LOG 18:45:24.850] PartLoader: Part 'SquadExpansion/MakingHistory/Parts/Engine/LiquidEngineLV-T91/LiquidEngineLV-T91' has no database record. Creating.
[LOG 18:45:24.850] [DragCubeSystem]: Drag cubes not found or cannot be read for part Part. Generating New drag cubes.
[LOG 18:45:24.850] [KSPCF/DragCubeGeneration] Creating drag cubes for part 'LiquidEngineLV-T91'
[LOG 18:45:24.872] PartLoader: Compiling Part 'SquadExpansion/MakingHistory/Parts/Engine/LiquidEngineLV-TX87/LiquidEngineLV-TX87'
[LOG 18:45:24.880] PartLoader: Part 'SquadExpansion/MakingHistory/Parts/Engine/LiquidEngineLV-TX87/LiquidEngineLV-TX87' has no database record. Creating.
[LOG 18:45:24.880] [DragCubeSystem]: Drag cubes not found or cannot be read for part Part. Generating New drag cubes.
[LOG 18:45:24.880] [KSPCF/DragCubeGeneration] Creating drag cubes for part 'LiquidEngineLV-TX87'
[LOG 18:45:24.905] PartLoader: Compiling Part 'SquadExpansion/MakingHistory/Parts/Engine/LiquidEngineRE-I2/LiquidEngineRE-I2'
[LOG 18:45:24.913] PartLoader: Part 'SquadExpansion/MakingHistory/Parts/Engine/LiquidEngineRE-I2/LiquidEngineRE-I2' has no database record. Creating.
[LOG 18:45:24.914] [DragCubeSystem]: Drag cubes not found or cannot be read for part Part. Generating New drag cubes.
[LOG 18:45:24.914] [KSPCF/DragCubeGeneration] Creating drag cubes for part 'LiquidEngineRE-I2'
[LOG 18:45:24.938] PartLoader: Compiling Part 'SquadExpansion/MakingHistory/Parts/Engine/LiquidEngineRE-J10/LiquidEngineRE-J10'
[LOG 18:45:24.946] PartLoader: Part 'SquadExpansion/MakingHistory/Parts/Engine/LiquidEngineRE-J10/LiquidEngineRE-J10' has no database record. Creating.
[LOG 18:45:24.946] [DragCubeSystem]: Drag cubes not found or cannot be read for part Part. Generating New drag cubes.
[LOG 18:45:24.946] [KSPCF/DragCubeGeneration] Creating drag cubes for part 'LiquidEngineRE-J10'
[LOG 18:45:24.968] PartLoader: Compiling Part 'SquadExpansion/MakingHistory/Parts/Engine/LiquidEngineRK-7/LiquidEngineRK-7'
[LOG 18:45:24.975] PartLoader: Part 'SquadExpansion/MakingHistory/Parts/Engine/LiquidEngineRK-7/LiquidEngineRK-7' has no database record. Creating.
[LOG 18:45:24.975] [DragCubeSystem]: Drag cubes not found or cannot be read for part Part. Generating New drag cubes.
[LOG 18:45:24.975] [KSPCF/DragCubeGeneration] Creating drag cubes for part 'LiquidEngineRK-7'
[LOG 18:45:25.004] PartLoader: Compiling Part 'SquadExpansion/MakingHistory/Parts/Engine/LiquidEngineRV-1/LiquidEngineRV-1'
[LOG 18:45:25.011] PartLoader: Part 'SquadExpansion/MakingHistory/Parts/Engine/LiquidEngineRV-1/LiquidEngineRV-1' has no database record. Creating.
[LOG 18:45:25.011] [DragCubeSystem]: Drag cubes not found or cannot be read for part Part. Generating New drag cubes.
[LOG 18:45:25.011] [KSPCF/DragCubeGeneration] Creating drag cubes for part 'LiquidEngineRV-1'
[LOG 18:45:25.017] PartLoader: Compiling Part 'SquadExpansion/MakingHistory/Parts/Engine/solidBoosterTHK/solidBoosterTHK/Pollux'
[LOG 18:45:25.023] PartLoader: Part 'SquadExpansion/MakingHistory/Parts/Engine/solidBoosterTHK/solidBoosterTHK/Pollux' has no database record. Creating.
[LOG 18:45:25.023] [DragCubeSystem]: Drag cubes not found or cannot be read for part Part. Generating New drag cubes.
[LOG 18:45:25.023] [KSPCF/DragCubeGeneration] Creating drag cubes for part 'Pollux'
[LOG 18:45:25.030] PartLoader: Compiling Part 'SquadExpansion/MakingHistory/Parts/FuelTank/MonoPropMini/monopropMiniSphere'
[LOG 18:45:25.035] PartLoader: Part 'SquadExpansion/MakingHistory/Parts/FuelTank/MonoPropMini/monopropMiniSphere' has no database record. Creating.
[LOG 18:45:25.035] [DragCubeSystem]: Drag cubes not found or cannot be read for part Part. Generating New drag cubes.
[LOG 18:45:25.035] [KSPCF/DragCubeGeneration] Creating drag cubes for part 'monopropMiniSphere'
[LOG 18:45:25.039] PartLoader: Compiling Part 'SquadExpansion/MakingHistory/Parts/FuelTank/Size1p5_Monoprop/Size1p5_Monoprop'
[LOG 18:45:25.042] PartLoader: Part 'SquadExpansion/MakingHistory/Parts/FuelTank/Size1p5_Monoprop/Size1p5_Monoprop' has no database record. Creating.
[LOG 18:45:25.042] [DragCubeSystem]: Drag cubes not found or cannot be read for part Part. Generating New drag cubes.
[LOG 18:45:25.042] [KSPCF/DragCubeGeneration] Creating drag cubes for part 'Size1p5.Monoprop'
[LOG 18:45:25.047] PartLoader: Compiling Part 'SquadExpansion/MakingHistory/Parts/FuelTank/Size1p5_Size0_Adapter_01/Size1p5_Size0_Adapter_01'
[LOG 18:45:25.051] PartLoader: Part 'SquadExpansion/MakingHistory/Parts/FuelTank/Size1p5_Size0_Adapter_01/Size1p5_Size0_Adapter_01' has no database record. Creating.
[LOG 18:45:25.051] [DragCubeSystem]: Drag cubes not found or cannot be read for part Part. Generating New drag cubes.
[LOG 18:45:25.051] [KSPCF/DragCubeGeneration] Creating drag cubes for part 'Size1p5.Size0.Adapter.01'
[LOG 18:45:25.055] PartLoader: Compiling Part 'SquadExpansion/MakingHistory/Parts/FuelTank/Size1p5_Size1_Adapter_01/Size1p5_Size1_Adapter_01'
[LOG 18:45:25.059] PartLoader: Part 'SquadExpansion/MakingHistory/Parts/FuelTank/Size1p5_Size1_Adapter_01/Size1p5_Size1_Adapter_01' has no database record. Creating.
[LOG 18:45:25.059] [DragCubeSystem]: Drag cubes not found or cannot be read for part Part. Generating New drag cubes.
[LOG 18:45:25.059] [KSPCF/DragCubeGeneration] Creating drag cubes for part 'Size1p5.Size1.Adapter.01'
[LOG 18:45:25.064] PartLoader: Compiling Part 'SquadExpansion/MakingHistory/Parts/FuelTank/Size1p5_Size1_Adapter_02/Size1p5_Size1_Adapter_02'
[LOG 18:45:25.068] PartLoader: Part 'SquadExpansion/MakingHistory/Parts/FuelTank/Size1p5_Size1_Adapter_02/Size1p5_Size1_Adapter_02' has no database record. Creating.
[LOG 18:45:25.068] [DragCubeSystem]: Drag cubes not found or cannot be read for part Part. Generating New drag cubes.
[LOG 18:45:25.069] [KSPCF/DragCubeGeneration] Creating drag cubes for part 'Size1p5.Size1.Adapter.02'
[LOG 18:45:25.073] PartLoader: Compiling Part 'SquadExpansion/MakingHistory/Parts/FuelTank/Size1p5_Size2_Adapter_01/Size1p5_Size2_Adapter_01'
[LOG 18:45:25.077] PartLoader: Part 'SquadExpansion/MakingHistory/Parts/FuelTank/Size1p5_Size2_Adapter_01/Size1p5_Size2_Adapter_01' has no database record. Creating.
[LOG 18:45:25.077] [DragCubeSystem]: Drag cubes not found or cannot be read for part Part. Generating New drag cubes.
[LOG 18:45:25.077] [KSPCF/DragCubeGeneration] Creating drag cubes for part 'Size1p5.Size2.Adapter.01'
[LOG 18:45:25.082] PartLoader: Compiling Part 'SquadExpansion/MakingHistory/Parts/FuelTank/Size1p5_Tank_01/Size1p5_Tank_01'
[LOG 18:45:25.085] PartLoader: Part 'SquadExpansion/MakingHistory/Parts/FuelTank/Size1p5_Tank_01/Size1p5_Tank_01' has no database record. Creating.
[LOG 18:45:25.085] [DragCubeSystem]: Drag cubes not found or cannot be read for part Part. Generating New drag cubes.
[LOG 18:45:25.085] [KSPCF/DragCubeGeneration] Creating drag cubes for part 'Size1p5.Tank.01'
[LOG 18:45:25.090] PartLoader: Compiling Part 'SquadExpansion/MakingHistory/Parts/FuelTank/Size1p5_Tank_02/Size1p5_Tank_02'
[LOG 18:45:25.093] PartLoader: Part 'SquadExpansion/MakingHistory/Parts/FuelTank/Size1p5_Tank_02/Size1p5_Tank_02' has no database record. Creating.
[LOG 18:45:25.093] [DragCubeSystem]: Drag cubes not found or cannot be read for part Part. Generating New drag cubes.
[LOG 18:45:25.093] [KSPCF/DragCubeGeneration] Creating drag cubes for part 'Size1p5.Tank.02'
[LOG 18:45:25.098] PartLoader: Compiling Part 'SquadExpansion/MakingHistory/Parts/FuelTank/Size1p5_Tank_03/Size1p5_Tank_03'
[LOG 18:45:25.102] PartLoader: Part 'SquadExpansion/MakingHistory/Parts/FuelTank/Size1p5_Tank_03/Size1p5_Tank_03' has no database record. Creating.
[LOG 18:45:25.102] [DragCubeSystem]: Drag cubes not found or cannot be read for part Part. Generating New drag cubes.
[LOG 18:45:25.102] [KSPCF/DragCubeGeneration] Creating drag cubes for part 'Size1p5.Tank.03'
[LOG 18:45:25.107] PartLoader: Compiling Part 'SquadExpansion/MakingHistory/Parts/FuelTank/Size1p5_Tank_04/Size1p5_Tank_04'
[LOG 18:45:25.111] PartLoader: Part 'SquadExpansion/MakingHistory/Parts/FuelTank/Size1p5_Tank_04/Size1p5_Tank_04' has no database record. Creating.
[LOG 18:45:25.111] [DragCubeSystem]: Drag cubes not found or cannot be read for part Part. Generating New drag cubes.
[LOG 18:45:25.111] [KSPCF/DragCubeGeneration] Creating drag cubes for part 'Size1p5.Tank.04'
[LOG 18:45:25.115] PartLoader: Compiling Part 'SquadExpansion/MakingHistory/Parts/FuelTank/Size1p5_Tank_05/Size1p5_Tank_05'
[LOG 18:45:25.122] PartLoader: Part 'SquadExpansion/MakingHistory/Parts/FuelTank/Size1p5_Tank_05/Size1p5_Tank_05' has no database record. Creating.
[LOG 18:45:25.122] [DragCubeSystem]: Drag cubes not found or cannot be read for part Part. Generating New drag cubes.
[LOG 18:45:25.122] [KSPCF/DragCubeGeneration] Creating drag cubes for part 'Size1p5.Tank.05'
[LOG 18:45:25.127] PartLoader: Compiling Part 'SquadExpansion/MakingHistory/Parts/FuelTank/Size3_Size4_Adapter_01/Size3_Size4_Adapter_01'
[LOG 18:45:25.129] PartLoader: Part 'SquadExpansion/MakingHistory/Parts/FuelTank/Size3_Size4_Adapter_01/Size3_Size4_Adapter_01' has no database record. Creating.
[LOG 18:45:25.129] [DragCubeSystem]: Drag cubes not found or cannot be read for part Part. Generating New drag cubes.
[LOG 18:45:25.129] [KSPCF/DragCubeGeneration] Creating drag cubes for part 'Size3.Size4.Adapter.01'
[LOG 18:45:25.134] PartLoader: Compiling Part 'SquadExpansion/MakingHistory/Parts/FuelTank/Size4_EngineAdapter_01/Size4_EngineAdapter_01'
[LOG 18:45:25.138] PartLoader: Part 'SquadExpansion/MakingHistory/Parts/FuelTank/Size4_EngineAdapter_01/Size4_EngineAdapter_01' has no database record. Creating.
[LOG 18:45:25.138] [DragCubeSystem]: Drag cubes not found or cannot be read for part Part. Generating New drag cubes.
[LOG 18:45:25.138] [KSPCF/DragCubeGeneration] Creating drag cubes for part 'Size4.EngineAdapter.01'
[LOG 18:45:25.144] PartLoader: Compiling Part 'SquadExpansion/MakingHistory/Parts/FuelTank/Size4_Tank_01/Size4_Tank_01'
[LOG 18:45:25.146] PartLoader: Part 'SquadExpansion/MakingHistory/Parts/FuelTank/Size4_Tank_01/Size4_Tank_01' has no database record. Creating.
[LOG 18:45:25.146] [DragCubeSystem]: Drag cubes not found or cannot be read for part Part. Generating New drag cubes.
[LOG 18:45:25.147] [KSPCF/DragCubeGeneration] Creating drag cubes for part 'Size4.Tank.01'
[LOG 18:45:25.151] PartLoader: Compiling Part 'SquadExpansion/MakingHistory/Parts/FuelTank/Size4_Tank_02/Size4_Tank_02'
[LOG 18:45:25.154] PartLoader: Part 'SquadExpansion/MakingHistory/Parts/FuelTank/Size4_Tank_02/Size4_Tank_02' has no database record. Creating.
[LOG 18:45:25.154] [DragCubeSystem]: Drag cubes not found or cannot be read for part Part. Generating New drag cubes.
[LOG 18:45:25.154] [KSPCF/DragCubeGeneration] Creating drag cubes for part 'Size4.Tank.02'
[LOG 18:45:25.159] PartLoader: Compiling Part 'SquadExpansion/MakingHistory/Parts/FuelTank/Size4_Tank_03/Size4_Tank_03'
[LOG 18:45:25.162] PartLoader: Part 'SquadExpansion/MakingHistory/Parts/FuelTank/Size4_Tank_03/Size4_Tank_03' has no database record. Creating.
[LOG 18:45:25.163] [DragCubeSystem]: Drag cubes not found or cannot be read for part Part. Generating New drag cubes.
[LOG 18:45:25.163] [KSPCF/DragCubeGeneration] Creating drag cubes for part 'Size4.Tank.03'
[LOG 18:45:25.167] PartLoader: Compiling Part 'SquadExpansion/MakingHistory/Parts/FuelTank/Size4_Tank_04/Size4_Tank_04'
[LOG 18:45:25.169] PartLoader: Part 'SquadExpansion/MakingHistory/Parts/FuelTank/Size4_Tank_04/Size4_Tank_04' has no database record. Creating.
[LOG 18:45:25.169] [DragCubeSystem]: Drag cubes not found or cannot be read for part Part. Generating New drag cubes.
[LOG 18:45:25.170] [KSPCF/DragCubeGeneration] Creating drag cubes for part 'Size4.Tank.04'
[LOG 18:45:25.175] PartLoader: Compiling Part 'SquadExpansion/MakingHistory/Parts/Ground/RoverWheel/roverWheelM1-F'
[LOG 18:45:25.185] PartLoader: Part 'SquadExpansion/MakingHistory/Parts/Ground/RoverWheel/roverWheelM1-F' has no database record. Creating.
[LOG 18:45:25.185] [DragCubeSystem]: Drag cubes not found or cannot be read for part Part. Generating New drag cubes.
[LOG 18:45:25.185] [KSPCF/DragCubeGeneration] Creating drag cubes for part 'roverWheelM1-F'
[LOG 18:45:25.199] PartLoader: Compiling Part 'SquadExpansion/MakingHistory/Parts/Payload/fairingSize1p5/fairingSize1p5'
[LOG 18:45:25.209] PartLoader: Part 'SquadExpansion/MakingHistory/Parts/Payload/fairingSize1p5/fairingSize1p5' has no database record. Creating.
[LOG 18:45:25.210] [DragCubeSystem]: Drag cubes not found or cannot be read for part Part. Generating New drag cubes.
[LOG 18:45:25.210] [KSPCF/DragCubeGeneration] Creating drag cubes for part 'fairingSize1p5'
[LOG 18:45:25.214] PartLoader: Compiling Part 'SquadExpansion/MakingHistory/Parts/Payload/fairingSize4/fairingSize4'
[LOG 18:45:25.224] PartLoader: Part 'SquadExpansion/MakingHistory/Parts/Payload/fairingSize4/fairingSize4' has no database record. Creating.
[LOG 18:45:25.224] [DragCubeSystem]: Drag cubes not found or cannot be read for part Part. Generating New drag cubes.
[LOG 18:45:25.224] [KSPCF/DragCubeGeneration] Creating drag cubes for part 'fairingSize4'
[LOG 18:45:25.229] PartLoader: Compiling Part 'SquadExpansion/MakingHistory/Parts/Payload/Size1to0ServiceModule/Size1to0ServiceModule'
[LOG 18:45:25.241] PartLoader: Part 'SquadExpansion/MakingHistory/Parts/Payload/Size1to0ServiceModule/Size1to0ServiceModule' has no database record. Creating.
[LOG 18:45:25.241] [DragCubeSystem]: Drag cubes not found or cannot be read for part Part. Generating New drag cubes.
[LOG 18:45:25.241] [KSPCF/DragCubeGeneration] Part 'Size1to0ServiceModule' has defined a procedural drag cube setup
[LOG 18:45:25.241] PartLoader: Compiling Part 'SquadExpansion/MakingHistory/Parts/Payload/SM18/ServiceModule18'
[LOG 18:45:25.247] PartLoader: Part 'SquadExpansion/MakingHistory/Parts/Payload/SM18/ServiceModule18' has no database record. Creating.
[LOG 18:45:25.247] [DragCubeSystem]: Drag cubes not found or cannot be read for part Part. Generating New drag cubes.
[LOG 18:45:25.247] [KSPCF/DragCubeGeneration] Part 'ServiceModule18' has defined a procedural drag cube setup
[LOG 18:45:25.247] PartLoader: Compiling Part 'SquadExpansion/MakingHistory/Parts/Payload/SM25/ServiceModule25'
[LOG 18:45:25.252] PartLoader: Part 'SquadExpansion/MakingHistory/Parts/Payload/SM25/ServiceModule25' has no database record. Creating.
[LOG 18:45:25.252] [DragCubeSystem]: Drag cubes not found or cannot be read for part Part. Generating New drag cubes.
[LOG 18:45:25.252] [KSPCF/DragCubeGeneration] Part 'ServiceModule25' has defined a procedural drag cube setup
[LOG 18:45:25.253] PartLoader: Compiling Part 'SquadExpansion/MakingHistory/Parts/Pods/KV1Pod/kv1Pod'
[WRN 18:45:25.256] [Part]: Cannot have ModuleCargoPart and ModuleInventoryPart on same Part [kv1Pod'. Removed ModuleCargoPart
[LOG 18:45:25.260] PartLoader: Part 'SquadExpansion/MakingHistory/Parts/Pods/KV1Pod/kv1Pod' has no database record. Creating.
[LOG 18:45:25.262] PartLoader: Compiling Part 'SquadExpansion/MakingHistory/Parts/Pods/KV2Pod/kv2Pod'
[WRN 18:45:25.265] [Part]: Cannot have ModuleCargoPart and ModuleInventoryPart on same Part [kv2Pod'. Removed ModuleCargoPart
[LOG 18:45:25.269] PartLoader: Part 'SquadExpansion/MakingHistory/Parts/Pods/KV2Pod/kv2Pod' has no database record. Creating.
[LOG 18:45:25.271] PartLoader: Compiling Part 'SquadExpansion/MakingHistory/Parts/Pods/KV3Pod/kv3Pod'
[WRN 18:45:25.275] [Part]: Cannot have ModuleCargoPart and ModuleInventoryPart on same Part [kv3Pod'. Removed ModuleCargoPart
[LOG 18:45:25.279] PartLoader: Part 'SquadExpansion/MakingHistory/Parts/Pods/KV3Pod/kv3Pod' has no database record. Creating.
[LOG 18:45:25.281] PartLoader: Compiling Part 'SquadExpansion/MakingHistory/Parts/Pods/Mk2Pod/Mk2Pod'
[WRN 18:45:25.283] [Part]: Cannot have ModuleCargoPart and ModuleInventoryPart on same Part [Mk2Pod'. Removed ModuleCargoPart
[LOG 18:45:25.288] PartLoader: Part 'SquadExpansion/MakingHistory/Parts/Pods/Mk2Pod/Mk2Pod' has no database record. Creating.
[LOG 18:45:25.288] [DragCubeSystem]: Drag cubes not found or cannot be read for part Part. Generating New drag cubes.
[LOG 18:45:25.288] [KSPCF/DragCubeGeneration] Creating drag cubes for part 'Mk2Pod'
[LOG 18:45:25.293] PartLoader: Compiling Part 'SquadExpansion/MakingHistory/Parts/Pods/Size1_5_Lander/MEMLander'
[WRN 18:45:25.298] [Part]: Cannot add ModuleCargoPart as this Part 'MEMLander' already has a ModuleInventoryPart PartModule and they are mutually exclusive.
[LOG 18:45:25.302] PartLoader: Part 'SquadExpansion/MakingHistory/Parts/Pods/Size1_5_Lander/MEMLander' has no database record. Creating.
[LOG 18:45:25.302] [DragCubeSystem]: Drag cubes not found or cannot be read for part Part. Generating New drag cubes.
[LOG 18:45:25.302] [KSPCF/DragCubeGeneration] Creating drag cubes for part 'MEMLander'
[LOG 18:45:25.308] PartLoader: Compiling Part 'SquadExpansion/MakingHistory/Parts/Prebuilt/kerbalEVAfemaleVintage/kerbalEVAfemaleVintage'
[LOG 18:45:25.316] PartLoader: Compiling Part 'SquadExpansion/MakingHistory/Parts/Prebuilt/kerbalEVAVintage/kerbalEVAVintage'
[LOG 18:45:25.322] PartLoader: Compiling Part 'SquadExpansion/MakingHistory/Parts/Structural/EquiTriangle0/EquiTriangle0'
[LOG 18:45:25.328] PartLoader: Part 'SquadExpansion/MakingHistory/Parts/Structural/EquiTriangle0/EquiTriangle0' has no database record. Creating.
[LOG 18:45:25.328] [DragCubeSystem]: Drag cubes not found or cannot be read for part Part. Generating New drag cubes.
[LOG 18:45:25.328] [KSPCF/DragCubeGeneration] Creating drag cubes for part 'EquiTriangle0'
[LOG 18:45:25.332] PartLoader: Compiling Part 'SquadExpansion/MakingHistory/Parts/Structural/EquiTriangle1/EquiTriangle1'
[LOG 18:45:25.335] PartLoader: Part 'SquadExpansion/MakingHistory/Parts/Structural/EquiTriangle1/EquiTriangle1' has no database record. Creating.
[LOG 18:45:25.335] [DragCubeSystem]: Drag cubes not found or cannot be read for part Part. Generating New drag cubes.
[LOG 18:45:25.335] [KSPCF/DragCubeGeneration] Creating drag cubes for part 'EquiTriangle1'
[LOG 18:45:25.339] PartLoader: Compiling Part 'SquadExpansion/MakingHistory/Parts/Structural/EquiTriangle1p5/EquiTriangle1p5'
[LOG 18:45:25.343] PartLoader: Part 'SquadExpansion/MakingHistory/Parts/Structural/EquiTriangle1p5/EquiTriangle1p5' has no database record. Creating.
[LOG 18:45:25.343] [DragCubeSystem]: Drag cubes not found or cannot be read for part Part. Generating New drag cubes.
[LOG 18:45:25.343] [KSPCF/DragCubeGeneration] Creating drag cubes for part 'EquiTriangle1p5'
[LOG 18:45:25.347] PartLoader: Compiling Part 'SquadExpansion/MakingHistory/Parts/Structural/EquiTriangle2/EquiTriangle2'
[LOG 18:45:25.351] PartLoader: Part 'SquadExpansion/MakingHistory/Parts/Structural/EquiTriangle2/EquiTriangle2' has no database record. Creating.
[LOG 18:45:25.351] [DragCubeSystem]: Drag cubes not found or cannot be read for part Part. Generating New drag cubes.
[LOG 18:45:25.351] [KSPCF/DragCubeGeneration] Creating drag cubes for part 'EquiTriangle2'
[LOG 18:45:25.355] PartLoader: Compiling Part 'SquadExpansion/MakingHistory/Parts/Structural/Panel0/Panel0'
[LOG 18:45:25.359] PartLoader: Part 'SquadExpansion/MakingHistory/Parts/Structural/Panel0/Panel0' has no database record. Creating.
[LOG 18:45:25.359] [DragCubeSystem]: Drag cubes not found or cannot be read for part Part. Generating New drag cubes.
[LOG 18:45:25.359] [KSPCF/DragCubeGeneration] Creating drag cubes for part 'Panel0'
[LOG 18:45:25.364] PartLoader: Compiling Part 'SquadExpansion/MakingHistory/Parts/Structural/Panel1/Panel1'
[LOG 18:45:25.368] PartLoader: Part 'SquadExpansion/MakingHistory/Parts/Structural/Panel1/Panel1' has no database record. Creating.
[LOG 18:45:25.368] [DragCubeSystem]: Drag cubes not found or cannot be read for part Part. Generating New drag cubes.
[LOG 18:45:25.368] [KSPCF/DragCubeGeneration] Creating drag cubes for part 'Panel1'
[LOG 18:45:25.372] PartLoader: Compiling Part 'SquadExpansion/MakingHistory/Parts/Structural/Panel1p5/Panel1p5'
[LOG 18:45:25.375] PartLoader: Part 'SquadExpansion/MakingHistory/Parts/Structural/Panel1p5/Panel1p5' has no database record. Creating.
[LOG 18:45:25.375] [DragCubeSystem]: Drag cubes not found or cannot be read for part Part. Generating New drag cubes.
[LOG 18:45:25.375] [KSPCF/DragCubeGeneration] Creating drag cubes for part 'Panel1p5'
[LOG 18:45:25.380] PartLoader: Compiling Part 'SquadExpansion/MakingHistory/Parts/Structural/Panel2/Panel2'
[LOG 18:45:25.383] PartLoader: Part 'SquadExpansion/MakingHistory/Parts/Structural/Panel2/Panel2' has no database record. Creating.
[LOG 18:45:25.383] [DragCubeSystem]: Drag cubes not found or cannot be read for part Part. Generating New drag cubes.
[LOG 18:45:25.383] [KSPCF/DragCubeGeneration] Creating drag cubes for part 'Panel2'
[LOG 18:45:25.387] PartLoader: Compiling Part 'SquadExpansion/MakingHistory/Parts/Structural/Triangle0/Triangle0'
[LOG 18:45:25.391] PartLoader: Part 'SquadExpansion/MakingHistory/Parts/Structural/Triangle0/Triangle0' has no database record. Creating.
[LOG 18:45:25.391] [DragCubeSystem]: Drag cubes not found or cannot be read for part Part. Generating New drag cubes.
[LOG 18:45:25.391] [KSPCF/DragCubeGeneration] Creating drag cubes for part 'Triangle0'
[LOG 18:45:25.395] PartLoader: Compiling Part 'SquadExpansion/MakingHistory/Parts/Structural/Triangle1/Triangle1'
[LOG 18:45:25.399] PartLoader: Part 'SquadExpansion/MakingHistory/Parts/Structural/Triangle1/Triangle1' has no database record. Creating.
[LOG 18:45:25.399] [DragCubeSystem]: Drag cubes not found or cannot be read for part Part. Generating New drag cubes.
[LOG 18:45:25.400] [KSPCF/DragCubeGeneration] Creating drag cubes for part 'Triangle1'
[LOG 18:45:25.403] PartLoader: Compiling Part 'SquadExpansion/MakingHistory/Parts/Structural/Triangle1p5/Triangle1p5'
[LOG 18:45:25.407] PartLoader: Part 'SquadExpansion/MakingHistory/Parts/Structural/Triangle1p5/Triangle1p5' has no database record. Creating.
[LOG 18:45:25.407] [DragCubeSystem]: Drag cubes not found or cannot be read for part Part. Generating New drag cubes.
[LOG 18:45:25.407] [KSPCF/DragCubeGeneration] Creating drag cubes for part 'Triangle1p5'
[LOG 18:45:25.411] PartLoader: Compiling Part 'SquadExpansion/MakingHistory/Parts/Structural/Triangle2/Triangle2'
[LOG 18:45:25.414] PartLoader: Part 'SquadExpansion/MakingHistory/Parts/Structural/Triangle2/Triangle2' has no database record. Creating.
[LOG 18:45:25.414] [DragCubeSystem]: Drag cubes not found or cannot be read for part Part. Generating New drag cubes.
[LOG 18:45:25.414] [KSPCF/DragCubeGeneration] Creating drag cubes for part 'Triangle2'
[LOG 18:45:25.418] PartLoader: Compiling Part 'SquadExpansion/MakingHistory/Parts/Structural/Tube1/Tube1'
[LOG 18:45:25.422] PartLoader: Part 'SquadExpansion/MakingHistory/Parts/Structural/Tube1/Tube1' has no database record. Creating.
[LOG 18:45:25.422] PartLoader: Compiling Part 'SquadExpansion/MakingHistory/Parts/Structural/Tube1p5/Tube1p5'
[LOG 18:45:25.426] PartLoader: Part 'SquadExpansion/MakingHistory/Parts/Structural/Tube1p5/Tube1p5' has no database record. Creating.
[LOG 18:45:25.426] PartLoader: Compiling Part 'SquadExpansion/MakingHistory/Parts/Structural/Tube2/Tube2'
[LOG 18:45:25.430] PartLoader: Part 'SquadExpansion/MakingHistory/Parts/Structural/Tube2/Tube2' has no database record. Creating.
[LOG 18:45:25.430] PartLoader: Compiling Part 'SquadExpansion/MakingHistory/Parts/Structural/Tube3/Tube3'
[LOG 18:45:25.433] PartLoader: Part 'SquadExpansion/MakingHistory/Parts/Structural/Tube3/Tube3' has no database record. Creating.
[LOG 18:45:25.433] PartLoader: Compiling Part 'SquadExpansion/MakingHistory/Parts/Structural/Tube4/Tube4'
[LOG 18:45:25.436] PartLoader: Part 'SquadExpansion/MakingHistory/Parts/Structural/Tube4/Tube4' has no database record. Creating.
[LOG 18:45:25.436] PartLoader: Compiling Part 'SquadExpansion/MakingHistory/Parts/Thermal/HeatShield1p5/HeatShield1p5'
[LOG 18:45:25.442] PartLoader: Part 'SquadExpansion/MakingHistory/Parts/Thermal/HeatShield1p5/HeatShield1p5' has no database record. Creating.
[LOG 18:45:25.443] [DragCubeSystem]: Drag cubes not found or cannot be read for part Part. Generating New drag cubes.
[LOG 18:45:25.443] [KSPCF/DragCubeGeneration] Creating drag cubes for part 'HeatShield1p5'
[LOG 18:45:25.455] PartLoader: Compiling Part 'SquadExpansion/MakingHistory/Parts/Utility/flags/flagSize1p5/flagSize1p5/flagPartSize1p5'
[LOG 18:45:25.460] PartLoader: Part 'SquadExpansion/MakingHistory/Parts/Utility/flags/flagSize1p5/flagSize1p5/flagPartSize1p5' has no database record. Creating.
[LOG 18:45:25.460] [DragCubeSystem]: Drag cubes not found or cannot be read for part Part. Generating New drag cubes.
[LOG 18:45:25.460] [KSPCF/DragCubeGeneration] Creating drag cubes for part 'flagPartSize1p5'
[LOG 18:45:25.464] PartLoader: Compiling Part 'SquadExpansion/MakingHistory/Parts/Utility/flags/flagSize4/flagSize4/flagPartSize4'
[LOG 18:45:25.469] PartLoader: Part 'SquadExpansion/MakingHistory/Parts/Utility/flags/flagSize4/flagSize4/flagPartSize4' has no database record. Creating.
[LOG 18:45:25.469] [DragCubeSystem]: Drag cubes not found or cannot be read for part Part. Generating New drag cubes.
[LOG 18:45:25.469] [KSPCF/DragCubeGeneration] Creating drag cubes for part 'flagPartSize4'
[LOG 18:45:25.473] PartLoader: Compiling Part 'SquadExpansion/Serenity/Parts/Aero/FanShroud_01/FanShroud_01'
[LOG 18:45:25.477] PartLoader: Part 'SquadExpansion/Serenity/Parts/Aero/FanShroud_01/FanShroud_01' has no database record. Creating.
[LOG 18:45:25.477] [DragCubeSystem]: Drag cubes not found or cannot be read for part Part. Generating New drag cubes.
[LOG 18:45:25.477] [KSPCF/DragCubeGeneration] Creating drag cubes for part 'FanShroud.01'
[LOG 18:45:25.481] PartLoader: Compiling Part 'SquadExpansion/Serenity/Parts/Aero/FanShroud_02/FanShroud_02'
[LOG 18:45:25.485] PartLoader: Part 'SquadExpansion/Serenity/Parts/Aero/FanShroud_02/FanShroud_02' has no database record. Creating.
[LOG 18:45:25.486] [DragCubeSystem]: Drag cubes not found or cannot be read for part Part. Generating New drag cubes.
[LOG 18:45:25.486] [KSPCF/DragCubeGeneration] Creating drag cubes for part 'FanShroud.02'
[LOG 18:45:25.489] PartLoader: Compiling Part 'SquadExpansion/Serenity/Parts/Aero/FanShroud_03/FanShroud_03'
[LOG 18:45:25.492] PartLoader: Part 'SquadExpansion/Serenity/Parts/Aero/FanShroud_03/FanShroud_03' has no database record. Creating.
[LOG 18:45:25.492] [DragCubeSystem]: Drag cubes not found or cannot be read for part Part. Generating New drag cubes.
[LOG 18:45:25.492] [KSPCF/DragCubeGeneration] Creating drag cubes for part 'FanShroud.03'
[LOG 18:45:25.497] PartLoader: Compiling Part 'SquadExpansion/Serenity/Parts/Aero/noseconeTiny/noseconeTiny'
[LOG 18:45:25.500] PartLoader: Part 'SquadExpansion/Serenity/Parts/Aero/noseconeTiny/noseconeTiny' has no database record. Creating.
[LOG 18:45:25.500] [DragCubeSystem]: Drag cubes not found or cannot be read for part Part. Generating New drag cubes.
[LOG 18:45:25.501] [KSPCF/DragCubeGeneration] Creating drag cubes for part 'noseconeTiny'
[LOG 18:45:25.505] PartLoader: Compiling Part 'SquadExpansion/Serenity/Parts/Aero/noseconeVS/noseconeVS'
[LOG 18:45:25.507] PartLoader: Part 'SquadExpansion/Serenity/Parts/Aero/noseconeVS/noseconeVS' has no database record. Creating.
[LOG 18:45:25.507] [DragCubeSystem]: Drag cubes not found or cannot be read for part Part. Generating New drag cubes.
[LOG 18:45:25.507] [KSPCF/DragCubeGeneration] Creating drag cubes for part 'noseconeVS'
[LOG 18:45:25.512] PartLoader: Compiling Part 'SquadExpansion/Serenity/Parts/DeployedScience/centralStation/DeployedCentralStation'
[LOG 18:45:25.522] PartLoader: Part 'SquadExpansion/Serenity/Parts/DeployedScience/centralStation/DeployedCentralStation' has no database record. Creating.
[LOG 18:45:25.522] [DragCubeSystem]: Drag cubes not found or cannot be read for part Part. Generating New drag cubes.
[LOG 18:45:25.522] [KSPCF/DragCubeGeneration] Creating drag cubes for part 'DeployedCentralStation'
[LOG 18:45:25.545] PartLoader: Compiling Part 'SquadExpansion/Serenity/Parts/DeployedScience/gooObservation/DeployedGoExOb'
[LOG 18:45:25.554] PartLoader: Part 'SquadExpansion/Serenity/Parts/DeployedScience/gooObservation/DeployedGoExOb' has no database record. Creating.
[LOG 18:45:25.554] [DragCubeSystem]: Drag cubes not found or cannot be read for part Part. Generating New drag cubes.
[LOG 18:45:25.554] [KSPCF/DragCubeGeneration] Creating drag cubes for part 'DeployedGoExOb'
[LOG 18:45:25.578] PartLoader: Compiling Part 'SquadExpansion/Serenity/Parts/DeployedScience/ionCollector/DeployedIONExp'
[LOG 18:45:25.584] PartLoader: Part 'SquadExpansion/Serenity/Parts/DeployedScience/ionCollector/DeployedIONExp' has no database record. Creating.
[LOG 18:45:25.584] [DragCubeSystem]: Drag cubes not found or cannot be read for part Part. Generating New drag cubes.
[LOG 18:45:25.584] [KSPCF/DragCubeGeneration] Creating drag cubes for part 'DeployedIONExp'
[LOG 18:45:25.596] PartLoader: Compiling Part 'SquadExpansion/Serenity/Parts/DeployedScience/rtg/DeployedRTG'
[LOG 18:45:25.604] PartLoader: Part 'SquadExpansion/Serenity/Parts/DeployedScience/rtg/DeployedRTG' has no database record. Creating.
[LOG 18:45:25.604] [DragCubeSystem]: Drag cubes not found or cannot be read for part Part. Generating New drag cubes.
[LOG 18:45:25.604] [KSPCF/DragCubeGeneration] Creating drag cubes for part 'DeployedRTG'
[LOG 18:45:25.618] PartLoader: Compiling Part 'SquadExpansion/Serenity/Parts/DeployedScience/satDish/DeployedSatDish'
[LOG 18:45:25.626] PartLoader: Part 'SquadExpansion/Serenity/Parts/DeployedScience/satDish/DeployedSatDish' has no database record. Creating.
[LOG 18:45:25.626] [DragCubeSystem]: Drag cubes not found or cannot be read for part Part. Generating New drag cubes.
[LOG 18:45:25.626] [KSPCF/DragCubeGeneration] Creating drag cubes for part 'DeployedSatDish'
[LOG 18:45:25.641] PartLoader: Compiling Part 'SquadExpansion/Serenity/Parts/DeployedScience/seismicSensor/DeployedSeismicSensor'
[LOG 18:45:25.645] PartLoader: Part 'SquadExpansion/Serenity/Parts/DeployedScience/seismicSensor/DeployedSeismicSensor' has no database record. Creating.
[LOG 18:45:25.646] [DragCubeSystem]: Drag cubes not found or cannot be read for part Part. Generating New drag cubes.
[LOG 18:45:25.646] [KSPCF/DragCubeGeneration] Creating drag cubes for part 'DeployedSeismicSensor'
[LOG 18:45:25.660] PartLoader: Compiling Part 'SquadExpansion/Serenity/Parts/DeployedScience/solarPanel/DeployedSolarPanel'
[LOG 18:45:25.665] PartLoader: Part 'SquadExpansion/Serenity/Parts/DeployedScience/solarPanel/DeployedSolarPanel' has no database record. Creating.
[LOG 18:45:25.665] [DragCubeSystem]: Drag cubes not found or cannot be read for part Part. Generating New drag cubes.
[LOG 18:45:25.665] [KSPCF/DragCubeGeneration] Creating drag cubes for part 'DeployedSolarPanel'
[LOG 18:45:25.680] PartLoader: Compiling Part 'SquadExpansion/Serenity/Parts/DeployedScience/weatherStation/DeployedWeatherStn'
[LOG 18:45:25.685] PartLoader: Part 'SquadExpansion/Serenity/Parts/DeployedScience/weatherStation/DeployedWeatherStn' has no database record. Creating.
[LOG 18:45:25.685] [DragCubeSystem]: Drag cubes not found or cannot be read for part Part. Generating New drag cubes.
[LOG 18:45:25.685] [KSPCF/DragCubeGeneration] Creating drag cubes for part 'DeployedWeatherStn'
[LOG 18:45:25.707] PartLoader: Compiling Part 'SquadExpansion/Serenity/Parts/Prebuilt/kerbalEVA/kerbalEVA'
[LOG 18:45:25.708] PartLoader: Compiling Part 'SquadExpansion/Serenity/Parts/Prebuilt/kerbalEVAfemale/kerbalEVAfemale'
[LOG 18:45:25.710] PartLoader: Compiling Part 'SquadExpansion/Serenity/Parts/Prebuilt/kerbalEVAfemaleFuture/kerbalEVAfemaleFuture'
[LOG 18:45:25.716] PartLoader: Compiling Part 'SquadExpansion/Serenity/Parts/Prebuilt/kerbalEVAfemaleVintage/kerbalEVAfemaleVintage'
[LOG 18:45:25.718] PartLoader: Compiling Part 'SquadExpansion/Serenity/Parts/Prebuilt/kerbalEVAFuture/kerbalEVAFuture'
[LOG 18:45:25.724] PartLoader: Compiling Part 'SquadExpansion/Serenity/Parts/Prebuilt/kerbalEVASlimSuit/kerbalEVASlimSuit'
[LOG 18:45:25.725] PartLoader: Compiling Part 'SquadExpansion/Serenity/Parts/Prebuilt/kerbalEVASlimSuitFemale/kerbalEVASlimSuitFemale'
[LOG 18:45:25.727] PartLoader: Compiling Part 'SquadExpansion/Serenity/Parts/Prebuilt/kerbalEVAVintage/kerbalEVAVintage'
[LOG 18:45:25.729] PartLoader: Compiling Part 'SquadExpansion/Serenity/Parts/Propellers/largeFanBlade/largeFanBlade'
[LOG 18:45:25.733] PartLoader: Part 'SquadExpansion/Serenity/Parts/Propellers/largeFanBlade/largeFanBlade' has no database record. Creating.
[LOG 18:45:25.733] [DragCubeSystem]: Drag cubes not found or cannot be read for part Part. Generating New drag cubes.
[LOG 18:45:25.733] [KSPCF/DragCubeGeneration] Creating drag cubes for part 'largeFanBlade'
[LOG 18:45:25.748] PartLoader: Compiling Part 'SquadExpansion/Serenity/Parts/Propellers/largeHeliBlade/largeHeliBlade'
[LOG 18:45:25.754] PartLoader: Part 'SquadExpansion/Serenity/Parts/Propellers/largeHeliBlade/largeHeliBlade' has no database record. Creating.
[LOG 18:45:25.754] [DragCubeSystem]: Drag cubes not found or cannot be read for part Part. Generating New drag cubes.
[LOG 18:45:25.754] [KSPCF/DragCubeGeneration] Creating drag cubes for part 'largeHeliBlade'
[LOG 18:45:25.767] PartLoader: Compiling Part 'SquadExpansion/Serenity/Parts/Propellers/largePropeller/largePropeller'
[LOG 18:45:25.774] PartLoader: Part 'SquadExpansion/Serenity/Parts/Propellers/largePropeller/largePropeller' has no database record. Creating.
[LOG 18:45:25.774] [DragCubeSystem]: Drag cubes not found or cannot be read for part Part. Generating New drag cubes.
[LOG 18:45:25.774] [KSPCF/DragCubeGeneration] Creating drag cubes for part 'largePropeller'
[LOG 18:45:25.787] PartLoader: Compiling Part 'SquadExpansion/Serenity/Parts/Propellers/mediumFanBlade/mediumFanBlade'
[LOG 18:45:25.792] PartLoader: Part 'SquadExpansion/Serenity/Parts/Propellers/mediumFanBlade/mediumFanBlade' has no database record. Creating.
[LOG 18:45:25.792] [DragCubeSystem]: Drag cubes not found or cannot be read for part Part. Generating New drag cubes.
[LOG 18:45:25.792] [KSPCF/DragCubeGeneration] Creating drag cubes for part 'mediumFanBlade'
[LOG 18:45:25.806] PartLoader: Compiling Part 'SquadExpansion/Serenity/Parts/Propellers/mediumHeliBlade/mediumHeliBlade'
[LOG 18:45:25.812] PartLoader: Part 'SquadExpansion/Serenity/Parts/Propellers/mediumHeliBlade/mediumHeliBlade' has no database record. Creating.
[LOG 18:45:25.812] [DragCubeSystem]: Drag cubes not found or cannot be read for part Part. Generating New drag cubes.
[LOG 18:45:25.812] [KSPCF/DragCubeGeneration] Creating drag cubes for part 'mediumHeliBlade'
[LOG 18:45:25.826] PartLoader: Compiling Part 'SquadExpansion/Serenity/Parts/Propellers/mediumPropeller/mediumPropeller'
[LOG 18:45:25.831] PartLoader: Part 'SquadExpansion/Serenity/Parts/Propellers/mediumPropeller/mediumPropeller' has no database record. Creating.
[LOG 18:45:25.831] [DragCubeSystem]: Drag cubes not found or cannot be read for part Part. Generating New drag cubes.
[LOG 18:45:25.831] [KSPCF/DragCubeGeneration] Creating drag cubes for part 'mediumPropeller'
[LOG 18:45:25.846] PartLoader: Compiling Part 'SquadExpansion/Serenity/Parts/Propellers/smallFanBlade/smallFanBlade'
[LOG 18:45:25.852] PartLoader: Part 'SquadExpansion/Serenity/Parts/Propellers/smallFanBlade/smallFanBlade' has no database record. Creating.
[LOG 18:45:25.852] [DragCubeSystem]: Drag cubes not found or cannot be read for part Part. Generating New drag cubes.
[LOG 18:45:25.852] [KSPCF/DragCubeGeneration] Creating drag cubes for part 'smallFanBlade'
[LOG 18:45:25.867] PartLoader: Compiling Part 'SquadExpansion/Serenity/Parts/Propellers/smallHeliBlade/smallHeliBlade'
[LOG 18:45:25.872] PartLoader: Part 'SquadExpansion/Serenity/Parts/Propellers/smallHeliBlade/smallHeliBlade' has no database record. Creating.
[LOG 18:45:25.872] [DragCubeSystem]: Drag cubes not found or cannot be read for part Part. Generating New drag cubes.
[LOG 18:45:25.872] [KSPCF/DragCubeGeneration] Creating drag cubes for part 'smallHeliBlade'
[LOG 18:45:25.887] PartLoader: Compiling Part 'SquadExpansion/Serenity/Parts/Propellers/smallPropeller/smallPropeller'
[LOG 18:45:25.891] PartLoader: Part 'SquadExpansion/Serenity/Parts/Propellers/smallPropeller/smallPropeller' has no database record. Creating.
[LOG 18:45:25.891] [DragCubeSystem]: Drag cubes not found or cannot be read for part Part. Generating New drag cubes.
[LOG 18:45:25.891] [KSPCF/DragCubeGeneration] Creating drag cubes for part 'smallPropeller'
[LOG 18:45:25.906] PartLoader: Compiling Part 'SquadExpansion/Serenity/Parts/Robotics/hinge_01/hinge_01'
[LOG 18:45:25.927] PartLoader: Part 'SquadExpansion/Serenity/Parts/Robotics/hinge_01/hinge_01' has no database record. Creating.
[LOG 18:45:25.927] [DragCubeSystem]: Drag cubes not found or cannot be read for part Part. Generating New drag cubes.
[LOG 18:45:25.927] [KSPCF/DragCubeGeneration] Creating drag cubes for part 'hinge.01'
[LOG 18:45:25.932] PartLoader: Compiling Part 'SquadExpansion/Serenity/Parts/Robotics/hinge_01_s/hinge_01_s'
[LOG 18:45:25.939] PartLoader: Part 'SquadExpansion/Serenity/Parts/Robotics/hinge_01_s/hinge_01_s' has no database record. Creating.
[LOG 18:45:25.939] [DragCubeSystem]: Drag cubes not found or cannot be read for part Part. Generating New drag cubes.
[LOG 18:45:25.939] [KSPCF/DragCubeGeneration] Creating drag cubes for part 'hinge.01.s'
[LOG 18:45:25.944] PartLoader: Compiling Part 'SquadExpansion/Serenity/Parts/Robotics/hinge_03/hinge_03'
[LOG 18:45:25.950] PartLoader: Part 'SquadExpansion/Serenity/Parts/Robotics/hinge_03/hinge_03' has no database record. Creating.
[LOG 18:45:25.950] PartLoader: Compiling Part 'SquadExpansion/Serenity/Parts/Robotics/hinge_03_s/hinge_03_s'
[LOG 18:45:25.956] PartLoader: Part 'SquadExpansion/Serenity/Parts/Robotics/hinge_03_s/hinge_03_s' has no database record. Creating.
[LOG 18:45:25.957] PartLoader: Compiling Part 'SquadExpansion/Serenity/Parts/Robotics/hinge_04/hinge_04'
[LOG 18:45:25.963] PartLoader: Part 'SquadExpansion/Serenity/Parts/Robotics/hinge_04/hinge_04' has no database record. Creating.
[LOG 18:45:25.963] PartLoader: Compiling Part 'SquadExpansion/Serenity/Parts/Robotics/piston_01/piston_01'
[LOG 18:45:25.973] PartLoader: Part 'SquadExpansion/Serenity/Parts/Robotics/piston_01/piston_01' has no database record. Creating.
[LOG 18:45:25.974] PartLoader: Compiling Part 'SquadExpansion/Serenity/Parts/Robotics/piston_02/piston_02'
[LOG 18:45:25.980] PartLoader: Part 'SquadExpansion/Serenity/Parts/Robotics/piston_02/piston_02' has no database record. Creating.
[LOG 18:45:25.980] PartLoader: Compiling Part 'SquadExpansion/Serenity/Parts/Robotics/piston_03/piston_03'
[LOG 18:45:25.985] PartLoader: Part 'SquadExpansion/Serenity/Parts/Robotics/piston_03/piston_03' has no database record. Creating.
[LOG 18:45:25.986] PartLoader: Compiling Part 'SquadExpansion/Serenity/Parts/Robotics/piston_04/piston_04'
[LOG 18:45:25.991] PartLoader: Part 'SquadExpansion/Serenity/Parts/Robotics/piston_04/piston_04' has no database record. Creating.
[LOG 18:45:25.992] PartLoader: Compiling Part 'SquadExpansion/Serenity/Parts/Robotics/RotorEngine_02/RotorEngine_02'
[LOG 18:45:26.003] PartLoader: Part 'SquadExpansion/Serenity/Parts/Robotics/RotorEngine_02/RotorEngine_02' has no database record. Creating.
[LOG 18:45:26.003] [DragCubeSystem]: Drag cubes not found or cannot be read for part Part. Generating New drag cubes.
[LOG 18:45:26.003] [KSPCF/DragCubeGeneration] Creating drag cubes for part 'RotorEngine.02'
[LOG 18:45:26.008] PartLoader: Compiling Part 'SquadExpansion/Serenity/Parts/Robotics/RotorEngine_03/RotorEngine_03'
[LOG 18:45:26.014] PartLoader: Part 'SquadExpansion/Serenity/Parts/Robotics/RotorEngine_03/RotorEngine_03' has no database record. Creating.
[LOG 18:45:26.014] [DragCubeSystem]: Drag cubes not found or cannot be read for part Part. Generating New drag cubes.
[LOG 18:45:26.014] [KSPCF/DragCubeGeneration] Creating drag cubes for part 'RotorEngine.03'
[LOG 18:45:26.019] PartLoader: Compiling Part 'SquadExpansion/Serenity/Parts/Robotics/rotor_01/rotor_01'
[LOG 18:45:26.026] PartLoader: Part 'SquadExpansion/Serenity/Parts/Robotics/rotor_01/rotor_01' has no database record. Creating.
[LOG 18:45:26.026] [DragCubeSystem]: Drag cubes not found or cannot be read for part Part. Generating New drag cubes.
[LOG 18:45:26.026] [KSPCF/DragCubeGeneration] Creating drag cubes for part 'rotor.01'
[LOG 18:45:26.032] PartLoader: Compiling Part 'SquadExpansion/Serenity/Parts/Robotics/rotor_01s/rotor_01s'
[LOG 18:45:26.046] PartLoader: Part 'SquadExpansion/Serenity/Parts/Robotics/rotor_01s/rotor_01s' has no database record. Creating.
[LOG 18:45:26.046] [DragCubeSystem]: Drag cubes not found or cannot be read for part Part. Generating New drag cubes.
[LOG 18:45:26.046] [KSPCF/DragCubeGeneration] Creating drag cubes for part 'rotor.01s'
[LOG 18:45:26.050] PartLoader: Compiling Part 'SquadExpansion/Serenity/Parts/Robotics/rotor_02/rotor_02'
[LOG 18:45:26.056] PartLoader: Part 'SquadExpansion/Serenity/Parts/Robotics/rotor_02/rotor_02' has no database record. Creating.
[LOG 18:45:26.056] [DragCubeSystem]: Drag cubes not found or cannot be read for part Part. Generating New drag cubes.
[LOG 18:45:26.057] [KSPCF/DragCubeGeneration] Creating drag cubes for part 'rotor.02'
[LOG 18:45:26.062] PartLoader: Compiling Part 'SquadExpansion/Serenity/Parts/Robotics/rotor_02s/rotor_02s'
[LOG 18:45:26.068] PartLoader: Part 'SquadExpansion/Serenity/Parts/Robotics/rotor_02s/rotor_02s' has no database record. Creating.
[LOG 18:45:26.068] [DragCubeSystem]: Drag cubes not found or cannot be read for part Part. Generating New drag cubes.
[LOG 18:45:26.068] [KSPCF/DragCubeGeneration] Creating drag cubes for part 'rotor.02s'
[LOG 18:45:26.073] PartLoader: Compiling Part 'SquadExpansion/Serenity/Parts/Robotics/rotor_03/rotor_03'
[LOG 18:45:26.082] PartLoader: Part 'SquadExpansion/Serenity/Parts/Robotics/rotor_03/rotor_03' has no database record. Creating.
[LOG 18:45:26.082] [DragCubeSystem]: Drag cubes not found or cannot be read for part Part. Generating New drag cubes.
[LOG 18:45:26.082] [KSPCF/DragCubeGeneration] Creating drag cubes for part 'rotor.03'
[LOG 18:45:26.088] PartLoader: Compiling Part 'SquadExpansion/Serenity/Parts/Robotics/rotor_03s/rotor_03s'
[LOG 18:45:26.096] PartLoader: Part 'SquadExpansion/Serenity/Parts/Robotics/rotor_03s/rotor_03s' has no database record. Creating.
[LOG 18:45:26.096] [DragCubeSystem]: Drag cubes not found or cannot be read for part Part. Generating New drag cubes.
[LOG 18:45:26.096] [KSPCF/DragCubeGeneration] Creating drag cubes for part 'rotor.03s'
[LOG 18:45:26.101] PartLoader: Compiling Part 'SquadExpansion/Serenity/Parts/Robotics/rotoServo_00/rotoServo_00'
[LOG 18:45:26.123] PartLoader: Part 'SquadExpansion/Serenity/Parts/Robotics/rotoServo_00/rotoServo_00' has no database record. Creating.
[LOG 18:45:26.123] [DragCubeSystem]: Drag cubes not found or cannot be read for part Part. Generating New drag cubes.
[LOG 18:45:26.124] [KSPCF/DragCubeGeneration] Creating drag cubes for part 'rotoServo.00'
[LOG 18:45:26.130] PartLoader: Compiling Part 'SquadExpansion/Serenity/Parts/Robotics/rotoServo_02/rotoServo_02'
[LOG 18:45:26.137] PartLoader: Part 'SquadExpansion/Serenity/Parts/Robotics/rotoServo_02/rotoServo_02' has no database record. Creating.
[LOG 18:45:26.137] [DragCubeSystem]: Drag cubes not found or cannot be read for part Part. Generating New drag cubes.
[LOG 18:45:26.137] [KSPCF/DragCubeGeneration] Creating drag cubes for part 'rotoServo.02'
[LOG 18:45:26.142] PartLoader: Compiling Part 'SquadExpansion/Serenity/Parts/Robotics/rotoServo_03/rotoServo_03'
[LOG 18:45:26.149] PartLoader: Part 'SquadExpansion/Serenity/Parts/Robotics/rotoServo_03/rotoServo_03' has no database record. Creating.
[LOG 18:45:26.149] [DragCubeSystem]: Drag cubes not found or cannot be read for part Part. Generating New drag cubes.
[LOG 18:45:26.149] [KSPCF/DragCubeGeneration] Creating drag cubes for part 'rotoServo.03'
[LOG 18:45:26.159] PartLoader: Compiling Part 'SquadExpansion/Serenity/Parts/Robotics/rotoServo_04/rotoServo_04'
[LOG 18:45:26.170] PartLoader: Part 'SquadExpansion/Serenity/Parts/Robotics/rotoServo_04/rotoServo_04' has no database record. Creating.
[LOG 18:45:26.170] [DragCubeSystem]: Drag cubes not found or cannot be read for part Part. Generating New drag cubes.
[LOG 18:45:26.171] [KSPCF/DragCubeGeneration] Creating drag cubes for part 'rotoServo.04'
[LOG 18:45:26.175] PartLoader: Compiling Part 'SquadExpansion/Serenity/Parts/Robotics/Controllers/KAL1000/controller1000'
[LOG 18:45:26.198] PartLoader: Part 'SquadExpansion/Serenity/Parts/Robotics/Controllers/KAL1000/controller1000' has no database record. Creating.
[LOG 18:45:26.198] [DragCubeSystem]: Drag cubes not found or cannot be read for part Part. Generating New drag cubes.
[LOG 18:45:26.198] [KSPCF/DragCubeGeneration] Creating drag cubes for part 'controller1000'
[LOG 18:45:26.203] PartLoader: Compiling Part 'SquadExpansion/Serenity/Parts/Science/RobotArmScanner/RobotArmScanner_S1/RobotArmScanner_S1'
[LOG 18:45:26.215] PartLoader: Part 'SquadExpansion/Serenity/Parts/Science/RobotArmScanner/RobotArmScanner_S1/RobotArmScanner_S1' has no database record. Creating.
[LOG 18:45:26.215] [DragCubeSystem]: Drag cubes not found or cannot be read for part Part. Generating New drag cubes.
[LOG 18:45:26.215] [KSPCF/DragCubeGeneration] Creating drag cubes for part 'RobotArmScanner.S1'
[LOG 18:45:26.232] PartLoader: Compiling Part 'SquadExpansion/Serenity/Parts/Science/RobotArmScanner/RobotArmScanner_S2/RobotArmScanner_S2'
[LOG 18:45:26.239] PartLoader: Part 'SquadExpansion/Serenity/Parts/Science/RobotArmScanner/RobotArmScanner_S2/RobotArmScanner_S2' has no database record. Creating.
[LOG 18:45:26.239] [DragCubeSystem]: Drag cubes not found or cannot be read for part Part. Generating New drag cubes.
[LOG 18:45:26.239] [KSPCF/DragCubeGeneration] Creating drag cubes for part 'RobotArmScanner.S2'
[LOG 18:45:26.257] PartLoader: Compiling Part 'SquadExpansion/Serenity/Parts/Science/RobotArmScanner/RobotArmScanner_S3/RobotArmScanner_S3'
[LOG 18:45:26.264] PartLoader: Part 'SquadExpansion/Serenity/Parts/Science/RobotArmScanner/RobotArmScanner_S3/RobotArmScanner_S3' has no database record. Creating.
[LOG 18:45:26.264] [DragCubeSystem]: Drag cubes not found or cannot be read for part Part. Generating New drag cubes.
[LOG 18:45:26.264] [KSPCF/DragCubeGeneration] Creating drag cubes for part 'RobotArmScanner.S3'
[LOG 18:45:26.282] PartLoader: Compiling Part 'SquadExpansion/Serenity/Parts/Structural/gripPads/lGripPad/lGripPad'
[LOG 18:45:26.290] PartLoader: Part 'SquadExpansion/Serenity/Parts/Structural/gripPads/lGripPad/lGripPad' has no database record. Creating.
[LOG 18:45:26.290] [DragCubeSystem]: Drag cubes not found or cannot be read for part Part. Generating New drag cubes.
[LOG 18:45:26.290] [KSPCF/DragCubeGeneration] Creating drag cubes for part 'lGripPad'
[LOG 18:45:26.301] PartLoader: Compiling Part 'SquadExpansion/Serenity/Parts/Structural/gripPads/lGripStrip/lGripStrip'
[LOG 18:45:26.306] PartLoader: Part 'SquadExpansion/Serenity/Parts/Structural/gripPads/lGripStrip/lGripStrip' has no database record. Creating.
[LOG 18:45:26.306] [DragCubeSystem]: Drag cubes not found or cannot be read for part Part. Generating New drag cubes.
[LOG 18:45:26.306] [KSPCF/DragCubeGeneration] Creating drag cubes for part 'lGripStrip'
[LOG 18:45:26.310] PartLoader: Compiling Part 'SquadExpansion/Serenity/Parts/Structural/gripPads/mGripPad/mGripPad'
[LOG 18:45:26.314] PartLoader: Part 'SquadExpansion/Serenity/Parts/Structural/gripPads/mGripPad/mGripPad' has no database record. Creating.
[LOG 18:45:26.314] [DragCubeSystem]: Drag cubes not found or cannot be read for part Part. Generating New drag cubes.
[LOG 18:45:26.314] [KSPCF/DragCubeGeneration] Creating drag cubes for part 'mGripPad'
[LOG 18:45:26.324] PartLoader: Compiling Part 'SquadExpansion/Serenity/Parts/Structural/gripPads/sGripPad/sGripPad'
[LOG 18:45:26.328] PartLoader: Part 'SquadExpansion/Serenity/Parts/Structural/gripPads/sGripPad/sGripPad' has no database record. Creating.
[LOG 18:45:26.328] [DragCubeSystem]: Drag cubes not found or cannot be read for part Part. Generating New drag cubes.
[LOG 18:45:26.328] [KSPCF/DragCubeGeneration] Creating drag cubes for part 'sGripPad'
[LOG 18:45:26.338] PartLoader: Compiling Part 'SquadExpansion/Serenity/Parts/Structural/gripPads/sGripStrip/sGripStrip'
[LOG 18:45:26.341] PartLoader: Part 'SquadExpansion/Serenity/Parts/Structural/gripPads/sGripStrip/sGripStrip' has no database record. Creating.
[LOG 18:45:26.341] [DragCubeSystem]: Drag cubes not found or cannot be read for part Part. Generating New drag cubes.
[LOG 18:45:26.341] [KSPCF/DragCubeGeneration] Creating drag cubes for part 'sGripStrip'
[LOG 18:45:26.346] PartLoader: Compiling Internal Prop 'Squad/Props/AltimeterThreeHands/prop/AltimeterThreeHands'
[LOG 18:45:26.350] PartLoader: Compiling Internal Prop 'Squad/Props/AtmosphereDepth/prop/AtmosphereDepth'
[LOG 18:45:26.352] PartLoader: Compiling Internal Prop 'Squad/Props/AxisIndicator/pitchConfig/AxisIndicatorPitch'
[LOG 18:45:26.354] PartLoader: Compiling Internal Prop 'Squad/Props/AxisIndicator/rollConfig/AxisIndicatorRoll'
[LOG 18:45:26.356] PartLoader: Compiling Internal Prop 'Squad/Props/AxisIndicator/yawConfig/AxisIndicatorYaw'
[LOG 18:45:26.358] PartLoader: Compiling Internal Prop 'Squad/Props/buttonsGeneric/circularButton/genericCircularButton'
[LOG 18:45:26.359] PartLoader: Compiling Internal Prop 'Squad/Props/buttonsGeneric/clusterButtons/genericClusterButtons'
[LOG 18:45:26.360] PartLoader: Compiling Internal Prop 'Squad/Props/buttonsGeneric/clusterButtons2/genericClusterButtons2'
[LOG 18:45:26.361] PartLoader: Compiling Internal Prop 'Squad/Props/buttonsGeneric/clusterKnob/genericClusterKnobs'
[LOG 18:45:26.362] PartLoader: Compiling Internal Prop 'Squad/Props/buttonsGeneric/clusterKnob2/genericClusterKnobs2'
[LOG 18:45:26.362] PartLoader: Compiling Internal Prop 'Squad/Props/buttonsGeneric/clusterMixed/genericClusterMixed'
[LOG 18:45:26.363] PartLoader: Compiling Internal Prop 'Squad/Props/buttonsGeneric/clusterSwitches01/genericClusterSwitches01'
[LOG 18:45:26.364] PartLoader: Compiling Internal Prop 'Squad/Props/buttonsGeneric/clusterSwitches02/genericClusterSwitches02'
[LOG 18:45:26.365] PartLoader: Compiling Internal Prop 'Squad/Props/buttonsGeneric/clusterSwitches03/genericClusterSwitches03'
[LOG 18:45:26.366] PartLoader: Compiling Internal Prop 'Squad/Props/buttonsGeneric/clusterSwitches04/genericClusterSwitches04'
[LOG 18:45:26.367] PartLoader: Compiling Internal Prop 'Squad/Props/buttonsGeneric/clusterSwitches05/genericClusterSwitches05'
[LOG 18:45:26.367] PartLoader: Compiling Internal Prop 'Squad/Props/buttonsGeneric/clusterSwitches06/genericClusterSwitches06'
[LOG 18:45:26.368] PartLoader: Compiling Internal Prop 'Squad/Props/buttonsGeneric/clusterSwitches07/genericClusterSwitches07'
[LOG 18:45:26.369] PartLoader: Compiling Internal Prop 'Squad/Props/buttonsGeneric/directionalKnob/genericDirectionalKnob'
[LOG 18:45:26.370] PartLoader: Compiling Internal Prop 'Squad/Props/buttonsGeneric/directionalKnob2/genericDirectionalKnob2'
[LOG 18:45:26.371] PartLoader: Compiling Internal Prop 'Squad/Props/buttonsGeneric/pullSwitch/genericPullSwitch'
[LOG 18:45:26.371] PartLoader: Compiling Internal Prop 'Squad/Props/buttonsGeneric/squareButton/genericSquareButton'
[LOG 18:45:26.372] PartLoader: Compiling Internal Prop 'Squad/Props/buttonsGeneric/standingSwitch/genericStandingSwitch'
[LOG 18:45:26.373] PartLoader: Compiling Internal Prop 'Squad/Props/buttonsGeneric/switch/genericSwitch'
[LOG 18:45:26.373] PartLoader: Compiling Internal Prop 'Squad/Props/buttonsGeneric/switchWithGuards/genericSwitchWithGuards'
[LOG 18:45:26.374] PartLoader: Compiling Internal Prop 'Squad/Props/ButtonSquare/prop/ButtonSquare'
[LOG 18:45:26.376] PartLoader: Compiling Internal Prop 'Squad/Props/circularButton/prop/circularButton'
[LOG 18:45:26.376] PartLoader: Compiling Internal Prop 'Squad/Props/Compass/prop/Compass'
[LOG 18:45:26.377] PartLoader: Compiling Internal Prop 'Squad/Props/directionalKnob/prop/directionalKnob'
[LOG 18:45:26.378] PartLoader: Compiling Internal Prop 'Squad/Props/directionalKnob2/prop/directionalKnob2'
[LOG 18:45:26.378] PartLoader: Compiling Internal Prop 'Squad/Props/IndicatorPanel/prop/IndicatorPanel'
[LOG 18:45:26.382] PartLoader: Compiling Internal Prop 'Squad/Props/IVANavBall/prop/NavBall'
[LOG 18:45:26.384] PartLoader: Compiling Internal Prop 'Squad/Props/IVANavBallNoBase/prop/NavBallNoBase'
[LOG 18:45:26.385] PartLoader: Compiling Internal Prop 'Squad/Props/ledPanelSpeed/prop/ledPanelSpeed'
[LOG 18:45:26.387] PartLoader: Compiling Internal Prop 'Squad/Props/Monitor/DockingMode/MonitorDockingMode'
[LOG 18:45:26.388] PartLoader: Compiling Internal Prop 'Squad/Props/NavBall/prop/NavBall'
[LOG 18:45:26.388] PartLoader: Compiling Internal Prop 'Squad/Props/PropsGeneric/Button_DockingMode/Button_DockingMode'
[LOG 18:45:26.389] PartLoader: Compiling Internal Prop 'Squad/Props/PropsGeneric/CargoBagA/CargoBagA'
[LOG 18:45:26.389] PartLoader: Compiling Internal Prop 'Squad/Props/PropsGeneric/CargoBagB/CargoBagB'
[LOG 18:45:26.390] PartLoader: Compiling Internal Prop 'Squad/Props/PropsGeneric/CargoBagC/CargoBagC'
[LOG 18:45:26.390] PartLoader: Compiling Internal Prop 'Squad/Props/PropsGeneric/Hatch_Plane/Hatch_Plane'
[LOG 18:45:26.391] PartLoader: Compiling Internal Prop 'Squad/Props/PropsGeneric/Hatch_Plane_Curve90/Hatch_Plane_Curve90'
[LOG 18:45:26.391] PartLoader: Compiling Internal Prop 'Squad/Props/PropsGeneric/Hatch_Plane_Frame/Hatch_Plane_Frame'
[LOG 18:45:26.392] PartLoader: Compiling Internal Prop 'Squad/Props/PropsGeneric/Seat_Passenger/Seat_Passenger'
[LOG 18:45:26.393] PartLoader: Compiling Internal Prop 'Squad/Props/PropsGeneric/Seat_Pilot/Seat_Pilot'
[LOG 18:45:26.394] PartLoader: Compiling Internal Prop 'Squad/Props/PropsGeneric/Seat_Pilot_Helmet/Seat_Pilot_Helmet'
[LOG 18:45:26.394] PartLoader: Compiling Internal Prop 'Squad/Props/PropsGeneric/SideStick/SideStick'
[LOG 18:45:26.395] PartLoader: Compiling Internal Prop 'Squad/Props/pullSwitch/prop/pullSwitch'
[LOG 18:45:26.395] PartLoader: Compiling Internal Prop 'Squad/Props/radarAltitude/prop/RadarAltimeter'
[LOG 18:45:26.397] PartLoader: Compiling Internal Prop 'Squad/Props/squareButton/prop/squareButton'
[LOG 18:45:26.398] PartLoader: Compiling Internal Prop 'Squad/Props/standingSwitch/prop/standingSwitch'
[LOG 18:45:26.398] PartLoader: Compiling Internal Prop 'Squad/Props/switch/prop/switch'
[LOG 18:45:26.399] PartLoader: Compiling Internal Prop 'Squad/Props/switchGuard/prop/switchGuard'
[LOG 18:45:26.399] PartLoader: Compiling Internal Prop 'Squad/Props/switchWithGuards/prop/switchWithGuards'
[LOG 18:45:26.400] PartLoader: Compiling Internal Prop 'Squad/Props/throttle/prop/throttle'
[LOG 18:45:26.401] PartLoader: Compiling Internal Prop 'Squad/Props/VSI/prop/VSI'
[LOG 18:45:26.403] PartLoader: Compiling Internal Space 'Squad/Spaces/crewCabinInternals/internal/crewCabinInternals'
[LOG 18:45:26.411] PartLoader: Compiling Internal Space 'Squad/Spaces/cupolaInternal/internal/cupolaInternal'
[LOG 18:45:26.423] PartLoader: Compiling Internal Space 'Squad/Spaces/GenericSpace1/internal/GenericSpace1'
[LOG 18:45:26.424] PartLoader: Compiling Internal Space 'Squad/Spaces/GenericSpace3/internal/GenericSpace3'
[LOG 18:45:26.426] PartLoader: Compiling Internal Space 'Squad/Spaces/landerCabinInternals/internal/landerCabinInternals'
[LOG 18:45:26.428] PartLoader: Compiling Internal Space 'Squad/Spaces/landerCabinSmallInternal/internal/landerCabinSmallInternal'
[LOG 18:45:26.432] PartLoader: Compiling Internal Space 'Squad/Spaces/LargeCrewedLabInternals/internal/Mobile_Processing_Lab_Int'
[LOG 18:45:26.434] PartLoader: Compiling Internal Space 'Squad/Spaces/Mk1-3/internal/Mk1-3'
[LOG 18:45:26.442] PartLoader: Compiling Internal Space 'Squad/Spaces/mk1CabinInternal/internal/mk1CabinInternal'
[LOG 18:45:26.447] PartLoader: Compiling Internal Space 'Squad/Spaces/mk1CockpitInternal/internal/mk1CockpitInternal'
[LOG 18:45:26.455] PartLoader: Compiling Internal Space 'Squad/Spaces/mk1InlineInternal/internal/mk1InlineInternal'
[LOG 18:45:26.460] PartLoader: Compiling Internal Space 'Squad/Spaces/mk1PodCockpit/internal/mk1PodCockpit'
[LOG 18:45:26.463] PartLoader: Compiling Internal Space 'Squad/Spaces/mk1pod_IVA/mk1pod_Internal/mk1pod_IVA'
[LOG 18:45:26.469] PartLoader: Compiling Internal Space 'Squad/Spaces/mk2CockpitStandardInternal/internal/mk2CockpitStandardInternals'
[LOG 18:45:26.478] PartLoader: Compiling Internal Space 'Squad/Spaces/Mk2CrewCabinInternal/internal_MK2_CrewCab/MK2_CrewCab_Int'
[LOG 18:45:26.484] PartLoader: Compiling Internal Space 'Squad/Spaces/mk2InlineInternal/internal/mk2InlineInternal'
[LOG 18:45:26.502] PartLoader: Compiling Internal Space 'Squad/Spaces/mk2LanderCanInternal/internal/mk2LanderCanInternal'
[LOG 18:45:26.509] PartLoader: Compiling Internal Space 'Squad/Spaces/MK3CockpitInternal/internal_MK3/MK3_Cockpit_Int'
[LOG 18:45:26.522] PartLoader: Compiling Internal Space 'Squad/Spaces/MK3_CrewCab_Int/internal_MK3_CrewCab/MK3_CrewCab_Int'
[LOG 18:45:26.525] InternalSeat: Cannot find portraitCamera of name 'Camera_Left003'
[LOG 18:45:26.532] PartLoader: Compiling Internal Space 'Squad/Spaces/Placeholder/internal/Placeholder'
[LOG 18:45:26.541] PartLoader: Compiling Internal Space 'Squad/Spaces/PodCockpit/internal/PodCockpit'
[LOG 18:45:26.548] PartLoader: Compiling Internal Space 'SquadExpansion/MakingHistory/Spaces/KVPods/Airlock_Internal/Airlock_IVA'
[LOG 18:45:26.549] PartLoader: Compiling Internal Space 'SquadExpansion/MakingHistory/Spaces/KVPods/KV1_Internal/KV1_IVA'
[LOG 18:45:26.552] PartLoader: Compiling Internal Space 'SquadExpansion/MakingHistory/Spaces/KVPods/KV2_Internal/KV2_IVA'
[LOG 18:45:26.558] PartLoader: Compiling Internal Space 'SquadExpansion/MakingHistory/Spaces/KVPods/KV3_Internal/KV3_IVA'
[LOG 18:45:26.564] PartLoader: Compiling Internal Space 'SquadExpansion/MakingHistory/Spaces/MEM/MEM_IVA/MEM_IVA'
[LOG 18:45:26.573] PartLoader: Compiling Internal Space 'SquadExpansion/MakingHistory/Spaces/Mk2Pod/Mk2Pod_Internal/MK2POD_IVA'
[LOG 18:45:27.328] Assets:
[LOG 18:45:27.328] anim_missionsapp_idle.anim
[LOG 18:45:27.328] anim_missionsapp_idle_warning.anim
[LOG 18:45:27.328] anim_missionsapp_warning.anim
[LOG 18:45:27.328] anim_missionssapp.anim
[LOG 18:45:27.328] animcontroller_missionsappmaster.controller
[LOG 18:45:27.328] app_bg.tif
[LOG 18:45:27.329] app_bottom_gray.tif
[LOG 18:45:27.329] app_divider_pulldown_body.tif
[LOG 18:45:27.329] app_divider_pulldown_footer.tif
[LOG 18:45:27.329] app_divider_pulldown_header.tif
[LOG 18:45:27.329] app_divider_pulldown_header_over.tif
[LOG 18:45:27.329] app_header_gray.tif
[LOG 18:45:27.329] app_missions_icon_active.tif
[LOG 18:45:27.329] app_missions_icon_complete.tif
[LOG 18:45:27.329] app_missions_icon_failed.tif
[LOG 18:45:27.329] app_missions_icon_inactive.tif
[LOG 18:45:27.329] spritesheet_missionsapp.tif
[LOG 18:45:27.329] spritesheet_missionsappwarning.tif
[LOG 18:45:27.329] missionbriefingdialog.prefab
[LOG 18:45:27.329] missionbriefingtag.prefab
[LOG 18:45:27.329] awardwidget.prefab
[LOG 18:45:27.329] missionenddialog.prefab
[LOG 18:45:27.329] missionitemwidget.prefab
[LOG 18:45:27.329] missionplaybutton.prefab
[LOG 18:45:27.329] missionplaydialog.prefab
[LOG 18:45:27.329] missionsteamitemwidget.prefab
[LOG 18:45:27.329] missionvalidationdialog.prefab
[LOG 18:45:27.329] validationentry.prefab
[LOG 18:45:27.329] comettoken.fbx
[LOG 18:45:27.329] comettoken.jpg
[LOG 18:45:27.329] placementegizmo_comet.mat
[LOG 18:45:27.329] placementegizmo_comet_tail.mat
[LOG 18:45:27.329] femalevintagepreview.prefab
[LOG 18:45:27.329] malevintagepreview.prefab
[LOG 18:45:27.330] checkpointentrywidget.prefab
[LOG 18:45:27.330] crewmanagementdialog.prefab
[LOG 18:45:27.330] listitem_vesseltitle.prefab
[LOG 18:45:27.330] missionbrowser.prefab
[LOG 18:45:27.330] missioncheckpointbrowser.prefab
[LOG 18:45:27.330] missioncrewlistitem.prefab
[LOG 18:45:27.330] missionentrywidget.prefab
[LOG 18:45:27.330] missiontemplateentrywidget.prefab
[LOG 18:45:27.330] partcategorizerbutton.prefab
[LOG 18:45:27.330] partselectorbrowser.prefab
[LOG 18:45:27.330] partselectorentry.prefab
[LOG 18:45:27.330] gaputil_vesselframe.prefab
[LOG 18:45:27.330] meguiconnector.prefab
[LOG 18:45:27.330] meguinode.prefab
[LOG 18:45:27.330] meguinodecategorybutton.prefab
[LOG 18:45:27.330] meguinodeicon.prefab
[LOG 18:45:27.330] meguinodeicongroup.prefab
[LOG 18:45:27.330] meguiscrollviewitem.prefab
[LOG 18:45:27.330] meiconloaderbasicnode.prefab
[LOG 18:45:27.330] meiconloadergap.prefab
[LOG 18:45:27.330] meiconloadernodecategorizer.prefab
[LOG 18:45:27.330] menodecanvas.prefab
[LOG 18:45:27.330] missioneditorscreen.prefab
[LOG 18:45:27.330] nodelisttooltip.prefab
[LOG 18:45:27.331] nodelisttooltipextinfolistspacer.prefab
[LOG 18:45:27.331] orbitgizmo.prefab
[LOG 18:45:27.331] biomeshighlight.shader
[LOG 18:45:27.331] projector-surfacegizmo.shader
[LOG 18:45:27.331] scaledplanetbiomeshighlight.shader
[LOG 18:45:27.331] sprites-alwaysover.shader
[LOG 18:45:27.331] ui-unlit-infinite.shader
[LOG 18:45:27.331] ui-unlit-solid.shader
[LOG 18:45:27.331] assetgraph_connectionpoint_inputmark.png
[LOG 18:45:27.331] assetgraph_inputbg.png
[LOG 18:45:27.331] boldly.png
[LOG 18:45:27.331] carpool.png
[LOG 18:45:27.331] frugal.png
[LOG 18:45:27.331] homesick.png
[LOG 18:45:27.331] keys.png
[LOG 18:45:27.331] saint.png
[LOG 18:45:27.331] sinner.png
[LOG 18:45:27.331] thespot.png
[LOG 18:45:27.331] timekeeper.png
[LOG 18:45:27.331] helmetbronze.png
[LOG 18:45:27.331] helmetgold.png
[LOG 18:45:27.331] helmetsilver.png
[LOG 18:45:27.331] action-part-resource-drain.png
[LOG 18:45:27.331] change-part-resource-levels.png
[LOG 18:45:27.331] create-asteroid.png
[LOG 18:45:27.331] create-kerbal.png
[LOG 18:45:27.331] create-vessel.png
[LOG 18:45:27.331] crew-assignment.png
[LOG 18:45:27.331] dialog-message.png
[LOG 18:45:27.332] display-message.png
[LOG 18:45:27.332] fail-part.png
[LOG 18:45:27.332] fly-through.png
[LOG 18:45:27.332] funds-recovery.png
[LOG 18:45:27.332] generic-node.png
[LOG 18:45:27.332] go-to.png
[LOG 18:45:27.332] kerbal-boarded.png
[LOG 18:45:27.332] kerbal-recovery.png
[LOG 18:45:27.332] kerbal-rescue.png
[LOG 18:45:27.332] launch-site.png
[LOG 18:45:27.332] leave-soi.png
[LOG 18:45:27.332] orbit.png
[LOG 18:45:27.332] part-explode.png
[LOG 18:45:27.332] plant-flag.png
[LOG 18:45:27.332] reach-soi.png
[LOG 18:45:27.332] repair-part.png
[LOG 18:45:27.332] resource-amount.png
[LOG 18:45:27.332] resource-recovery.png
[LOG 18:45:27.332] science-experiment.png
[LOG 18:45:27.332] score.png
[LOG 18:45:27.332] take-tourist.png
[LOG 18:45:27.332] test-altitude.png
[LOG 18:45:27.332] test-eva.png
[LOG 18:45:27.332] test-grapple.png
[LOG 18:45:27.332] time-of-flight.png
[LOG 18:45:27.332] time-of-mission.png
[LOG 18:45:27.332] time-since-node.png
[LOG 18:45:27.332] vessel-crashed.png
[LOG 18:45:27.332] vessel-crew-count.png
[LOG 18:45:27.332] vessel-explode.png
[LOG 18:45:27.333] vessel-flying.png
[LOG 18:45:27.333] vessel-landed.png
[LOG 18:45:27.333] vessel-mass.png
[LOG 18:45:27.333] vessel-splashed.png
[LOG 18:45:27.333] vessel-stage-activated.png
[LOG 18:45:27.333] vessel-stage.png
[LOG 18:45:27.333] arrange-graph.png
[LOG 18:45:27.333] builderbuttons_briefing.png
[LOG 18:45:27.333] builderbuttons_reset.png
[LOG 18:45:27.333] builderbuttons_trackingstation.png
[LOG 18:45:27.333] frame-graph.png
[LOG 18:45:27.333] lock.png
[LOG 18:45:27.333] maximize.png
[LOG 18:45:27.333] minimize.png
[LOG 18:45:27.333] pin.png
[LOG 18:45:27.333] pin_down.png
[LOG 18:45:27.333] redo.png
[LOG 18:45:27.333] reset.png
[LOG 18:45:27.333] tracking-station.png
[LOG 18:45:27.333] undo.png
[LOG 18:45:27.333] visible-in-gap.png
[LOG 18:45:27.333] location.png
[LOG 18:45:27.333] logic.png
[LOG 18:45:27.333] science.png
[LOG 18:45:27.333] utility.png
[LOG 18:45:27.333] vessel.png
[LOG 18:45:27.333] eye.png
[LOG 18:45:27.333] iconmb.png
[LOG 18:45:27.333] me_btn_generic_normal.tif
[LOG 18:45:27.333] me_button_generic_normal.tif
[LOG 18:45:27.334] nodecat_bg.png
[LOG 18:45:27.334] nodecat_divider.tif
[LOG 18:45:27.334] nodecat_divider_bottom.tif
[LOG 18:45:27.334] pholderwarningicon.png
[LOG 18:45:27.334] reseticon.png
[LOG 18:45:27.334] validityindicator.controller
[LOG 18:45:27.334] validtyinidicatorpulse.anim
[LOG 18:45:27.334] broadorbittoggle button.png
[LOG 18:45:27.334] maneuvertoggle button.png
[LOG 18:45:27.334] orbitalgizmoicons.png
[LOG 18:45:27.334] reset orbit button.png
[LOG 18:45:27.334] nodelabel.prefab
[LOG 18:45:27.334] kerbaleva_female_exp.prefab
[LOG 18:45:27.334] kerbaleva_rd_exp.prefab
[LOG 18:45:27.334] missioneditorevabody.mat
[LOG 18:45:27.334] missioneditorevabodyalternate.mat
[LOG 18:45:27.334] missioneditorevabodybrown.mat
[LOG 18:45:27.334] missioneditorevaeyeballs.mat
[LOG 18:45:27.334] missioneditorevaeyes.mat
[LOG 18:45:27.334] missioneditorevahead.mat
[LOG 18:45:27.334] missioneditorevahelmet.mat
[LOG 18:45:27.334] missioneditorevahelmetred.mat
[LOG 18:45:27.334] missioneditorevajetpack.mat
[LOG 18:45:27.334] missioneditorevalight.mat
[LOG 18:45:27.334] kbevafemalevintage.prefab
[LOG 18:45:27.334] kbevavintage.prefab
[LOG 18:45:27.334] evalight.fbx
[LOG 18:45:27.334] kbeva@new.fbx
[LOG 18:45:27.334] kbeva@newfem.fbx
[LOG 18:45:27.334] mevahelmetlight.fbx
[LOG 18:45:27.335] evajetpackscondary.dds
[LOG 18:45:27.335] evajetpacksecondary_n.dds
[LOG 18:45:27.335] evalight.png
[LOG 18:45:27.335] kerbalmainnrm.dds
[LOG 18:45:27.335] me_suit_difuse_blue.dds
[LOG 18:45:27.335] me_suit_difuse_low_polybrown.dds
[LOG 18:45:27.335] me_suit_difuse_orange.dds
[LOG 18:45:27.335] kerbalfemalevintage.prefab
[LOG 18:45:27.335] kerbalmalevintage.prefab
[LOG 18:45:27.335] evahelmet.mat
[LOG 18:45:27.335] evatexture.mat
[LOG 18:45:27.335] kerbalgirl_06_basecolor.mat
[LOG 18:45:27.335] kerbalhead.mat
[LOG 18:45:27.335] lambert6.mat
[LOG 18:45:27.335] mat_eyeballs.mat
[LOG 18:45:27.335] mat_eyes01.mat
[LOG 18:45:27.335] material #4.mat
[LOG 18:45:27.335] mesh_female_kerbalastronaut01_kerbalgirl_export_15_lambert20.mat
[LOG 18:45:27.335] mesh_female_kerbalastronaut01_kerbalgirl_export_15_lambert21.mat
[LOG 18:45:27.335] kbfemale_iva_mecanim.fbx
[LOG 18:45:27.335] kbiva_mecanim.fbx
[LOG 18:45:27.335] kerbalicon_eva_female_vintage.tif
[LOG 18:45:27.335] kerbalicon_eva_vintage.tif
[LOG 18:45:27.335] kerbalicon_suit_female_vintage.tif
[LOG 18:45:27.335] kerbalicon_suit_orange_female_vintage.tif
[LOG 18:45:27.336] kerbalicon_suit_orange_vintage.tif
[LOG 18:45:27.336] kerbalicon_suit_vintage.tif
[LOG 18:45:27.336] gap_celestialbody_camerasetup.prefab
[LOG 18:45:27.336] gap_celestialbody_collisionsphere.prefab
[LOG 18:45:27.336] gap_celestialbody_surfacegizmo_area.prefab
[LOG 18:45:27.336] gap_celestialbody_surfacegizmo_basic.prefab
[LOG 18:45:27.336] gap_celestialbody_surfacegizmo_icon.prefab
[LOG 18:45:27.336] gap_celestialbody_surfacegizmo_vessel.prefab
[LOG 18:45:27.336] gap_celestialbody_surfacegizmo_volume.prefab
[LOG 18:45:27.336] gap_proceduralasteroid.prefab
[LOG 18:45:27.336] gap_proceduralcomet.prefab
[LOG 18:45:27.336] gapbuttonprefab.prefab
[LOG 18:45:27.336] gapkerbal_femaleveteran.prefab
[LOG 18:45:27.336] gapkerbal_femaleveteran_vintage.prefab
[LOG 18:45:27.336] gapkerbal_male_slimsuit.prefab
[LOG 18:45:27.336] gapkerbal_maleveteran.prefab
[LOG 18:45:27.336] gapkerbal_maleveteran_vintage.prefab
[LOG 18:45:27.336] gapscrollablesidebarbutton.prefab
[LOG 18:45:27.336] gapsidebarbutton.prefab
[LOG 18:45:27.336] gaptoggleprefab.prefab
[LOG 18:45:27.336] gaputil_biselector.prefab
[LOG 18:45:27.336] gaputil_celestialbody.prefab
[LOG 18:45:27.336] vesseldisplay_camerasetup.prefab
[LOG 18:45:27.336] desert_airfield.prefab
[LOG 18:45:27.336] desert_groundobjects.prefab
[LOG 18:45:27.336] desert_launch_site.prefab
[LOG 18:45:27.336] larkes.prefab
[LOG 18:45:27.336] floor bottom.mat
[LOG 18:45:27.336] floor top.mat
[LOG 18:45:27.337] legs.mat
[LOG 18:45:27.337] ramp.mat
[LOG 18:45:27.337] stairs grid lights pivot.mat
[LOG 18:45:27.337] supports 1.mat
[LOG 18:45:27.337] supports 2.mat
[LOG 18:45:27.337] tunnels.mat
[LOG 18:45:27.337] floor bottom.dds
[LOG 18:45:27.337] floor top.dds
[LOG 18:45:27.337] floor top_normal.dds
[LOG 18:45:27.337] legs.dds
[LOG 18:45:27.337] ramp.dds
[LOG 18:45:27.337] stairs grid lights pivot.dds
[LOG 18:45:27.337] supports 1.dds
[LOG 18:45:27.337] supports 2.dds
[LOG 18:45:27.337] tunnels.dds
[LOG 18:45:27.337] diffuse.mat
[LOG 18:45:27.337] floor bottom_base_color.mat
[LOG 18:45:27.337] floor top_base_color.mat
[LOG 18:45:27.337] legs_base_color.mat
[LOG 18:45:27.337] ramp_base_color.mat
[LOG 18:45:27.337] stairs grid lights pivot_base_colormodpsd.mat
[LOG 18:45:27.337] stairs_grid_lights_pivot_base_color.mat
[LOG 18:45:27.337] supports 1_base_color.mat
[LOG 18:45:27.337] supports 2_base_color.mat
[LOG 18:45:27.337] tunnels_base_color.mat
[LOG 18:45:27.337] mobilelaunchpad_19.fbx
[LOG 18:45:27.337] pontoons.fbx
[LOG 18:45:27.337] pontoons_diffuse.dds
[LOG 18:45:27.337] ramp_normal.png
[LOG 18:45:27.338] 1001_base_color.mat
[LOG 18:45:27.338] desert groundtransition.mat
[LOG 18:45:27.338] desert groundtransition_highquality.mat
[LOG 18:45:27.338] desert groundtransition_lowquality.mat
[LOG 18:45:27.338] desert groundtransition_mediumquality.mat
[LOG 18:45:27.338] desert groundtransition_ultraquality.mat
[LOG 18:45:27.338] desert runway sand.mat
[LOG 18:45:27.338] desert runway stone.mat
[LOG 18:45:27.338] mobilelaunchpad.prefab
[LOG 18:45:27.338] woomerang_groundobjects.prefab
[LOG 18:45:27.338] woomerang_launch_site.prefab
[LOG 18:45:27.339] Scenes:
[LOG 18:45:27.339] kspMissionEditor.unity
[LOG 18:45:36.185] Assets:
[LOG 18:45:36.186] appanim_missionsapp.prefab
[LOG 18:45:36.186] cascading_body_missionheader.prefab
[LOG 18:45:36.186] cascading_body_missioninfo.prefab
[LOG 18:45:36.186] cascading_body_missionobjective.prefab
[LOG 18:45:36.186] cascading_body_missionsvesselheader.prefab
[LOG 18:45:36.186] cascading_body_missionsvesselitem.prefab
[LOG 18:45:36.186] cascading_body_settingsbutton.prefab
[LOG 18:45:36.186] cascading_body_settingstoggle.prefab
[LOG 18:45:36.186] missionsapp.prefab
[LOG 18:45:36.186] axislimitline.prefab
[LOG 18:45:36.186] controlleraction.prefab
[LOG 18:45:36.186] controlleraxis.prefab
[LOG 18:45:36.186] controllerwindow.prefab
[LOG 18:45:36.186] curvepanelpoint.prefab
[LOG 18:45:36.186] curvepanelpointaction.prefab
[LOG 18:45:36.186] axis_align_ends.png
[LOG 18:45:36.186] axis_clamp_values.png
[LOG 18:45:36.186] axis_copy.png
[LOG 18:45:36.186] axis_flip_horizontal.png
[LOG 18:45:36.186] axis_flip_vertical.png
[LOG 18:45:36.186] axis_move_down-trackrow.png
[LOG 18:45:36.186] axis_move_down.png
[LOG 18:45:36.186] axis_move_up-trackrow.png
[LOG 18:45:36.186] axis_move_up.png
[LOG 18:45:36.186] axis_paste.png
[LOG 18:45:36.186] axis_preset_flat.png
[LOG 18:45:36.186] axis_preset_sawtooth.png
[LOG 18:45:36.186] axis_preset_sine.png
[LOG 18:45:36.187] axis_preset_square.png
[LOG 18:45:36.187] axis_preset_triangle.png
[LOG 18:45:36.187] axis_select_all.png
[LOG 18:45:36.187] background_squared_inset.png
[LOG 18:45:36.187] close.png
[LOG 18:45:36.187] direction_forward.png
[LOG 18:45:36.187] direction_reverse.png
[LOG 18:45:36.187] edit.png
[LOG 18:45:36.187] fieldlimitline.png
[LOG 18:45:36.187] keyframe_add.png
[LOG 18:45:36.187] keyframe_clamp_value.png
[LOG 18:45:36.187] keyframe_delete.png
[LOG 18:45:36.187] keyframe_linear.png
[LOG 18:45:36.187] keyframe_smooth.png
[LOG 18:45:36.187] keyframe_step_backward.png
[LOG 18:45:36.187] keyframe_step_forward.png
[LOG 18:45:36.187] line.png
[LOG 18:45:36.187] line_dashed.png
[LOG 18:45:36.187] loop_pingpong.png
[LOG 18:45:36.187] loop_playonce.png
[LOG 18:45:36.187] loop_repeat.png
[LOG 18:45:36.187] node.png
[LOG 18:45:36.187] node_circle.png
[LOG 18:45:36.187] node_square.png
[LOG 18:45:36.187] pause.png
[LOG 18:45:36.187] play.png
[LOG 18:45:36.187] pointer.png
[LOG 18:45:36.187] remove-axis.png
[LOG 18:45:36.187] remove_key.png
[LOG 18:45:36.187] resize_icon.png
[LOG 18:45:36.188] sequence_resize_button_states.png
[LOG 18:45:36.188] sequence_resize_maintain.png
[LOG 18:45:36.188] sequence_resize_scale.png
[LOG 18:45:36.188] sequence_speed.png
[LOG 18:45:36.188] tracking_editor_button_states.png
[LOG 18:45:36.188] femalefuturepreview.prefab
[LOG 18:45:36.188] malefuturepreview.prefab
[LOG 18:45:36.188] kbfemale@controlpanel_a.fbx
[LOG 18:45:36.188] kbfemale@controlpanel_b.fbx
[LOG 18:45:36.188] kbfemale@controlpanel_c.fbx
[LOG 18:45:36.188] kbfemale@rocksample.fbx
[LOG 18:45:36.188] hammerfemale.fbx
[LOG 18:45:36.188] hammermale.fbx
[LOG 18:45:36.188] kbeva@controlpanel_a.fbx
[LOG 18:45:36.188] kbeva@controlpanel_b.fbx
[LOG 18:45:36.188] kbeva@controlpanel_c.fbx
[LOG 18:45:36.188] kbeva@rocksample.fbx
[LOG 18:45:36.188] kerbaleva_female_future.prefab
[LOG 18:45:36.188] kerbaleva_rd_future.prefab
[LOG 18:45:36.188] futureevabody.mat
[LOG 18:45:36.188] futureevabodyalternate.mat
[LOG 18:45:36.188] futureevajetpack.mat
[LOG 18:45:36.188] futureevalight.mat
[LOG 18:45:36.188] futurehelmet.mat
[LOG 18:45:36.188] kbevafemalefuture.prefab
[LOG 18:45:36.188] kbevafuture.prefab
[LOG 18:45:36.188] kbeva@new.fbx
[LOG 18:45:36.188] kbeva@newfem.fbx
[LOG 18:45:36.188] mevahelmetlight.fbx
[LOG 18:45:36.189] serenityfemaleeva.fbx
[LOG 18:45:36.189] serenityflares.fbx
[LOG 18:45:36.189] serenitymaleeva.fbx
[LOG 18:45:36.189] evajetpacknrm.dds
[LOG 18:45:36.189] futuresuit_diffuse_orange.dds
[LOG 18:45:36.189] futuresuit_diffuse_whiteblue.dds
[LOG 18:45:36.189] futuresuit_diffuse_whiteorange.dds
[LOG 18:45:36.189] futuresuit_emissive.dds
[LOG 18:45:36.189] futuresuit_evalight.png
[LOG 18:45:36.189] futuresuitmainnrm.dds
[LOG 18:45:36.189] ksp_ig_jetpack_diffuse.jpg
[LOG 18:45:36.189] kerbalfemalefuture.prefab
[LOG 18:45:36.189] kerbalmalefuture.prefab
[LOG 18:45:36.189] futuresuit_diffuse.mat
[LOG 18:45:36.189] serenityfemaleiva.fbx
[LOG 18:45:36.189] serenitymaleiva.fbx
[LOG 18:45:36.189] kerbalicon_eva_female_future.tif
[LOG 18:45:36.189] kerbalicon_eva_future.tif
[LOG 18:45:36.189] kerbalicon_suit_female_future.tif
[LOG 18:45:36.189] kerbalicon_suit_future.tif
[LOG 18:45:36.189] kerbalicon_suit_orange_female_future.tif
[LOG 18:45:36.189] kerbalicon_suit_orange_future.tif
[LOG 18:45:36.189] bottom_emissor.mat
[LOG 18:45:36.189] burst_emissor.mat
[LOG 18:45:36.189] burstprojectiles_emissor.mat
[LOG 18:45:36.189] constantburst_emissor.mat
[LOG 18:45:36.189] snowflakes_emissor.mat
[LOG 18:45:36.189] vapor_emissor.mat
[LOG 18:45:36.189] base_0.mat
[LOG 18:45:36.189] base_1.mat
[LOG 18:45:36.190] base_2.mat
[LOG 18:45:36.190] base_3_1.mat
[LOG 18:45:36.190] base_3_2.mat
[LOG 18:45:36.190] vapor.mat
[LOG 18:45:36.190] burst.png
[LOG 18:45:36.190] cloud2.png
[LOG 18:45:36.190] v1.png
[LOG 18:45:36.190] v2.png
[LOG 18:45:36.190] v3.png
[LOG 18:45:36.190] v5.png
[LOG 18:45:36.190] gapkerbal_female_future.prefab
[LOG 18:45:36.190] gapkerbal_male_future.prefab
[LOG 18:45:36.190] hammerfemale.prefab
[LOG 18:45:36.190] hammermale.prefab
[LOG 18:45:36.190] bopgravelpile.prefab
[LOG 18:45:36.190] bopgravelpile.fbx
[LOG 18:45:36.190] bop_gravel pile_d.mat
[LOG 18:45:36.190] lambert1.mat
[LOG 18:45:36.190] bop_gravel pile_d.png
[LOG 18:45:36.190] bop_gravel pile_d.tga
[LOG 18:45:36.190] bop_gravel pile_n.png
[LOG 18:45:36.190] bop_gravel pile_s.png
[LOG 18:45:36.190] drescrater.prefab
[LOG 18:45:36.190] dresmeteorite.prefab
[LOG 18:45:36.190] drescrater.fbx
[LOG 18:45:36.190] dresmeteorite.fbx
[LOG 18:45:36.190] dres_crater_d.mat
[LOG 18:45:36.190] dres_meteorite_d.mat
[LOG 18:45:36.190] lambert1.mat
[LOG 18:45:36.190] dres_crater_d.tga
[LOG 18:45:36.191] dres_crater_n.png
[LOG 18:45:36.191] dres_meteorite_d.tga
[LOG 18:45:36.191] dres_meteorite_n.png
[LOG 18:45:36.191] dunablueberries.prefab
[LOG 18:45:36.191] dunadune.prefab
[LOG 18:45:36.191] dunameteorite.prefab
[LOG 18:45:36.191] dunastone.prefab
[LOG 18:45:36.191] dunaasteroid.fbx
[LOG 18:45:36.191] dunablueberries.fbx
[LOG 18:45:36.191] dunadune.fbx
[LOG 18:45:36.191] dunastone.fbx
[LOG 18:45:36.191] duna_asteroid_d.mat
[LOG 18:45:36.191] duna_dune_d.mat
[LOG 18:45:36.191] duna_stone_d.mat
[LOG 18:45:36.191] dune_blueberries_d.mat
[LOG 18:45:36.191] lambert1.mat
[LOG 18:45:36.191] duna_asteroid_d.tga
[LOG 18:45:36.191] duna_asteroid_n.png
[LOG 18:45:36.191] duna_dune_d.tga
[LOG 18:45:36.191] duna_dune_n.tga
[LOG 18:45:36.191] duna_stone_d.tga
[LOG 18:45:36.191] duna_stone_n.png
[LOG 18:45:36.191] dune_blueberries_d.tga
[LOG 18:45:36.191] dune_blueberries_n.png
[LOG 18:45:36.191] eelooberg.prefab
[LOG 18:45:36.191] eeloobrownboulder.prefab
[LOG 18:45:36.191] eelooicechunk.prefab
[LOG 18:45:36.191] eelooberg.fbx
[LOG 18:45:36.191] eelooboulder.fbx
[LOG 18:45:36.192] eelooicechunk.fbx
[LOG 18:45:36.192] eeloo_alien_glacier_d.mat
[LOG 18:45:36.192] eeloo_brown_ boulder_d.mat
[LOG 18:45:36.192] eeloo_ice chunk_d.mat
[LOG 18:45:36.192] lambert1.mat
[LOG 18:45:36.192] eeloo_alien_glacier_d.tga
[LOG 18:45:36.192] eeloo_alien_glacier_e.tga
[LOG 18:45:36.192] eeloo_alien_glacier_n.png
[LOG 18:45:36.192] eeloo_brown_ boulder_d.tga
[LOG 18:45:36.192] eeloo_brown_ boulder_n.png
[LOG 18:45:36.192] eeloo_ice chunk_d.tga
[LOG 18:45:36.192] eeloo_ice chunk_e.tga
[LOG 18:45:36.192] eeloo_ice chunk_n.png
[LOG 18:45:36.192] eeloo_ice chunk_s.tga
[LOG 18:45:36.192] evebasaltformation.prefab
[LOG 18:45:36.192] evepancakedome.prefab
[LOG 18:45:36.192] evevolcanicrock.prefab
[LOG 18:45:36.192] evebasaltformation.fbx
[LOG 18:45:36.192] evepancakeformation.fbx
[LOG 18:45:36.192] evevolcanicrock.fbx
[LOG 18:45:36.192] eve basalt formation_d.mat
[LOG 18:45:36.192] eve pancake formation_d.mat
[LOG 18:45:36.192] eve volcanic rock_d.mat
[LOG 18:45:36.192] lambert1.mat
[LOG 18:45:36.192] eve basalt formation_d.tga
[LOG 18:45:36.192] eve basalt formation_n.tga
[LOG 18:45:36.192] eve pancake formation_d.tga
[LOG 18:45:36.192] eve pancake formation_e.png
[LOG 18:45:36.192] eve pancake formation_n.png
[LOG 18:45:36.192] eve volcanic rock_d.tga
[LOG 18:45:36.193] eve volcanic rock_n.png
[LOG 18:45:36.193] gillyridgeline.fbx
[LOG 18:45:36.193] gilly ridegeline_d.mat
[LOG 18:45:36.193] lambert1.mat
[LOG 18:45:36.193] gillyridgeline.prefab
[LOG 18:45:36.193] gilly ridegeline_d.tga
[LOG 18:45:36.193] gilly ridegeline_n.png
[LOG 18:45:36.193] dunaejecta.prefab
[LOG 18:45:36.193] ikedunaejecta.fbx
[LOG 18:45:36.193] ike_duna_ejecta_mat.mat
[LOG 18:45:36.193] ike duna ejecta_d.tga
[LOG 18:45:36.193] ike duna ejecta_n.png
[LOG 18:45:36.193] kerbinbaobabtree.fbx
[LOG 18:45:36.193] kerbinquartz.fbx
[LOG 18:45:36.193] baobaptree.mat
[LOG 18:45:36.193] kerbin_baobab_tree_d.mat
[LOG 18:45:36.193] kerbin_boabob_tree_d.mat
[LOG 18:45:36.193] kerbin_giant_quartz_d.mat
[LOG 18:45:36.193] lambert1.mat
[LOG 18:45:36.193] lambert2.mat
[LOG 18:45:36.193] kerbinbaobabtree.prefab
[LOG 18:45:36.193] kerbinquartz.prefab
[LOG 18:45:36.193] kerbin_baobab_tree_alpha.png
[LOG 18:45:36.193] kerbin_baobab_tree_d.tga
[LOG 18:45:36.193] kerbin_baobab_tree_n.png
[LOG 18:45:36.193] kerbin_giant_quartz_d.tga
[LOG 18:45:36.193] kerbin_giant_quartz_e.tga
[LOG 18:45:36.193] kerbin_giant_quartz_n.tga
[LOG 18:45:36.193] kerbin_giant_quartz_s.tga
[LOG 18:45:36.193] laytheboulder.fbx
[LOG 18:45:36.194] laythegeyser.fbx
[LOG 18:45:36.194] laythestone.fbx
[LOG 18:45:36.194] lambert1.mat
[LOG 18:45:36.194] laythe_boulder_d.mat
[LOG 18:45:36.194] laythe_geyser_d.mat
[LOG 18:45:36.194] laythe_stone_d.mat
[LOG 18:45:36.194] laytheboulder.prefab
[LOG 18:45:36.194] laythegeyser.prefab
[LOG 18:45:36.194] laythestone.prefab
[LOG 18:45:36.194] laythe_boulder_d.tga
[LOG 18:45:36.194] laythe_boulder_n.png
[LOG 18:45:36.194] laythe_geyser_d.tga
[LOG 18:45:36.194] laythe_geyser_n.png
[LOG 18:45:36.194] laythe_stone_d.tga
[LOG 18:45:36.194] laythe_stone_n.png
[LOG 18:45:36.194] greensandstone.fbx
[LOG 18:45:36.194] lambert1.mat
[LOG 18:45:36.194] minmus_green_sandstone_d.mat
[LOG 18:45:36.194] minmus_olivine_formation_d.mat
[LOG 18:45:36.194] minmusolivineformation.fbx
[LOG 18:45:36.194] minmus_greensandstone.prefab
[LOG 18:45:36.194] minmus_olivineformation.prefab
[LOG 18:45:36.194] minmus_green_sandstone_d.tga
[LOG 18:45:36.194] minmus_green_sandstone_n.png
[LOG 18:45:36.194] minmus_olivine_formation_d.tga
[LOG 18:45:36.194] minmus_olivine_formation_n.png
[LOG 18:45:36.194] lambert1.mat
[LOG 18:45:36.194] moho wrinkleridge_d.mat
[LOG 18:45:36.194] moho_stone_d.mat
[LOG 18:45:36.194] mohostone.fbx
[LOG 18:45:36.195] mohowrinkleridge.fbx
[LOG 18:45:36.195] mohostone.prefab
[LOG 18:45:36.195] mohowrinkleridge.prefab
[LOG 18:45:36.195] moho wrinkleridge_d.tga
[LOG 18:45:36.195] moho wrinkleridge_e.png
[LOG 18:45:36.195] moho wrinkleridge_n.png
[LOG 18:45:36.195] moho_stone_d.tga
[LOG 18:45:36.195] moho_stone_n.png
[LOG 18:45:36.195] lambert1.mat
[LOG 18:45:36.195] mun_crater_d.mat
[LOG 18:45:36.195] mun_large_crater_d.mat
[LOG 18:45:36.195] mun_stone_d.mat
[LOG 18:45:36.195] muncrater.fbx
[LOG 18:45:36.195] munlargecrater.fbx
[LOG 18:45:36.195] munstone.fbx
[LOG 18:45:36.195] muncrater.prefab
[LOG 18:45:36.195] munlargecrater.prefab
[LOG 18:45:36.195] munstone.prefab
[LOG 18:45:36.195] mun_crater_d.tga
[LOG 18:45:36.195] mun_crater_n.png
[LOG 18:45:36.195] mun_large_crater_d.tga
[LOG 18:45:36.195] mun_large_crater_n.png
[LOG 18:45:36.195] mun_stone_d.tga
[LOG 18:45:36.195] mun_stone_n.png
[LOG 18:45:36.195] lambert1.mat
[LOG 18:45:36.195] pol_yellowstone_d.mat
[LOG 18:45:36.195] polyellowstone.fbx
[LOG 18:45:36.195] pol_yellowstones.prefab
[LOG 18:45:36.195] pol_yellowstone_d.png
[LOG 18:45:36.195] pol_yellowstone_n.png
[LOG 18:45:36.196] lambert1.mat
[LOG 18:45:36.196] tylo_checkerboard_d.mat
[LOG 18:45:36.196] tylo_dark boulder_d.mat
[LOG 18:45:36.196] tylo_light_d.mat
[LOG 18:45:36.196] tyloboulder.fbx
[LOG 18:45:36.196] tylocheckerboard.fbx
[LOG 18:45:36.196] tylolightstone.fbx
[LOG 18:45:36.196] tylo_ checkerboard_n.png
[LOG 18:45:36.196] tylo_checkerboard_d.png
[LOG 18:45:36.196] tylo_dark boulder_d.tga
[LOG 18:45:36.196] tylo_dark boulder_n.png
[LOG 18:45:36.196] tylo_light_d.tga
[LOG 18:45:36.196] tylo_light_n.png
[LOG 18:45:36.196] tylocheckerboard.prefab
[LOG 18:45:36.196] tylodarkboulder.prefab
[LOG 18:45:36.196] tylolightstone.prefab
[LOG 18:45:36.196] cryovolcano_d.mat
[LOG 18:45:36.196] lambert1.mat
[LOG 18:45:36.196] vallicechunk_d.mat
[LOG 18:45:36.196] vallstone_d.mat
[LOG 18:45:36.196] vall_cryovolcano.fbx
[LOG 18:45:36.196] vall_icechunk.fbx
[LOG 18:45:36.196] vall_stone.fbx
[LOG 18:45:36.196] cryovolcano_d.tga
[LOG 18:45:36.196] cryovolcano_e.png
[LOG 18:45:36.196] cryovolcano_n.jpg
[LOG 18:45:36.196] cryovolcano_s.jpg
[LOG 18:45:36.196] vallicechunk_d.jpg
[LOG 18:45:36.196] vallicechunk_e.jpg
[LOG 18:45:36.196] vallicechunk_n.jpg
[LOG 18:45:36.196] vallicechunk_s.jpg
[LOG 18:45:36.197] vallstone_d.jpg
[LOG 18:45:36.197] vallstone_e.jpg
[LOG 18:45:36.197] vallstone_n.jpg
[LOG 18:45:36.197] vallstone_s.jpg
[LOG 18:45:36.197] vallcryovolcano.prefab
[LOG 18:45:36.197] vallicechunk.prefab
[LOG 18:45:36.197] vallstone.prefab
[LOG 18:45:36.197] vfx_spark.mat
[LOG 18:45:36.197] vfx_welding_flare.mat
[LOG 18:45:36.197] cometdustmaterial.mat
[LOG 18:45:36.197] cometgeysermat.mat
[LOG 18:45:36.205] GetTypesOfModulesImplementingInterface2: Found 69 types with IPartModuleAdjuster interface in 9 assemblies.
[LOG 18:45:36.212] GetSubclassesOfParentClass: Found 0 types with ModuleActiveRadiator parent in 9 assemblies.
[LOG 18:45:36.219] GetSubclassesOfParentClass: Found 0 types with ModuleAlternator parent in 9 assemblies.
[LOG 18:45:36.225] GetSubclassesOfParentClass: Found 1 types with ModuleControlSurface parent in 9 assemblies.
[LOG 18:45:36.231] GetSubclassesOfParentClass: Found 0 types with ModuleDataTransmitter parent in 9 assemblies.
[LOG 18:45:36.238] GetSubclassesOfParentClass: Found 0 types with ModuleDeployableSolarPanel parent in 9 assemblies.
[LOG 18:45:36.244] GetSubclassesOfParentClass: Found 1 types with ModuleEngines parent in 9 assemblies.
[LOG 18:45:36.249] GetSubclassesOfParentClass: Found 0 types with ModuleGenerator parent in 9 assemblies.
[LOG 18:45:36.255] GetSubclassesOfParentClass: Found 0 types with ModuleGimbal parent in 9 assemblies.
[LOG 18:45:36.262] GetSubclassesOfParentClass: Found 2 types with ModuleLiftingSurface parent in 9 assemblies.
[LOG 18:45:36.267] GetSubclassesOfParentClass: Found 0 types with ModuleLight parent in 9 assemblies.
[LOG 18:45:36.273] GetSubclassesOfParentClass: Found 0 types with ModuleReactionWheel parent in 9 assemblies.
[LOG 18:45:36.279] GetSubclassesOfParentClass: Found 0 types with ModuleSAS parent in 9 assemblies.
[LOG 18:45:36.285] GetSubclassesOfParentClass: Found 0 types with ModuleWheelBrakes parent in 9 assemblies.
[LOG 18:45:36.291] GetSubclassesOfParentClass: Found 1 types with ModuleWheelMotor parent in 9 assemblies.
[LOG 18:45:36.291] GetSubclassesOfParentClass: Using cached results for ModuleActiveRadiator
[LOG 18:45:36.297] GetSubclassesOfParentClass: Found 0 types with ModuleAnchoredDecoupler parent in 9 assemblies.
[LOG 18:45:36.303] GetSubclassesOfParentClass: Found 0 types with ModuleCargoBay parent in 9 assemblies.
[LOG 18:45:36.303] GetSubclassesOfParentClass: Using cached results for ModuleControlSurface
[LOG 18:45:36.303] GetSubclassesOfParentClass: Using cached results for ModuleDataTransmitter
[LOG 18:45:36.309] GetSubclassesOfParentClass: Found 0 types with ModuleDecouple parent in 9 assemblies.
[LOG 18:45:36.315] GetSubclassesOfParentClass: Found 4 types with ModuleDeployablePart parent in 9 assemblies.
[LOG 18:45:36.321] GetSubclassesOfParentClass: Found 0 types with ModuleDockingNode parent in 9 assemblies.
[LOG 18:45:36.321] GetSubclassesOfParentClass: Using cached results for ModuleEngines
[LOG 18:45:36.326] GetSubclassesOfParentClass: Found 0 types with CModuleFuelLine parent in 9 assemblies.
[LOG 18:45:36.332] GetSubclassesOfParentClass: Found 0 types with ModuleGPS parent in 9 assemblies.
[LOG 18:45:36.338] GetSubclassesOfParentClass: Found 0 types with ModuleGrappleNode parent in 9 assemblies.
[LOG 18:45:36.338] GetSubclassesOfParentClass: Using cached results for ModuleGrappleNode
[LOG 18:45:36.344] GetSubclassesOfParentClass: Found 0 types with ModuleKerbNetAccess parent in 9 assemblies.
[LOG 18:45:36.344] GetSubclassesOfParentClass: Using cached results for ModuleLight
[LOG 18:45:36.344] GetSubclassesOfParentClass: Using cached results for ModuleLight
[LOG 18:45:36.351] GetSubclassesOfParentClass: Found 0 types with ModuleProbeControlPoint parent in 9 assemblies.
[LOG 18:45:36.358] GetSubclassesOfParentClass: Found 1 types with ModuleRCS parent in 9 assemblies.
[LOG 18:45:36.358] GetSubclassesOfParentClass: Using cached results for ModuleRCS
[LOG 18:45:36.358] GetSubclassesOfParentClass: Using cached results for ModuleReactionWheel
[LOG 18:45:36.358] GetSubclassesOfParentClass: Using cached results for ModuleReactionWheel
[LOG 18:45:36.365] GetSubclassesOfParentClass: Found 0 types with ModuleResourceIntake parent in 9 assemblies.
[LOG 18:45:36.372] GetSubclassesOfParentClass: Found 0 types with ModuleScienceExperiment parent in 9 assemblies.
[LOG 18:45:36.378] GetSubclassesOfParentClass: Found 0 types with ModuleToggleCrossfeed parent in 9 assemblies.
[LOG 18:45:36.384] GetSubclassesOfParentClass: Found 0 types with ModuleWheelDeployment parent in 9 assemblies.
[LOG 18:45:36.403] ExpansionsLoader: Expansions loaded in 9.753s
[LOG 18:45:36.403] Loading Systems: Elapsed time is 26.39161s
[LOG 18:45:39.703] [AddonLoader]: Instantiating addon 'KSPCFFastLoaderPSystemSetup' from assembly 'KSPCommunityFixes'
[LOG 18:45:40.021] [Agent]: Found 19 agent mentality types
[LOG 18:45:40.023] [AgentList]: 31 agents parsed and loaded.
[LOG 18:45:40.059] [UIMasterController]: HideUI
[LOG 18:45:40.146] [CelestialBody]: Kerbin's solar day length is 1d, 0h, 0m long. sidereal day length is 5h, 59m, 9s long
[LOG 18:45:40.392] [TerrainPrecisionFix] Kerbin: terrain placed in double precision (first quad corrected by 11.32 mm)
[LOG 18:45:45.858] [UIMasterController]: HideUI
[LOG 18:45:45.865] [HighLogic]: =========================== Scene Change : From LOADING to MAINMENU =====================
[LOG 18:45:46.414] [AddonLoader]: Instantiating addon 'ContractDefs' from assembly 'KSP'
[LOG 18:45:46.443] [AddonLoader]: Instantiating addon 'KSPCFFastLoaderReport' from assembly 'KSPCommunityFixes'
[LOG 18:45:46.470] [UIMasterController]: ShowUI
[LOG 18:45:46.729] [GameParameters]: Loaded custom parameter class CommNetParams.
[LOG 18:45:46.730] [GameParameters]: Loaded custom parameter class MissionParamsGeneral.
[LOG 18:45:46.730] [GameParameters]: Loaded custom parameter class MissionParamsFacilities.
[LOG 18:45:46.730] [GameParameters]: Loaded custom parameter class MissionParamsExtras.
[LOG 18:45:46.731] [GameParameters]: Loaded custom parameter class AdvancedParams.
[LOG 18:45:46.753] [ReflectionUtil]: Found 40 types with UpgradeModule attribute in 9 assemblies.
[LOG 18:45:46.770] [KSPCF:FastLoader] Intel(R) Core(TM) i7-4790K CPU @ 4.00GHz | 32687 MB | NVIDIA GeForce GTX 1060 6GB (6029 MB)
Total loading time to main menu : 40.152s
- Configs and assemblies loaded in 5.034s
- Configs reload done in 1.105s
- Configs translated in 0.016s
- 2331 assets loaded in 3.694s :
  - 86 audio assets (79.689 MiB) in 0.580s, 137.481 MiB/s
  - 1618 texture assets (1.293 GiB) in 2.429s, 545.071 MiB/s
  - 626 model assets (64.41 MiB) in 0.683s, 94.352 MiB/s
- Asset bundles loaded in 0.489s
- GameDatabase (configs, resources, traits, upgrades...) loaded in 0.066s
- Built-in parts copied in 0.021s
- Part and internal configs extracted in 0.001s
- 483 parts and 1927 modules compiled in 6.934s
  - 4.0 modules/part, 14.356 ms/part, 3.598 ms/module
  - PartIcon compilation : 1.104s
- 27 internal spaces and 56 props compiled in 0.233s
- 2 DLC (Making History, Breaking Ground) loaded in 9.800s
- Planetary system loaded in 7.476s
[LOG 18:45:46.770] Texture queries : 1709, slow path : 1 (0.06 %)
[LOG 18:45:46.776] [ModuleManager] Total loading Time = 35.372s
[LOG 18:45:46.812] [ScenarioTypes]: List Created 23 scenario types loaded from 9 loaded assemblies.
[WRN 18:45:46.823] File 'D:/KSP-Dev/KSP_x64_Data/../Missions/MissionScoreInfo.cfg' does not exist
[LOG 18:45:46.826] [ApplicationLauncher] Awake False
[LOG 18:45:46.826] [ApplicationLauncher] SpawnSimpleLayout: VerticalTopDown
[LOG 18:45:46.840] [UiApp] Awake: 
[LOG 18:45:46.841] [ApplicationLauncher] OnSceneLoadedGUIReady: scene MAINMENU ShouldBeVisible() True ShouldBeOnTop() True iIsPositionedAtTop True
[LOG 18:45:46.863] [UIApp] Adding  to Application Launcher
[LOG 18:45:46.866] [ApplicationLauncher] SetHidden: 
[LOG 18:45:46.871] [MessageSystem] OnAppInitialized
[LOG 18:45:46.872] [MessageSystem] Reposition 0.0407074 28178
[LOG 18:46:22.968] [KSPUpgradePipeline]: claude (1.12.5) is up to date.
[LOG 18:46:22.977] [ExperienceSystem]: Found 0 trait types
[LOG 18:46:22.984] [ExperienceSystem]: Found 20 effect types
[LOG 18:46:23.015] [ScenarioTypes]: List Created 23 scenario types loaded from 9 loaded assemblies.
[LOG 18:46:23.035] Game State Saved to saves/claude/persistent
[LOG 18:46:23.046] [MessageSystem] Load Messages
[LOG 18:46:23.049] [UIMasterController]: HideUI
[LOG 18:46:23.050] [HighLogic]: =========================== Scene Change : From MAINMENU to SPACECENTER =====================
[LOG 18:46:23.419] [AddonLoader]: Instantiating addon 'CustomConfigsManager' from assembly 'ModuleManager'
[LOG 18:46:24.943] [RockPrecisionFix] Kerbin: scatter drawn from its terrain quads (first holder was +19.08 mm off)
[LOG 18:46:26.353] [UIMasterController]: ShowUI
[LOG 18:46:26.642] [SceneLoadSpeedBoost] Save loaded from disk in 1ms
[LOG 18:46:26.653] GetSubclassesOfParentClass: Found 7 types with AlarmTypeBase parent in 9 assemblies.
[LOG 18:46:26.662] Loading Depletion Nodes
[LOG 18:46:26.662] DepNodeCount:  0
[LOG 18:46:26.662] Loading Biome Nodes
[LOG 18:46:26.662] BiomeNodeCount:  0
[LOG 18:46:26.663] Loading Planet Nodes
[LOG 18:46:26.663] PlanetNodeCount:  0
[LOG 18:46:26.677] [ScenarioDestructibles]: Loading... 0 objects registered
[LOG 18:46:26.791] [UiApp] Awake: KSPedia
[LOG 18:46:26.791] [UiApp] Awake: Missions App
[LOG 18:46:26.791] [UiApp] Awake: AlarmClock
[LOG 18:46:26.791] [GenericAppFrame] Reposition 0 41256
[LOG 18:46:26.792] [ApplicationLauncher] OnSceneLoadedGUIReady: scene SPACECENTER ShouldBeVisible() True ShouldBeOnTop() False iIsPositionedAtTop True
[LOG 18:46:26.792] [ApplicationLauncher] SpawnSimpleLayout: HorizontalRightLeft
[LOG 18:46:26.794] [ApplicationLauncher] SetVisible: 
[LOG 18:46:26.840] [UIApp] OnDestroy: Contracts
[LOG 18:46:26.847] [MessageSystem] Reposition 0.02 41257
[LOG 18:46:26.848] [GenericAppFrame] Reposition 0.02 41257
[LOG 18:46:26.848] [GenericAppFrame] Reposition 0.02 41257
[LOG 18:46:26.983] [UIApp] Adding AlarmClock to Application Launcher
[LOG 18:46:26.985] [UIApp] Adding Missions App to Application Launcher
[LOG 18:46:27.015] [GenericAppFrame] Reposition 0.1006597 41263
[LOG 18:46:27.019] [MissionsApp] OnAppStarted(): id: -383412
[LOG 18:46:27.019] MissionsApp does not execute in this game mode, destroying this instance
[LOG 18:46:27.020] [UIApp] OnDestroy: Missions App
[LOG 18:46:27.031] [UIApp] Adding KSPedia to Application Launcher
[LOG 18:46:27.417] Game Paused!
[LOG 18:46:27.418] [UIMasterController]: ShowUI
[LOG 18:46:32.147] [KSPUpgradePipeline]: claude (1.12.5) is up to date.
[LOG 18:46:32.165] [ScenarioTypes]: List Created 23 scenario types loaded from 9 loaded assemblies.
[LOG 18:46:32.165] [MessageSystem] Load Messages
[LOG 18:46:32.169] [UIMasterController]: HideUI
[LOG 18:46:32.177] [HighLogic]: =========================== Scene Change : From SPACECENTER to FLIGHT =====================
[LOG 18:46:32.180] Game Unpaused!
[LOG 18:46:32.501] [UIApp] OnDestroy: AlarmClock
[LOG 18:46:32.501] [UIApp] OnDestroy: KSPedia
[LOG 18:46:32.506] [KSPCF:MemoryLeaks] Removed a onPlanetariumTargetChange callback owned by a destroyed Assembly-CSharp:CommNetVessel instance
[LOG 18:46:32.516] [KSPCF:MemoryLeaks] Leaving scene "SpaceCenter", cleaned 5 memory leaks in 0.013s. GameEvents callbacks : 471. Allocated memory : 670.91 MiB (managed heap), 2.188 GiB (unmanaged)
[LOG 18:46:32.527] UICanvasPrefabSpawner FlightUI spawning Flight
[LOG 18:46:32.559] UICanvasPrefabSpawner FlightUI spawning VesselLabels
[LOG 18:46:32.560] [UiApp] Awake: ResourceDisplay
[LOG 18:46:32.645] [AddonLoader]: Instantiating addon 'AeroGUI' from assembly 'KSP'
[LOG 18:46:32.659] [PlanetariumCamera]: Focus: Kerbin
[LOG 18:46:32.660] [UIMasterController]: HideUI
[LOG 18:46:32.956] [UIMasterController]: HideUI
[LOG 18:46:32.956] ------------------- initializing flight mode... ------------------
[LOG 18:46:32.957] GetSubclassesOfParentClass: Using cached results for AlarmTypeBase
[LOG 18:46:32.958] Loading Depletion Nodes
[LOG 18:46:32.958] DepNodeCount:  0
[LOG 18:46:32.958] Loading Biome Nodes
[LOG 18:46:32.958] BiomeNodeCount:  0
[LOG 18:46:32.958] Loading Planet Nodes
[LOG 18:46:32.958] PlanetNodeCount:  0
[LOG 18:46:32.960] [ScenarioDestructibles]: Loading... 0 objects registered
[LOG 18:46:32.986] Target vessel index: 1  vessel count: 3
[LOG 18:46:32.987] [FLIGHT GLOBALS]: Switching To Vessel Vaisseau sans nom ---------------------- 
[LOG 18:46:32.988] setting new dominant body: Mun
FlightGlobals.mainBody: Mun
[LOG 18:46:32.990] Reference Frame: Rotating
[WRN 18:46:33.000] [Part]: Cannot have ModuleCargoPart and ModuleInventoryPart on same Part [Vaisseau sans nom (unloaded)'. Removed ModuleCargoPart
[LOG 18:46:33.022] Camera Mode: AUTO
[LOG 18:46:33.067] [TerrainPrecisionFix] Mun: terrain placed in double precision (first quad corrected by 13.50 mm)
[LOG 18:46:33.542] [RockPrecisionFix] Mun: scatter drawn from its terrain quads (first holder was +12.21 mm off)
[LOG 18:46:36.457] all systems started
[LOG 18:46:36.457] [UIMasterController]: ShowUI
[LOG 18:46:36.579] [AsteroidSpawner]: No new objects this time. (Odds are 1:2)
[LOG 18:46:36.701] [UiApp] Awake: CurrencyWidgetsApp
[LOG 18:46:36.701] [UiApp] Awake: ResourceDisplay
[LOG 18:46:36.701] [UiApp] Awake: KSPedia
[LOG 18:46:36.701] [UiApp] Awake: Missions App
[LOG 18:46:36.701] [UiApp] Awake: DeltaVApp
[LOG 18:46:36.701] [UiApp] Awake: ActionGroupsApp
[LOG 18:46:36.701] [UiApp] Awake: Construction
[LOG 18:46:36.701] [UiApp] Awake: Cargo
[LOG 18:46:36.701] [UiApp] Awake: AlarmClock
[LOG 18:46:36.701] [UiApp] Awake: ManeuverTool
[LOG 18:46:36.701] [ApplicationLauncher] OnSceneLoadedGUIReady: scene FLIGHT ShouldBeVisible() True ShouldBeOnTop() True iIsPositionedAtTop False
[LOG 18:46:36.701] [ApplicationLauncher] SpawnSimpleLayout: VerticalTopDown
[LOG 18:46:36.705] [KnowledgeBase] OnAppLauncherReady 42267
[LOG 18:46:36.721] [UIApp] OnDestroy: Contracts
[LOG 18:46:36.797] [FlightIntegrator]: Reloaded drag cube for zeroed cube root part mk1pod.v2 (Vaisseau sans nom) on vessel Vaisseau sans nom
[LOG 18:46:36.811] [MessageSystem] Reposition 0.02 42268
[LOG 18:46:36.811] [GenericAppFrame] Reposition 0.02 42268
[LOG 18:46:36.811] [GenericAppFrame] Reposition 0.02 42268
[LOG 18:46:36.904] [PlanetariumCamera]: Focus: Vaisseau sans nom
[LOG 18:46:36.928] [UIApp] Adding ResourceDisplay to Application Launcher
[LOG 18:46:36.930] [UIApp] Adding ResourceDisplay to Application Launcher
[LOG 18:46:36.939] [ResourceDisplay] OnAppStarted(): id: -417992
[LOG 18:46:36.940] [GenericAppFrame] Reposition 0.1352372 42272
[LOG 18:46:36.941] [ResourceDisplay] OnAppStarted(): id: 264296
[LOG 18:46:36.941] ResourceDisplay already exist, destroying this instance
[LOG 18:46:36.941] [UIApp] OnDestroy: ResourceDisplay
[LOG 18:46:36.955] [UIApp] Adding AlarmClock to Application Launcher
[LOG 18:46:36.956] [UIApp] Adding ActionGroupsApp to Application Launcher
[LOG 18:46:36.957] [UIApp] Adding Missions App to Application Launcher
[LOG 18:46:36.958] CURRENCY WIDGET False False False
[LOG 18:46:36.960] [UIApp] OnDestroy: CurrencyWidgetsApp
[LOG 18:46:36.980] [GenericAppFrame] Reposition 0.1630667 42274
[LOG 18:46:36.983] [ActionGroupsApp] OnAppStarted(): id: -418016
[LOG 18:46:36.984] [GenericAppFrame] Reposition 0.1630667 42274
[LOG 18:46:36.985] [UIApp] Adding DeltaVApp to Application Launcher
[LOG 18:46:36.986] [MissionsApp] OnAppStarted(): id: -418004
[LOG 18:46:36.986] MissionsApp does not execute in this game mode, destroying this instance
[LOG 18:46:36.986] [UIApp] OnDestroy: Missions App
[LOG 18:46:36.998] [GenericAppFrame] Reposition 0.1914614 42275
[LOG 18:46:37.009] [UIApp] Adding Cargo to Application Launcher
[LOG 18:46:37.011] [UIApp] Adding Construction to Application Launcher
[LOG 18:46:37.012] [UIApp] Adding KSPedia to Application Launcher
[WRN 18:46:37.045] HighlightingSystem : Framebuffer depth data is not available and can't be used to occlude highlighting. Highlighting occluders enabled.
[LOG 18:46:37.059] [UIApp] Adding ManeuverTool to Application Launcher
[LOG 18:46:37.061] [ApplicationLauncher] SetHidden: 
[LOG 18:46:37.082] [GenericAppFrame] Reposition 0.2641923 42278
[LOG 18:46:37.091] [ManeuverTool]: Found 1 transfer types
[LOG 18:46:37.153] Flight State Captured
[LOG 18:46:37.157] Saving Achievements Tree...
[LOG 18:46:37.157] Saving Achievements Tree...
[LOG 18:46:37.157] Saving Achievements Tree...
[LOG 18:46:37.160] [MessageSystem] Save Messages
[LOG 18:46:37.171] Game State Saved as persistent
[LOG 18:46:37.353] Unpacking Vaisseau sans nom
[LOG 18:46:37.364] [UIMasterController]: ShowUI
[LOG 18:46:51.884] [Comet Manager]:Generated Comet Type:short
[LOG 18:46:51.892] [CometSpawner]: New object found near Kerbin
[LOG 18:46:51.974] [CometManager]: Generated Dust Tail Color: #0 = RGBA(0.991, 0.943, 0.743, 0.031)
[LOG 18:46:51.975] [CometManager]: Generated Ion Tail Color: #0 = RGBA(0.043, 0.291, 0.867, 0.451)
[LOG 18:47:04.830] [PQSBench] BENCH reset
[LOG 18:47:06.935] [AsteroidSpawner]: New object found near Kerbin: Ast. AUU-712!
[LOG 18:47:21.979] [AsteroidSpawner]: New object found near Kerbin: Ast. GQO-583!
[LOG 18:47:37.002] [AsteroidSpawner]: New object found near Kerbin: Ast. LXO-691!
[LOG 18:48:52.078] [AsteroidSpawner]: New object found near Kerbin: Ast. VUJ-637!
[LOG 18:49:07.082] [AsteroidSpawner]: No new objects this time. (Odds are 1:2)
[LOG 18:49:22.099] [AsteroidSpawner]: No new objects this time. (Odds are 1:2)
[LOG 18:49:34.969] [PQSBench] BENCH begin;mode=Counters;vertexPlacementPatchedBy=com.github.lhervier.ksp.terrainprecisionfix;quadBuildPatchedBy=com.github.lhervier.ksp.pqsbench+com.github.lhervier.ksp.terrainprecisionfix
[LOG 18:49:34.970] [PQSBench] BENCH machine;cpu=Intel(R) Core(TM) i7-4790K CPU @ 4.00GHz;logicalCores=8;memoryMb=32687;gpu=NVIDIA GeForce GTX 1060 6GB;os=Windows 10  (10.0.0) 64bit
[LOG 18:49:34.970] [PQSBench] BENCH run;save=claude (SANDBOX);vessel=Vaisseau sans nom;body=Mun;terrainPreset=High;terrainPresetIndex=2;verticesPerQuad=225;utStart=54.68;utEnd=204.64;utSpan=149.96;realSeconds=150.13;altitudeStart=5000.0;altitude=4999.8;speed=554.4
[LOG 18:49:34.971] [PQSBench] BENCH sphere;name=Mun;radius=200000;minLevel=2;maxLevel=9;highestLevelUnder=6250;subdivisionOffAbove=20000000;maxAnglePerSample=9.204E-005;speedCapAt60Fps=1104
[LOG 18:49:34.972] [PQSBench] BENCH colliders;name=Mun;maxLevelOffset=0;lowestLevelWithCollider=9
[LOG 18:49:34.972] [PQSBench] BENCH counters;samples=148
[LOG 18:49:34.972] [PQSBench] BENCH;sample;ut;utSpan;realSeconds;frames;fps;altitude;speed;quads;topLevelQuads;vertices;buildMs;topLevelBuildMs;updateMs;subdivisionAvg;subdivisionMax;speedLevelCap;maxLevel
[LOG 18:49:34.973] [PQSBench] BENCH;0;54.68;1.000;1.023;90;88.0;5000.0;554.4;54;16;12150;148.098;47.469;226.557;7.59;9;8;9
[LOG 18:49:34.973] [PQSBench] BENCH;1;55.68;1.000;0.999;97;97.1;4999.9;554.4;32;16;7200;86.644;44.360;162.209;8.25;9;8;9
[LOG 18:49:34.973] [PQSBench] BENCH;2;56.68;1.000;0.997;107;107.3;4999.9;554.4;18;16;4050;48.779;43.419;128.268;8.78;9;9;9
[LOG 18:49:34.973] [PQSBench] BENCH;3;57.68;1.000;1.003;98;97.7;4999.9;554.4;42;16;9450;112.495;44.032;191.170;7.76;9;9;9
[LOG 18:49:34.973] [PQSBench] BENCH;4;58.68;1.000;0.996;108;108.4;4999.9;554.4;18;8;4050;49.125;22.222;122.597;7.00;9;9;9
[LOG 18:49:34.973] [PQSBench] BENCH;5;59.68;1.000;1.003;103;102.7;4999.9;554.4;24;8;5400;70.454;28.599;143.513;8.00;9;9;9
[LOG 18:49:34.973] [PQSBench] BENCH;6;60.68;1.000;1.027;109;106.1;4999.9;554.4;28;8;6300;74.530;21.794;153.156;7.57;9;9;9
[LOG 18:49:34.973] [PQSBench] BENCH;7;61.68;1.000;1.003;100;99.7;4999.9;554.4;36;8;8100;106.021;21.867;181.179;7.67;9;8;9
[LOG 18:49:34.973] [PQSBench] BENCH;8;62.68;1.020;1.035;109;105.3;4999.9;554.4;26;8;5850;71.885;22.691;148.922;7.92;9;9;9
[LOG 18:49:34.973] [PQSBench] BENCH;9;63.70;1.020;1.012;121;119.5;4999.9;554.4;10;8;2250;27.455;22.061;107.700;8.60;9;9;9
[LOG 18:49:34.973] [PQSBench] BENCH;10;64.72;1.020;1.019;115;112.9;4999.9;554.4;28;16;6300;75.495;43.458;160.032;8.43;9;9;9
[LOG 18:49:34.973] [PQSBench] BENCH;11;65.74;1.020;1.023;122;119.3;4999.9;554.4;10;0;2250;26.560;0.000;103.074;7.80;8;9;9
[LOG 18:49:34.973] [PQSBench] BENCH;12;66.76;1.020;1.025;114;111.2;4999.9;554.4;28;8;6300;74.773;21.762;152.132;7.57;9;9;9
[LOG 18:49:34.973] [PQSBench] BENCH;13;67.78;1.020;1.011;120;118.7;4999.9;554.4;18;8;4050;48.972;22.193;127.682;7.89;9;9;9
[LOG 18:49:34.973] [PQSBench] BENCH;14;68.80;1.020;1.020;113;110.8;4999.9;554.4;26;16;5850;70.372;43.761;152.166;8.54;9;9;9
[LOG 18:49:34.973] [PQSBench] BENCH;15;69.82;1.020;1.036;105;101.4;4999.9;554.4;52;16;11700;139.821;43.823;217.497;7.62;9;8;9
[LOG 18:49:34.973] [PQSBench] BENCH;16;70.84;1.020;1.005;121;120.4;4999.9;554.4;10;0;2250;33.739;0.000;114.435;7.00;7;8;9
[LOG 18:49:34.973] [PQSBench] BENCH;17;71.86;1.020;1.024;119;116.2;4999.9;554.4;34;16;7650;92.030;44.093;177.013;7.71;9;9;9
[LOG 18:49:34.973] [PQSBench] BENCH;18;72.88;1.020;1.034;122;118.0;4999.9;554.4;18;0;4050;47.855;0.000;123.909;7.00;8;9;9
[LOG 18:49:34.973] [PQSBench] BENCH;19;73.90;1.020;1.019;112;109.9;4999.9;554.4;34;16;7650;92.659;44.806;172.633;7.71;9;9;9
[LOG 18:49:34.973] [PQSBench] BENCH;20;74.92;1.020;1.005;106;105.5;4999.9;554.4;40;16;9000;107.395;43.898;186.606;8.00;9;9;9
[LOG 18:49:34.973] [PQSBench] BENCH;21;75.94;1.020;1.022;123;120.3;4999.9;554.4;10;0;2250;26.606;0.000;103.702;7.80;8;9;9
[LOG 18:49:34.973] [PQSBench] BENCH;22;76.96;1.020;1.034;108;104.5;4999.9;554.4;44;16;9900;119.569;43.914;198.613;7.36;9;9;9
[LOG 18:49:34.974] [PQSBench] BENCH;23;77.98;1.020;1.023;110;107.5;4999.9;554.4;32;16;7200;86.718;43.753;167.816;8.25;9;9;9
[LOG 18:49:34.974] [PQSBench] BENCH;24;79.00;1.020;1.018;108;106.1;4999.9;554.4;37;16;8325;99.925;43.727;178.137;7.46;9;9;9
[LOG 18:49:34.974] [PQSBench] BENCH;25;80.02;1.020;1.020;114;111.7;4999.9;554.4;24;8;5400;64.610;21.941;145.303;7.67;9;9;9
[LOG 18:49:34.974] [PQSBench] BENCH;26;81.04;1.040;1.041;107;102.8;4999.9;554.4;44;16;9900;118.776;44.484;196.861;8.09;9;9;9
[LOG 18:49:34.974] [PQSBench] BENCH;27;82.08;1.020;1.022;112;109.6;4999.9;554.4;24;8;5400;64.688;22.387;149.090;7.67;9;9;9
[LOG 18:49:34.974] [PQSBench] BENCH;28;83.10;1.020;1.019;106;104.0;4999.9;554.4;32;16;7200;86.364;43.713;170.419;7.25;9;9;9
[LOG 18:49:34.974] [PQSBench] BENCH;29;84.12;1.020;1.021;100;97.9;4999.9;554.4;48;8;10800;127.955;22.188;206.380;7.50;9;9;9
[LOG 18:49:34.974] [PQSBench] BENCH;30;85.14;1.020;1.018;121;118.9;4999.9;554.4;8;8;1800;21.645;21.645;106.033;9.00;9;9;9
[LOG 18:49:34.974] [PQSBench] BENCH;31;86.16;1.020;1.019;118;115.8;4999.9;554.4;16;8;3600;43.477;22.010;126.006;8.50;9;9;9
[LOG 18:49:34.974] [PQSBench] BENCH;32;87.18;1.020;1.031;113;109.6;4999.9;554.4;34;16;7650;91.775;44.059;180.281;8.35;9;9;9
[LOG 18:49:34.974] [PQSBench] BENCH;33;88.20;1.020;1.024;108;105.5;4999.9;554.4;34;16;7650;91.489;43.668;175.125;7.65;9;9;9
[LOG 18:49:34.974] [PQSBench] BENCH;34;89.22;1.020;1.005;105;104.5;4999.9;554.4;24;16;5400;64.833;44.113;148.161;8.67;9;9;9
[LOG 18:49:34.974] [PQSBench] BENCH;35;90.24;1.020;1.033;108;104.6;4999.9;554.4;32;8;7200;85.715;21.698;167.796;8.00;9;9;9
[LOG 18:49:34.974] [PQSBench] BENCH;36;91.26;1.020;1.008;97;96.2;4999.9;554.4;42;24;9450;115.435;66.772;202.176;7.95;9;9;9
[LOG 18:49:34.974] [PQSBench] BENCH;37;92.28;1.020;1.038;111;106.9;4999.9;554.4;26;16;5850;71.458;43.881;157.719;8.46;9;9;9
[LOG 18:49:34.974] [PQSBench] BENCH;38;93.30;1.020;1.018;115;113.0;4999.9;554.4;8;8;1800;22.054;22.054;106.302;9.00;9;9;9
[LOG 18:49:34.974] [PQSBench] BENCH;39;94.32;1.020;1.021;112;109.6;4999.9;554.4;26;8;5850;69.410;21.829;155.563;8.15;9;9;9
[LOG 18:49:34.974] [PQSBench] BENCH;40;95.34;1.020;1.022;116;113.6;4999.9;554.4;10;8;2250;28.033;22.470;108.828;8.40;9;9;9
[LOG 18:49:34.974] [PQSBench] BENCH;41;96.36;1.020;1.019;109;106.9;4999.9;554.4;26;8;5850;70.697;21.784;153.997;7.85;9;9;9
[LOG 18:49:34.974] [PQSBench] BENCH;42;97.38;1.020;1.024;106;103.5;4999.9;554.4;32;8;7200;86.883;21.872;164.914;6.00;9;9;9
[LOG 18:49:34.974] [PQSBench] BENCH;43;98.40;1.020;1.018;105;103.2;4999.9;554.4;32;8;7200;85.947;22.330;166.080;8.00;9;9;9
[LOG 18:49:34.974] [PQSBench] BENCH;44;99.42;1.020;1.032;109;105.6;4999.9;554.4;26;8;5850;69.418;22.100;152.303;7.23;9;9;9
[LOG 18:49:34.974] [PQSBench] BENCH;45;100.44;1.020;1.023;105;102.6;4999.9;554.4;32;16;7200;86.508;43.900;171.473;7.75;9;9;9
[LOG 18:49:34.974] [PQSBench] BENCH;46;101.46;1.020;1.018;124;121.8;4999.9;554.4;2;0;450;5.534;0.000;86.771;6.00;6;9;9
[LOG 18:49:34.975] [PQSBench] BENCH;47;102.48;1.020;1.044;97;92.9;4999.9;554.4;60;16;13500;162.939;44.840;248.330;6.93;9;8;9
[LOG 18:49:34.975] [PQSBench] BENCH;48;103.50;1.020;1.021;118;115.6;4999.9;554.4;8;8;1800;21.957;21.957;103.150;9.00;9;9;9
[LOG 18:49:34.975] [PQSBench] BENCH;49;104.52;1.020;1.016;109;107.3;4999.9;554.4;26;8;5850;70.077;21.920;152.051;7.85;9;9;9
[LOG 18:49:34.975] [PQSBench] BENCH;50;105.54;1.020;1.025;111;108.3;4999.9;554.4;24;8;5400;65.042;22.259;147.137;7.67;9;9;9
[LOG 18:49:34.975] [PQSBench] BENCH;51;106.56;1.020;1.016;107;105.3;4999.9;554.4;26;8;5850;69.135;21.812;150.963;7.85;9;9;9
[LOG 18:49:34.975] [PQSBench] BENCH;52;107.58;1.020;1.023;116;113.4;4999.9;554.4;16;8;3600;43.288;22.382;126.960;8.00;9;9;9
[LOG 18:49:34.975] [PQSBench] BENCH;53;108.60;1.020;1.020;115;112.7;4999.9;554.4;18;8;4050;48.506;22.139;133.651;8.22;9;9;9
[LOG 18:49:34.975] [PQSBench] BENCH;54;109.62;1.020;1.017;115;113.0;4999.9;554.4;18;8;4050;48.255;21.838;133.140;8.22;9;9;9
[LOG 18:49:34.975] [PQSBench] BENCH;55;110.64;1.020;1.024;114;111.3;4999.9;554.4;18;8;4050;48.124;21.700;131.242;8.22;9;9;9
[LOG 18:49:34.975] [PQSBench] BENCH;56;111.66;1.020;1.032;115;111.4;4999.9;554.4;24;8;5400;64.013;21.879;147.324;7.33;9;9;9
[LOG 18:49:34.975] [PQSBench] BENCH;57;112.68;1.020;1.003;114;113.7;4999.9;554.4;16;8;3600;42.629;21.805;122.708;8.00;9;9;9
[LOG 18:49:34.975] [PQSBench] BENCH;58;113.70;1.020;1.021;112;109.7;4999.9;554.4;26;16;5850;70.263;43.998;154.062;8.46;9;9;9
[LOG 18:49:34.975] [PQSBench] BENCH;59;114.72;1.020;1.019;116;113.9;4999.9;554.4;16;0;3600;42.660;0.000;121.490;6.00;8;9;9
[LOG 18:49:34.975] [PQSBench] BENCH;60;115.74;1.020;1.019;101;99.2;4999.9;554.4;44;16;9900;118.989;43.589;200.735;7.82;9;9;9
[LOG 18:49:34.975] [PQSBench] BENCH;61;116.76;1.020;1.024;120;117.2;4999.9;554.4;8;8;1800;21.910;21.910;104.905;9.00;9;9;9
[LOG 18:49:34.975] [PQSBench] BENCH;62;117.78;1.020;1.021;108;105.8;4999.9;554.4;34;8;7650;91.421;21.709;172.945;7.65;9;9;9
[LOG 18:49:34.975] [PQSBench] BENCH;63;118.80;1.020;1.020;123;120.6;4999.9;554.4;8;8;1800;21.808;21.808;106.296;9.00;9;9;9
[LOG 18:49:34.975] [PQSBench] BENCH;64;119.82;1.020;1.021;107;104.8;4999.9;554.4;28;8;6300;75.927;22.151;156.218;7.00;9;9;9
[LOG 18:49:34.975] [PQSBench] BENCH;65;120.84;1.020;1.021;112;109.7;4999.9;554.4;26;8;5850;69.963;22.126;150.502;7.23;9;9;9
[LOG 18:49:34.975] [PQSBench] BENCH;66;121.86;1.020;1.024;110;107.5;4999.9;554.4;34;8;7650;91.059;22.161;176.187;7.41;9;9;9
[LOG 18:49:34.976] [PQSBench] BENCH;67;122.88;1.020;1.017;120;118.0;4999.9;554.4;10;8;2250;27.632;22.210;108.168;8.40;9;9;9
[LOG 18:49:34.976] [PQSBench] BENCH;68;123.90;1.020;1.020;102;100.0;4999.9;554.4;44;8;9900;117.256;21.738;196.255;6.95;9;9;9
[LOG 18:49:34.976] [PQSBench] BENCH;69;124.92;1.020;1.034;116;112.2;4999.9;554.4;18;16;4050;49.465;44.044;132.851;8.67;9;9;9
[LOG 18:49:34.976] [PQSBench] BENCH;70;125.94;1.020;1.004;111;110.5;4999.9;554.4;18;0;4050;48.093;0.000;128.638;7.33;8;9;9
[LOG 18:49:34.976] [PQSBench] BENCH;71;126.96;1.020;1.018;122;119.8;4999.9;554.4;10;8;2250;27.264;21.791;112.860;8.40;9;9;9
[LOG 18:49:34.976] [PQSBench] BENCH;72;127.98;1.000;1.006;116;115.3;4999.9;554.4;16;8;3600;42.640;21.861;127.331;8.50;9;9;9
[LOG 18:49:34.976] [PQSBench] BENCH;73;128.98;1.000;0.996;114;114.4;4999.9;554.4;12;8;2700;32.549;21.791;112.997;8.00;9;9;9
[LOG 18:49:34.976] [PQSBench] BENCH;74;129.98;1.000;1.001;110;109.8;4999.9;554.4;24;8;5400;64.138;21.796;141.686;8.00;9;9;9
[LOG 18:49:34.976] [PQSBench] BENCH;75;130.98;1.000;0.996;116;116.4;4999.9;554.4;16;8;3600;43.031;21.822;126.273;8.50;9;9;9
[LOG 18:49:34.976] [PQSBench] BENCH;76;131.98;1.000;1.005;119;118.4;4999.9;554.4;8;8;1800;22.307;22.307;101.474;9.00;9;9;9
[LOG 18:49:34.976] [PQSBench] BENCH;77;132.98;1.000;0.997;108;108.3;4999.9;554.4;26;8;5850;69.252;21.925;149.700;7.85;9;9;9
[LOG 18:49:34.976] [PQSBench] BENCH;78;133.98;1.000;1.002;110;109.8;4999.9;554.4;24;8;5400;63.588;21.730;140.048;8.00;9;9;9
[LOG 18:49:34.976] [PQSBench] BENCH;79;134.98;1.000;0.997;111;111.3;4999.9;554.4;22;8;4950;60.283;21.622;142.156;7.55;9;9;9
[LOG 18:49:34.976] [PQSBench] BENCH;80;135.98;1.000;1.003;122;121.6;4999.9;554.4;8;8;1800;21.781;21.781;102.969;9.00;9;9;9
[LOG 18:49:34.976] [PQSBench] BENCH;81;136.98;1.000;0.999;113;113.1;4999.9;554.4;24;8;5400;63.869;21.561;145.602;7.67;9;9;9
[LOG 18:49:34.976] [PQSBench] BENCH;82;137.98;1.000;0.996;117;117.4;4999.9;554.4;8;8;1800;22.545;22.545;108.616;9.00;9;9;9
[LOG 18:49:34.976] [PQSBench] BENCH;83;138.98;1.000;1.002;108;107.8;4999.9;554.4;40;8;9000;106.404;21.470;182.654;7.20;9;9;9
[LOG 18:49:34.976] [PQSBench] BENCH;84;139.98;1.000;1.003;118;117.6;4999.9;554.4;8;8;1800;21.836;21.836;107.748;9.00;9;9;9
[LOG 18:49:34.976] [PQSBench] BENCH;85;140.98;1.000;0.997;108;108.4;4999.9;554.4;30;0;6750;80.039;0.000;155.216;6.20;8;9;9
[LOG 18:49:34.976] [PQSBench] BENCH;86;141.98;1.000;1.003;109;108.7;4999.9;554.4;24;16;5400;64.680;43.513;149.213;8.33;9;9;9
[LOG 18:49:34.976] [PQSBench] BENCH;87;142.98;1.000;0.997;112;112.4;4999.9;554.4;18;0;4050;47.802;0.000;123.526;7.22;8;9;9
[LOG 18:49:34.976] [PQSBench] BENCH;88;143.98;1.000;1.001;107;106.9;4999.8;554.4;32;16;7200;88.175;45.468;172.289;8.00;9;8;9
[LOG 18:49:34.976] [PQSBench] BENCH;89;144.98;1.000;1.002;113;112.8;4999.8;554.4;16;0;3600;42.909;0.000;120.038;6.50;8;9;9
[LOG 18:49:34.976] [PQSBench] BENCH;90;145.98;1.000;1.001;119;118.8;4999.8;554.4;8;8;1800;21.660;21.660;105.160;9.00;9;9;9
[LOG 18:49:34.976] [PQSBench] BENCH;91;146.98;1.000;0.993;115;115.8;4999.9;554.4;10;8;2250;27.105;21.694;104.085;8.40;9;9;9
[LOG 18:49:34.977] [PQSBench] BENCH;92;147.98;1.000;1.004;114;113.5;4999.8;554.4;16;8;3600;42.963;21.799;126.360;8.50;9;9;9
[LOG 18:49:34.977] [PQSBench] BENCH;93;148.98;1.000;0.999;110;110.1;4999.8;554.4;24;8;5400;63.972;21.818;139.753;8.00;9;9;9
[LOG 18:49:34.977] [PQSBench] BENCH;94;149.98;1.000;1.014;116;114.4;4999.8;554.4;16;8;3600;42.873;21.940;118.287;8.50;9;9;9
[LOG 18:49:34.977] [PQSBench] BENCH;95;150.98;1.000;0.983;114;115.9;4999.8;554.4;8;8;1800;21.530;21.530;103.092;9.00;9;9;9
[LOG 18:49:34.977] [PQSBench] BENCH;96;151.98;1.000;1.003;112;111.6;4999.8;554.4;24;0;5400;63.579;0.000;140.772;7.33;8;9;9
[LOG 18:49:34.977] [PQSBench] BENCH;97;152.98;1.000;0.997;110;110.3;4999.8;554.4;24;16;5400;65.250;44.049;145.953;8.67;9;9;9
[LOG 18:49:34.977] [PQSBench] BENCH;98;153.98;1.000;1.004;113;112.6;4999.8;554.4;18;8;4050;48.136;21.910;127.280;8.11;9;9;9
[LOG 18:49:34.977] [PQSBench] BENCH;99;154.98;1.000;1.001;118;117.9;4999.8;554.4;8;8;1800;21.568;21.568;100.217;9.00;9;9;9
[LOG 18:49:34.977] [PQSBench] BENCH;100;155.98;1.000;1.012;119;117.6;4999.8;554.4;16;0;3600;42.280;0.000;118.354;6.50;8;9;9
[LOG 18:49:34.977] [PQSBench] BENCH;101;156.98;1.000;0.983;117;119.0;4999.8;554.4;8;8;1800;21.641;21.641;100.080;9.00;9;9;9
[LOG 18:49:34.977] [PQSBench] BENCH;102;157.98;1.000;1.001;107;106.9;4999.8;554.4;34;8;7650;91.134;22.173;168.465;7.35;9;9;9
[LOG 18:49:34.977] [PQSBench] BENCH;103;158.98;1.000;1.004;116;115.6;4999.8;554.4;16;8;3600;43.565;22.208;122.288;8.50;9;9;9
[LOG 18:49:34.977] [PQSBench] BENCH;104;159.98;1.000;0.997;119;119.4;4999.8;554.4;10;8;2250;27.551;22.162;105.158;8.20;9;9;9
[LOG 18:49:34.977] [PQSBench] BENCH;105;160.98;1.000;1.014;111;109.4;4999.8;554.4;32;8;7200;85.072;21.743;165.626;7.75;9;9;9
[LOG 18:49:34.977] [PQSBench] BENCH;106;161.98;1.000;0.985;109;110.6;4999.8;554.4;24;8;5400;63.886;21.649;136.885;7.67;9;9;9
[LOG 18:49:34.977] [PQSBench] BENCH;107;162.98;1.000;0.999;115;115.1;4999.8;554.4;16;8;3600;42.619;21.809;121.882;8.50;9;9;9
[LOG 18:49:34.977] [PQSBench] BENCH;108;163.98;1.000;1.006;121;120.3;4999.8;554.4;8;8;1800;21.708;21.708;98.352;9.00;9;9;9
[LOG 18:49:34.977] [PQSBench] BENCH;109;164.98;1.000;0.997;110;110.3;4999.8;554.4;24;8;5400;63.877;21.669;141.645;7.67;9;9;9
[LOG 18:49:34.977] [PQSBench] BENCH;110;165.98;1.000;1.000;119;119.0;4999.8;554.4;16;8;3600;42.998;22.182;119.856;8.50;9;9;9
[LOG 18:49:34.977] [PQSBench] BENCH;111;166.98;1.000;1.002;126;125.7;4999.8;554.4;8;0;1800;21.225;0.000;99.191;7.00;7;9;9
[LOG 18:49:34.977] [PQSBench] BENCH;112;167.98;1.000;0.998;116;116.3;4999.8;554.4;16;8;3600;42.865;21.770;116.991;8.50;9;9;9
[LOG 18:49:34.977] [PQSBench] BENCH;113;168.98;1.000;1.002;119;118.8;4999.8;554.4;8;8;1800;21.924;21.924;102.503;9.00;9;9;9
[LOG 18:49:34.977] [PQSBench] BENCH;114;169.98;1.000;0.999;114;114.2;4999.8;554.4;26;8;5850;69.257;22.086;144.890;7.77;9;9;9
[LOG 18:49:34.977] [PQSBench] BENCH;115;170.98;1.000;0.997;110;110.4;4999.8;554.4;24;8;5400;63.846;21.625;139.897;8.00;9;9;9
[LOG 18:49:34.977] [PQSBench] BENCH;116;171.98;1.000;1.004;121;120.5;4999.8;554.4;8;8;1800;21.733;21.733;100.835;9.00;9;9;9
[LOG 18:49:34.978] [PQSBench] BENCH;117;172.98;1.000;0.996;115;115.4;4999.8;554.4;16;8;3600;42.917;21.548;116.099;8.50;9;9;9
[LOG 18:49:34.978] [PQSBench] BENCH;118;173.98;1.000;1.001;123;122.9;4999.8;554.4;2;0;450;5.389;0.000;80.380;5.00;5;9;9
[LOG 18:49:34.978] [PQSBench] BENCH;119;174.98;1.000;1.012;109;107.7;4999.8;554.4;32;16;7200;85.850;43.862;163.281;8.50;9;9;9
[LOG 18:49:34.978] [PQSBench] BENCH;120;175.98;1.000;0.989;119;120.4;4999.8;554.4;2;0;450;5.424;0.000;77.190;5.00;5;9;9
[LOG 18:49:34.978] [PQSBench] BENCH;121;176.98;1.000;0.998;115;115.3;4999.8;554.4;24;8;5400;64.740;21.670;140.177;8.00;9;9;9
[LOG 18:49:34.978] [PQSBench] BENCH;122;177.98;1.000;1.002;118;117.8;4999.8;554.4;16;8;3600;43.772;22.156;120.563;7.50;9;9;9
[LOG 18:49:34.978] [PQSBench] BENCH;123;178.98;1.000;1.004;117;116.6;4999.8;554.4;20;8;4500;54.444;21.917;131.271;7.40;9;9;9
[LOG 18:49:34.978] [PQSBench] BENCH;124;179.98;1.000;1.013;117;115.5;4999.8;554.4;24;8;5400;66.223;21.884;143.153;8.00;9;9;9
[LOG 18:49:34.978] [PQSBench] BENCH;125;180.98;1.000;1.001;115;114.8;4999.8;554.4;18;8;4050;48.736;22.215;126.503;7.67;9;9;9
[LOG 18:49:34.978] [PQSBench] BENCH;126;181.98;1.000;1.003;120;119.7;4999.8;554.4;16;8;3600;42.896;21.845;117.003;8.50;9;9;9
[LOG 18:49:34.978] [PQSBench] BENCH;127;182.98;1.000;0.999;120;120.2;4999.8;554.4;8;0;1800;21.338;0.000;96.800;6.00;6;9;9
[LOG 18:49:34.978] [PQSBench] BENCH;128;183.98;1.000;0.999;122;122.2;4999.8;554.4;18;8;4050;49.191;22.204;128.003;7.89;9;9;9
[LOG 18:49:34.978] [PQSBench] BENCH;129;184.98;1.000;0.998;118;118.2;4999.8;554.4;16;8;3600;43.335;21.872;123.272;8.50;9;9;9
[LOG 18:49:34.978] [PQSBench] BENCH;130;185.98;1.000;0.999;114;114.1;4999.8;554.4;26;8;5850;69.946;21.808;143.719;6.54;9;9;9
[LOG 18:49:34.978] [PQSBench] BENCH;131;186.98;1.000;0.999;114;114.1;4999.8;554.4;24;8;5400;64.429;21.873;140.420;8.00;9;9;9
[LOG 18:49:34.978] [PQSBench] BENCH;132;187.98;1.000;1.015;128;126.1;4999.8;554.4;8;8;1800;21.701;21.701;96.678;9.00;9;9;9
[LOG 18:49:34.978] [PQSBench] BENCH;133;188.98;1.000;0.987;115;116.6;4999.8;554.4;18;0;4050;48.559;0.000;125.123;5.89;8;9;9
[LOG 18:49:34.978] [PQSBench] BENCH;134;189.98;1.000;1.007;120;119.1;4999.8;554.4;24;8;5400;64.538;21.932;141.441;8.00;9;9;9
[LOG 18:49:34.978] [PQSBench] BENCH;135;190.98;1.000;0.993;120;120.9;4999.8;554.4;18;8;4050;48.720;21.903;125.210;7.67;9;9;9
[LOG 18:49:34.978] [PQSBench] BENCH;136;191.98;1.000;1.002;117;116.7;4999.8;554.4;24;8;5400;64.572;21.919;140.940;7.33;9;9;9
[LOG 18:49:34.978] [PQSBench] BENCH;137;192.98;1.000;0.996;123;123.5;4999.8;554.4;0;0;0;0.000;0.000;73.610;0.00;0;-1;0
[LOG 18:49:34.978] [PQSBench] BENCH;138;193.98;1.000;1.001;127;126.8;4999.8;554.4;8;8;1800;22.093;22.093;100.474;9.00;9;9;9
[LOG 18:49:34.978] [PQSBench] BENCH;139;194.98;1.000;1.000;117;117.0;4999.8;554.4;28;8;6300;75.402;22.063;149.478;6.57;9;9;9
[LOG 18:49:34.978] [PQSBench] BENCH;140;195.98;1.000;0.998;123;123.2;4999.8;554.4;16;8;3600;42.767;21.681;121.237;8.50;9;9;9
[LOG 18:49:34.978] [PQSBench] BENCH;141;196.98;1.000;1.008;121;120.0;4999.8;554.4;24;8;5400;64.241;21.988;141.350;8.00;9;9;9
[LOG 18:49:34.978] [PQSBench] BENCH;142;197.98;1.000;0.994;130;130.8;4999.8;554.4;0;0;0;0.000;0.000;74.966;0.00;0;-1;0
[LOG 18:49:34.979] [PQSBench] BENCH;143;198.98;1.000;0.998;126;126.2;4999.8;554.4;8;8;1800;21.910;21.910;98.521;9.00;9;9;9
[LOG 18:49:34.979] [PQSBench] BENCH;144;199.98;1.000;1.001;118;117.9;4999.8;554.4;26;8;5850;69.804;21.960;145.961;7.46;9;9;9
[LOG 18:49:34.979] [PQSBench] BENCH;145;200.98;1.000;1.003;114;113.7;4999.8;554.4;32;8;7200;85.481;21.635;161.098;7.00;9;9;9
[LOG 18:49:34.979] [PQSBench] BENCH;146;201.98;1.000;0.998;113;113.2;4999.8;554.4;32;8;7200;86.549;21.851;161.230;7.25;9;9;9
[LOG 18:49:34.979] [PQSBench] BENCH;147;202.98;1.000;1.001;127;126.9;4999.8;554.4;10;8;2250;27.517;22.050;107.929;8.20;9;9;9
[LOG 18:49:34.979] [PQSBench] BENCH end
[LOG 18:49:37.120] [AsteroidSpawner]: No new objects this time. (Odds are 1:2)
[LOG 18:49:37.687] Game Paused!
[LOG 18:49:37.688] [UIMasterController]: ShowUI
[LOG 18:49:38.321] Flight State Captured
[LOG 18:49:38.321] Saving Achievements Tree...
[LOG 18:49:38.321] Saving Achievements Tree...
[LOG 18:49:38.321] Saving Achievements Tree...
[LOG 18:49:38.322] [MessageSystem] Save Messages
[LOG 18:49:38.335] Game State Saved to saves/claude/persistent
[LOG 18:49:38.345] [UIMasterController]: HideUI
[LOG 18:49:38.357] [HighLogic]: =========================== Scene Change : From FLIGHT to MAINMENU =====================
[WRN 18:49:38.357] [PQSBench] Flight scene left, the run no longer follows the protocol: the sample it interrupted is dropped and nothing more is recorded. Dump what was (Alt+F8) and start again (Alt+F7)
[LOG 18:49:38.833] KbApp.OnDestroy Unowned Info
[LOG 18:49:38.835] [UIApp] OnDestroy: KSPedia
[LOG 18:49:38.835] [UIApp] OnDestroy: ResourceDisplay
[LOG 18:49:38.835] [UIApp] OnDestroy: Cargo
[LOG 18:49:38.838] KbApp.OnDestroy Vessel Crew
[LOG 18:49:38.838] [UIApp] OnDestroy: ActionGroupsApp
[LOG 18:49:38.839] KbApp.OnDestroy NullName
[LOG 18:49:38.839] KbApp.OnDestroy Planet Resources
[LOG 18:49:38.844] KbApp.OnDestroy Planet Info
[LOG 18:49:38.844] [UIApp] OnDestroy: DeltaVApp
[LOG 18:49:38.845] KbApp.OnDestroy Vessel Info
[LOG 18:49:38.845] [UIApp] OnDestroy: AlarmClock
[LOG 18:49:38.846] KbApp.OnDestroy Planet Parameters
[LOG 18:49:38.846] [UIApp] OnDestroy: Construction
[LOG 18:49:38.846] [UIApp] OnDestroy: ManeuverTool
[LOG 18:49:38.849] [KSPCF:MemoryLeaks] Removed a OnMapExited callback owned by a destroyed Assembly-CSharp:NavBallToggle instance
[LOG 18:49:38.849] [KSPCF:MemoryLeaks] Removed a OnGameSettingsApplied callback owned by a destroyed Assembly-CSharp:VesselAutopilotUI instance
[LOG 18:49:38.849] [KSPCF:MemoryLeaks] Removed a onPartActionUICreate callback owned by a destroyed Assembly-CSharp:ModuleInventoryPart instance
[LOG 18:49:38.850] [KSPCF:MemoryLeaks] Removed a onModuleInventoryChanged callback owned by a destroyed Assembly-CSharp:ModuleInventoryPart instance
[LOG 18:49:38.850] [KSPCF:MemoryLeaks] Removed a OnDestructibleLoaded callback owned by a destroyed Assembly-CSharp:RunwayCollisionHandler instance
[LOG 18:49:38.850] [KSPCF:MemoryLeaks] Removed a OnClick callback owned by a destroyed Assembly-CSharp:EVAConstructionModeEditor instance
[LOG 18:49:38.851] [KSPCF:MemoryLeaks] Removed a TimingManager.Instance.timing5.onLateUpdate callback owned by a destroyed Assembly-CSharp:MapView instance
[LOG 18:49:38.851] [KSPCF:MemoryLeaks] Leaving scene "Flight", cleaned 23 memory leaks in 0.003s. GameEvents callbacks : 809. Allocated memory : 699.445 MiB (managed heap), 2.179 GiB (unmanaged)
[LOG 18:49:38.991] [UIMasterController]: ShowUI
[LOG 18:49:39.320] [ScenarioTypes]: List Created 23 scenario types loaded from 9 loaded assemblies.
[WRN 18:49:39.325] File 'D:/KSP-Dev/KSP_x64_Data/../Missions/MissionScoreInfo.cfg' does not exist
[LOG 18:49:39.325] [ApplicationLauncher] OnSceneLoadedGUIReady: scene MAINMENU ShouldBeVisible() True ShouldBeOnTop() True iIsPositionedAtTop True
[LOG 18:49:39.326] [ApplicationLauncher] SetHidden: 
[LOG 18:49:39.331] [MessageSystem] Reposition 0.02 62606
[LOG 18:49:39.331] [GenericAppFrame] Reposition 0.02 62606
[LOG 18:49:39.331] [GenericAppFrame] Reposition 0.02 62606
