[LOG 19:02:35.840] ******* Log Initiated for Kerbal Space Program - 1.12.5.3190 (WindowsPlayer x64) fr-fr *******
Kerbal Space Program - 1.12.5.3190 (WindowsPlayer x64) fr-fr


OS: Windows 10  (10.0.0) 64bit
CPU: Intel(R) Core(TM) i7-4790K CPU @ 4.00GHz (8)
RAM: 32687
GPU: NVIDIA GeForce GTX 1060 6GB (6029MB)
SM: 50 (Direct3D 11.0 [level 11.1])
RT Formats: ARGB32, Depth, ARGBHalf, Shadowmap, RGB565, ARGB4444, ARGB1555, Default, ARGB2101010, DefaultHDR, ARGB64, ARGBFloat, RGFloat, RGHalf, RFloat, RHalf, R8, ARGBInt, RGInt, RInt, BGRA32, RGB111110Float, RG32, RGBAUShort, RG16, BGRA10101010_XR, BGR101010_XR, R16


Log started: Thu, Sep 17, 2026 19:02:35


[LOG 19:02:35.861] ActionCanvas MASK: 3458764513820540928
[LOG 19:02:35.861] AppCanvas MASK: 3458764513820540928
[LOG 19:02:35.863] MainCanvas MASK: 3458764513820540928
[LOG 19:02:37.015] Load(Assembly): /ModuleManager.4.2.3
[LOG 19:02:37.016] AssemblyLoader: Loading assembly at D:\KSP-Dev\GameData\ModuleManager.4.2.3.dll
[LOG 19:02:37.039] AssemblyLoader: KSPAssembly 'ModuleManager' V2.5.0
[LOG 19:02:37.040] Load(Assembly): 000_Harmony/0Harmony
[LOG 19:02:37.040] AssemblyLoader: Loading assembly at D:\KSP-Dev\GameData\000_Harmony\0Harmony.dll
[LOG 19:02:37.042] Load(Assembly): 000_Harmony/HarmonyInstallChecker
[LOG 19:02:37.042] AssemblyLoader: Loading assembly at D:\KSP-Dev\GameData\000_Harmony\HarmonyInstallChecker.dll
[LOG 19:02:37.043] AssemblyLoader: KSPAssembly 'HarmonyKSP' V1.0.0
[LOG 19:02:37.043] Load(Assembly): KSPCommunityFixes/Plugins/0_MultipleModuleInPartAPI
[LOG 19:02:37.043] AssemblyLoader: Loading assembly at D:\KSP-Dev\GameData\KSPCommunityFixes\Plugins\0_MultipleModuleInPartAPI.dll
[LOG 19:02:37.044] AssemblyLoader: KSPAssembly 'MultipleModulePartAPI' V1.0.0
[LOG 19:02:37.044] Load(Assembly): KSPCommunityFixes/Plugins/KSPCommunityFixes
[LOG 19:02:37.044] AssemblyLoader: Loading assembly at D:\KSP-Dev\GameData\KSPCommunityFixes\Plugins\KSPCommunityFixes.dll
[LOG 19:02:37.053] AssemblyLoader: KSPAssembly 'KSPCommunityFixes' V1.41.1
[LOG 19:02:37.053] AssemblyLoader: KSPAssemblyDependency 'HarmonyKSP' V1.0.0
[LOG 19:02:37.054] AssemblyLoader: KSPAssemblyDependency 'ModuleManager' V1.0.0
[LOG 19:02:37.054] AssemblyLoader: KSPAssemblyDependency 'MultipleModulePartAPI' V1.0.0
[LOG 19:02:37.054] Load(Assembly): PQSBenchMod/PQSBenchMod
[LOG 19:02:37.054] AssemblyLoader: Loading assembly at D:\KSP-Dev\GameData\PQSBenchMod\PQSBenchMod.dll
[LOG 19:02:37.055] Load(Assembly): RockPrecisionFixMod/RockPrecisionFixMod
[LOG 19:02:37.055] AssemblyLoader: Loading assembly at D:\KSP-Dev\GameData\RockPrecisionFixMod\RockPrecisionFixMod.dll
[LOG 19:02:37.056] Load(Assembly): TerrainPrecisionFixMod/TerrainPrecisionFixMod
[LOG 19:02:37.056] AssemblyLoader: Loading assembly at D:\KSP-Dev\GameData\TerrainPrecisionFixMod\TerrainPrecisionFixMod.dll
[LOG 19:02:37.058] AssemblyLoader: Loading assemblies
[LOG 19:02:37.150] VesselModules: Found VesselModule of type AxisGroupsModule with order 999
[LOG 19:02:37.194] VesselModules: Found VesselModule of type CometVessel with order 999
[LOG 19:02:37.196] VesselModules: Found VesselModule of type SuspensionLoadBalancer with order 999
[LOG 19:02:37.197] VesselModules: Found VesselModule of type FlightIntegrator with order 0
[LOG 19:02:37.200] VesselModules: Found VesselModule of type CommNetVessel with order 999
[LOG 19:02:37.204] VesselModules: Found 5 VesselModule types
[LOG 19:02:37.211] 
************************************************************************

Environment Info
Win32NT 7FFFFFFFFFFFFFFF  Args: KSP_x64.exe 

Mod DLLs found:
Stock assembly: Assembly-CSharp v0.0.0.0
ModuleManager v4.2.3.0
0Harmony v2.2.1.0
HarmonyInstallChecker v2.2.1.0
0_MultipleModuleInPartAPI v1.0.0.0 / v1.0.0+7969fdc50bf4e350193abe5ba2e89533b12ca02f
KSPCommunityFixes v1.41.0.0 / v1.41.1+7969fdc50bf4e350193abe5ba2e89533b12ca02f / v1.41.1.0
PQSBenchMod v0.1.0.0 / v0.1.0+fb458cb417ba9a2e238082f8cbf79416943fc462
RockPrecisionFixMod v0.1.0.0 / v0.1.0+d811c8701bbf8d2d3fd58bd80f2783f56cc0c5da
TerrainPrecisionFixMod v0.1.0.0 / v0.1.0+34aa73cc4ab2d0436abe4fa2b18c47112922467e

Folders and files in GameData:
000_Harmony
KSPCommunityFixes
PQSBenchMod
RockPrecisionFixMod
Stock folder: Squad

Stock folder: SquadExpansion

TerrainPrecisionFixMod
ModuleManager.4.2.3.dll
ModuleManager.ConfigCache
ModuleManager.ConfigSHA
ModuleManager.Physics
ModuleManager.TechTree

************************************************************************

[LOG 19:02:37.232] [AddonLoader]: Instantiating addon 'ModuleManager' from assembly 'ModuleManager'
[LOG 19:02:37.244] [ModuleManager] Adding post patch to the loading screen 4
[LOG 19:02:37.246] [ModuleManager] Patching started on a new thread, all output will be directed to D:\KSP-Dev\Logs\ModuleManager\ModuleManager.log
[LOG 19:02:37.250] [AddonLoader]: Instantiating addon 'HarmonyInstallChecker' from assembly 'HarmonyKSP'
[LOG 19:02:37.251] [AddonLoader]: Instantiating addon 'KSPCommunityFixes' from assembly 'KSPCommunityFixes'
[LOG 19:02:37.252] [AddonLoader]: Instantiating addon 'NoIVA' from assembly 'KSPCommunityFixes'
[LOG 19:02:37.253] [AddonLoader]: Instantiating addon 'ConfigNodePerf' from assembly 'KSPCommunityFixes'
[LOG 19:02:37.490] [AddonLoader]: Instantiating addon 'KSPCFFastLoader' from assembly 'KSPCommunityFixes'
[LOG 19:02:37.491] [KSPCF] Injecting FastLoader...
[LOG 19:02:37.516] [KSPCommunityFixes] Patch GameDatabasePerf applied.
[LOG 19:02:37.612] [AddonLoader]: Instantiating addon 'ReflectionTypeLoadExceptionHandler' from assembly 'KSPCommunityFixes'
[LOG 19:02:37.615] [AddonLoader]: Instantiating addon 'PQSBenchMod' from assembly 'PQSBenchMod'
[LOG 19:02:37.616] [AddonLoader]: Instantiating addon 'RockPrecisionFixMod' from assembly 'RockPrecisionFixMod'
[LOG 19:02:37.617] [AddonLoader]: Instantiating addon 'TerrainPrecisionFixMod' from assembly 'TerrainPrecisionFixMod'
[LOG 19:02:38.735] [KSPCF] Taking over stock loader. An exception will follow, this is intended.
[EXC 19:02:38.740] Exception: Terminating stock loader coroutine, this is intended and not an error
	KSPCommunityFixes.Performance.KSPCFFastLoader.GameDatabase_SetupMainLoaders_Prefix () (at <62bb7f5420994f409a34377c091e8538>:0)
	(wrapper dynamic-method) GameDatabase.GameDatabase.SetupMainLoaders_Patch1(GameDatabase)
	GameDatabase+<LoadObjects>d__90.MoveNext () (at <4b449f2841f84227adfaad3149c8fdba>:0)
	UnityEngine.SetupCoroutine.InvokeMoveNext (System.Collections.IEnumerator enumerator, System.IntPtr returnValueAddress) (at <12e76cd50cc64cf19e759e981cb725af>:0)
	UnityEngine.DebugLogHandler:LogException(Exception, Object)
	ModuleManager.UnityLogHandle.InterceptLogHandler:LogException(Exception, Object)
	UnityEngine.MonoBehaviour:StartCoroutine(IEnumerator)
	<CreateDatabase>d__71:MoveNext()
	UnityEngine.MonoBehaviour:StartCoroutine(IEnumerator)
	GameDatabase:StartLoad()
	<LoadSystems>d__11:MoveNext()
	UnityEngine.MonoBehaviour:StartCoroutine(IEnumerator)
	LoadingScreen:Start()
[LOG 19:02:38.819] [PQSBench] Measuring, benchMode Counters. Alt+F8 dumps what has been recorded, Alt+F7 throws it away.
[LOG 19:02:38.833] [RockPrecisionFix] Version 0.1.0.0 installed, log level Info
[LOG 19:02:38.870] [TerrainPrecisionFix] Version 0.1.0.0 installed, log level Info
[LOG 19:02:38.996] Preloading Asset Bundle Definitions
[LOG 19:02:39.379] Load Audio: Squad/Alarms/Sounds/Chirps
[LOG 19:02:39.400] Load Audio: Squad/Alarms/Sounds/Classic
[LOG 19:02:39.400] Load Audio: Squad/Alarms/Sounds/ClockTower
[LOG 19:02:39.401] Load Audio: Squad/Alarms/Sounds/ComputerGlass1
[LOG 19:02:39.401] Load Audio: Squad/Alarms/Sounds/ComputerGlass2
[LOG 19:02:39.401] Load Audio: Squad/Alarms/Sounds/ComputerShort
[LOG 19:02:39.401] Load Audio: Squad/Alarms/Sounds/ComputerTriad
[LOG 19:02:39.401] Load Audio: Squad/Alarms/Sounds/DoorBell
[LOG 19:02:39.401] Load Audio: Squad/Alarms/Sounds/Glass
[LOG 19:02:39.401] Load Audio: Squad/Alarms/Sounds/Klaxon
[LOG 19:02:39.401] Load Audio: Squad/Alarms/Sounds/Mobile
[LOG 19:02:39.402] Load Audio: Squad/Alarms/Sounds/Morning
[LOG 19:02:39.402] Load Audio: Squad/Alarms/Sounds/OldClock
[LOG 19:02:39.402] Load Audio: Squad/Alarms/Sounds/OldHorn
[LOG 19:02:39.402] Load Audio: Squad/Alarms/Sounds/Ripple
[LOG 19:02:39.402] Load Audio: Squad/Sounds/editorLoop01
[LOG 19:02:39.402] Load Audio: Squad/Sounds/elev_loop
[LOG 19:02:39.403] Load Audio: Squad/Sounds/elev_start
[LOG 19:02:39.403] Load Audio: Squad/Sounds/elev_stop
[LOG 19:02:39.403] Load Audio: Squad/Sounds/fireworks_explosion_2
[LOG 19:02:39.403] Load Audio: Squad/Sounds/fireworks_explosion_3
[LOG 19:02:39.403] Load Audio: Squad/Sounds/fireworks_explosion_4
[LOG 19:02:39.403] Load Audio: Squad/Sounds/fireworks_launch_boom
[LOG 19:02:39.403] Load Audio: Squad/Sounds/fireworks_only_crackle_crackle_1
[LOG 19:02:39.403] Load Audio: Squad/Sounds/fireworks_only_crackle_dragon_1
[LOG 19:02:39.892] Load Audio: Squad/Sounds/fireworks_only_crackle_palm_1
[LOG 19:02:39.892] Load Audio: Squad/Sounds/fireworks_whistle
[LOG 19:02:39.892] Load Audio: Squad/Sounds/ksp1_banana_V2_01
[LOG 19:02:39.893] Load Audio: Squad/Sounds/ksp1_banana_V2_04
[LOG 19:02:39.893] Load Audio: Squad/Sounds/ksp1_banana_V2_05
[LOG 19:02:39.893] Load Audio: Squad/Sounds/ksp1_golf_swing_normal
[LOG 19:02:39.893] Load Audio: Squad/Sounds/ksp1_ground_anchor_v2_1
[LOG 19:02:39.893] Load Audio: Squad/Sounds/ksp1_strunts_disconnect_v3_pitched2
[LOG 19:02:39.893] Load Audio: Squad/Sounds/repairKit_repair1
[LOG 19:02:39.894] Load Audio: Squad/Sounds/repairKit_repair2
[LOG 19:02:39.894] Load Audio: Squad/Sounds/sound_ambience_nature
[LOG 19:02:39.894] Load Audio: Squad/Sounds/sound_click_flick
[LOG 19:02:39.894] Load Audio: Squad/Sounds/sound_click_latch
[LOG 19:02:39.894] Load Audio: Squad/Sounds/sound_click_sharp
[LOG 19:02:39.894] Load Audio: Squad/Sounds/sound_click_tick
[LOG 19:02:39.895] Load Audio: Squad/Sounds/sound_click_tock
[LOG 19:02:39.895] Load Audio: Squad/Sounds/sound_decoupler_fire
[LOG 19:02:39.895] Load Audio: Squad/Sounds/sound_delete_bin
[LOG 19:02:39.895] Load Audio: Squad/Sounds/sound_explosion_debris1
[LOG 19:02:39.895] Load Audio: Squad/Sounds/sound_explosion_debris2
[LOG 19:02:39.895] Load Audio: Squad/Sounds/sound_explosion_large
[LOG 19:02:39.896] Load Audio: Squad/Sounds/sound_rocket_mini
[LOG 19:02:39.896] Load Audio: Squad/Sounds/sound_rocket_spurts
[LOG 19:02:39.896] Load Audio: Squad/Sounds/sound_servomotor
[LOG 19:02:39.896] Load Audio: Squad/Sounds/sound_tab_extend
[LOG 19:02:39.905] Load Audio: Squad/Sounds/sound_tab_retreat
[LOG 19:02:39.905] Load Audio: SquadExpansion/Serenity/Sounds/robo_arm_large_end
[LOG 19:02:39.905] Load Audio: SquadExpansion/Serenity/Sounds/robo_arm_large_motor_00
[LOG 19:02:39.905] Load Audio: SquadExpansion/Serenity/Sounds/robo_arm_large_scan
[LOG 19:02:39.905] Load Audio: SquadExpansion/Serenity/Sounds/robo_arm_large_start
[LOG 19:02:39.906] Load Audio: SquadExpansion/Serenity/Sounds/robo_arm_medium_end
[LOG 19:02:39.906] Load Audio: SquadExpansion/Serenity/Sounds/robo_arm_medium_motor_00
[LOG 19:02:39.906] Load Audio: SquadExpansion/Serenity/Sounds/robo_arm_medium_scan
[LOG 19:02:39.906] Load Audio: SquadExpansion/Serenity/Sounds/robo_arm_medium_start
[LOG 19:02:39.906] Load Audio: SquadExpansion/Serenity/Sounds/robo_arm_small_end
[LOG 19:02:39.906] Load Audio: SquadExpansion/Serenity/Sounds/robo_arm_small_motor_00
[LOG 19:02:39.907] Load Audio: SquadExpansion/Serenity/Sounds/robo_arm_small_scan
[LOG 19:02:39.907] Load Audio: SquadExpansion/Serenity/Sounds/robo_arm_small_start
[LOG 19:02:39.907] Load Audio: SquadExpansion/Serenity/Sounds/sfx_cryoVolcano_burst
[LOG 19:02:39.907] Load Audio: SquadExpansion/Serenity/Sounds/sfx_cryoVolcano_idle
[LOG 19:02:39.907] Load Audio: SquadExpansion/Serenity/Sounds/sfx_deployable_booster_antena_end
[LOG 19:02:39.907] Load Audio: SquadExpansion/Serenity/Sounds/sfx_deployable_booster_antena_start
[LOG 19:02:39.908] Load Audio: SquadExpansion/Serenity/Sounds/sfx_deployable_central_station_end
[LOG 19:02:39.908] Load Audio: SquadExpansion/Serenity/Sounds/sfx_deployable_central_station_loop
[LOG 19:02:39.908] Load Audio: SquadExpansion/Serenity/Sounds/sfx_deployable_central_station_start
[LOG 19:02:39.908] Load Audio: SquadExpansion/Serenity/Sounds/sfx_deployable_detector_end
[LOG 19:02:39.908] Load Audio: SquadExpansion/Serenity/Sounds/sfx_deployable_detector_start
[LOG 19:02:39.908] Load Audio: SquadExpansion/Serenity/Sounds/sfx_deployable_GoObEd_end
[LOG 19:02:39.909] Load Audio: SquadExpansion/Serenity/Sounds/sfx_deployable_GoObEd_loop
[LOG 19:02:39.909] Load Audio: SquadExpansion/Serenity/Sounds/sfx_deployable_GoObEd_start
[LOG 19:02:39.947] Load Audio: SquadExpansion/Serenity/Sounds/sfx_deployable_rtg_end
[LOG 19:02:39.948] Load Audio: SquadExpansion/Serenity/Sounds/sfx_deployable_rtg_start
[LOG 19:02:39.948] Load Audio: SquadExpansion/Serenity/Sounds/sfx_deployable_seismometer_end
[LOG 19:02:39.948] Load Audio: SquadExpansion/Serenity/Sounds/sfx_deployable_seismometer_start
[LOG 19:02:39.948] Load Audio: SquadExpansion/Serenity/Sounds/sfx_deployable_solar_panel_end
[LOG 19:02:39.948] Load Audio: SquadExpansion/Serenity/Sounds/sfx_deployable_solar_panel_start
[LOG 19:02:39.948] Load Audio: SquadExpansion/Serenity/Sounds/sfx_deployable_weather_station_end
[LOG 19:02:39.948] Load Audio: SquadExpansion/Serenity/Sounds/sfx_deployable_weather_station_loop
[LOG 19:02:39.949] Load Audio: SquadExpansion/Serenity/Sounds/sfx_deployable_weather_station_start
[LOG 19:02:39.949] Load Audio: SquadExpansion/Serenity/Sounds/sfx_geyser_burst
[LOG 19:02:39.949] Load Audio: SquadExpansion/Serenity/Sounds/sfx_geyser_idle
[LOG 19:02:39.969] Load DDS texture: KSPCommunityFixes/MMPatches/StockTweaks/Icons/Clamp-O-Tron
[LOG 19:02:39.977] Load TRUECOLOR texture: KSPCommunityFixes/MMPatches/StockTweaks/Icons/Clamp-O-Tron_scaled
[LOG 19:02:39.977] Load DDS texture: KSPCommunityFixes/MMPatches/StockTweaks/Icons/FreeFallParachutes
[LOG 19:02:39.977] Load TRUECOLOR texture: KSPCommunityFixes/MMPatches/StockTweaks/Icons/FreeFallParachutes_scaled
[LOG 19:02:39.978] Load DDS texture: KSPCommunityFixes/MMPatches/StockTweaks/Icons/LightYearTireCompany
[LOG 19:02:39.978] Load TRUECOLOR texture: KSPCommunityFixes/MMPatches/StockTweaks/Icons/LightYearTireCompany_scaled
[LOG 19:02:39.978] Load DDS texture: KSPCommunityFixes/MMPatches/StockTweaks/Icons/StratusCorporation
[LOG 19:02:39.979] Load TRUECOLOR texture: KSPCommunityFixes/MMPatches/StockTweaks/Icons/StratusCorporation_scaled
[LOG 19:02:39.979] Load DDS texture: Squad/Agencies/C7AerospaceDivision
[LOG 19:02:39.979] Load TRUECOLOR texture: Squad/Agencies/C7AerospaceDivision_scaled
[LOG 19:02:39.979] Load DDS texture: Squad/Agencies/DinkelsteinKermansConstructionEmporium
[LOG 19:02:39.979] Load TRUECOLOR texture: Squad/Agencies/DinkelsteinKermansConstructionEmporium_scaled
[LOG 19:02:39.980] Load DDS texture: Squad/Agencies/ExperimentalEngineering
[LOG 19:02:39.980] Load TRUECOLOR texture: Squad/Agencies/ExperimentalEngineering_scaled
[LOG 19:02:39.980] Load DDS texture: Squad/Agencies/FlooydResearchLab
[LOG 19:02:39.980] Load TRUECOLOR texture: Squad/Agencies/FlooydResearchLab_scaled
[LOG 19:02:39.981] Load DDS texture: Squad/Agencies/GoliathNationalProducts
[LOG 19:02:39.981] Load TRUECOLOR texture: Squad/Agencies/GoliathNationalProducts_scaled
[LOG 19:02:39.981] Load DDS texture: Squad/Agencies/IntegratedIntegrals
[LOG 19:02:39.981] Load TRUECOLOR texture: Squad/Agencies/IntegratedIntegrals_scaled
[LOG 19:02:39.982] Load DDS texture: Squad/Agencies/IonicSymphonicProtonicElectronics
[LOG 19:02:39.982] Load TRUECOLOR texture: Squad/Agencies/IonicSymphonicProtonicElectronics_scaled
[LOG 19:02:39.982] Load DDS texture: Squad/Agencies/JebsJunkyard
[LOG 19:02:39.982] Load TRUECOLOR texture: Squad/Agencies/JebsJunkyard_scaled
[LOG 19:02:39.982] Load DDS texture: Squad/Agencies/KerbalMotion
[LOG 19:02:39.983] Load TRUECOLOR texture: Squad/Agencies/KerbalMotion_scaled
[LOG 19:02:39.983] Load DDS texture: Squad/Agencies/KerbinWorldFirstRecordKeepingSociety
[LOG 19:02:39.983] Load TRUECOLOR texture: Squad/Agencies/KerbinWorldFirstRecordKeepingSociety_scaled
[LOG 19:02:39.983] Load DDS texture: Squad/Agencies/Kerbodyne
[LOG 19:02:39.984] Load TRUECOLOR texture: Squad/Agencies/Kerbodyne_scaled
[LOG 19:02:39.984] Load DDS texture: Squad/Agencies/Kerlington
[LOG 19:02:39.984] Load TRUECOLOR texture: Squad/Agencies/Kerlington_scaled
[LOG 19:02:39.985] Load DDS texture: Squad/Agencies/MaxoConstructionToys
[LOG 19:02:39.985] Load TRUECOLOR texture: Squad/Agencies/MaxoConstructionToys_scaled
[LOG 19:02:39.985] Load DDS texture: Squad/Agencies/MovingPartsExpertsGroup
[LOG 19:02:39.985] Load TRUECOLOR texture: Squad/Agencies/MovingPartsExpertsGroup_scaled
[LOG 19:02:39.986] Load DDS texture: Squad/Agencies/OMBDemolition
[LOG 19:02:39.986] Load TRUECOLOR texture: Squad/Agencies/OMBDemolition_scaled
[LOG 19:02:39.987] Load DDS texture: Squad/Agencies/PeriapsisCo
[LOG 19:02:39.987] Load TRUECOLOR texture: Squad/Agencies/PeriapsisCo_scaled
[LOG 19:02:39.987] Load DDS texture: Squad/Agencies/Probodobodyne
[LOG 19:02:39.987] Load TRUECOLOR texture: Squad/Agencies/Probodobodyne_scaled
[LOG 19:02:39.987] Load DDS texture: Squad/Agencies/R&D
[LOG 19:02:39.987] Load TRUECOLOR texture: Squad/Agencies/R&D_scaled
[LOG 19:02:39.988] Load DDS texture: Squad/Agencies/ReactionSystemsLtd
[LOG 19:02:39.988] Load TRUECOLOR texture: Squad/Agencies/ReactionSystemsLtd_scaled
[LOG 19:02:39.988] Load DDS texture: Squad/Agencies/Rockomax
[LOG 19:02:39.988] Load TRUECOLOR texture: Squad/Agencies/Rockomax_scaled
[LOG 19:02:39.988] Load DDS texture: Squad/Agencies/Rokea
[LOG 19:02:39.989] Load TRUECOLOR texture: Squad/Agencies/Rokea_scaled
[LOG 19:02:39.989] Load DDS texture: Squad/Agencies/SeansCannery
[LOG 19:02:39.989] Load TRUECOLOR texture: Squad/Agencies/SeansCannery_scaled
[LOG 19:02:39.989] Load DDS texture: Squad/Agencies/SteadlerEngineeringCorps
[LOG 19:02:39.989] Load TRUECOLOR texture: Squad/Agencies/SteadlerEngineeringCorps_scaled
[LOG 19:02:39.989] Load DDS texture: Squad/Agencies/StrutCo
[LOG 19:02:39.990] Load TRUECOLOR texture: Squad/Agencies/StrutCo_scaled
[LOG 19:02:39.990] Load DDS texture: Squad/Agencies/Vac-Co
[LOG 19:02:39.990] Load TRUECOLOR texture: Squad/Agencies/Vac-Co_scaled
[LOG 19:02:39.990] Load DDS texture: Squad/Agencies/WinterOwl
[LOG 19:02:39.990] Load TRUECOLOR texture: Squad/Agencies/WinterOwl_scaled
[LOG 19:02:39.990] Load DDS texture: Squad/Agencies/ZaltonicElectronics
[LOG 19:02:39.991] Load TRUECOLOR texture: Squad/Agencies/ZaltonicElectronics_scaled
[LOG 19:02:39.991] Load Cached PNG Texture: Squad/Alarms/Icons/ap
[LOG 19:02:39.992] Load Cached PNG Texture: Squad/Alarms/Icons/default
[LOG 19:02:39.992] Load Cached PNG Texture: Squad/Alarms/Icons/maneuver
[LOG 19:02:39.992] Load Cached PNG Texture: Squad/Alarms/Icons/pe
[LOG 19:02:39.992] Load Cached PNG Texture: Squad/Alarms/Icons/raw
[LOG 19:02:39.992] Load Cached PNG Texture: Squad/Alarms/Icons/soi
[LOG 19:02:39.992] Load Cached PNG Texture: Squad/Alarms/Icons/xfer
[LOG 19:02:39.992] Load DDS texture: Squad/Contracts/Icons/balloon
[LOG 19:02:39.992] Load DDS texture: Squad/Contracts/Icons/custom
[LOG 19:02:39.992] Load DDS texture: Squad/Contracts/Icons/default
[LOG 19:02:39.992] Load DDS texture: Squad/Contracts/Icons/dish
[LOG 19:02:39.992] Load DDS texture: Squad/Contracts/Icons/eva
[LOG 19:02:39.993] Load DDS texture: Squad/Contracts/Icons/gravity
[LOG 19:02:39.993] Load Cached PNG Texture: Squad/Contracts/Icons/ksc
[LOG 19:02:39.993] Load DDS texture: Squad/Contracts/Icons/launchsite
[LOG 19:02:39.993] Load DDS texture: Squad/Contracts/Icons/marker
[LOG 19:02:39.994] Load DDS texture: Squad/Contracts/Icons/pressure
[LOG 19:02:39.994] Load DDS texture: Squad/Contracts/Icons/report
[LOG 19:02:39.994] Load DDS texture: Squad/Contracts/Icons/runway
[LOG 19:02:39.994] Load DDS texture: Squad/Contracts/Icons/sample
[LOG 19:02:39.995] Load DDS texture: Squad/Contracts/Icons/seismic
[LOG 19:02:39.995] Load DDS texture: Squad/Contracts/Icons/thermometer
[LOG 19:02:39.995] Load DDS texture: Squad/Contracts/Icons/vessel
[LOG 19:02:39.995] Load Cached PNG Texture: Squad/Flags/09
[LOG 19:02:39.996] Load Cached PNG Texture: Squad/Flags/blorbs
[LOG 19:02:39.996] Load Cached PNG Texture: Squad/Flags/bullseye
[LOG 19:02:39.997] Load Cached PNG Texture: Squad/Flags/capsule
[LOG 19:02:39.997] Load Cached PNG Texture: Squad/Flags/circles
[LOG 19:02:39.997] Load Cached PNG Texture: Squad/Flags/default
[LOG 19:02:39.997] Load Cached PNG Texture: Squad/Flags/hexagon
[LOG 19:02:39.998] Load Cached PNG Texture: Squad/Flags/hexagonCircles
[LOG 19:02:39.998] Load Cached PNG Texture: Squad/Flags/kerbal1
[LOG 19:02:39.998] Load Cached PNG Texture: Squad/Flags/kerbal2
[LOG 19:02:40.001] Load Cached PNG Texture: Squad/Flags/kerbin
[LOG 19:02:40.001] Load Cached PNG Texture: Squad/Flags/kerbinmunflag
[LOG 19:02:40.001] Load Cached PNG Texture: Squad/Flags/line
[LOG 19:02:40.002] Load Cached PNG Texture: Squad/Flags/minimalistic
[LOG 19:02:40.002] Load Cached PNG Texture: Squad/Flags/orbit
[LOG 19:02:40.003] Load Cached PNG Texture: Squad/Flags/orbs
[LOG 19:02:40.004] Load Cached PNG Texture: Squad/Flags/retro
[LOG 19:02:40.004] Load Cached PNG Texture: Squad/Flags/rings
[LOG 19:02:40.005] Load Cached PNG Texture: Squad/Flags/rocketScience
[LOG 19:02:40.005] Load Cached PNG Texture: Squad/Flags/satellite
[LOG 19:02:40.006] Load Cached PNG Texture: Squad/Flags/Sentinel_Flag
[LOG 19:02:40.006] Load Cached PNG Texture: Squad/Flags/spheres
[LOG 19:02:40.007] Load Cached PNG Texture: Squad/Flags/squadLogo
[LOG 19:02:40.007] Load Cached PNG Texture: Squad/Flags/squadLogo2
[LOG 19:02:40.008] Load Cached PNG Texture: Squad/Flags/stripes
[LOG 19:02:40.008] Load Cached PNG Texture: Squad/Flags/trees
[LOG 19:02:40.008] Load Cached PNG Texture: Squad/Flags/trippy
[LOG 19:02:40.009] Load Cached PNG Texture: Squad/FlagsAgency/esa_dark_blue
[LOG 19:02:40.009] Load Cached PNG Texture: Squad/FlagsAgency/NASA
[LOG 19:02:40.009] Load Cached PNG Texture: Squad/FlagsAgency/uk_space_agency
[LOG 19:02:40.009] Load Cached PNG Texture: Squad/FlagsOrganization/B612_Foundation_flag
[LOG 19:02:40.009] Load Cached PNG Texture: Squad/FlagsOrganization/electron
[LOG 19:02:40.010] Load Cached PNG Texture: Squad/FlagsOrganization/ESA_Arianespace
[LOG 19:02:40.010] Load Cached PNG Texture: Squad/FlagsOrganization/rocketlab
[LOG 19:02:40.010] Load DDS texture: Squad/FX/DiamondBlue
[LOG 19:02:40.010] Load DDS texture: Squad/FX/FlameBlueOrange
[LOG 19:02:40.011] Load DDS texture: Squad/FX/FlamePurple
[LOG 19:02:40.011] Load DDS texture: Squad/FX/FlameRed
[LOG 19:02:40.011] Load DDS texture: Squad/FX/FlameRedOrange
[LOG 19:02:40.011] Load DDS texture: Squad/FX/Monoprop
[LOG 19:02:40.011] Load DDS texture: Squad/FX/plasma2
[LOG 19:02:40.011] Load DDS texture: Squad/FX/rocketplume2
[LOG 19:02:40.012] Load DDS texture: Squad/FX/shockDiamond2
[LOG 19:02:40.012] Load DDS texture: Squad/FX/smokepuff1
[LOG 19:02:40.019] Load DDS texture: Squad/Interiors/Administration/AdminBuilding_Lvl1
[LOG 19:02:40.043] Load DDS texture: Squad/Interiors/Administration/AdminBuilding_Lvl2
[LOG 19:02:40.049] Load DDS texture: Squad/Interiors/Administration/AdminBuilding_Lvl3
[LOG 19:02:40.055] Load DDS texture: Squad/MenuProps/MunOrBust
[LOG 19:02:40.057] Load Cached PNG Texture: Squad/Missions/Banners/Fail/default
[LOG 19:02:40.057] Load PNG texture: Squad/Missions/Banners/Menu/default
[WRN 19:02:40.063] Texture isn't eligible for DXT compression, width and height must be multiples of 4
[LOG 19:02:40.063] Load Cached PNG Texture: Squad/Missions/Banners/Success/default
[LOG 19:02:40.063] Load PNG texture: Squad/Missions/ESA-BepiColombo/Banners/Fail/ESA_MB_Fail_01
[WRN 19:02:40.067] Texture isn't eligible for DXT compression, width and height must be multiples of 4
[LOG 19:02:40.067] Load PNG texture: Squad/Missions/ESA-BepiColombo/Banners/Menu/ESA_MB_Select_01
[WRN 19:02:40.071] Texture isn't eligible for DXT compression, width and height must be multiples of 4
[LOG 19:02:40.071] Load PNG texture: Squad/Missions/ESA-BepiColombo/Banners/Success/ESA_MB_Success_01
[WRN 19:02:40.075] Texture isn't eligible for DXT compression, width and height must be multiples of 4
[LOG 19:02:40.076] Load PNG texture: Squad/Missions/ESA-BepiColombo-Short/Banners/Fail/ESA_MB_Fail_01
[WRN 19:02:40.080] Texture isn't eligible for DXT compression, width and height must be multiples of 4
[LOG 19:02:40.080] Load PNG texture: Squad/Missions/ESA-BepiColombo-Short/Banners/Menu/ESA_MB_Select_01
[WRN 19:02:40.084] Texture isn't eligible for DXT compression, width and height must be multiples of 4
[LOG 19:02:40.084] Load PNG texture: Squad/Missions/ESA-BepiColombo-Short/Banners/Success/ESA_MB_Success_01
[WRN 19:02:40.089] Texture isn't eligible for DXT compression, width and height must be multiples of 4
[LOG 19:02:40.089] Load PNG texture: Squad/Missions/ESA-Rosetta/Banners/Fail/ESA_MB_Fail_02
[WRN 19:02:40.094] Texture isn't eligible for DXT compression, width and height must be multiples of 4
[LOG 19:02:40.094] Load PNG texture: Squad/Missions/ESA-Rosetta/Banners/Menu/ESA_MB_Select_02
[WRN 19:02:40.098] Texture isn't eligible for DXT compression, width and height must be multiples of 4
[LOG 19:02:40.099] Load PNG texture: Squad/Missions/ESA-Rosetta/Banners/Success/ESA_MB_Success_02
[WRN 19:02:40.107] Texture isn't eligible for DXT compression, width and height must be multiples of 4
[LOG 19:02:40.107] Load Cached PNG Texture: Squad/PartList/SimpleIcons/ablator
[LOG 19:02:40.108] Load Cached PNG Texture: Squad/PartList/SimpleIcons/active_radiator
[LOG 19:02:40.108] Load Cached PNG Texture: Squad/PartList/SimpleIcons/asteroid_drill
[LOG 19:02:40.108] Load Cached PNG Texture: Squad/PartList/SimpleIcons/cargo_part
[LOG 19:02:40.108] Load Cached PNG Texture: Squad/PartList/SimpleIcons/comet_drill
[LOG 19:02:40.108] Load Cached PNG Texture: Squad/PartList/SimpleIcons/core_heat
[LOG 19:02:40.108] Load Cached PNG Texture: Squad/PartList/SimpleIcons/cs_main
[LOG 19:02:40.108] Load Cached PNG Texture: Squad/PartList/SimpleIcons/cs_mk2
[LOG 19:02:40.108] Load Cached PNG Texture: Squad/PartList/SimpleIcons/cs_mk3
[LOG 19:02:40.108] Load Cached PNG Texture: Squad/PartList/SimpleIcons/cs_size0
[LOG 19:02:40.108] Load Cached PNG Texture: Squad/PartList/SimpleIcons/cs_size1
[LOG 19:02:40.108] Load Cached PNG Texture: Squad/PartList/SimpleIcons/cs_size1p5
[LOG 19:02:40.109] Load Cached PNG Texture: Squad/PartList/SimpleIcons/cs_size2
[LOG 19:02:40.110] Load Cached PNG Texture: Squad/PartList/SimpleIcons/cs_size3
[LOG 19:02:40.110] Load Cached PNG Texture: Squad/PartList/SimpleIcons/cs_size4
[LOG 19:02:40.110] Load Cached PNG Texture: Squad/PartList/SimpleIcons/cs_surface
[LOG 19:02:40.110] Load Cached PNG Texture: Squad/PartList/SimpleIcons/custom_built_fairing
[LOG 19:02:40.110] Load Cached PNG Texture: Squad/PartList/SimpleIcons/deployable_antenna
[LOG 19:02:40.111] Load Cached PNG Texture: Squad/PartList/SimpleIcons/deployable_comms_part
[LOG 19:02:40.111] Load Cached PNG Texture: Squad/PartList/SimpleIcons/deployable_ground_part
[LOG 19:02:40.111] Load Cached PNG Texture: Squad/PartList/SimpleIcons/deployable_part
[LOG 19:02:40.111] Load Cached PNG Texture: Squad/PartList/SimpleIcons/deployable_radiator
[LOG 19:02:40.111] Load Cached PNG Texture: Squad/PartList/SimpleIcons/deployed_science_control_unit
[LOG 19:02:40.111] Load Cached PNG Texture: Squad/PartList/SimpleIcons/deployed_science_experiment
[LOG 19:02:40.111] Load Cached PNG Texture: Squad/PartList/SimpleIcons/deployed_science_part
[LOG 19:02:40.112] Load Cached PNG Texture: Squad/PartList/SimpleIcons/enviro_sensor
[LOG 19:02:40.112] Load Cached PNG Texture: Squad/PartList/SimpleIcons/experience_management
[LOG 19:02:40.112] Load Cached PNG Texture: Squad/PartList/SimpleIcons/fuels_monopropellant
[LOG 19:02:40.112] Load Cached PNG Texture: Squad/PartList/SimpleIcons/fuels_ore
[LOG 19:02:40.112] Load Cached PNG Texture: Squad/PartList/SimpleIcons/fuels_oxidizer
[LOG 19:02:40.112] Load Cached PNG Texture: Squad/PartList/SimpleIcons/fuels_solidfuel
[LOG 19:02:40.112] Load Cached PNG Texture: Squad/PartList/SimpleIcons/fuels_xenongas
[LOG 19:02:40.112] Load Cached PNG Texture: Squad/PartList/SimpleIcons/inventory_part
[LOG 19:02:40.112] Load Cached PNG Texture: Squad/PartList/SimpleIcons/kerbnet_access
[LOG 19:02:40.113] Load Cached PNG Texture: Squad/PartList/SimpleIcons/number1
[LOG 19:02:40.113] Load Cached PNG Texture: Squad/PartList/SimpleIcons/number2
[LOG 19:02:40.113] Load Cached PNG Texture: Squad/PartList/SimpleIcons/number3
[LOG 19:02:40.113] Load Cached PNG Texture: Squad/PartList/SimpleIcons/number4
[LOG 19:02:40.116] Load Cached PNG Texture: Squad/PartList/SimpleIcons/number5
[LOG 19:02:40.116] Load Cached PNG Texture: Squad/PartList/SimpleIcons/number6
[LOG 19:02:40.116] Load Cached PNG Texture: Squad/PartList/SimpleIcons/number7
[LOG 19:02:40.116] Load Cached PNG Texture: Squad/PartList/SimpleIcons/number8
[LOG 19:02:40.116] Load Cached PNG Texture: Squad/PartList/SimpleIcons/number9
[LOG 19:02:40.116] Load Cached PNG Texture: Squad/PartList/SimpleIcons/probe_control_unit
[LOG 19:02:40.116] Load Cached PNG Texture: Squad/PartList/SimpleIcons/R&D_node_icon_advaerodynamics
[LOG 19:02:40.116] Load Cached PNG Texture: Squad/PartList/SimpleIcons/R&D_node_icon_advancedmotors
[LOG 19:02:40.116] Load Cached PNG Texture: Squad/PartList/SimpleIcons/R&D_node_icon_advconstruction
[LOG 19:02:40.116] Load Cached PNG Texture: Squad/PartList/SimpleIcons/R&D_node_icon_advelectrics
[LOG 19:02:40.116] Load Cached PNG Texture: Squad/PartList/SimpleIcons/R&D_node_icon_advexploration
[LOG 19:02:40.117] Load Cached PNG Texture: Squad/PartList/SimpleIcons/R&D_node_icon_advflightcontrol
[LOG 19:02:40.117] Load Cached PNG Texture: Squad/PartList/SimpleIcons/R&D_node_icon_advlanding
[LOG 19:02:40.117] Load Cached PNG Texture: Squad/PartList/SimpleIcons/R&D_node_icon_advmetalworks
[LOG 19:02:40.117] Load Cached PNG Texture: Squad/PartList/SimpleIcons/R&D_node_icon_advrocketry
[LOG 19:02:40.117] Load Cached PNG Texture: Squad/PartList/SimpleIcons/R&D_node_icon_advsciencetech
[LOG 19:02:40.117] Load Cached PNG Texture: Squad/PartList/SimpleIcons/R&D_node_icon_advunmanned
[LOG 19:02:40.117] Load Cached PNG Texture: Squad/PartList/SimpleIcons/R&D_node_icon_aerodynamicsystems
[LOG 19:02:40.117] Load Cached PNG Texture: Squad/PartList/SimpleIcons/R&D_node_icon_aerospacetech
[LOG 19:02:40.117] Load Cached PNG Texture: Squad/PartList/SimpleIcons/R&D_node_icon_automation
[LOG 19:02:40.117] Load Cached PNG Texture: Squad/PartList/SimpleIcons/R&D_node_icon_basicprobes
[LOG 19:02:40.117] Load Cached PNG Texture: Squad/PartList/SimpleIcons/R&D_node_icon_basicrocketry
[LOG 19:02:40.117] Load Cached PNG Texture: Squad/PartList/SimpleIcons/R&D_node_icon_composites
[LOG 19:02:40.117] Load Cached PNG Texture: Squad/PartList/SimpleIcons/R&D_node_icon_electrics
[LOG 19:02:40.118] Load Cached PNG Texture: Squad/PartList/SimpleIcons/R&D_node_icon_electronics
[LOG 19:02:40.118] Load Cached PNG Texture: Squad/PartList/SimpleIcons/R&D_node_icon_evatech
[LOG 19:02:40.118] Load Cached PNG Texture: Squad/PartList/SimpleIcons/R&D_node_icon_experimentalaerodynamics
[LOG 19:02:40.118] Load Cached PNG Texture: Squad/PartList/SimpleIcons/R&D_node_icon_experimentalelectrics
[LOG 19:02:40.118] Load Cached PNG Texture: Squad/PartList/SimpleIcons/R&D_node_icon_experimentalmotors
[LOG 19:02:40.118] Load Cached PNG Texture: Squad/PartList/SimpleIcons/R&D_node_icon_experimentalrocketry
[LOG 19:02:40.118] Load Cached PNG Texture: Squad/PartList/SimpleIcons/R&D_node_icon_experimentalscience
[LOG 19:02:40.118] Load Cached PNG Texture: Squad/PartList/SimpleIcons/R&D_node_icon_fieldscience
[LOG 19:02:40.118] Load Cached PNG Texture: Squad/PartList/SimpleIcons/R&D_node_icon_flightcontrol
[LOG 19:02:40.118] Load Cached PNG Texture: Squad/PartList/SimpleIcons/R&D_node_icon_fuelsystems
[LOG 19:02:40.118] Load Cached PNG Texture: Squad/PartList/SimpleIcons/R&D_node_icon_generalconstruction
[LOG 19:02:40.118] Load Cached PNG Texture: Squad/PartList/SimpleIcons/R&D_node_icon_generalrocketry
[LOG 19:02:40.118] Load Cached PNG Texture: Squad/PartList/SimpleIcons/R&D_node_icon_generic
[LOG 19:02:40.119] Load Cached PNG Texture: Squad/PartList/SimpleIcons/R&D_node_icon_heavierrocketry
[LOG 19:02:40.119] Load Cached PNG Texture: Squad/PartList/SimpleIcons/R&D_node_icon_heavyaerodynamics
[LOG 19:02:40.119] Load Cached PNG Texture: Squad/PartList/SimpleIcons/R&D_node_icon_heavyrocketry
[LOG 19:02:40.119] Load Cached PNG Texture: Squad/PartList/SimpleIcons/R&D_node_icon_highaltitudeflight
[LOG 19:02:40.119] Load Cached PNG Texture: Squad/PartList/SimpleIcons/R&D_node_icon_highaltitudepropulsion
[LOG 19:02:40.119] Load Cached PNG Texture: Squad/PartList/SimpleIcons/R&D_node_icon_hypersonicflight
[LOG 19:02:40.119] Load Cached PNG Texture: Squad/PartList/SimpleIcons/R&D_node_icon_ionpropulsion
[LOG 19:02:40.119] Load Cached PNG Texture: Squad/PartList/SimpleIcons/R&D_node_icon_landing
[LOG 19:02:40.119] Load Cached PNG Texture: Squad/PartList/SimpleIcons/R&D_node_icon_largecontrol
[LOG 19:02:40.119] Load Cached PNG Texture: Squad/PartList/SimpleIcons/R&D_node_icon_largeelectrics
[LOG 19:02:40.119] Load Cached PNG Texture: Squad/PartList/SimpleIcons/R&D_node_icon_largeprobes
[LOG 19:02:40.119] Load Cached PNG Texture: Squad/PartList/SimpleIcons/R&D_node_icon_metamaterials
[LOG 19:02:40.119] Load Cached PNG Texture: Squad/PartList/SimpleIcons/R&D_node_icon_nanolathing
[LOG 19:02:40.120] Load Cached PNG Texture: Squad/PartList/SimpleIcons/R&D_node_icon_nuclearpropulsion
[LOG 19:02:40.120] Load Cached PNG Texture: Squad/PartList/SimpleIcons/R&D_node_icon_precisionengineering
[LOG 19:02:40.120] Load Cached PNG Texture: Squad/PartList/SimpleIcons/R&D_node_icon_robotics
[LOG 19:02:40.120] Load Cached PNG Texture: Squad/PartList/SimpleIcons/R&D_node_icon_sciencetech
[LOG 19:02:40.120] Load Cached PNG Texture: Squad/PartList/SimpleIcons/R&D_node_icon_specializedconstruction
[LOG 19:02:40.120] Load Cached PNG Texture: Squad/PartList/SimpleIcons/R&D_node_icon_specializedcontrol
[LOG 19:02:40.120] Load Cached PNG Texture: Squad/PartList/SimpleIcons/R&D_node_icon_specializedelectrics
[LOG 19:02:40.120] Load Cached PNG Texture: Squad/PartList/SimpleIcons/R&D_node_icon_stability
[LOG 19:02:40.120] Load Cached PNG Texture: Squad/PartList/SimpleIcons/R&D_node_icon_start
[LOG 19:02:40.120] Load Cached PNG Texture: Squad/PartList/SimpleIcons/R&D_node_icon_supersonicflight
[LOG 19:02:40.120] Load Cached PNG Texture: Squad/PartList/SimpleIcons/R&D_node_icon_survivability
[LOG 19:02:40.120] Load Cached PNG Texture: Squad/PartList/SimpleIcons/R&D_node_icon_unmannedtech
[LOG 19:02:40.120] Load Cached PNG Texture: Squad/PartList/SimpleIcons/R&D_node_icon_veryheavyrocketry
[LOG 19:02:40.120] Load Cached PNG Texture: Squad/PartList/SimpleIcons/rcsfx
[LOG 19:02:40.121] Load Cached PNG Texture: Squad/PartList/SimpleIcons/RDicon_aerospaceTech2
[LOG 19:02:40.121] Load Cached PNG Texture: Squad/PartList/SimpleIcons/RDicon_commandmodules
[LOG 19:02:40.121] Load Cached PNG Texture: Squad/PartList/SimpleIcons/RDicon_fuelSystems-advanced
[LOG 19:02:40.121] Load Cached PNG Texture: Squad/PartList/SimpleIcons/RDicon_fuelSystems-highPerformance
[LOG 19:02:40.121] Load Cached PNG Texture: Squad/PartList/SimpleIcons/RDicon_largeVolumeContainment
[LOG 19:02:40.121] Load Cached PNG Texture: Squad/PartList/SimpleIcons/RDicon_miniaturization
[LOG 19:02:40.121] Load Cached PNG Texture: Squad/PartList/SimpleIcons/RDicon_propulsion-precision
[LOG 19:02:40.121] Load Cached PNG Texture: Squad/PartList/SimpleIcons/RDicon_propulsionSystems
[LOG 19:02:40.121] Load Cached PNG Texture: Squad/PartList/SimpleIcons/RDicon_telescope
[LOG 19:02:40.121] Load Cached PNG Texture: Squad/PartList/SimpleIcons/robotic_controller
[LOG 19:02:40.121] Load Cached PNG Texture: Squad/PartList/SimpleIcons/robotic_rotation_servo
[LOG 19:02:40.121] Load Cached PNG Texture: Squad/PartList/SimpleIcons/robotic_servo_hinge
[LOG 19:02:40.121] Load Cached PNG Texture: Squad/PartList/SimpleIcons/robotic_servo_piston
[LOG 19:02:40.122] Load Cached PNG Texture: Squad/PartList/SimpleIcons/robotic_servo_rotor
[LOG 19:02:40.122] Load Cached PNG Texture: Squad/PartList/SimpleIcons/scanner_arm
[LOG 19:02:40.122] Load Cached PNG Texture: Squad/PartList/SimpleIcons/variant
[LOG 19:02:40.122] Load Cached PNG Texture: Squad/Parts/@thumbs/adapterSmallMiniShort_icon0
[LOG 19:02:40.122] Load Cached PNG Texture: Squad/Parts/@thumbs/adapterSmallMiniShort_icon1
[LOG 19:02:40.122] Load Cached PNG Texture: Squad/Parts/@thumbs/adapterSmallMiniTall_icon0
[LOG 19:02:40.122] Load Cached PNG Texture: Squad/Parts/@thumbs/adapterSmallMiniTall_icon1
[LOG 19:02:40.122] Load Cached PNG Texture: Squad/Parts/@thumbs/AdvancedCanard_icon
[LOG 19:02:40.122] Load Cached PNG Texture: Squad/Parts/@thumbs/advSasModule_icon
[LOG 19:02:40.122] Load Cached PNG Texture: Squad/Parts/@thumbs/airbrake1_icon
[LOG 19:02:40.122] Load Cached PNG Texture: Squad/Parts/@thumbs/airScoop_icon
[LOG 19:02:40.123] Load Cached PNG Texture: Squad/Parts/@thumbs/avionicsNoseCone_icon
[LOG 19:02:40.123] Load Cached PNG Texture: Squad/Parts/@thumbs/basicFin_icon
[LOG 19:02:40.123] Load Cached PNG Texture: Squad/Parts/@thumbs/batteryBankMini_icon
[LOG 19:02:40.123] Load Cached PNG Texture: Squad/Parts/@thumbs/batteryBank_icon
[LOG 19:02:40.123] Load Cached PNG Texture: Squad/Parts/@thumbs/batteryPack_icon
[LOG 19:02:40.123] Load Cached PNG Texture: Squad/Parts/@thumbs/cargoContainer_icon
[LOG 19:02:40.123] Load Cached PNG Texture: Squad/Parts/@thumbs/CargoStorageUnit_icon
[LOG 19:02:40.123] Load Cached PNG Texture: Squad/Parts/@thumbs/CircularIntake_icon
[LOG 19:02:40.123] Load Cached PNG Texture: Squad/Parts/@thumbs/commDish_icon
[LOG 19:02:40.123] Load Cached PNG Texture: Squad/Parts/@thumbs/Decoupler.0_icon0
[LOG 19:02:40.123] Load Cached PNG Texture: Squad/Parts/@thumbs/Decoupler.0_icon1
[LOG 19:02:40.123] Load Cached PNG Texture: Squad/Parts/@thumbs/Decoupler.1_icon0
[LOG 19:02:40.124] Load Cached PNG Texture: Squad/Parts/@thumbs/Decoupler.1_icon1
[LOG 19:02:40.124] Load Cached PNG Texture: Squad/Parts/@thumbs/dockingPort1_icon
[LOG 19:02:40.124] Load Cached PNG Texture: Squad/Parts/@thumbs/dockingPort2_icon
[LOG 19:02:40.124] Load Cached PNG Texture: Squad/Parts/@thumbs/dockingPort3_icon
[LOG 19:02:40.124] Load Cached PNG Texture: Squad/Parts/@thumbs/domeLight1_icon0
[LOG 19:02:40.124] Load Cached PNG Texture: Squad/Parts/@thumbs/domeLight1_icon1
[LOG 19:02:40.124] Load Cached PNG Texture: Squad/Parts/@thumbs/elevon2_icon
[LOG 19:02:40.124] Load Cached PNG Texture: Squad/Parts/@thumbs/elevon3_icon
[LOG 19:02:40.124] Load Cached PNG Texture: Squad/Parts/@thumbs/elevon5_icon
[LOG 19:02:40.124] Load Cached PNG Texture: Squad/Parts/@thumbs/evaChute_icon
[LOG 19:02:40.124] Load Cached PNG Texture: Squad/Parts/@thumbs/evaCylinder_icon
[LOG 19:02:40.124] Load Cached PNG Texture: Squad/Parts/@thumbs/evaJetpack_icon
[LOG 19:02:40.124] Load Cached PNG Texture: Squad/Parts/@thumbs/evaRepairKit_icon
[LOG 19:02:40.124] Load Cached PNG Texture: Squad/Parts/@thumbs/evaScienceKit_icon
[LOG 19:02:40.124] Load Cached PNG Texture: Squad/Parts/@thumbs/externalTankCapsule_icon0
[LOG 19:02:40.125] Load Cached PNG Texture: Squad/Parts/@thumbs/externalTankCapsule_icon1
[LOG 19:02:40.125] Load Cached PNG Texture: Squad/Parts/@thumbs/externalTankRound_icon0
[LOG 19:02:40.125] Load Cached PNG Texture: Squad/Parts/@thumbs/externalTankRound_icon1
[LOG 19:02:40.125] Load Cached PNG Texture: Squad/Parts/@thumbs/externalTankToroid_icon0
[LOG 19:02:40.125] Load Cached PNG Texture: Squad/Parts/@thumbs/externalTankToroid_icon1
[LOG 19:02:40.125] Load Cached PNG Texture: Squad/Parts/@thumbs/fireworksLauncherBig_icon
[LOG 19:02:40.125] Load Cached PNG Texture: Squad/Parts/@thumbs/fireworksLauncherSmall_icon
[LOG 19:02:40.125] Load Cached PNG Texture: Squad/Parts/@thumbs/foldingRadMed_icon
[LOG 19:02:40.125] Load Cached PNG Texture: Squad/Parts/@thumbs/foldingRadSmall_icon
[LOG 19:02:40.125] Load Cached PNG Texture: Squad/Parts/@thumbs/FuelCellArray_icon
[LOG 19:02:40.125] Load Cached PNG Texture: Squad/Parts/@thumbs/FuelCell_icon
[LOG 19:02:40.126] Load Cached PNG Texture: Squad/Parts/@thumbs/fuelTankSmallFlat_icon0
[LOG 19:02:40.126] Load Cached PNG Texture: Squad/Parts/@thumbs/fuelTankSmallFlat_icon1
[LOG 19:02:40.126] Load Cached PNG Texture: Squad/Parts/@thumbs/fuelTankSmallFlat_icon2
[LOG 19:02:40.126] Load Cached PNG Texture: Squad/Parts/@thumbs/fuelTankSmallFlat_icon3
[LOG 19:02:40.126] Load Cached PNG Texture: Squad/Parts/@thumbs/fuelTankSmall_icon0
[LOG 19:02:40.126] Load Cached PNG Texture: Squad/Parts/@thumbs/fuelTankSmall_icon1
[LOG 19:02:40.126] Load Cached PNG Texture: Squad/Parts/@thumbs/fuelTankSmall_icon2
[LOG 19:02:40.126] Load Cached PNG Texture: Squad/Parts/@thumbs/fuelTankSmall_icon3
[LOG 19:02:40.126] Load Cached PNG Texture: Squad/Parts/@thumbs/GearFixed_icon
[LOG 19:02:40.126] Load Cached PNG Texture: Squad/Parts/@thumbs/GearFree_icon
[LOG 19:02:40.126] Load Cached PNG Texture: Squad/Parts/@thumbs/GearSmall_icon
[LOG 19:02:40.127] Load Cached PNG Texture: Squad/Parts/@thumbs/GooExperiment_icon
[LOG 19:02:40.127] Load Cached PNG Texture: Squad/Parts/@thumbs/groundAnchor_icon
[LOG 19:02:40.127] Load Cached PNG Texture: Squad/Parts/@thumbs/groundLight1_icon
[LOG 19:02:40.127] Load Cached PNG Texture: Squad/Parts/@thumbs/groundLight2_icon
[LOG 19:02:40.127] Load Cached PNG Texture: Squad/Parts/@thumbs/HeatShield0_icon
[LOG 19:02:40.127] Load Cached PNG Texture: Squad/Parts/@thumbs/HeatShield1_icon
[LOG 19:02:40.127] Load Cached PNG Texture: Squad/Parts/@thumbs/HECS2.ProbeCore_icon
[LOG 19:02:40.127] Load Cached PNG Texture: Squad/Parts/@thumbs/HighGainAntenna5.v2_icon
[LOG 19:02:40.127] Load Cached PNG Texture: Squad/Parts/@thumbs/HighGainAntenna5_icon
[LOG 19:02:40.127] Load Cached PNG Texture: Squad/Parts/@thumbs/HighGainAntenna_icon
[LOG 19:02:40.127] Load Cached PNG Texture: Squad/Parts/@thumbs/IntakeRadialLong_icon
[LOG 19:02:40.128] Load Cached PNG Texture: Squad/Parts/@thumbs/ionEngine_icon
[LOG 19:02:40.128] Load Cached PNG Texture: Squad/Parts/@thumbs/ksp.r.largeBatteryPack_icon
[LOG 19:02:40.128] Load Cached PNG Texture: Squad/Parts/@thumbs/ladder1_icon
[LOG 19:02:40.128] Load Cached PNG Texture: Squad/Parts/@thumbs/landingLeg1-2_icon
[LOG 19:02:40.128] Load Cached PNG Texture: Squad/Parts/@thumbs/landingLeg1_icon
[LOG 19:02:40.128] Load Cached PNG Texture: Squad/Parts/@thumbs/LgRadialSolarPanel_icon
[LOG 19:02:40.128] Load Cached PNG Texture: Squad/Parts/@thumbs/linearRcs_icon
[LOG 19:02:40.128] Load Cached PNG Texture: Squad/Parts/@thumbs/liquidEngine3.v2_icon0
[LOG 19:02:40.128] Load Cached PNG Texture: Squad/Parts/@thumbs/liquidEngine3.v2_icon1
[LOG 19:02:40.128] Load Cached PNG Texture: Squad/Parts/@thumbs/liquidEngine3.v2_icon2
[LOG 19:02:40.128] Load Cached PNG Texture: Squad/Parts/@thumbs/liquidEngineMini.v2_icon0
[LOG 19:02:40.128] Load Cached PNG Texture: Squad/Parts/@thumbs/liquidEngineMini.v2_icon1
[LOG 19:02:40.129] Load Cached PNG Texture: Squad/Parts/@thumbs/liquidEngineMini.v2_icon2
[LOG 19:02:40.129] Load Cached PNG Texture: Squad/Parts/@thumbs/longAntenna_icon
[LOG 19:02:40.129] Load Cached PNG Texture: Squad/Parts/@thumbs/Magnetometer_icon
[LOG 19:02:40.129] Load Cached PNG Texture: Squad/Parts/@thumbs/mediumDishAntenna_icon
[LOG 19:02:40.129] Load Cached PNG Texture: Squad/Parts/@thumbs/microEngine.v2_icon0
[LOG 19:02:40.129] Load Cached PNG Texture: Squad/Parts/@thumbs/microEngine.v2_icon1
[LOG 19:02:40.129] Load Cached PNG Texture: Squad/Parts/@thumbs/MiniDrill_icon
[LOG 19:02:40.129] Load Cached PNG Texture: Squad/Parts/@thumbs/miniFuelTank_icon
[LOG 19:02:40.129] Load Cached PNG Texture: Squad/Parts/@thumbs/miniFuselage_icon
[LOG 19:02:40.129] Load Cached PNG Texture: Squad/Parts/@thumbs/miniIntake_icon
[LOG 19:02:40.129] Load Cached PNG Texture: Squad/Parts/@thumbs/miniJetEngine_icon
[LOG 19:02:40.130] Load Cached PNG Texture: Squad/Parts/@thumbs/miniLandingLeg_icon
[LOG 19:02:40.130] Load Cached PNG Texture: Squad/Parts/@thumbs/Mite_icon
[LOG 19:02:40.130] Load Cached PNG Texture: Squad/Parts/@thumbs/mk1pod.v2_icon0
[LOG 19:02:40.130] Load Cached PNG Texture: Squad/Parts/@thumbs/mk2DroneCore_icon
[LOG 19:02:40.130] Load Cached PNG Texture: Squad/Parts/@thumbs/MpoProbe_icon
[LOG 19:02:40.130] Load Cached PNG Texture: Squad/Parts/@thumbs/navLight1_icon0
[LOG 19:02:40.130] Load Cached PNG Texture: Squad/Parts/@thumbs/navLight1_icon1
[LOG 19:02:40.130] Load Cached PNG Texture: Squad/Parts/@thumbs/noseCone_icon0
[LOG 19:02:40.130] Load Cached PNG Texture: Squad/Parts/@thumbs/noseCone_icon1
[LOG 19:02:40.130] Load Cached PNG Texture: Squad/Parts/@thumbs/noseCone_icon2
[LOG 19:02:40.131] Load Cached PNG Texture: Squad/Parts/@thumbs/omsEngine_icon
[LOG 19:02:40.131] Load Cached PNG Texture: Squad/Parts/@thumbs/OrbitalScanner_icon
[LOG 19:02:40.131] Load Cached PNG Texture: Squad/Parts/@thumbs/parachuteDrogue_icon
[LOG 19:02:40.131] Load Cached PNG Texture: Squad/Parts/@thumbs/parachuteLarge_icon
[LOG 19:02:40.131] Load Cached PNG Texture: Squad/Parts/@thumbs/parachuteRadial_icon
[LOG 19:02:40.131] Load Cached PNG Texture: Squad/Parts/@thumbs/parachuteSingle_icon
[LOG 19:02:40.131] Load Cached PNG Texture: Squad/Parts/@thumbs/probeCoreCube_icon
[LOG 19:02:40.131] Load Cached PNG Texture: Squad/Parts/@thumbs/probeCoreHex.v2_icon
[LOG 19:02:40.131] Load Cached PNG Texture: Squad/Parts/@thumbs/probeCoreOcto.v2_icon
[LOG 19:02:40.131] Load Cached PNG Texture: Squad/Parts/@thumbs/probeCoreOcto2.v2_icon
[LOG 19:02:40.132] Load Cached PNG Texture: Squad/Parts/@thumbs/probeCoreSphere.v2_icon
[LOG 19:02:40.132] Load Cached PNG Texture: Squad/Parts/@thumbs/probeStackLarge_icon
[LOG 19:02:40.132] Load Cached PNG Texture: Squad/Parts/@thumbs/probeStackSmall_icon
[LOG 19:02:40.132] Load Cached PNG Texture: Squad/Parts/@thumbs/R8winglet_icon
[LOG 19:02:40.132] Load Cached PNG Texture: Squad/Parts/@thumbs/radialDecoupler1-2_icon
[LOG 19:02:40.132] Load Cached PNG Texture: Squad/Parts/@thumbs/radialDecoupler2_icon
[LOG 19:02:40.132] Load Cached PNG Texture: Squad/Parts/@thumbs/radialDecoupler_icon
[LOG 19:02:40.132] Load Cached PNG Texture: Squad/Parts/@thumbs/radialDrogue_icon
[LOG 19:02:40.132] Load Cached PNG Texture: Squad/Parts/@thumbs/radialEngineMini.v2_icon0
[LOG 19:02:40.132] Load Cached PNG Texture: Squad/Parts/@thumbs/radialEngineMini.v2_icon1
[LOG 19:02:40.133] Load Cached PNG Texture: Squad/Parts/@thumbs/radialLiquidEngine1-2_icon
[LOG 19:02:40.133] Load Cached PNG Texture: Squad/Parts/@thumbs/RadialOreTank_icon
[LOG 19:02:40.133] Load Cached PNG Texture: Squad/Parts/@thumbs/radialRCSTank_icon
[LOG 19:02:40.133] Load Cached PNG Texture: Squad/Parts/@thumbs/radPanelEdge_icon
[LOG 19:02:40.133] Load Cached PNG Texture: Squad/Parts/@thumbs/radPanelLg_icon
[LOG 19:02:40.133] Load Cached PNG Texture: Squad/Parts/@thumbs/radPanelSm_icon
[LOG 19:02:40.133] Load Cached PNG Texture: Squad/Parts/@thumbs/RCSblock.01.small_icon0
[LOG 19:02:40.134] Load Cached PNG Texture: Squad/Parts/@thumbs/RCSblock.01.small_icon1
[LOG 19:02:40.134] Load Cached PNG Texture: Squad/Parts/@thumbs/RCSblock.01.small_icon2
[LOG 19:02:40.134] Load Cached PNG Texture: Squad/Parts/@thumbs/RCSblock.01.small_icon3
[LOG 19:02:40.134] Load Cached PNG Texture: Squad/Parts/@thumbs/RCSblock.01.small_icon4
[LOG 19:02:40.134] Load Cached PNG Texture: Squad/Parts/@thumbs/RCSBlock.v2_icon
[LOG 19:02:40.134] Load Cached PNG Texture: Squad/Parts/@thumbs/RCSBlock.v2_icon0
[LOG 19:02:40.134] Load Cached PNG Texture: Squad/Parts/@thumbs/RCSBlock.v2_icon1
[LOG 19:02:40.134] Load Cached PNG Texture: Squad/Parts/@thumbs/RCSBlock.v2_icon2
[LOG 19:02:40.134] Load Cached PNG Texture: Squad/Parts/@thumbs/RCSBlock.v2_icon3
[LOG 19:02:40.135] Load Cached PNG Texture: Squad/Parts/@thumbs/RCSBlock.v2_icon4
[LOG 19:02:40.135] Load Cached PNG Texture: Squad/Parts/@thumbs/RCSFuelTank_icon
[LOG 19:02:40.135] Load Cached PNG Texture: Squad/Parts/@thumbs/RCSLinearSmall_icon
[LOG 19:02:40.135] Load Cached PNG Texture: Squad/Parts/@thumbs/rcsTankMini_icon
[LOG 19:02:40.135] Load Cached PNG Texture: Squad/Parts/@thumbs/RelayAntenna5_icon
[LOG 19:02:40.135] Load Cached PNG Texture: Squad/Parts/@thumbs/ReleaseValve_icon
[LOG 19:02:40.135] Load Cached PNG Texture: Squad/Parts/@thumbs/roverBody.v2_icon0
[LOG 19:02:40.135] Load Cached PNG Texture: Squad/Parts/@thumbs/roverBody.v2_icon1
[LOG 19:02:40.136] Load Cached PNG Texture: Squad/Parts/@thumbs/roverBody.v2_icon2
[LOG 19:02:40.136] Load Cached PNG Texture: Squad/Parts/@thumbs/roverWheel1_icon
[LOG 19:02:40.136] Load Cached PNG Texture: Squad/Parts/@thumbs/roverWheel2_icon
[LOG 19:02:40.136] Load Cached PNG Texture: Squad/Parts/@thumbs/rtg_icon
[LOG 19:02:40.136] Load Cached PNG Texture: Squad/Parts/@thumbs/sasModule_icon
[LOG 19:02:40.136] Load Cached PNG Texture: Squad/Parts/@thumbs/science.module_icon
[LOG 19:02:40.136] Load Cached PNG Texture: Squad/Parts/@thumbs/ScienceBox_icon
[LOG 19:02:40.137] Load Cached PNG Texture: Squad/Parts/@thumbs/seatExternalCmd_icon
[LOG 19:02:40.137] Load Cached PNG Texture: Squad/Parts/@thumbs/sensorAccelerometer_icon
[LOG 19:02:40.137] Load Cached PNG Texture: Squad/Parts/@thumbs/sensorAtmosphere_icon
[LOG 19:02:40.137] Load Cached PNG Texture: Squad/Parts/@thumbs/sensorBarometer_icon
[LOG 19:02:40.137] Load Cached PNG Texture: Squad/Parts/@thumbs/sensorGravimeter_icon
[LOG 19:02:40.137] Load Cached PNG Texture: Squad/Parts/@thumbs/sensorThermometer_icon
[LOG 19:02:40.137] Load Cached PNG Texture: Squad/Parts/@thumbs/Separator.0_icon0
[LOG 19:02:40.137] Load Cached PNG Texture: Squad/Parts/@thumbs/Separator.0_icon1
[LOG 19:02:40.138] Load Cached PNG Texture: Squad/Parts/@thumbs/Separator.1_icon0
[LOG 19:02:40.138] Load Cached PNG Texture: Squad/Parts/@thumbs/Separator.1_icon1
[LOG 19:02:40.138] Load Cached PNG Texture: Squad/Parts/@thumbs/sepMotor1_icon
[LOG 19:02:40.138] Load Cached PNG Texture: Squad/Parts/@thumbs/ServiceBay.125.v2_icon
[LOG 19:02:40.138] Load Cached PNG Texture: Squad/Parts/@thumbs/shockConeIntake_icon
[LOG 19:02:40.138] Load Cached PNG Texture: Squad/Parts/@thumbs/Shrimp_icon
[LOG 19:02:40.138] Load Cached PNG Texture: Squad/Parts/@thumbs/smallCargoContainer_icon
[LOG 19:02:40.139] Load Cached PNG Texture: Squad/Parts/@thumbs/smallClaw_icon0
[LOG 19:02:40.139] Load Cached PNG Texture: Squad/Parts/@thumbs/smallClaw_icon1
[LOG 19:02:40.139] Load Cached PNG Texture: Squad/Parts/@thumbs/smallCtrlSrf_icon
[LOG 19:02:40.139] Load Cached PNG Texture: Squad/Parts/@thumbs/SmallGearBay_icon
[LOG 19:02:40.139] Load Cached PNG Texture: Squad/Parts/@thumbs/smallHardpoint_icon
[LOG 19:02:40.139] Load Cached PNG Texture: Squad/Parts/@thumbs/smallRadialEngine.v2_icon0
[LOG 19:02:40.139] Load Cached PNG Texture: Squad/Parts/@thumbs/smallRadialEngine.v2_icon1
[LOG 19:02:40.140] Load Cached PNG Texture: Squad/Parts/@thumbs/solarPanelOX10C_icon
[LOG 19:02:40.140] Load Cached PNG Texture: Squad/Parts/@thumbs/solarPanelOX10L_icon
[LOG 19:02:40.140] Load Cached PNG Texture: Squad/Parts/@thumbs/solarPanels1_icon
[LOG 19:02:40.140] Load Cached PNG Texture: Squad/Parts/@thumbs/solarPanels2_icon
[LOG 19:02:40.140] Load Cached PNG Texture: Squad/Parts/@thumbs/solarPanels3_icon
[LOG 19:02:40.140] Load Cached PNG Texture: Squad/Parts/@thumbs/solarPanels4_icon
[LOG 19:02:40.141] Load Cached PNG Texture: Squad/Parts/@thumbs/solarPanels5_icon
[LOG 19:02:40.141] Load Cached PNG Texture: Squad/Parts/@thumbs/solarPanelSP10C_icon
[LOG 19:02:40.141] Load Cached PNG Texture: Squad/Parts/@thumbs/solarPanelSP10L_icon
[LOG 19:02:40.141] Load Cached PNG Texture: Squad/Parts/@thumbs/spotLight1_icon
[LOG 19:02:40.141] Load Cached PNG Texture: Squad/Parts/@thumbs/spotLight2_icon
[LOG 19:02:40.141] Load Cached PNG Texture: Squad/Parts/@thumbs/spotLight3_icon0
[LOG 19:02:40.141] Load Cached PNG Texture: Squad/Parts/@thumbs/spotLight3_icon1
[LOG 19:02:40.141] Load Cached PNG Texture: Squad/Parts/@thumbs/stackPoint1_icon
[LOG 19:02:40.145] Load Cached PNG Texture: Squad/Parts/@thumbs/StandardCtrlSrf_icon
[LOG 19:02:40.150] Load Cached PNG Texture: Squad/Parts/@thumbs/standardNoseCone_icon
[LOG 19:02:40.150] Load Cached PNG Texture: Squad/Parts/@thumbs/stripLight1_icon0
[LOG 19:02:40.150] Load Cached PNG Texture: Squad/Parts/@thumbs/stripLight1_icon1
[LOG 19:02:40.150] Load Cached PNG Texture: Squad/Parts/@thumbs/structuralIBeam1_icon
[LOG 19:02:40.151] Load Cached PNG Texture: Squad/Parts/@thumbs/structuralIBeam3_icon
[LOG 19:02:40.151] Load Cached PNG Texture: Squad/Parts/@thumbs/structuralMiniNode_icon
[LOG 19:02:40.151] Load Cached PNG Texture: Squad/Parts/@thumbs/structuralPanel1_icon
[LOG 19:02:40.151] Load Cached PNG Texture: Squad/Parts/@thumbs/structuralPanel2_icon
[LOG 19:02:40.154] Load Cached PNG Texture: Squad/Parts/@thumbs/structuralWing4_icon
[LOG 19:02:40.154] Load Cached PNG Texture: Squad/Parts/@thumbs/strutCube_icon
[LOG 19:02:40.155] Load Cached PNG Texture: Squad/Parts/@thumbs/strutOcto_icon
[LOG 19:02:40.155] Load Cached PNG Texture: Squad/Parts/@thumbs/SurfaceScanner_icon
[LOG 19:02:40.155] Load Cached PNG Texture: Squad/Parts/@thumbs/SurfAntenna_icon
[LOG 19:02:40.155] Load Cached PNG Texture: Squad/Parts/@thumbs/telescopicLadderBay_icon
[LOG 19:02:40.155] Load Cached PNG Texture: Squad/Parts/@thumbs/telescopicLadder_icon
[LOG 19:02:40.155] Load Cached PNG Texture: Squad/Parts/@thumbs/toroidalAerospike_icon
[LOG 19:02:40.155] Load Cached PNG Texture: Squad/Parts/@thumbs/trussAdapter_icon
[LOG 19:02:40.155] Load Cached PNG Texture: Squad/Parts/@thumbs/trussPiece1x_icon
[LOG 19:02:40.155] Load Cached PNG Texture: Squad/Parts/@thumbs/trussPiece3x_icon
[LOG 19:02:40.161] Load Cached PNG Texture: Squad/Parts/@thumbs/vernierEngine_icon
[LOG 19:02:40.161] Load Cached PNG Texture: Squad/Parts/@thumbs/wheelMed_icon
[LOG 19:02:40.161] Load Cached PNG Texture: Squad/Parts/@thumbs/wingConnector4_icon
[LOG 19:02:40.161] Load Cached PNG Texture: Squad/Parts/@thumbs/wingConnector5_icon
[LOG 19:02:40.162] Load Cached PNG Texture: Squad/Parts/@thumbs/winglet3_icon
[LOG 19:02:40.162] Load Cached PNG Texture: Squad/Parts/@thumbs/winglet_icon
[LOG 19:02:40.162] Load Cached PNG Texture: Squad/Parts/@thumbs/wingShuttleElevon1_icon
[LOG 19:02:40.162] Load Cached PNG Texture: Squad/Parts/@thumbs/xenonTankLarge_icon
[LOG 19:02:40.169] Load Cached PNG Texture: Squad/Parts/@thumbs/xenonTankRadial_icon
[LOG 19:02:40.169] Load Cached PNG Texture: Squad/Parts/@thumbs/xenonTank_icon
[LOG 19:02:40.169] Load DDS texture: Squad/Parts/Aero/aerodynamicNoseCone/Rockomax_Adapters_diffuse
[LOG 19:02:40.169] Load DDS texture: Squad/Parts/Aero/aerodynamicNoseCone/Rockomax_Adapters_normal
[LOG 19:02:40.169] Load DDS texture: Squad/Parts/Aero/airbrake/airbrake
[LOG 19:02:40.170] Load DDS texture: Squad/Parts/Aero/airIntakeRadialXM-G50/RadialIntake
[LOG 19:02:40.170] Load DDS texture: Squad/Parts/Aero/airlinerWings/AirlinerWings
[LOG 19:02:40.175] Load DDS texture: Squad/Parts/Aero/airplaneFins/AirplaneFins
[LOG 19:02:40.177] Load DDS texture: Squad/Parts/Aero/basicFin/BasicFin
[LOG 19:02:40.181] Load DDS texture: Squad/Parts/Aero/circularIntake/CircluarIntakes
[LOG 19:02:40.181] Load DDS texture: Squad/Parts/Aero/circularIntake/CircluarIntakes_Heat
[LOG 19:02:40.182] Load DDS texture: Squad/Parts/Aero/cones/Assets/Cones
[LOG 19:02:40.182] Load DDS texture: Squad/Parts/Aero/cones/Assets/ConesDiffuse
[LOG 19:02:40.184] Load DDS texture: Squad/Parts/Aero/cones/Assets/ConesDiffuse_Orange
[LOG 19:02:40.186] Load DDS texture: Squad/Parts/Aero/cones/Assets/ConesDiffuse_White
[LOG 19:02:40.189] Load DDS texture: Squad/Parts/Aero/cones/Assets/ConesHeat
[LOG 19:02:40.190] Load DDS texture: Squad/Parts/Aero/cones/Assets/ConesHeat_Orange
[LOG 19:02:40.192] Load DDS texture: Squad/Parts/Aero/cones/Assets/ConesHeat_White
[LOG 19:02:40.193] Load DDS texture: Squad/Parts/Aero/cones/Assets/Cones_Heat
[LOG 19:02:40.193] Load Cached PNG Texture: Squad/Parts/Aero/cones/Assets/rocketNoseCones_O
[LOG 19:02:40.198] Load Cached PNG Texture: Squad/Parts/Aero/cones/Assets/rocketNoseCones_O_Normal
[LOG 19:02:40.199] Load DDS texture: Squad/Parts/Aero/cones/Assets/rocketNoseCones_W
[LOG 19:02:40.204] Load DDS texture: Squad/Parts/Aero/cones/Assets/Rockomax_Adapters_diffuse
[LOG 19:02:40.205] Load DDS texture: Squad/Parts/Aero/cones/Assets/Rockomax_Adapters_normal
[LOG 19:02:40.205] Load DDS texture: Squad/Parts/Aero/fairings/AutoTruss
[LOG 19:02:40.205] Load DDS texture: Squad/Parts/Aero/fairings/FairingBase
[LOG 19:02:40.205] Load DDS texture: Squad/Parts/Aero/fairings/FairingBaseNormals
[LOG 19:02:40.206] Load DDS texture: Squad/Parts/Aero/fairings/FairingBaseNormals_bw
[LOG 19:02:40.206] Load DDS texture: Squad/Parts/Aero/fairings/FairingBaseNormals_goldSilver
[LOG 19:02:40.207] Load DDS texture: Squad/Parts/Aero/fairings/FairingBaseNormals_orange
[LOG 19:02:40.207] Load Cached PNG Texture: Squad/Parts/Aero/fairings/FairingBase_black
[LOG 19:02:40.209] Load DDS texture: Squad/Parts/Aero/fairings/FairingBase_bw
[LOG 19:02:40.210] Load DDS texture: Squad/Parts/Aero/fairings/FairingBase_goldDiffuse
[LOG 19:02:40.211] Load DDS texture: Squad/Parts/Aero/fairings/FairingBase_goldSpecular
[LOG 19:02:40.211] Load DDS texture: Squad/Parts/Aero/fairings/FairingBase_orange
[LOG 19:02:40.212] Load DDS texture: Squad/Parts/Aero/fairings/FairingBase_silverDiffuse
[LOG 19:02:40.213] Load DDS texture: Squad/Parts/Aero/fairings/FairingBase_silverSpecular
[LOG 19:02:40.220] Load DDS texture: Squad/Parts/Aero/fairings/fairingsCap
[LOG 19:02:40.220] Load DDS texture: Squad/Parts/Aero/fairings/FairingsMat_silverSpecular
[LOG 19:02:40.229] Load DDS texture: Squad/Parts/Aero/fairings/fairings_diff
[LOG 19:02:40.230] Load DDS texture: Squad/Parts/Aero/fairings/fairings_diff_grey
[LOG 19:02:40.231] Load DDS texture: Squad/Parts/Aero/fairings/fairings_diff_orange
[LOG 19:02:40.232] Load DDS texture: Squad/Parts/Aero/fairings/fairings_grey_normals
[LOG 19:02:40.233] Load DDS texture: Squad/Parts/Aero/fairings/fairings_normals
[LOG 19:02:40.234] Load DDS texture: Squad/Parts/Aero/fairings/fairings_normals_silver
[LOG 19:02:40.237] Load DDS texture: Squad/Parts/Aero/fairings/fairings_orange_normals
[LOG 19:02:40.243] Load DDS texture: Squad/Parts/Aero/fairings/fairings_silverDiffuse
[LOG 19:02:40.244] Load DDS texture: Squad/Parts/Aero/HeatShield/Fairing
[LOG 19:02:40.244] Load DDS texture: Squad/Parts/Aero/HeatShield/heatshield
[LOG 19:02:40.244] Load DDS texture: Squad/Parts/Aero/InflatableHeatShield/HeatShield
[LOG 19:02:40.245] Load DDS texture: Squad/Parts/Aero/InflatableHeatShield/HeatShieldFairing
[LOG 19:02:40.245] Load DDS texture: Squad/Parts/Aero/InflatableHeatShield/HeatShield_NRM
[LOG 19:02:40.246] Load DDS texture: Squad/Parts/Aero/intakeRadialLong/Radial_long
[LOG 19:02:40.246] Load DDS texture: Squad/Parts/Aero/miniIntake/SmallIntake
[LOG 19:02:40.247] Load DDS texture: Squad/Parts/Aero/ramAirIntake/RampIntake
[LOG 19:02:40.247] Load DDS texture: Squad/Parts/Aero/ramAirIntake/RampIntake_Heat
[LOG 19:02:40.247] Load DDS texture: Squad/Parts/Aero/shuttleWings/ShuttleWings
[LOG 19:02:40.275] Load DDS texture: Squad/Parts/Aero/wingletAV-R8/model000
[LOG 19:02:40.275] Load DDS texture: Squad/Parts/Aero/wingletAV-R8/model001
[LOG 19:02:40.275] Load DDS texture: Squad/Parts/Aero/wingletAV-T1/model000
[LOG 19:02:40.276] Load DDS texture: Squad/Parts/Aero/wingletAV-T1/model001
[LOG 19:02:40.276] Load DDS texture: Squad/Parts/Aero/wingletDeltaDeluxe/model000
[LOG 19:02:40.277] Load DDS texture: Squad/Parts/Aero/wings/Wings
[LOG 19:02:40.278] Load DDS texture: Squad/Parts/Cargo/CargoContainers/cargoContainer_diff
[LOG 19:02:40.278] Load DDS texture: Squad/Parts/Cargo/CargoContainers/smallCargoContainer_diffuse
[LOG 19:02:40.278] Load DDS texture: Squad/Parts/Cargo/CargoContainers/smallCargoContainer_nrm
[LOG 19:02:40.279] Load DDS texture: Squad/Parts/Cargo/CargoContainers/smallCargoContainer_specular
[LOG 19:02:40.279] Load DDS texture: Squad/Parts/Cargo/Cylinder/EVAcylinder_diffuse
[LOG 19:02:40.280] Load DDS texture: Squad/Parts/Cargo/Cylinder/EVAcylinder_nrm
[LOG 19:02:40.280] Load DDS texture: Squad/Parts/Cargo/GroundAnchor/groundAnchor_diffuse
[LOG 19:02:40.280] Load DDS texture: Squad/Parts/Cargo/GroundAnchor/groundAnchor_nrm
[LOG 19:02:40.280] Load DDS texture: Squad/Parts/Cargo/Jetpack/EVAjetpack
[LOG 19:02:40.282] Load DDS texture: Squad/Parts/Cargo/Jetpack/EVAjetpackEmmisive
[LOG 19:02:40.282] Load DDS texture: Squad/Parts/Cargo/Jetpack/EVAjetpackNRM
[LOG 19:02:40.284] Load DDS texture: Squad/Parts/Cargo/Parachute/backpack_Diff
[LOG 19:02:40.292] Load DDS texture: Squad/Parts/Cargo/Parachute/backpack_NM
[LOG 19:02:40.301] Load DDS texture: Squad/Parts/Cargo/RepairKit/RepairKit_Diffuse
[LOG 19:02:40.303] Load DDS texture: Squad/Parts/Cargo/RepairKit/RepairKit_Normal
[LOG 19:02:40.305] Load DDS texture: Squad/Parts/Cargo/ScienceKit/ExperimentKit_Material_Diffuse
[LOG 19:02:40.306] Load DDS texture: Squad/Parts/Cargo/ScienceKit/ExperimentKit_Material_Emissive
[LOG 19:02:40.309] Load DDS texture: Squad/Parts/Cargo/ScienceKit/ExperimentKit_Material_Normal
[LOG 19:02:40.310] Load DDS texture: Squad/Parts/Cargo/StorageUnits/Assets/Cargo_Material_Diffuse
[LOG 19:02:40.316] Load DDS texture: Squad/Parts/Cargo/StorageUnits/Assets/Cargo_Material_Normal
[LOG 19:02:40.325] Load DDS texture: Squad/Parts/Command/advancedSasModuleLarge/model000
[LOG 19:02:40.325] Load DDS texture: Squad/Parts/Command/advancedSasModuleLarge/model001
[LOG 19:02:40.325] Load DDS texture: Squad/Parts/Command/cupola/cupola_Emissive
[LOG 19:02:40.326] Load DDS texture: Squad/Parts/Command/cupola/ksp_l_cupola_diff
[LOG 19:02:40.330] Load DDS texture: Squad/Parts/Command/cupola/ksp_l_cupola_normal
[LOG 19:02:40.335] Load DDS texture: Squad/Parts/Command/cupola/window
[LOG 19:02:40.340] Load DDS texture: Squad/Parts/Command/externalCommandSeat/model000
[LOG 19:02:40.343] Load DDS texture: Squad/Parts/Command/hitchhikerStorageContainer/cabin
[LOG 19:02:40.344] Load DDS texture: Squad/Parts/Command/hitchhikerStorageContainer/cabin_Illum
[LOG 19:02:40.345] Load DDS texture: Squad/Parts/Command/hitchhikerStorageContainer/cabin_n
[LOG 19:02:40.346] Load DDS texture: Squad/Parts/Command/hitchhikerStorageContainer/window
[LOG 19:02:40.346] Load DDS texture: Squad/Parts/Command/inlineAdvancedStabilizer/model000
[LOG 19:02:40.346] Load DDS texture: Squad/Parts/Command/inlineAdvancedStabilizer/model001
[LOG 19:02:40.347] Load DDS texture: Squad/Parts/Command/inlineReactionWheel/model000
[LOG 19:02:40.347] Load DDS texture: Squad/Parts/Command/inlineReactionWheel/model001
[LOG 19:02:40.347] Load DDS texture: Squad/Parts/Command/inlineReactionWheel/model002
[LOG 19:02:40.347] Load DDS texture: Squad/Parts/Command/Mk1-2Pod/mk 1-2 external shell Variant-Hatch
[LOG 19:02:40.348] Load DDS texture: Squad/Parts/Command/Mk1-3Pod/M1-3 Pod
[LOG 19:02:40.350] Load DDS texture: Squad/Parts/Command/Mk1-3Pod/M1-3 Pod_GLOW
[LOG 19:02:40.350] Load DDS texture: Squad/Parts/Command/mk1Cockpits/GLOW
[LOG 19:02:40.350] Load DDS texture: Squad/Parts/Command/mk1Cockpits/Mk1Cockpit
[LOG 19:02:40.352] Load DDS texture: Squad/Parts/Command/mk1LanderCan/ksp_s_landerCan_diff
[LOG 19:02:40.353] Load DDS texture: Squad/Parts/Command/mk1LanderCan/ksp_s_landerCan_normal
[LOG 19:02:40.354] Load DDS texture: Squad/Parts/Command/mk1LanderCan/ksp_s_landerCan_psd_illum
[LOG 19:02:40.354] Load DDS texture: Squad/Parts/Command/mk1pod/outer shell
[LOG 19:02:40.355] Load DDS texture: Squad/Parts/Command/mk1pod_v2/Mk1_v2
[LOG 19:02:40.356] Load DDS texture: Squad/Parts/Command/mk1pod_v2/Mk1_v2_GLOW
[LOG 19:02:40.358] Load DDS texture: Squad/Parts/Command/mk1pod_v2/Mk1_v2_GW
[LOG 19:02:40.360] Load DDS texture: Squad/Parts/Command/mk1pod_v2/Mk1_v2_N
[LOG 19:02:40.363] Load DDS texture: Squad/Parts/Command/mk1pod_v2/Mk1_v2_W
[LOG 19:02:40.364] Load DDS texture: Squad/Parts/Command/mk1pod_v2/Mk1_v2_W_N
[LOG 19:02:40.364] Load DDS texture: Squad/Parts/Command/mk2CockpitInline/Cockpit_inline_A
[LOG 19:02:40.365] Load DDS texture: Squad/Parts/Command/mk2CockpitInline/Cockpit_inline_Emissive
[LOG 19:02:40.365] Load DDS texture: Squad/Parts/Command/mk2CockpitInline/Cockpit_inline_normal
[LOG 19:02:40.368] Load DDS texture: Squad/Parts/Command/mk2CockpitStandard/Cockpit
[LOG 19:02:40.375] Load DDS texture: Squad/Parts/Command/mk2CockpitStandard/Cockpit_Lum
[LOG 19:02:40.379] Load DDS texture: Squad/Parts/Command/mk2CockpitStandard/Cockpit_NRM
[LOG 19:02:40.384] Load DDS texture: Squad/Parts/Command/mk2DroneCore/mk2Dronecore
[LOG 19:02:40.384] Load DDS texture: Squad/Parts/Command/mk2LanderCan/Illum
[LOG 19:02:40.385] Load DDS texture: Squad/Parts/Command/mk2LanderCan/ladder
[LOG 19:02:40.385] Load DDS texture: Squad/Parts/Command/mk2LanderCan/outershell
[LOG 19:02:40.385] Load DDS texture: Squad/Parts/Command/mk2LanderCan/outershell_n
[LOG 19:02:40.385] Load DDS texture: Squad/Parts/Command/mk2LanderCan/window
[LOG 19:02:40.385] Load DDS texture: Squad/Parts/Command/mk2LanderCan_v2/Mk2Can
[LOG 19:02:40.395] Load DDS texture: Squad/Parts/Command/mk2LanderCan_v2/Mk2Can_glow
[LOG 19:02:40.408] Load DDS texture: Squad/Parts/Command/mk3CockpitShuttle/Mk3CockpitShuttle
[LOG 19:02:40.409] Load DDS texture: Squad/Parts/Command/mk3CockpitShuttle/Mk3CockpitShuttle_LUM
[LOG 19:02:40.409] Load DDS texture: Squad/Parts/Command/MpoProbe/MpoProbe_diffuse
[LOG 19:02:40.411] Load DDS texture: Squad/Parts/Command/MpoProbe/MpoProbe_nrm
[LOG 19:02:40.420] Load DDS texture: Squad/Parts/Command/MpoProbe/MpoProbe_specular
[LOG 19:02:40.422] Load DDS texture: Squad/Parts/Command/MtmStage/mtmStage_diffuse
[LOG 19:02:40.423] Load DDS texture: Squad/Parts/Command/MtmStage/mtmStage_nrm
[LOG 19:02:40.424] Load DDS texture: Squad/Parts/Command/MtmStage/mtmStage_specular
[LOG 19:02:40.425] Load DDS texture: Squad/Parts/Command/probeCoreCube/QBE_New_diffuse
[LOG 19:02:40.426] Load Cached PNG Texture: Squad/Parts/Command/probeCoreCube/QBE_New_NRM
[LOG 19:02:40.428] Load DDS texture: Squad/Parts/Command/probeCoreCube/QBE_New_specular
[LOG 19:02:40.430] Load DDS texture: Squad/Parts/Command/probeCoreHex/ksp_m_hexProbe_diff
[LOG 19:02:40.431] Load DDS texture: Squad/Parts/Command/probeCoreHex/ksp_m_hexProbe_normal
[LOG 19:02:40.432] Load DDS texture: Squad/Parts/Command/probeCoreHex_v2/hecsDiffuse
[LOG 19:02:40.432] Load DDS texture: Squad/Parts/Command/probeCoreHex_v2/hecsNormal
[LOG 19:02:40.432] Load DDS texture: Squad/Parts/Command/probeCoreOcto2_v2/octoDiffuse
[LOG 19:02:40.433] Load DDS texture: Squad/Parts/Command/probeCoreOcto2_v2/octoNormal
[LOG 19:02:40.433] Load DDS texture: Squad/Parts/Command/probeCoreOcto2_v2/octoSpecular
[LOG 19:02:40.433] Load DDS texture: Squad/Parts/Command/probeCoreOcto_v2/octoDiffuse
[LOG 19:02:40.433] Load DDS texture: Squad/Parts/Command/probeCoreOcto_v2/octoNormal
[LOG 19:02:40.434] Load DDS texture: Squad/Parts/Command/probeCoreOcto_v2/octoSpecular
[LOG 19:02:40.434] Load DDS texture: Squad/Parts/Command/probeRoverBody/model000
[LOG 19:02:40.434] Load DDS texture: Squad/Parts/Command/probeRoverBody/model001
[LOG 19:02:40.434] Load DDS texture: Squad/Parts/Command/probeRoverBody_v2/probeRoverBody_v2_gold_diffuse
[LOG 19:02:40.436] Load Cached PNG Texture: Squad/Parts/Command/probeRoverBody_v2/probeRoverBody_v2_gold_NRM
[LOG 19:02:40.438] Load DDS texture: Squad/Parts/Command/probeRoverBody_v2/probeRoverBody_v2_gold_specular
[LOG 19:02:40.440] Load DDS texture: Squad/Parts/Command/probeRoverBody_v2/probeRoverBody_v2_silver_diffuse
[LOG 19:02:40.442] Load Cached PNG Texture: Squad/Parts/Command/probeRoverBody_v2/probeRoverBody_v2_silver_NRM
[LOG 19:02:40.443] Load DDS texture: Squad/Parts/Command/probeRoverBody_v2/probeRoverBody_v2_silver_specular
[LOG 19:02:40.445] Load DDS texture: Squad/Parts/Command/probeRoverBody_v2/QBE_New_diffuse
[LOG 19:02:40.445] Load DDS texture: Squad/Parts/Command/probeRoverBody_v2/QBE_New_NRM
[LOG 19:02:40.445] Load DDS texture: Squad/Parts/Command/probeRoverBody_v2/QBE_New_specular
[LOG 19:02:40.445] Load DDS texture: Squad/Parts/Command/probeStackLarge/model000
[LOG 19:02:40.446] Load DDS texture: Squad/Parts/Command/probeStackLarge/model001
[LOG 19:02:40.448] Load DDS texture: Squad/Parts/Command/probeStackSmall/model000
[LOG 19:02:40.448] Load DDS texture: Squad/Parts/Command/probeStackSmall/model001
[LOG 19:02:40.449] Load DDS texture: Squad/Parts/Command/probeStackSphere_v2/probeStackSphere_diffuse
[LOG 19:02:40.450] Load DDS texture: Squad/Parts/Command/probeStackSphere_v2/probeStackSphere_normal
[LOG 19:02:40.456] Load DDS texture: Squad/Parts/Command/probeStackSphere_v2/probeStackSphere_specular
[LOG 19:02:40.458] Load Cached PNG Texture: Squad/Parts/CompoundParts/@thumbs/fuelLine_icon0
[LOG 19:02:40.458] Load Cached PNG Texture: Squad/Parts/CompoundParts/@thumbs/fuelLine_icon1
[LOG 19:02:40.458] Load Cached PNG Texture: Squad/Parts/CompoundParts/@thumbs/strutConnector_icon0
[LOG 19:02:40.459] Load Cached PNG Texture: Squad/Parts/CompoundParts/@thumbs/strutConnector_icon1
[LOG 19:02:40.459] Load DDS texture: Squad/Parts/CompoundParts/FuelLine/FTX-2 External Fuel Duct
[LOG 19:02:40.459] Load DDS texture: Squad/Parts/CompoundParts/FuelLine/FTX-2 External Fuel Duct_ESA
[LOG 19:02:40.459] Load DDS texture: Squad/Parts/CompoundParts/strutConnector/EAS-4 Strut Connector
[LOG 19:02:40.459] Load DDS texture: Squad/Parts/CompoundParts/strutConnector/EAS-4 Strut Connector_white
[LOG 19:02:40.459] Load DDS texture: Squad/Parts/Coupling/Assets/Decouplers
[LOG 19:02:40.463] Load DDS texture: Squad/Parts/Coupling/Assets/Decouplers_N
[LOG 19:02:40.465] Load DDS texture: Squad/Parts/Coupling/Assets/Decouplers_whiteYellow
[LOG 19:02:40.469] Load DDS texture: Squad/Parts/Coupling/Assets/Decouplers_whiteYellow_N
[LOG 19:02:40.475] Load DDS texture: Squad/Parts/Electrical/10CSolarPanels/assets/circularSolarPanel_diffuse
[LOG 19:02:40.478] Load DDS texture: Squad/Parts/Electrical/10CSolarPanels/assets/circularSolarPanel_nrm
[LOG 19:02:40.479] Load DDS texture: Squad/Parts/Electrical/10LSolarPanels/assets/retractableSolarPanel_diffuse
[LOG 19:02:40.483] Load DDS texture: Squad/Parts/Electrical/10LSolarPanels/assets/retractableSolarPanel_nrm
[LOG 19:02:40.487] Load DDS texture: Squad/Parts/Electrical/1x6ShroudSolarPanels/model000
[LOG 19:02:40.488] Load DDS texture: Squad/Parts/Electrical/1x6ShroudSolarPanels/model001
[LOG 19:02:40.488] Load DDS texture: Squad/Parts/Electrical/1x6ShroudSolarPanels/model002
[LOG 19:02:40.489] Load DDS texture: Squad/Parts/Electrical/1x6SolarPanels/model000
[LOG 19:02:40.489] Load DDS texture: Squad/Parts/Electrical/1x6SolarPanels/model001
[LOG 19:02:40.489] Load DDS texture: Squad/Parts/Electrical/1x6SolarPanels/model002
[LOG 19:02:40.489] Load DDS texture: Squad/Parts/Electrical/3x2ShroudSolarPanels/model000
[LOG 19:02:40.489] Load DDS texture: Squad/Parts/Electrical/3x2ShroudSolarPanels/model001
[LOG 19:02:40.490] Load DDS texture: Squad/Parts/Electrical/3x2ShroudSolarPanels/model002
[LOG 19:02:40.490] Load DDS texture: Squad/Parts/Electrical/3x2SolarPanels/model000
[LOG 19:02:40.490] Load DDS texture: Squad/Parts/Electrical/3x2SolarPanels/model001
[LOG 19:02:40.490] Load DDS texture: Squad/Parts/Electrical/3x2SolarPanels/model002
[LOG 19:02:40.490] Load DDS texture: Squad/Parts/Electrical/gigantorXlSolarArray/panel
[LOG 19:02:40.491] Load DDS texture: Squad/Parts/Electrical/radialFlatSolarPanel/model000
[LOG 19:02:40.491] Load DDS texture: Squad/Parts/Electrical/RTG/model000
[LOG 19:02:40.491] Load DDS texture: Squad/Parts/Electrical/z-100Battery/model000
[LOG 19:02:40.491] Load DDS texture: Squad/Parts/Electrical/z-1kBattery/model000
[LOG 19:02:40.491] Load DDS texture: Squad/Parts/Electrical/z-1kBattery/model001
[LOG 19:02:40.491] Load DDS texture: Squad/Parts/Electrical/z-200Battery/ksp_m_batteryPack_diff
[LOG 19:02:40.491] Load DDS texture: Squad/Parts/Electrical/z-400Battery/model000
[LOG 19:02:40.492] Load DDS texture: Squad/Parts/Electrical/z-4kBattery/ksp_l_batteryPack_diff
[LOG 19:02:40.492] Load DDS texture: Squad/Parts/Electrical/z-4kBattery/ksp_l_batteryPack_normal
[LOG 19:02:40.492] Load DDS texture: Squad/Parts/Engine/ionEngine/model000
[LOG 19:02:40.492] Load DDS texture: Squad/Parts/Engine/jetEngines/Jet Engines
[LOG 19:02:40.494] Load DDS texture: Squad/Parts/Engine/jetEngines/Jet_Heat
[LOG 19:02:40.494] Load DDS texture: Squad/Parts/Engine/liquidEngine24-77/engine
[LOG 19:02:40.495] Load DDS texture: Squad/Parts/Engine/liquidEngine24-77_v2/Twitch
[LOG 19:02:40.496] Load DDS texture: Squad/Parts/Engine/liquidEngine24-77_v2/Twitch_G
[LOG 19:02:40.497] Load DDS texture: Squad/Parts/Engine/liquidEngine24-77_v2/Twitch_GLOW
[LOG 19:02:40.497] Load DDS texture: Squad/Parts/Engine/liquidEngine48-7S/ksp_m_liquidEngine_diff
[LOG 19:02:40.498] Load DDS texture: Squad/Parts/Engine/liquidEngine48-7S_v2/Spark
[LOG 19:02:40.498] Load DDS texture: Squad/Parts/Engine/liquidEngine48-7S_v2/Spark_Glow
[LOG 19:02:40.498] Load DDS texture: Squad/Parts/Engine/liquidEngineAerospike/Aerospike
[LOG 19:02:40.498] Load DDS texture: Squad/Parts/Engine/liquidEngineAerospike/Aerospike_Heat
[LOG 19:02:40.498] Load DDS texture: Squad/Parts/Engine/liquidEngineLV-1_v2/Assets/Ant_and_Spider_diffuse
[LOG 19:02:40.498] Load DDS texture: Squad/Parts/Engine/liquidEngineLV-1_v2/Assets/Ant_and_Spider_emissive
[LOG 19:02:40.502] Load DDS texture: Squad/Parts/Engine/liquidEngineLV-1_v2/Assets/Ant_and_Spider_normal
[LOG 19:02:40.503] Load DDS texture: Squad/Parts/Engine/liquidEngineLV-1_v2/Assets/Ant_and_Spider_specular
[LOG 19:02:40.503] Load DDS texture: Squad/Parts/Engine/liquidEngineLV-909_v2/Terrier
[LOG 19:02:40.503] Load DDS texture: Squad/Parts/Engine/liquidEngineLV-909_v2/TerrierFairing
[LOG 19:02:40.504] Load DDS texture: Squad/Parts/Engine/liquidEngineLV-909_v2/Terrier_glow
[LOG 19:02:40.505] Load DDS texture: Squad/Parts/Engine/liquidEngineLV-N/model000
[LOG 19:02:40.505] Load DDS texture: Squad/Parts/Engine/liquidEngineLV-N/model001
[LOG 19:02:40.505] Load DDS texture: Squad/Parts/Engine/liquidEngineLV-N/model002
[LOG 19:02:40.505] Load DDS texture: Squad/Parts/Engine/liquidEngineLV-N/model003
[LOG 19:02:40.506] Load DDS texture: Squad/Parts/Engine/liquidEngineLV-T30/model000
[LOG 19:02:40.506] Load DDS texture: Squad/Parts/Engine/liquidEngineLV-T30/model001
[LOG 19:02:40.506] Load DDS texture: Squad/Parts/Engine/liquidEngineLV-T30/model002
[LOG 19:02:40.506] Load DDS texture: Squad/Parts/Engine/liquidEngineLV-T30_v2/Engine_Emissive
[LOG 19:02:40.512] Load DDS texture: Squad/Parts/Engine/liquidEngineLV-T30_v2/Engine_Normal
[LOG 19:02:40.522] Load DDS texture: Squad/Parts/Engine/liquidEngineLV-T30_v2/Fairing
[LOG 19:02:40.522] Load DDS texture: Squad/Parts/Engine/liquidEngineLV-T30_v2/Reliant_v2-shroud_Diffuse
[LOG 19:02:40.530] Load DDS texture: Squad/Parts/Engine/liquidEngineLV-T30_v2/Reliant_v2_Diffuse
[LOG 19:02:40.537] Load DDS texture: Squad/Parts/Engine/liquidEngineLV-T45/model000
[LOG 19:02:40.538] Load DDS texture: Squad/Parts/Engine/liquidEngineLV-T45/model001
[LOG 19:02:40.538] Load DDS texture: Squad/Parts/Engine/liquidEngineLV-T45/model002
[LOG 19:02:40.538] Load DDS texture: Squad/Parts/Engine/liquidEngineLV-T45/model003
[LOG 19:02:40.538] Load DDS texture: Squad/Parts/Engine/liquidEngineLV-T45_v2/Engine_Emissive
[LOG 19:02:40.544] Load DDS texture: Squad/Parts/Engine/liquidEngineLV-T45_v2/Fairing
[LOG 19:02:40.545] Load DDS texture: Squad/Parts/Engine/liquidEngineLV-T45_v2/Swivel_v2_Diffuse
[LOG 19:02:40.551] Load DDS texture: Squad/Parts/Engine/liquidEngineLV-T45_v2/Swivel_v2_Normal
[LOG 19:02:40.558] Load DDS texture: Squad/Parts/Engine/liquidEngineMainsail_v2/mainsail_diffuse
[LOG 19:02:40.564] Load DDS texture: Squad/Parts/Engine/liquidEngineMainsail_v2/mainsail_emissive
[LOG 19:02:40.565] Load DDS texture: Squad/Parts/Engine/liquidEngineMainsail_v2/mainsail_nrm
[LOG 19:02:40.571] Load DDS texture: Squad/Parts/Engine/liquidEngineMainsail_v2/mainsail_specular
[LOG 19:02:40.583] Load DDS texture: Squad/Parts/Engine/liquidEngineMainsail_v2/Shroud
[LOG 19:02:40.605] Load DDS texture: Squad/Parts/Engine/liquidEngineMk55/Thud
[LOG 19:02:40.605] Load DDS texture: Squad/Parts/Engine/liquidEngineMk55/Thud_Heat
[LOG 19:02:40.605] Load DDS texture: Squad/Parts/Engine/liquidEnginePoodle_v2/poodle
[LOG 19:02:40.607] Load DDS texture: Squad/Parts/Engine/liquidEnginePoodle_v2/PoodleShroud
[LOG 19:02:40.607] Load DDS texture: Squad/Parts/Engine/liquidEnginePoodle_v2/poodle_Glow
[LOG 19:02:40.608] Load DDS texture: Squad/Parts/Engine/liquidEnginePoodle_v2/Poodle_SingleBell_Poodle_Diffuse
[LOG 19:02:40.610] Load DDS texture: Squad/Parts/Engine/liquidEnginePoodle_v2/Poodle_SingleBell_Poodle_Emissive
[LOG 19:02:40.612] Load DDS texture: Squad/Parts/Engine/liquidEnginePoodle_v2/Poodle_SingleBell_Poodle_Normal
[LOG 19:02:40.613] Load DDS texture: Squad/Parts/Engine/liquidEngineSkipper_v2/Shroud
[LOG 19:02:40.613] Load DDS texture: Squad/Parts/Engine/liquidEngineSkipper_v2/skipper_v2_diffuse
[LOG 19:02:40.622] Load DDS texture: Squad/Parts/Engine/liquidEngineSkipper_v2/skipper_v2_emissive
[LOG 19:02:40.630] Load DDS texture: Squad/Parts/Engine/liquidEngineSkipper_v2/skipper_v2_normal
[LOG 19:02:40.643] Load DDS texture: Squad/Parts/Engine/liquidEngineSSME/SSME
[LOG 19:02:40.643] Load DDS texture: Squad/Parts/Engine/liquidEngineSSME/SSME_GLOW
[LOG 19:02:40.643] Load DDS texture: Squad/Parts/Engine/liquidEngineSSME/SSME_NRM
[LOG 19:02:40.644] Load DDS texture: Squad/Parts/Engine/MassiveSRB/solid_booster_cm
[LOG 19:02:40.646] Load DDS texture: Squad/Parts/Engine/MassiveSRB/solid_booster_cm_esa
[LOG 19:02:40.647] Load DDS texture: Squad/Parts/Engine/MassiveSRB/solid_booster_em
[LOG 19:02:40.649] Load DDS texture: Squad/Parts/Engine/MassiveSRB/solid_booster_nm
[LOG 19:02:40.650] Load DDS texture: Squad/Parts/Engine/miniJet/SmallJet
[LOG 19:02:40.650] Load DDS texture: Squad/Parts/Engine/OMSEngine/Puff_diffuse
[LOG 19:02:40.651] Load DDS texture: Squad/Parts/Engine/OMSEngine/Puff_emissive
[LOG 19:02:40.651] Load DDS texture: Squad/Parts/Engine/OMSEngine/Puff_normal
[LOG 19:02:40.651] Load DDS texture: Squad/Parts/Engine/OMSEngine/Puff_specular
[LOG 19:02:40.651] Load DDS texture: Squad/Parts/Engine/rapierEngine/rapierDiffuse
[LOG 19:02:40.672] Load DDS texture: Squad/Parts/Engine/rapierEngine/rapieremit
[LOG 19:02:40.672] Load DDS texture: Squad/Parts/Engine/Size1_SRBs/SRB_O
[LOG 19:02:40.672] Load DDS texture: Squad/Parts/Engine/Size1_SRBs/SRB_W
[LOG 19:02:40.672] Load DDS texture: Squad/Parts/Engine/Size1_SRBs/SRB_Y
[LOG 19:02:40.673] Load DDS texture: Squad/Parts/Engine/Size2LFB/Size2LFBEmissive
[LOG 19:02:40.675] Load DDS texture: Squad/Parts/Engine/Size2LFB/twin_nozzle_booster_cm
[LOG 19:02:40.676] Load DDS texture: Squad/Parts/Engine/Size2LFB/twin_nozzle_booster_nm
[LOG 19:02:40.678] Load DDS texture: Squad/Parts/Engine/Size2LFB_v2/Size2LFBEmissive
[LOG 19:02:40.679] Load DDS texture: Squad/Parts/Engine/Size2LFB_v2/twin_nozzle_booster_cm
[LOG 19:02:40.680] Load DDS texture: Squad/Parts/Engine/Size2LFB_v2/twin_nozzle_booster_nm
[LOG 19:02:40.684] Load DDS texture: Squad/Parts/Engine/Size3AdvancedEngine/decoupler_and_adaptor_cm
[LOG 19:02:40.689] Load DDS texture: Squad/Parts/Engine/Size3AdvancedEngine/Size3AdvancedEngineDiffuse
[LOG 19:02:40.691] Load DDS texture: Squad/Parts/Engine/Size3AdvancedEngine/Size3AdvancedEngineEmissive
[LOG 19:02:40.691] Load DDS texture: Squad/Parts/Engine/Size3AdvancedEngine/Size3AdvancedEngineNormal
[LOG 19:02:40.691] Load DDS texture: Squad/Parts/Engine/Size3EngineCluster/ClusterEngineEmit
[LOG 19:02:40.694] Load DDS texture: Squad/Parts/Engine/Size3EngineCluster/four_nozzle_engine_cm
[LOG 19:02:40.695] Load DDS texture: Squad/Parts/Engine/Size3EngineCluster/four_nozzle_engine_nm
[LOG 19:02:40.696] Load DDS texture: Squad/Parts/Engine/solidBoosterBACC/model000
[LOG 19:02:40.697] Load DDS texture: Squad/Parts/Engine/solidBoosterBACC/model001
[LOG 19:02:40.701] Load DDS texture: Squad/Parts/Engine/solidBoosterBACC/model002
[LOG 19:02:40.702] Load DDS texture: Squad/Parts/Engine/solidBoosterRT-5/RT5
[LOG 19:02:40.703] Load DDS texture: Squad/Parts/Engine/solidBoosterS2-17/solidBoosterS2-17_diffuse
[LOG 19:02:40.718] Load DDS texture: Squad/Parts/Engine/solidBoosterS2-17/solidBoosterS2-17_emissive
[LOG 19:02:40.729] Load DDS texture: Squad/Parts/Engine/solidBoosterS2-17/solidBoosterS2-17_normal
[LOG 19:02:40.748] Load DDS texture: Squad/Parts/Engine/solidBoosterS2-33/solidBoosterS2-33_diffuse
[LOG 19:02:40.780] Load DDS texture: Squad/Parts/Engine/solidBoosterS2-33/solidBoosterS2-33_emissive
[LOG 19:02:40.836] Load DDS texture: Squad/Parts/Engine/solidBoosterS2-33/solidBoosterS2-33_normal
[LOG 19:02:40.887] Load DDS texture: Squad/Parts/Engine/solidBoosterSep/model000
[LOG 19:02:40.888] Load DDS texture: Squad/Parts/Engine/solidBoosterSep/motor
[LOG 19:02:40.889] Load DDS texture: Squad/Parts/Engine/SolidBoostersF/Assets/SolidBoosterF3S0_diffuse
[LOG 19:02:40.889] Load DDS texture: Squad/Parts/Engine/SolidBoostersF/Assets/SolidBoosterF3S0_emissive
[LOG 19:02:40.889] Load DDS texture: Squad/Parts/Engine/SolidBoostersF/Assets/SolidBoosterF3S0_normal
[LOG 19:02:40.890] Load DDS texture: Squad/Parts/FuelTank/adapterTanks/Mk3Adapters
[LOG 19:02:40.893] Load DDS texture: Squad/Parts/FuelTank/drainTankFTE-1/fuelValve_diffuse
[LOG 19:02:40.893] Load DDS texture: Squad/Parts/FuelTank/drainTankFTE-1/fuelValve_nrm
[LOG 19:02:40.896] Load DDS texture: Squad/Parts/FuelTank/FoilTanks/RadialTanks
[LOG 19:02:40.897] Load DDS texture: Squad/Parts/FuelTank/FoilTanks/RadialTanksGold_specular
[LOG 19:02:40.898] Load DDS texture: Squad/Parts/FuelTank/FoilTanks/RadialTanksSilver_specular
[LOG 19:02:40.899] Load DDS texture: Squad/Parts/FuelTank/FoilTanks/RadialTanks_N
[LOG 19:02:40.901] Load DDS texture: Squad/Parts/FuelTank/FoilTanks/RadialTanks_silver
[LOG 19:02:40.902] Load DDS texture: Squad/Parts/FuelTank/fuelTankOscarB/model000
[LOG 19:02:40.902] Load DDS texture: Squad/Parts/FuelTank/fuelTankOscarB/model001
[LOG 19:02:40.902] Load DDS texture: Squad/Parts/FuelTank/fuelTankOscarB/tank
[LOG 19:02:40.903] Load DDS texture: Squad/Parts/FuelTank/fuelTankOscarB/tank_n
[LOG 19:02:40.903] Load DDS texture: Squad/Parts/FuelTank/miniFuselage/Fuselage
[LOG 19:02:40.903] Load DDS texture: Squad/Parts/FuelTank/mk2Adapters/mk2adapters1m
[LOG 19:02:40.911] Load DDS texture: Squad/Parts/FuelTank/mk2FuselageLong/mk2Fuselage
[LOG 19:02:40.913] Load DDS texture: Squad/Parts/FuelTank/mk2FuselageShort/mk2FuselageShort
[LOG 19:02:40.915] Load DDS texture: Squad/Parts/FuelTank/mk3Fuselage/Mk3Fuselage
[LOG 19:02:40.917] Load DDS texture: Squad/Parts/FuelTank/mk3Fuselage/Mk3Fuselage_LUM
[LOG 19:02:40.918] Load DDS texture: Squad/Parts/FuelTank/RCSFuelTankR1/RCSFuelTankR1_01
[LOG 19:02:40.920] Load DDS texture: Squad/Parts/FuelTank/RCSFuelTankR1/RCSFuelTankR1_02
[LOG 19:02:40.920] Load DDS texture: Squad/Parts/FuelTank/RCSFuelTankR1/RCSFuelTankR1_N
[LOG 19:02:40.921] Load DDS texture: Squad/Parts/FuelTank/RCSFuelTankR10/ksp_m_rcsTank_diff
[LOG 19:02:40.921] Load DDS texture: Squad/Parts/FuelTank/RCSFuelTankR10/ksp_m_rcsTank_normal
[LOG 19:02:40.922] Load DDS texture: Squad/Parts/FuelTank/RCSFuelTankR25/FL-R25 RCS Fuel Tank_D
[LOG 19:02:40.922] Load DDS texture: Squad/Parts/FuelTank/RCSFuelTankR25/FL-R25 RCS Fuel Tank_N
[LOG 19:02:40.922] Load DDS texture: Squad/Parts/FuelTank/RCSTankRadial/model000
[LOG 19:02:40.922] Load DDS texture: Squad/Parts/FuelTank/RCStankRadialLong/ksp_r_rcsCylTank_diff
[LOG 19:02:40.922] Load DDS texture: Squad/Parts/FuelTank/RockomaxTanks/Assets/rockomax_16 [AlbedoM] BW
[LOG 19:02:40.928] Load DDS texture: Squad/Parts/FuelTank/RockomaxTanks/Assets/rockomax_16 [AlbedoM] ESA
[LOG 19:02:40.934] Load DDS texture: Squad/Parts/FuelTank/RockomaxTanks/Assets/rockomax_16 [AlbedoM] O
[LOG 19:02:40.941] Load DDS texture: Squad/Parts/FuelTank/RockomaxTanks/Assets/rockomax_16 [Normal] BW
[LOG 19:02:40.952] Load DDS texture: Squad/Parts/FuelTank/RockomaxTanks/Assets/rockomax_16 [Normal]ESA
[LOG 19:02:40.959] Load DDS texture: Squad/Parts/FuelTank/RockomaxTanks/Assets/rockomax_16 [Normal]O
[LOG 19:02:40.965] Load DDS texture: Squad/Parts/FuelTank/RockomaxTanks/Assets/rockomax_32 [AlbedoM] ESA
[LOG 19:02:40.968] Load DDS texture: Squad/Parts/FuelTank/RockomaxTanks/Assets/rockomax_32 [Normal]ESA
[LOG 19:02:40.969] Load DDS texture: Squad/Parts/FuelTank/Size1_Tanks/125Tanks_BW
[LOG 19:02:40.972] Load DDS texture: Squad/Parts/FuelTank/Size1_Tanks/125Tanks_D
[LOG 19:02:40.976] Load DDS texture: Squad/Parts/FuelTank/Size1_Tanks/125Tanks_N
[LOG 19:02:40.980] Load DDS texture: Squad/Parts/FuelTank/Size1_Tanks/125Tanks_O
[LOG 19:02:40.985] Load DDS texture: Squad/Parts/FuelTank/Size1_Tanks/125Tanks_W
[LOG 19:02:40.989] Load DDS texture: Squad/Parts/FuelTank/Size3Tanks/fueltTanks_cm
[LOG 19:02:40.990] Load Cached PNG Texture: Squad/Parts/FuelTank/Size3Tanks/Size3Tanks
[LOG 19:02:40.993] Load Cached PNG Texture: Squad/Parts/FuelTank/Size3Tanks/Size3Tanks_Norm
[LOG 19:02:40.996] Load Cached PNG Texture: Squad/Parts/FuelTank/Size3Tanks/Size3Tanks_Orange
[LOG 19:02:40.997] Load Cached PNG Texture: Squad/Parts/FuelTank/Size3Tanks/Size3Tanks_Orange_Norm
[LOG 19:02:40.998] Load DDS texture: Squad/Parts/FuelTank/xenonTank/model000
[LOG 19:02:40.998] Load DDS texture: Squad/Parts/FuelTank/xenonTank/model001
[LOG 19:02:40.998] Load DDS texture: Squad/Parts/FuelTank/xenonTankLarge/tank
[LOG 19:02:40.999] Load DDS texture: Squad/Parts/FuelTank/xenonTankRadial/ksp_r_xenonTank_diff
[LOG 19:02:41.001] Load DDS texture: Squad/Parts/Misc/AsteroidDay/CamSat
[LOG 19:02:41.001] Load DDS texture: Squad/Parts/Misc/AsteroidDay/CamSat_glow
[LOG 19:02:41.001] Load DDS texture: Squad/Parts/Misc/AsteroidDay/CamSat_N_NRM
[LOG 19:02:41.002] Load DDS texture: Squad/Parts/Misc/AsteroidDay/default
[LOG 19:02:41.002] Load DDS texture: Squad/Parts/Misc/AsteroidDay/hecsDiffuse
[LOG 19:02:41.002] Load DDS texture: Squad/Parts/Misc/AsteroidDay/hecsNormal
[LOG 19:02:41.003] Load DDS texture: Squad/Parts/Misc/AsteroidDay/hecsSpecular
[LOG 19:02:41.003] Load DDS texture: Squad/Parts/Misc/AsteroidDay/JumboHexProbe
[LOG 19:02:41.003] Load DDS texture: Squad/Parts/Misc/AsteroidDay/JumboHexProbe_NORM_NRM
[LOG 19:02:41.003] Load DDS texture: Squad/Parts/Resources/FuelCell/FCLamp
[LOG 19:02:41.003] Load DDS texture: Squad/Parts/Resources/FuelCell/FuelCellRack
[LOG 19:02:41.003] Load DDS texture: Squad/Parts/Resources/FuelCell/fuellcell
[LOG 19:02:41.004] Load DDS texture: Squad/Parts/Resources/ISRU/Processor_Large
[LOG 19:02:41.004] Load DDS texture: Squad/Parts/Resources/LargeTank/ksp_l_resourceContainer_diff
[LOG 19:02:41.004] Load DDS texture: Squad/Parts/Resources/LargeTank/ksp_l_resourceContainer_norm
[LOG 19:02:41.008] Load DDS texture: Squad/Parts/Resources/MiniDrill/DustParticle
[LOG 19:02:41.008] Load DDS texture: Squad/Parts/Resources/MiniDrill/ksp_r_rockProbe_diff
[LOG 19:02:41.008] Load DDS texture: Squad/Parts/Resources/MiniDrill/RockParticle
[LOG 19:02:41.008] Load DDS texture: Squad/Parts/Resources/MiniISRU/ksp_s_processorSmall_diff
[LOG 19:02:41.009] Load DDS texture: Squad/Parts/Resources/OrbitalScanner/detector
[LOG 19:02:41.009] Load DDS texture: Squad/Parts/Resources/RadialDrill/DustParticle
[LOG 19:02:41.009] Load DDS texture: Squad/Parts/Resources/RadialDrill/RockParticle
[LOG 19:02:41.009] Load DDS texture: Squad/Parts/Resources/RadialDrill/TriBitDrill
[LOG 19:02:41.010] Load DDS texture: Squad/Parts/Resources/RadialTank/ksp_r_resourceContainer_psd_2
[LOG 19:02:41.010] Load DDS texture: Squad/Parts/Resources/SmallTank/ksp_s_resourceContainer_diff
[LOG 19:02:41.010] Load DDS texture: Squad/Parts/Resources/SmallTank/ksp_s_resourceContainer_normal
[LOG 19:02:41.012] Load DDS texture: Squad/Parts/Resources/SurfaceScanner/ksp_r_samplerAir_diff
[LOG 19:02:41.013] Load DDS texture: Squad/Parts/Resources/SurveyScanner/dish
[LOG 19:02:41.014] Load DDS texture: Squad/Parts/Resources/SurveyScanner/dish_n
[LOG 19:02:41.016] Load DDS texture: Squad/Parts/Science/AtmosphereSensor/ksp_r_hydroscoop_diff
[LOG 19:02:41.017] Load DDS texture: Squad/Parts/Science/GooExperiment/GooExperiment
[LOG 19:02:41.019] Load DDS texture: Squad/Parts/Science/LargeCrewedLab/Large_Crewed_Lab
[LOG 19:02:41.020] Load DDS texture: Squad/Parts/Science/LargeCrewedLab/Large_Crewed_Lab_glow
[LOG 19:02:41.023] Load DDS texture: Squad/Parts/Science/LargeCrewedLab/window
[LOG 19:02:41.024] Load DDS texture: Squad/Parts/Science/Magnetometer/Magnetometer_diffuse
[LOG 19:02:41.024] Load DDS texture: Squad/Parts/Science/Magnetometer/Magnetometer_nrm
[LOG 19:02:41.025] Load DDS texture: Squad/Parts/Science/MaterialBay/science_module_small
[LOG 19:02:41.025] Load DDS texture: Squad/Parts/Science/MaterialBay/science_module_small_emit
[LOG 19:02:41.025] Load DDS texture: Squad/Parts/Science/MaterialBay/science_module_small_nrm
[LOG 19:02:41.026] Load DDS texture: Squad/Parts/Science/MaterialBay/wires
[LOG 19:02:41.026] Load DDS texture: Squad/Parts/Science/ScienceBox/Container
[LOG 19:02:41.026] Load DDS texture: Squad/Parts/Science/sensorAccelerometer/model000
[LOG 19:02:41.026] Load DDS texture: Squad/Parts/Science/sensorBarometer/model000
[LOG 19:02:41.026] Load DDS texture: Squad/Parts/Science/sensorGravimeter/model000
[LOG 19:02:41.026] Load DDS texture: Squad/Parts/Science/sensorThermometer/model000
[LOG 19:02:41.026] Load DDS texture: Squad/Parts/Structural/FLAdapters/Assets/FLA-Adapters_diffuse
[LOG 19:02:41.029] Load DDS texture: Squad/Parts/Structural/FLAdapters/Assets/FLA-Adapters_diffuse_O
[LOG 19:02:41.030] Load DDS texture: Squad/Parts/Structural/FLAdapters/Assets/FLA-Adapters_normal
[LOG 19:02:41.031] Load DDS texture: Squad/Parts/Structural/FLAdapters/Assets/FLA-Adapters_normal_O
[LOG 19:02:41.033] Load DDS texture: Squad/Parts/Structural/mk1Parts/Mk1Structural
[LOG 19:02:41.034] Load DDS texture: Squad/Parts/Structural/mk1Parts/Mk1StructuralHeat
[LOG 19:02:41.035] Load Cached PNG Texture: Squad/Parts/Structural/mk1Parts/@thumbs/MK1Fuselage_icon
[LOG 19:02:41.035] Load DDS texture: Squad/Parts/Structural/Size3To2Adapter_v2/Size2to3_BW_Diffuse
[LOG 19:02:41.042] Load DDS texture: Squad/Parts/Structural/Size3To2Adapter_v2/Size2to3_DUMMY_NRM
[LOG 19:02:41.043] Load DDS texture: Squad/Parts/Structural/Size3To2Adapter_v2/Size2to3_O_Diffuse
[LOG 19:02:41.053] Load DDS texture: Squad/Parts/Structural/Size3To2Adapter_v2/Size2to3_W_Diffuse
[LOG 19:02:41.062] Load DDS texture: Squad/Parts/Structural/Size3To2Adapter_v2/Size2to3_W_NRM
[LOG 19:02:41.068] Load DDS texture: Squad/Parts/Structural/stackAdapters/Assets/stackAdapters_diffuse
[LOG 19:02:41.069] Load DDS texture: Squad/Parts/Structural/stackAdapters/Assets/stackAdapters_diffuse_Dark
[LOG 19:02:41.071] Load DDS texture: Squad/Parts/Structural/stackAdapters/Assets/stackAdapters_diffuse_Orange
[LOG 19:02:41.072] Load DDS texture: Squad/Parts/Structural/stackAdapters/Assets/stackAdapters_normal
[LOG 19:02:41.073] Load DDS texture: Squad/Parts/Structural/stackAdapters/Assets/stackAdapters_normal_Orange
[LOG 19:02:41.074] Load DDS texture: Squad/Parts/Structural/stationHub/model000
[LOG 19:02:41.075] Load DDS texture: Squad/Parts/Structural/stationHub/model001
[LOG 19:02:41.075] Load DDS texture: Squad/Parts/Structural/structuralIBeam200/model000
[LOG 19:02:41.075] Load DDS texture: Squad/Parts/Structural/structuralIBeam200Pocket/model000
[LOG 19:02:41.076] Load DDS texture: Squad/Parts/Structural/structuralIBeam650/model000
[LOG 19:02:41.076] Load DDS texture: Squad/Parts/Structural/structuralMicronode/model000
[LOG 19:02:41.076] Load DDS texture: Squad/Parts/Structural/structuralPanel1x1/model000
[LOG 19:02:41.076] Load DDS texture: Squad/Parts/Structural/structuralPanel1x1/model001
[LOG 19:02:41.076] Load DDS texture: Squad/Parts/Structural/structuralPanel2x2/model000
[LOG 19:02:41.076] Load DDS texture: Squad/Parts/Structural/structuralPanel2x2/model001
[LOG 19:02:41.076] Load DDS texture: Squad/Parts/Structural/structuralPylons/Pylons
[LOG 19:02:41.076] Load DDS texture: Squad/Parts/Structural/strutCubicOcto/cubestrut
[LOG 19:02:41.077] Load DDS texture: Squad/Parts/Structural/strutOcto/model000
[LOG 19:02:41.077] Load DDS texture: Squad/Parts/Structural/trussGirderAdapter/model000
[LOG 19:02:41.077] Load DDS texture: Squad/Parts/Structural/trussGirderAdapter/model001
[LOG 19:02:41.077] Load DDS texture: Squad/Parts/Structural/trussGirderL/model000
[LOG 19:02:41.077] Load DDS texture: Squad/Parts/Structural/trussGirderXL/model000
[LOG 19:02:41.078] Load DDS texture: Squad/Parts/Thermal/FoldingRadiators/radiator
[LOG 19:02:41.078] Load DDS texture: Squad/Parts/Thermal/FoldingRadiators/radiator_N_NRM
[LOG 19:02:41.080] Load DDS texture: Squad/Parts/Thermal/RadiatorPanels/radPanel
[LOG 19:02:41.081] Load DDS texture: Squad/Parts/Thermal/RadiatorPanels/radPanel_N_NRM
[LOG 19:02:41.083] Load DDS texture: Squad/Parts/Utility/commDish88-88/comm_dish_array
[LOG 19:02:41.083] Load DDS texture: Squad/Parts/Utility/commDish88-88/comm_dish_v2_diff
[LOG 19:02:41.083] Load DDS texture: Squad/Parts/Utility/commDish88-88/model000
[LOG 19:02:41.083] Load DDS texture: Squad/Parts/Utility/commsAntennaDTS-M1/mediumDishAntenna
[LOG 19:02:41.084] Load DDS texture: Squad/Parts/Utility/commsAntennaDTS-M1/mediumDishAntenna_Emit
[LOG 19:02:41.084] Load DDS texture: Squad/Parts/Utility/commsDish16/model000
[LOG 19:02:41.084] Load DDS texture: Squad/Parts/Utility/decouplerRadialHDM/model000
[LOG 19:02:41.085] Load DDS texture: Squad/Parts/Utility/decouplerRadialTT-38K/model000
[LOG 19:02:41.086] Load DDS texture: Squad/Parts/Utility/decouplerRadialTT-38K/model001
[LOG 19:02:41.086] Load DDS texture: Squad/Parts/Utility/decouplerRadialTT-70/model000
[LOG 19:02:41.086] Load DDS texture: Squad/Parts/Utility/DirectAntennas/MiniAntenna
[LOG 19:02:41.086] Load DDS texture: Squad/Parts/Utility/dockingPort/Arrow Pointer
[LOG 19:02:41.086] Load DDS texture: Squad/Parts/Utility/dockingPort/DockingPorts_Clampotron_Diffuse
[LOG 19:02:41.093] Load DDS texture: Squad/Parts/Utility/dockingPort/DockingPorts_Clampotron_Emissive
[LOG 19:02:41.095] Load DDS texture: Squad/Parts/Utility/dockingPort/DockingPorts_Clampotron_Normal
[LOG 19:02:41.101] Load DDS texture: Squad/Parts/Utility/dockingPortInline/Arrow Pointer
[LOG 19:02:41.102] Load DDS texture: Squad/Parts/Utility/dockingPortInline/ClampotronLinear_ClampotronLinear_Diffuse
[LOG 19:02:41.107] Load DDS texture: Squad/Parts/Utility/dockingPortInline/ClampotronLinear_ClampotronLinear_Emissive
[LOG 19:02:41.108] Load DDS texture: Squad/Parts/Utility/dockingPortInline/ClampotronLinear_ClampotronLinear_Normal
[LOG 19:02:41.117] Load DDS texture: Squad/Parts/Utility/dockingPortInline/DockingPorts_Clampotron_Diffuse
[LOG 19:02:41.126] Load DDS texture: Squad/Parts/Utility/dockingPortInline/DockingPorts_Clampotron_Emissive
[LOG 19:02:41.129] Load DDS texture: Squad/Parts/Utility/dockingPortInline/DockingPorts_Clampotron_Normal
[LOG 19:02:41.134] Load DDS texture: Squad/Parts/Utility/dockingPortJr/Arrow Pointer
[LOG 19:02:41.134] Load DDS texture: Squad/Parts/Utility/dockingPortJr/DockingPorts_ClampotronJR_Diffuse
[LOG 19:02:41.135] Load DDS texture: Squad/Parts/Utility/dockingPortJr/DockingPorts_ClampotronJR_Normal
[LOG 19:02:41.137] Load DDS texture: Squad/Parts/Utility/dockingPortJr/model000
[LOG 19:02:41.137] Load DDS texture: Squad/Parts/Utility/dockingPortShielded/Arrow Pointer
[LOG 19:02:41.138] Load DDS texture: Squad/Parts/Utility/dockingPortShielded/Clamp-O-Tron Shielded Docking Port_ClampotronShielded_Diffuse
[LOG 19:02:41.143] Load DDS texture: Squad/Parts/Utility/dockingPortShielded/Clamp-O-Tron Shielded Docking Port_ClampotronShielded_Normal
[LOG 19:02:41.149] Load DDS texture: Squad/Parts/Utility/dockingPortShielded/DockingPorts_Clampotron_Diffuse
[LOG 19:02:41.156] Load DDS texture: Squad/Parts/Utility/dockingPortShielded/DockingPorts_Clampotron_Emissive
[LOG 19:02:41.157] Load DDS texture: Squad/Parts/Utility/dockingPortShielded/DockingPorts_Clampotron_Normal
[LOG 19:02:41.167] Load DDS texture: Squad/Parts/Utility/dockingPortSr/Arrow Pointer
[LOG 19:02:41.167] Load DDS texture: Squad/Parts/Utility/dockingPortSr/ClampotronSr_ClampotronSr_Diffuse
[LOG 19:02:41.173] Load DDS texture: Squad/Parts/Utility/dockingPortSr/ClampotronSr_ClampotronSr_Diffuse_gray
[LOG 19:02:41.178] Load DDS texture: Squad/Parts/Utility/dockingPortSr/ClampotronSr_ClampotronSr_Emissive
[LOG 19:02:41.180] Load DDS texture: Squad/Parts/Utility/dockingPortSr/ClampotronSr_ClampotronSr_Normal
[LOG 19:02:41.186] Load Cached PNG Texture: Squad/Parts/Utility/Fireworks/Assets/fireworks_launcher_big 1
[LOG 19:02:41.191] Load Cached PNG Texture: Squad/Parts/Utility/Fireworks/Assets/fireworks_launcher_big
[LOG 19:02:41.196] Load Cached PNG Texture: Squad/Parts/Utility/flags/backgroundTextures/dark_background
[LOG 19:02:41.196] Load Cached PNG Texture: Squad/Parts/Utility/flags/backgroundTextures/orange_background
[LOG 19:02:41.196] Load Cached PNG Texture: Squad/Parts/Utility/flags/backgroundTextures/white_background
[LOG 19:02:41.197] Load DDS texture: Squad/Parts/Utility/GrapplingDevice/grabberDiffuse
[LOG 19:02:41.197] Load DDS texture: Squad/Parts/Utility/GrapplingDevice/grabberDiffuse_dark
[LOG 19:02:41.200] Load DDS texture: Squad/Parts/Utility/GrapplingDevice/grabberNRM
[LOG 19:02:41.200] Load DDS texture: Squad/Parts/Utility/GrapplingDevice/window
[LOG 19:02:41.201] Load DDS texture: Squad/Parts/Utility/ladderRadial/model000
[LOG 19:02:41.201] Load DDS texture: Squad/Parts/Utility/ladderTelescopic/model000
[LOG 19:02:41.201] Load DDS texture: Squad/Parts/Utility/ladderTelescopic/model001
[LOG 19:02:41.202] Load DDS texture: Squad/Parts/Utility/ladderTelescopic/model002
[LOG 19:02:41.203] Load DDS texture: Squad/Parts/Utility/ladderTelescopicBay/model000
[LOG 19:02:41.205] Load DDS texture: Squad/Parts/Utility/ladderTelescopicBay/model001
[LOG 19:02:41.206] Load DDS texture: Squad/Parts/Utility/landingLegLT-1/ksp_r_landingStrut_diff
[LOG 19:02:41.206] Load DDS texture: Squad/Parts/Utility/landingLegLT-2/landingLeg
[LOG 19:02:41.206] Load DDS texture: Squad/Parts/Utility/landingLegLT-5/leg
[LOG 19:02:41.206] Load DDS texture: Squad/Parts/Utility/landingLegLT-5/model000
[LOG 19:02:41.206] Load DDS texture: Squad/Parts/Utility/launchClamp1/model000
[LOG 19:02:41.206] Load DDS texture: Squad/Parts/Utility/launchClamp1/model001
[LOG 19:02:41.206] Load DDS texture: Squad/Parts/Utility/launchEscapeSystem/LES_Diffuse
[LOG 19:02:41.207] Load DDS texture: Squad/Parts/Utility/Lights/Assets/Lights_Attacheable_Lights_Diffuse
[LOG 19:02:41.207] Load DDS texture: Squad/Parts/Utility/Lights/Assets/Lights_Attacheable_Lights_Diffuse_white
[LOG 19:02:41.207] Load DDS texture: Squad/Parts/Utility/Lights/Assets/Lights_Attacheable_Lights_Emissive
[LOG 19:02:41.207] Load DDS texture: Squad/Parts/Utility/Lights/Assets/Lights_Attacheable_Lights_Normal
[LOG 19:02:41.208] Load DDS texture: Squad/Parts/Utility/Lights/Assets/Lights_Rectangle_Light_Diffuse
[LOG 19:02:41.214] Load DDS texture: Squad/Parts/Utility/Lights/Assets/Lights_Rectangle_Light_Diffuse_white
[LOG 19:02:41.220] Load DDS texture: Squad/Parts/Utility/Lights/Assets/Lights_Rectangle_Light_Emissive
[LOG 19:02:41.226] Load DDS texture: Squad/Parts/Utility/Lights/Assets/Lights_Rectangle_Light_Normal
[LOG 19:02:41.234] Load DDS texture: Squad/Parts/Utility/Lights/Assets/Lights_Worklights_Diffuse
[LOG 19:02:41.235] Load DDS texture: Squad/Parts/Utility/Lights/Assets/Lights_Worklights_Emissive
[LOG 19:02:41.236] Load DDS texture: Squad/Parts/Utility/Lights/Assets/Lights_Worklights_Normal
[LOG 19:02:41.238] Load DDS texture: Squad/Parts/Utility/Lights/Assets/Spotlight_Attacheable_Lights_Diffuse
[LOG 19:02:41.238] Load DDS texture: Squad/Parts/Utility/Lights/Assets/Spotlight_Attacheable_Lights_Diffuse_white
[LOG 19:02:41.238] Load DDS texture: Squad/Parts/Utility/Lights/Assets/Spotlight_Attacheable_Lights_Emissive
[LOG 19:02:41.238] Load DDS texture: Squad/Parts/Utility/Lights/Assets/Spotlight_Attacheable_Lights_Normal
[LOG 19:02:41.239] Load DDS texture: Squad/Parts/Utility/linearVernorRCS/Assets/linear_vernor_diffuse
[LOG 19:02:41.239] Load DDS texture: Squad/Parts/Utility/linearVernorRCS/Assets/linear_vernor_emissive
[LOG 19:02:41.239] Load DDS texture: Squad/Parts/Utility/linearVernorRCS/Assets/linear_vernor_normalDummy
[LOG 19:02:41.239] Load DDS texture: Squad/Parts/Utility/linearVernorRCS/Assets/linear_vernor_specular
[LOG 19:02:41.239] Load DDS texture: Squad/Parts/Utility/mk2CargoBay/mk2CargoBay
[LOG 19:02:41.240] Load DDS texture: Squad/Parts/Utility/mk2CrewCabin/mk2CrewCabin
[LOG 19:02:41.241] Load DDS texture: Squad/Parts/Utility/mk2CrewCabin/mk2CrewCabin_LUM
[LOG 19:02:41.241] Load DDS texture: Squad/Parts/Utility/mk2DockingPort/Arrow Pointer
[LOG 19:02:41.241] Load DDS texture: Squad/Parts/Utility/mk2DockingPort/Mk2Clampotron_Caps_Diffuse
[LOG 19:02:41.241] Load DDS texture: Squad/Parts/Utility/mk2DockingPort/Mk2Clampotron_Caps_Emmisive
[LOG 19:02:41.241] Load DDS texture: Squad/Parts/Utility/mk2DockingPort/Mk2Clampotron_Caps_Normal
[LOG 19:02:41.241] Load DDS texture: Squad/Parts/Utility/mk2DockingPort/Mk2Clampotron_Mk2Clampotron_Diffuse
[LOG 19:02:41.247] Load DDS texture: Squad/Parts/Utility/mk2DockingPort/Mk2Clampotron_Mk2Clampotron_Emissive
[LOG 19:02:41.248] Load DDS texture: Squad/Parts/Utility/mk2DockingPort/Mk2Clampotron_Mk2Clampotron_Normal
[LOG 19:02:41.254] Load DDS texture: Squad/Parts/Utility/mk2DockingPort/mk2DockingPort
[LOG 19:02:41.255] Load DDS texture: Squad/Parts/Utility/mk3CargoBay/Mk3CargoBay
[LOG 19:02:41.257] Load DDS texture: Squad/Parts/Utility/parachuteMk1/model000
[LOG 19:02:41.257] Load DDS texture: Squad/Parts/Utility/parachuteMk1/model001
[LOG 19:02:41.257] Load DDS texture: Squad/Parts/Utility/parachuteMk12-R/model000
[LOG 19:02:41.257] Load DDS texture: Squad/Parts/Utility/parachuteMk12-R/model001
[LOG 19:02:41.257] Load DDS texture: Squad/Parts/Utility/parachuteMk16-XL/model000
[LOG 19:02:41.258] Load DDS texture: Squad/Parts/Utility/parachuteMk16-XL/model001
[LOG 19:02:41.258] Load DDS texture: Squad/Parts/Utility/parachuteMk2-R/model000
[LOG 19:02:41.258] Load DDS texture: Squad/Parts/Utility/parachuteMk2-R/model001
[LOG 19:02:41.258] Load DDS texture: Squad/Parts/Utility/parachuteMk25/model000
[LOG 19:02:41.258] Load DDS texture: Squad/Parts/Utility/parachuteMk25/model001
[LOG 19:02:41.258] Load DDS texture: Squad/Parts/Utility/radialAttachmentPoint/model000
[LOG 19:02:41.258] Load DDS texture: Squad/Parts/Utility/radialAttachmentPoint/model001
[LOG 19:02:41.258] Load DDS texture: Squad/Parts/Utility/rcsBlockRV-105_v2/rcsBlock_diffuse
[LOG 19:02:41.258] Load DDS texture: Squad/Parts/Utility/rcsBlockRV-105_v2/rcsThrusterBlock_normal
[LOG 19:02:41.259] Load DDS texture: Squad/Parts/Utility/rcsBlockRV-105_v2/rcsThruster_emissive
[LOG 19:02:41.259] Load DDS texture: Squad/Parts/Utility/rcsBlockRV-105_v2/rcsThruster_specular
[LOG 19:02:41.259] Load DDS texture: Squad/Parts/Utility/rcsBlockRV-105_v2/RCS_Block_Diffuse
[LOG 19:02:41.259] Load DDS texture: Squad/Parts/Utility/rcsBlockRV-105_v2/RCS_Block_Emissive
[LOG 19:02:41.259] Load DDS texture: Squad/Parts/Utility/rcsBlockRV-105_v2/RCS_Block_Normal
[LOG 19:02:41.259] Load DDS texture: Squad/Parts/Utility/rcsBlockRV-105_v2/RCS_Block_Specular
[LOG 19:02:41.260] Load DDS texture: Squad/Parts/Utility/rcsSmallLinear/Assets/RCS_Linear_Base_Diffuse
[LOG 19:02:41.260] Load DDS texture: Squad/Parts/Utility/rcsSmallLinear/Assets/RCS_Linear_Diffuse
[LOG 19:02:41.260] Load DDS texture: Squad/Parts/Utility/rcsSmallLinear/Assets/RCS_Linear_Emissive
[LOG 19:02:41.260] Load DDS texture: Squad/Parts/Utility/rcsSmallLinear/Assets/RCS_Linear_Normal
[LOG 19:02:41.260] Load DDS texture: Squad/Parts/Utility/rcsSmallLinear/Assets/RCS_Linear_Specular
[LOG 19:02:41.260] Load DDS texture: Squad/Parts/Utility/RelayAntennas/DishAntenna
[LOG 19:02:41.260] Load DDS texture: Squad/Parts/Utility/RelayAntennas/MiniAntenna
[LOG 19:02:41.260] Load DDS texture: Squad/Parts/Utility/rockomaxAdapters/Assets/Rockomax_Adapters_diffuse
[LOG 19:02:41.262] Load DDS texture: Squad/Parts/Utility/rockomaxAdapters/Assets/Rockomax_Adapters_diffuse_O
[LOG 19:02:41.263] Load DDS texture: Squad/Parts/Utility/rockomaxAdapters/Assets/Rockomax_Adapters_diffuse_W
[LOG 19:02:41.265] Load DDS texture: Squad/Parts/Utility/rockomaxAdapters/Assets/Rockomax_Adapters_normal
[LOG 19:02:41.267] Load DDS texture: Squad/Parts/Utility/rockomaxAdapters/Assets/Rockomax_Adapters_normal_O
[LOG 19:02:41.269] Load DDS texture: Squad/Parts/Utility/ServiceBay/ServiceBay
[LOG 19:02:41.269] Load Cached PNG Texture: Squad/Parts/Utility/ServiceBay_v2/Assets/Scratch
[LOG 19:02:41.270] Load Cached PNG Texture: Squad/Parts/Utility/ServiceBay_v2/Assets/ServiceBay_bump
[LOG 19:02:41.271] Load Cached PNG Texture: Squad/Parts/Utility/ServiceBay_v2/Assets/ServiceBay_v2
[LOG 19:02:41.271] Load DDS texture: Squad/Parts/Utility/smallClaw/grabberSmallDiffuse
[LOG 19:02:41.272] Load DDS texture: Squad/Parts/Utility/smallClaw/grabberSmallDiffuseDark
[LOG 19:02:41.272] Load DDS texture: Squad/Parts/Utility/smallClaw/grabberSmallNRM
[LOG 19:02:41.272] Load DDS texture: Squad/Parts/Utility/smallClaw/window
[LOG 19:02:41.272] Load DDS texture: Squad/Parts/Utility/spotLightMk1/light1
[LOG 19:02:41.272] Load DDS texture: Squad/Parts/Utility/spotLightMk1/light1_em
[LOG 19:02:41.272] Load DDS texture: Squad/Parts/Utility/spotLightMk1_v2/spotLightMk1_Diffuse
[LOG 19:02:41.273] Load DDS texture: Squad/Parts/Utility/spotLightMk1_v2/spotLightMk1_Diffuse_white
[LOG 19:02:41.273] Load DDS texture: Squad/Parts/Utility/spotLightMk1_v2/spotLightMk1_Emissive
[LOG 19:02:41.273] Load DDS texture: Squad/Parts/Utility/spotLightMk1_v2/spotLightMk1_Normal
[LOG 19:02:41.273] Load DDS texture: Squad/Parts/Utility/spotLightMk2/light2
[LOG 19:02:41.273] Load DDS texture: Squad/Parts/Utility/spotLightMk2/light2_em
[LOG 19:02:41.274] Load DDS texture: Squad/Parts/Utility/spotLightMk2_v2/spotLightMk2_Diffuse
[LOG 19:02:41.274] Load DDS texture: Squad/Parts/Utility/spotLightMk2_v2/spotLightMk2_Diffuse_white
[LOG 19:02:41.274] Load DDS texture: Squad/Parts/Utility/spotLightMk2_v2/spotLightMk2_Emissive
[LOG 19:02:41.275] Load DDS texture: Squad/Parts/Utility/spotLightMk2_v2/spotLightMk2_Normal
[LOG 19:02:41.275] Load DDS texture: Squad/Parts/Utility/stackCouplers/Assets/stackCouplersDiffuse
[LOG 19:02:41.276] Load DDS texture: Squad/Parts/Utility/stackCouplers/Assets/stackCouplersDiffuse_Dark
[LOG 19:02:41.278] Load DDS texture: Squad/Parts/Utility/stackCouplers/Assets/stackCouplersDiffuse_Orange
[LOG 19:02:41.279] Load DDS texture: Squad/Parts/Utility/stackCouplers/Assets/stackCouplers_NRM
[LOG 19:02:41.281] Load DDS texture: Squad/Parts/Utility/stackCouplers/Assets/stackCouplers_Orange_NRM
[LOG 19:02:41.284] Load DDS texture: Squad/Parts/Wheel/LandingGear/Flare
[LOG 19:02:41.284] Load DDS texture: Squad/Parts/Wheel/LandingGear/LandingGear
[LOG 19:02:41.287] Load DDS texture: Squad/Parts/Wheel/LandingGear/LandingGear_Emissive
[LOG 19:02:41.288] Load DDS texture: Squad/Parts/Wheel/roverWheelM1/model000
[LOG 19:02:41.289] Load DDS texture: Squad/Parts/Wheel/roverWheelM1/roverwheel1
[LOG 19:02:41.289] Load DDS texture: Squad/Parts/Wheel/roverWheelS2/model000
[LOG 19:02:41.289] Load DDS texture: Squad/Parts/Wheel/roverWheelS2/model001
[LOG 19:02:41.289] Load DDS texture: Squad/Parts/Wheel/roverWheelS2/roverwheel2
[LOG 19:02:41.290] Load DDS texture: Squad/Parts/Wheel/roverWheelS2/roverwheel2_n
[LOG 19:02:41.290] Load DDS texture: Squad/Parts/Wheel/roverWheelTR-2L/ksp_r_medWheel_diff
[LOG 19:02:41.290] Load DDS texture: Squad/Parts/Wheel/roverWheelTR-2L/ksp_r_medWheel_normal
[LOG 19:02:41.291] Load DDS texture: Squad/Parts/Wheel/roverWheelTR-2L/ksp_r_medWheel_wheel_diff
[LOG 19:02:41.292] Load DDS texture: Squad/Parts/Wheel/roverWheelTR-2L/ksp_r_medWheel_wheel_normal
[LOG 19:02:41.293] Load DDS texture: Squad/Parts/Wheel/roverWheelXL3/mount
[LOG 19:02:41.294] Load DDS texture: Squad/Parts/Wheel/roverWheelXL3/mount_n
[LOG 19:02:41.294] Load DDS texture: Squad/Parts/Wheel/roverWheelXL3/wheel
[LOG 19:02:41.294] Load DDS texture: Squad/Parts/Wheel/roverWheelXL3/wheel_n
[LOG 19:02:41.294] Load DDS texture: Squad/Props/AltimeterThreeHands/model000
[LOG 19:02:41.294] Load DDS texture: Squad/Props/AltimeterThreeHands/model001
[LOG 19:02:41.294] Load DDS texture: Squad/Props/AtmosphereDepth/model000
[LOG 19:02:41.294] Load DDS texture: Squad/Props/AtmosphereDepth/model001
[LOG 19:02:41.295] Load DDS texture: Squad/Props/AxisIndicator/model000
[LOG 19:02:41.295] Load DDS texture: Squad/Props/buttonsGeneric/ButtonsAndSwitches
[LOG 19:02:41.295] Load DDS texture: Squad/Props/ButtonSquare/model000
[LOG 19:02:41.295] Load DDS texture: Squad/Props/circularButton/model000
[LOG 19:02:41.295] Load DDS texture: Squad/Props/Compass/model000
[LOG 19:02:41.295] Load DDS texture: Squad/Props/directionalKnob/model000
[LOG 19:02:41.295] Load DDS texture: Squad/Props/directionalKnob2/model000
[LOG 19:02:41.298] Load DDS texture: Squad/Props/IndicatorPanel/model000
[LOG 19:02:41.298] Load DDS texture: Squad/Props/IndicatorPanel/model001
[LOG 19:02:41.298] Load DDS texture: Squad/Props/IVANavBall/Arrows8dir
[LOG 19:02:41.298] Load DDS texture: Squad/Props/IVANavBall/IVANavBall
[LOG 19:02:41.298] Load DDS texture: Squad/Props/IVANavBall/IVANavBall_Glow
[LOG 19:02:41.298] Load DDS texture: Squad/Props/IVANavBall/ManeuverNode_vectors
[LOG 19:02:41.298] Load DDS texture: Squad/Props/IVANavBall/navball2
[LOG 19:02:41.298] Load DDS texture: Squad/Props/IVANavBall/navBall_DV_IVA
[LOG 19:02:41.298] Load DDS texture: Squad/Props/IVANavBall/navBall_vectors_IVA
[LOG 19:02:41.298] Load Cached PNG Texture: Squad/Props/IVANavBallNoBase/Arrows8dir
[LOG 19:02:41.299] Load Cached PNG Texture: Squad/Props/IVANavBallNoBase/IVANavBall
[LOG 19:02:41.299] Load Cached PNG Texture: Squad/Props/IVANavBallNoBase/ManeuverNode_vectors
[LOG 19:02:41.299] Load Cached PNG Texture: Squad/Props/IVANavBallNoBase/navball2
[LOG 19:02:41.299] Load Cached PNG Texture: Squad/Props/IVANavBallNoBase/navBall_DV_IVA
[LOG 19:02:41.299] Load Cached PNG Texture: Squad/Props/IVANavBallNoBase/navBall_vectors_IVA
[LOG 19:02:41.299] Load DDS texture: Squad/Props/ledPanelSpeed/circularButton
[LOG 19:02:41.299] Load DDS texture: Squad/Props/ledPanelSpeed/ledPanel
[LOG 19:02:41.299] Load DDS texture: Squad/Props/Monitor/Emissives
[LOG 19:02:41.299] Load DDS texture: Squad/Props/Monitor/Emissives_glow
[LOG 19:02:41.299] Load DDS texture: Squad/Props/Monitor/Monitor
[LOG 19:02:41.299] Load DDS texture: Squad/Props/NavBall/GaugeGee
[LOG 19:02:41.300] Load DDS texture: Squad/Props/NavBall/GaugeThrottle
[LOG 19:02:41.300] Load DDS texture: Squad/Props/NavBall/model000
[LOG 19:02:41.301] Load DDS texture: Squad/Props/NavBall/model001
[LOG 19:02:41.301] Load DDS texture: Squad/Props/NavBall/model002
[LOG 19:02:41.301] Load DDS texture: Squad/Props/NavBall/model003
[LOG 19:02:41.301] Load DDS texture: Squad/Props/PropsGeneric/propsGeneric
[LOG 19:02:41.302] Load DDS texture: Squad/Props/pullSwitch/model000
[LOG 19:02:41.302] Load DDS texture: Squad/Props/pullSwitch/model001
[LOG 19:02:41.302] Load DDS texture: Squad/Props/radarAltitude/model000
[LOG 19:02:41.302] Load DDS texture: Squad/Props/squareButton/model000
[LOG 19:02:41.302] Load DDS texture: Squad/Props/standingSwitch/model000
[LOG 19:02:41.302] Load DDS texture: Squad/Props/standingSwitch/model001
[LOG 19:02:41.302] Load DDS texture: Squad/Props/switch/model000
[LOG 19:02:41.302] Load DDS texture: Squad/Props/switchGuard/model000
[LOG 19:02:41.302] Load DDS texture: Squad/Props/switchWithGuards/model000
[LOG 19:02:41.303] Load DDS texture: Squad/Props/switchWithGuards/model001
[LOG 19:02:41.303] Load DDS texture: Squad/Props/switchWithGuards/model002
[LOG 19:02:41.303] Load DDS texture: Squad/Props/throttle/model000
[LOG 19:02:41.303] Load DDS texture: Squad/Props/throttle/model001
[LOG 19:02:41.303] Load DDS texture: Squad/Props/VSI/model000
[LOG 19:02:41.303] Load DDS texture: Squad/Spaces/crewCabinInternals/model000
[LOG 19:02:41.304] Load DDS texture: Squad/Spaces/crewCabinInternals/model001
[LOG 19:02:41.310] Load DDS texture: Squad/Spaces/crewCabinInternals/model002
[LOG 19:02:41.311] Load DDS texture: Squad/Spaces/crewCabinInternals/model003
[LOG 19:02:41.311] Load DDS texture: Squad/Spaces/crewCabinInternals/model004
[LOG 19:02:41.311] Load DDS texture: Squad/Spaces/crewCabinInternals/model005
[LOG 19:02:41.313] Load DDS texture: Squad/Spaces/cupolaInternal/ksp_l_cupola_internal_diff
[LOG 19:02:41.317] Load DDS texture: Squad/Spaces/cupolaInternal/ksp_l_cupola_internal_normal
[LOG 19:02:41.324] Load DDS texture: Squad/Spaces/cupolaInternal/ksp_l_cupola_internal_windows_alpha
[LOG 19:02:41.325] Load DDS texture: Squad/Spaces/cupolaInternal/pilot Seat
[LOG 19:02:41.325] Load DDS texture: Squad/Spaces/GenericSpace1/model000
[LOG 19:02:41.326] Load DDS texture: Squad/Spaces/GenericSpace1/model001
[LOG 19:02:41.329] Load DDS texture: Squad/Spaces/GenericSpace1/model002
[LOG 19:02:41.331] Load DDS texture: Squad/Spaces/GenericSpace1/model003
[LOG 19:02:41.332] Load DDS texture: Squad/Spaces/GenericSpace1/model004
[LOG 19:02:41.335] Load DDS texture: Squad/Spaces/GenericSpace1/model005
[LOG 19:02:41.336] Load DDS texture: Squad/Spaces/GenericSpace3/model000
[LOG 19:02:41.337] Load DDS texture: Squad/Spaces/GenericSpace3/model001
[LOG 19:02:41.337] Load DDS texture: Squad/Spaces/GenericSpace3/model002
[LOG 19:02:41.338] Load DDS texture: Squad/Spaces/GenericSpace3/model003
[LOG 19:02:41.340] Load DDS texture: Squad/Spaces/GenericSpace3/model004
[LOG 19:02:41.341] Load DDS texture: Squad/Spaces/GenericSpace3/model005
[LOG 19:02:41.342] Load DDS texture: Squad/Spaces/GenericSpace3/model006
[LOG 19:02:41.343] Load DDS texture: Squad/Spaces/GenericSpace3/model007
[LOG 19:02:41.344] Load DDS texture: Squad/Spaces/landerCabinInternals/model000
[LOG 19:02:41.345] Load DDS texture: Squad/Spaces/landerCabinInternals/model001
[LOG 19:02:41.346] Load DDS texture: Squad/Spaces/landerCabinInternals/model002
[LOG 19:02:41.347] Load DDS texture: Squad/Spaces/landerCabinInternals/model003
[LOG 19:02:41.352] Load DDS texture: Squad/Spaces/landerCabinInternals/model004
[LOG 19:02:41.352] Load DDS texture: Squad/Spaces/landerCabinInternals/model005
[LOG 19:02:41.353] Load DDS texture: Squad/Spaces/landerCabinInternals/model006
[LOG 19:02:41.353] Load DDS texture: Squad/Spaces/landerCabinInternals/model007
[LOG 19:02:41.353] Load DDS texture: Squad/Spaces/landerCabinSmallInternal/ksp_s_landerCan_internal_diff
[LOG 19:02:41.360] Load DDS texture: Squad/Spaces/landerCabinSmallInternal/ksp_s_landerCan_internal_normal
[LOG 19:02:41.370] Load DDS texture: Squad/Spaces/landerCabinSmallInternal/ksp_s_landerCan_internal_window_alpha
[LOG 19:02:41.370] Load DDS texture: Squad/Spaces/landerCabinSmallInternal/pilot Seat
[LOG 19:02:41.371] Load DDS texture: Squad/Spaces/LargeCrewedLabInternals/Glass
[LOG 19:02:41.372] Load DDS texture: Squad/Spaces/LargeCrewedLabInternals/MPL_Int
[LOG 19:02:41.376] Load DDS texture: Squad/Spaces/LargeCrewedLabInternals/MPL_Int_n_NRM
[LOG 19:02:41.377] Load DDS texture: Squad/Spaces/Mk1-3/Mk1_3_IvaProps_Diffuse
[LOG 19:02:41.382] Load DDS texture: Squad/Spaces/Mk1-3/Mk1_3_IvaProps_Normal
[LOG 19:02:41.387] Load DDS texture: Squad/Spaces/Mk1-3/Mk1_3_IvaShell_Diffuse
[LOG 19:02:41.392] Load DDS texture: Squad/Spaces/Mk1-3/Mk1_3_IvaShell_Emissive
[LOG 19:02:41.397] Load DDS texture: Squad/Spaces/Mk1-3/Mk1_3_IvaShell_Normal
[LOG 19:02:41.405] Load DDS texture: Squad/Spaces/Mk1-3/pilot Seat
[LOG 19:02:41.406] Load DDS texture: Squad/Spaces/mk1CabinInternal/Cabin_Lightmap
[LOG 19:02:41.406] Load DDS texture: Squad/Spaces/mk1CabinInternal/CockpitGeneric
[LOG 19:02:41.407] Load DDS texture: Squad/Spaces/mk1CabinInternal/CockpitGeneric_NRM
[LOG 19:02:41.407] Load DDS texture: Squad/Spaces/mk1CockpitInternal/CockpitGeneric
[LOG 19:02:41.407] Load DDS texture: Squad/Spaces/mk1CockpitInternal/CockpitGeneric_NRM
[LOG 19:02:41.407] Load DDS texture: Squad/Spaces/mk1CockpitInternal/IVAMAP
[LOG 19:02:41.407] Load DDS texture: Squad/Spaces/mk1CockpitInternal/Windows
[LOG 19:02:41.407] Load DDS texture: Squad/Spaces/mk1InlineInternal/Canopy
[LOG 19:02:41.408] Load DDS texture: Squad/Spaces/mk1InlineInternal/CockpitGeneric
[LOG 19:02:41.408] Load DDS texture: Squad/Spaces/mk1InlineInternal/CockpitGeneric_NRM
[LOG 19:02:41.408] Load DDS texture: Squad/Spaces/mk1InlineInternal/Mk1Inline_Lightmap
[LOG 19:02:41.409] Load DDS texture: Squad/Spaces/mk1PodCockpit/model000
[LOG 19:02:41.409] Load DDS texture: Squad/Spaces/mk1PodCockpit/model001
[LOG 19:02:41.411] Load DDS texture: Squad/Spaces/mk1PodCockpit/model002
[LOG 19:02:41.414] Load DDS texture: Squad/Spaces/mk1PodCockpit/model003
[LOG 19:02:41.415] Load DDS texture: Squad/Spaces/mk1PodCockpit/model004
[LOG 19:02:41.417] Load DDS texture: Squad/Spaces/mk1PodCockpit/model005
[LOG 19:02:41.417] Load DDS texture: Squad/Spaces/mk1PodCockpit/model006
[LOG 19:02:41.419] Load DDS texture: Squad/Spaces/mk1PodCockpit/model007
[LOG 19:02:41.419] Load DDS texture: Squad/Spaces/mk1pod_IVA/mk1pod_iva_props_diffuse
[LOG 19:02:41.425] Load DDS texture: Squad/Spaces/mk1pod_IVA/mk1pod_iva_props_emissive
[LOG 19:02:41.426] Load DDS texture: Squad/Spaces/mk1pod_IVA/mk1pod_iva_props_normal
[LOG 19:02:41.433] Load DDS texture: Squad/Spaces/mk1pod_IVA/mk1pod_iva_shell_diffuse
[LOG 19:02:41.445] Load DDS texture: Squad/Spaces/mk1pod_IVA/mk1pod_iva_shell_normal
[LOG 19:02:41.451] Load MBM texture: Squad/Spaces/mk1pod_IVA/pilot Seat
[LOG 19:02:41.504] Load DDS texture: Squad/Spaces/mk2CockpitStandardInternal/CargoBagA
[LOG 19:02:41.504] Load DDS texture: Squad/Spaces/mk2CockpitStandardInternal/Mk2StandardIVA
[LOG 19:02:41.505] Load DDS texture: Squad/Spaces/mk2CockpitStandardInternal/Pilotseat
[LOG 19:02:41.505] Load DDS texture: Squad/Spaces/mk2CockpitStandardInternal/Windows
[LOG 19:02:41.505] Load DDS texture: Squad/Spaces/Mk2CrewCabinInternal/CargoBagA
[LOG 19:02:41.505] Load DDS texture: Squad/Spaces/Mk2CrewCabinInternal/Glass
[LOG 19:02:41.505] Load DDS texture: Squad/Spaces/Mk2CrewCabinInternal/Mk2StandardIVA
[LOG 19:02:41.506] Load DDS texture: Squad/Spaces/Mk2CrewCabinInternal/Pilotseat
[LOG 19:02:41.506] Load DDS texture: Squad/Spaces/mk2InlineInternal/CockpitGeneric
[LOG 19:02:41.507] Load DDS texture: Squad/Spaces/mk2InlineInternal/CockpitGeneric_NRM
[LOG 19:02:41.508] Load DDS texture: Squad/Spaces/mk2InlineInternal/Mk2InlineLightmap
[LOG 19:02:41.509] Load DDS texture: Squad/Spaces/mk2InlineInternal/propsGeneric
[LOG 19:02:41.509] Load DDS texture: Squad/Spaces/mk2LanderCanInternal/mk2LanderCan_props_diffuse
[LOG 19:02:41.517] Load DDS texture: Squad/Spaces/mk2LanderCanInternal/mk2LanderCan_props_normal
[LOG 19:02:41.524] Load DDS texture: Squad/Spaces/mk2LanderCanInternal/mk2LanderCan_shell_diffuse
[LOG 19:02:41.531] Load DDS texture: Squad/Spaces/mk2LanderCanInternal/mk2LanderCan_shell_normal
[LOG 19:02:41.541] Load MBM texture: Squad/Spaces/mk2LanderCanInternal/pilot Seat
[LOG 19:02:41.593] Load DDS texture: Squad/Spaces/MK3CockpitInternal/Glass
[LOG 19:02:41.593] Load DDS texture: Squad/Spaces/MK3CockpitInternal/Mk2StandardIVA
[LOG 19:02:41.593] Load DDS texture: Squad/Spaces/MK3_CrewCab_Int/Glass
[LOG 19:02:41.594] Load DDS texture: Squad/Spaces/MK3_CrewCab_Int/GlassMK3CC
[LOG 19:02:41.594] Load DDS texture: Squad/Spaces/MK3_CrewCab_Int/Mk2StandardIVA
[LOG 19:02:41.594] Load DDS texture: Squad/Spaces/MK3_CrewCab_Int/MK3_CrewCab_Int
[LOG 19:02:41.595] Load DDS texture: Squad/Spaces/MK3_CrewCab_Int/MK3_CrewCab_Int_n
[LOG 19:02:41.595] Load DDS texture: Squad/Spaces/MK3_CrewCab_Int/Pilotseat
[LOG 19:02:41.595] Load DDS texture: Squad/Spaces/Placeholder/PlaceholderIVA
[LOG 19:02:41.595] Load DDS texture: Squad/Spaces/PodCockpit/model000
[LOG 19:02:41.596] Load DDS texture: Squad/Spaces/PodCockpit/model001
[LOG 19:02:41.596] Load DDS texture: Squad/Spaces/PodCockpit/model002
[LOG 19:02:41.597] Load DDS texture: Squad/Spaces/PodCockpit/model003
[LOG 19:02:41.599] Load DDS texture: Squad/Spaces/PodCockpit/model004
[LOG 19:02:41.600] Load DDS texture: Squad/Spaces/PodCockpit/model005
[LOG 19:02:41.602] Load DDS texture: Squad/Spaces/PodCockpit/model006
[LOG 19:02:41.603] Load DDS texture: Squad/Spaces/PodCockpit/model007
[LOG 19:02:41.603] Load DDS texture: Squad/Spaces/sharedAssets/CockpitGeneric
[LOG 19:02:41.604] Load DDS texture: Squad/Spaces/sharedAssets/CockpitGeneric_NRM
[LOG 19:02:41.606] Load Cached PNG Texture: Squad/Strategies/Icons/AggressiveNegotiations
[LOG 19:02:41.607] Load Cached PNG Texture: Squad/Strategies/Icons/AppreciationCampaign
[LOG 19:02:41.607] Load Cached PNG Texture: Squad/Strategies/Icons/BailOutGrant
[LOG 19:02:41.607] Load Cached PNG Texture: Squad/Strategies/Icons/FundraisingCampaign
[LOG 19:02:41.607] Load Cached PNG Texture: Squad/Strategies/Icons/LeadershipInitiative
[LOG 19:02:41.607] Load Cached PNG Texture: Squad/Strategies/Icons/OpenSourceTechProgram
[LOG 19:02:41.608] Load Cached PNG Texture: Squad/Strategies/Icons/OutsourcedResearch
[LOG 19:02:41.608] Load Cached PNG Texture: Squad/Strategies/Icons/PatentsLicensing
[LOG 19:02:41.608] Load Cached PNG Texture: Squad/Strategies/Icons/RecoveryTransponderFitting
[LOG 19:02:41.608] Load Cached PNG Texture: Squad/Strategies/Icons/ResearchRightsSellOut
[LOG 19:02:41.608] Load Cached PNG Texture: Squad/Strategies/Icons/UnpaidResearchProgram
[LOG 19:02:41.608] Load Cached PNG Texture: Squad/Tutorials/ChuteColors
[LOG 19:02:41.609] Load DDS texture: Squad/Tutorials/EditorCoM
[LOG 19:02:41.609] Load Cached PNG Texture: Squad/Tutorials/EditorSnap
[LOG 19:02:41.609] Load Cached PNG Texture: Squad/Tutorials/EditorSnap4x
[LOG 19:02:41.609] Load Cached PNG Texture: Squad/Tutorials/EditorSymm
[LOG 19:02:41.609] Load Cached PNG Texture: Squad/Tutorials/StagingStack
[LOG 19:02:41.611] Load PNG texture: Squad/Tutorials/YPRDiagram
[WRN 19:02:41.612] Texture isn't eligible for DXT compression, width and height must be multiples of 4
[LOG 19:02:41.612] Load Cached PNG Texture: SquadExpansion/MakingHistory/Banners/Fail/default
[LOG 19:02:41.613] Load Cached PNG Texture: SquadExpansion/MakingHistory/Banners/Fail/fail01
[LOG 19:02:41.613] Load Cached PNG Texture: SquadExpansion/MakingHistory/Banners/Fail/fail02
[LOG 19:02:41.613] Load PNG texture: SquadExpansion/MakingHistory/Banners/Menu/default
[WRN 19:02:41.617] Texture isn't eligible for DXT compression, width and height must be multiples of 4
[LOG 19:02:41.617] Load PNG texture: SquadExpansion/MakingHistory/Banners/Menu/MBanner_01
[WRN 19:02:41.623] Texture isn't eligible for DXT compression, width and height must be multiples of 4
[LOG 19:02:41.623] Load PNG texture: SquadExpansion/MakingHistory/Banners/Menu/MBanner_02
[WRN 19:02:41.627] Texture isn't eligible for DXT compression, width and height must be multiples of 4
[LOG 19:02:41.628] Load PNG texture: SquadExpansion/MakingHistory/Banners/Menu/MBanner_03
[WRN 19:02:41.633] Texture isn't eligible for DXT compression, width and height must be multiples of 4
[LOG 19:02:41.633] Load Cached PNG Texture: SquadExpansion/MakingHistory/Banners/Success/default
[LOG 19:02:41.633] Load Cached PNG Texture: SquadExpansion/MakingHistory/Banners/Success/success01
[LOG 19:02:41.633] Load Cached PNG Texture: SquadExpansion/MakingHistory/Banners/Success/success02
[LOG 19:02:41.633] Load Cached PNG Texture: SquadExpansion/MakingHistory/Missions/Acapello 13/Banners/Fail/fail01
[LOG 19:02:41.634] Load PNG texture: SquadExpansion/MakingHistory/Missions/Acapello 13/Banners/Menu/Mun
[WRN 19:02:41.637] Texture isn't eligible for DXT compression, width and height must be multiples of 4
[LOG 19:02:41.638] Load Cached PNG Texture: SquadExpansion/MakingHistory/Missions/Acapello 13/Banners/Success/success01
[LOG 19:02:41.638] Load Cached PNG Texture: SquadExpansion/MakingHistory/Missions/Acapello 15/Banners/Fail/default
[LOG 19:02:41.638] Load Cached PNG Texture: SquadExpansion/MakingHistory/Missions/Acapello 15/Banners/Fail/fail02
[LOG 19:02:41.638] Load PNG texture: SquadExpansion/MakingHistory/Missions/Acapello 15/Banners/Menu/default
[WRN 19:02:41.642] Texture isn't eligible for DXT compression, width and height must be multiples of 4
[LOG 19:02:41.642] Load Cached PNG Texture: SquadExpansion/MakingHistory/Missions/Acapello 15/Banners/Success/default
[LOG 19:02:41.642] Load Cached PNG Texture: SquadExpansion/MakingHistory/Missions/Blue Mun/Banners/Fail/fail01
[LOG 19:02:41.642] Load PNG texture: SquadExpansion/MakingHistory/Missions/Blue Mun/Banners/Menu/default
[WRN 19:02:41.645] Texture isn't eligible for DXT compression, width and height must be multiples of 4
[LOG 19:02:41.645] Load Cached PNG Texture: SquadExpansion/MakingHistory/Missions/Blue Mun/Banners/Success/success02
[LOG 19:02:41.645] Load Cached PNG Texture: SquadExpansion/MakingHistory/Missions/Dawn of the Space Age/Banners/Fail/default
[LOG 19:02:41.645] Load PNG texture: SquadExpansion/MakingHistory/Missions/Dawn of the Space Age/Banners/Menu/default
[WRN 19:02:41.648] Texture isn't eligible for DXT compression, width and height must be multiples of 4
[LOG 19:02:41.648] Load Cached PNG Texture: SquadExpansion/MakingHistory/Missions/Dawn of the Space Age/Banners/Success/default
[LOG 19:02:41.648] Load Cached PNG Texture: SquadExpansion/MakingHistory/Missions/Meet Me in Zero G/Banners/Fail/default
[LOG 19:02:41.648] Load Cached PNG Texture: SquadExpansion/MakingHistory/Missions/Meet Me in Zero G/Banners/Fail/fail01
[LOG 19:02:41.648] Load PNG texture: SquadExpansion/MakingHistory/Missions/Meet Me in Zero G/Banners/Menu/default
[WRN 19:02:41.650] Texture isn't eligible for DXT compression, width and height must be multiples of 4
[LOG 19:02:41.650] Load Cached PNG Texture: SquadExpansion/MakingHistory/Missions/Meet Me in Zero G/Banners/Success/default
[LOG 19:02:41.650] Load Cached PNG Texture: SquadExpansion/MakingHistory/Missions/Meet Me in Zero G/Banners/Success/success02
[LOG 19:02:41.651] Load Cached PNG Texture: SquadExpansion/MakingHistory/Missions/Munar 1/Banners/Fail/default
[LOG 19:02:41.651] Load Cached PNG Texture: SquadExpansion/MakingHistory/Missions/Munar 1/Banners/Fail/fail02
[LOG 19:02:41.651] Load PNG texture: SquadExpansion/MakingHistory/Missions/Munar 1/Banners/Menu/default
[WRN 19:02:41.653] Texture isn't eligible for DXT compression, width and height must be multiples of 4
[LOG 19:02:41.653] Load Cached PNG Texture: SquadExpansion/MakingHistory/Missions/Munar 1/Banners/Success/default
[LOG 19:02:41.654] Load Cached PNG Texture: SquadExpansion/MakingHistory/Missions/Munar 1/Banners/Success/success01
[LOG 19:02:41.654] Load Cached PNG Texture: SquadExpansion/MakingHistory/Missions/Sally-Hut 1/Banners/Fail/default
[LOG 19:02:41.654] Load Cached PNG Texture: SquadExpansion/MakingHistory/Missions/Sally-Hut 1/Banners/Fail/fail01
[LOG 19:02:41.654] Load Cached PNG Texture: SquadExpansion/MakingHistory/Missions/Sally-Hut 1/Banners/Menu/bannerSatellite
[LOG 19:02:41.654] Load Cached PNG Texture: SquadExpansion/MakingHistory/Missions/Sally-Hut 1/Banners/Success/default
[LOG 19:02:41.654] Load Cached PNG Texture: SquadExpansion/MakingHistory/Missions/Sally-Hut 1/Banners/Success/success02
[LOG 19:02:41.654] Load Cached PNG Texture: SquadExpansion/MakingHistory/Missions/To the Mun Via Minmus/Banners/Fail/fail02
[LOG 19:02:41.654] Load PNG texture: SquadExpansion/MakingHistory/Missions/To the Mun Via Minmus/Banners/Menu/MissionBannerKerbin
[WRN 19:02:41.657] Texture isn't eligible for DXT compression, width and height must be multiples of 4
[LOG 19:02:41.657] Load Cached PNG Texture: SquadExpansion/MakingHistory/Missions/To the Mun Via Minmus/Banners/Success/success01
[LOG 19:02:41.658] Load Cached PNG Texture: SquadExpansion/MakingHistory/Missions/Trouble in the Void/Banners/Fail/fail01
[LOG 19:02:41.658] Load PNG texture: SquadExpansion/MakingHistory/Missions/Trouble in the Void/Banners/Menu/default
[WRN 19:02:41.660] Texture isn't eligible for DXT compression, width and height must be multiples of 4
[LOG 19:02:41.660] Load Cached PNG Texture: SquadExpansion/MakingHistory/Missions/Trouble in the Void/Banners/Success/success02
[LOG 19:02:41.660] Load Cached PNG Texture: SquadExpansion/MakingHistory/Missions/Ziggy Kerman and the Spiders from Duna/Banners/Fail/fail02
[LOG 19:02:41.660] Load Cached PNG Texture: SquadExpansion/MakingHistory/Missions/Ziggy Kerman and the Spiders from Duna/Banners/Menu/bannerSatellite
[LOG 19:02:41.660] Load Cached PNG Texture: SquadExpansion/MakingHistory/Missions/Ziggy Kerman and the Spiders from Duna/Banners/Success/success01
[LOG 19:02:41.660] Load Cached PNG Texture: SquadExpansion/MakingHistory/Parts/@thumbs/Decoupler.1p5_icon0
[LOG 19:02:41.660] Load Cached PNG Texture: SquadExpansion/MakingHistory/Parts/@thumbs/Decoupler.1p5_icon1
[LOG 19:02:41.660] Load Cached PNG Texture: SquadExpansion/MakingHistory/Parts/@thumbs/EquiTriangle0_icon0
[LOG 19:02:41.660] Load Cached PNG Texture: SquadExpansion/MakingHistory/Parts/@thumbs/EquiTriangle0_icon1
[LOG 19:02:41.661] Load Cached PNG Texture: SquadExpansion/MakingHistory/Parts/@thumbs/EquiTriangle0_icon2
[LOG 19:02:41.661] Load Cached PNG Texture: SquadExpansion/MakingHistory/Parts/@thumbs/EquiTriangle0_icon3
[LOG 19:02:41.661] Load Cached PNG Texture: SquadExpansion/MakingHistory/Parts/@thumbs/EquiTriangle1p5_icon0
[LOG 19:02:41.661] Load Cached PNG Texture: SquadExpansion/MakingHistory/Parts/@thumbs/EquiTriangle1p5_icon1
[LOG 19:02:41.662] Load Cached PNG Texture: SquadExpansion/MakingHistory/Parts/@thumbs/EquiTriangle1p5_icon2
[LOG 19:02:41.662] Load Cached PNG Texture: SquadExpansion/MakingHistory/Parts/@thumbs/EquiTriangle1p5_icon3
[LOG 19:02:41.662] Load Cached PNG Texture: SquadExpansion/MakingHistory/Parts/@thumbs/EquiTriangle1_icon0
[LOG 19:02:41.662] Load Cached PNG Texture: SquadExpansion/MakingHistory/Parts/@thumbs/EquiTriangle1_icon1
[LOG 19:02:41.662] Load Cached PNG Texture: SquadExpansion/MakingHistory/Parts/@thumbs/EquiTriangle1_icon2
[LOG 19:02:41.662] Load Cached PNG Texture: SquadExpansion/MakingHistory/Parts/@thumbs/EquiTriangle1_icon3
[LOG 19:02:41.662] Load Cached PNG Texture: SquadExpansion/MakingHistory/Parts/@thumbs/EquiTriangle2_icon0
[LOG 19:02:41.662] Load Cached PNG Texture: SquadExpansion/MakingHistory/Parts/@thumbs/EquiTriangle2_icon1
[LOG 19:02:41.662] Load Cached PNG Texture: SquadExpansion/MakingHistory/Parts/@thumbs/EquiTriangle2_icon2
[LOG 19:02:41.662] Load Cached PNG Texture: SquadExpansion/MakingHistory/Parts/@thumbs/EquiTriangle2_icon3
[LOG 19:02:41.663] Load Cached PNG Texture: SquadExpansion/MakingHistory/Parts/@thumbs/HeatShield1p5_icon
[LOG 19:02:41.663] Load Cached PNG Texture: SquadExpansion/MakingHistory/Parts/@thumbs/InflatableAirlock_icon
[LOG 19:02:41.663] Load Cached PNG Texture: SquadExpansion/MakingHistory/Parts/@thumbs/LiquidEngineRV-1_icon
[LOG 19:02:41.663] Load Cached PNG Texture: SquadExpansion/MakingHistory/Parts/@thumbs/monopropMiniSphere_icon
[LOG 19:02:41.663] Load Cached PNG Texture: SquadExpansion/MakingHistory/Parts/@thumbs/Panel0_icon0
[LOG 19:02:41.663] Load Cached PNG Texture: SquadExpansion/MakingHistory/Parts/@thumbs/Panel0_icon1
[LOG 19:02:41.663] Load Cached PNG Texture: SquadExpansion/MakingHistory/Parts/@thumbs/Panel0_icon2
[LOG 19:02:41.663] Load Cached PNG Texture: SquadExpansion/MakingHistory/Parts/@thumbs/Panel0_icon3
[LOG 19:02:41.663] Load Cached PNG Texture: SquadExpansion/MakingHistory/Parts/@thumbs/Panel1p5_icon0
[LOG 19:02:41.663] Load Cached PNG Texture: SquadExpansion/MakingHistory/Parts/@thumbs/Panel1p5_icon1
[LOG 19:02:41.663] Load Cached PNG Texture: SquadExpansion/MakingHistory/Parts/@thumbs/Panel1p5_icon2
[LOG 19:02:41.664] Load Cached PNG Texture: SquadExpansion/MakingHistory/Parts/@thumbs/Panel1p5_icon3
[LOG 19:02:41.664] Load Cached PNG Texture: SquadExpansion/MakingHistory/Parts/@thumbs/Panel1_icon0
[LOG 19:02:41.664] Load Cached PNG Texture: SquadExpansion/MakingHistory/Parts/@thumbs/Panel1_icon1
[LOG 19:02:41.664] Load Cached PNG Texture: SquadExpansion/MakingHistory/Parts/@thumbs/Panel1_icon2
[LOG 19:02:41.664] Load Cached PNG Texture: SquadExpansion/MakingHistory/Parts/@thumbs/Panel1_icon3
[LOG 19:02:41.664] Load Cached PNG Texture: SquadExpansion/MakingHistory/Parts/@thumbs/roverWheelM1-F_icon0
[LOG 19:02:41.664] Load Cached PNG Texture: SquadExpansion/MakingHistory/Parts/@thumbs/roverWheelM1-F_icon1
[LOG 19:02:41.664] Load Cached PNG Texture: SquadExpansion/MakingHistory/Parts/@thumbs/Separator.1p5_icon0
[LOG 19:02:41.664] Load Cached PNG Texture: SquadExpansion/MakingHistory/Parts/@thumbs/Separator.1p5_icon1
[LOG 19:02:41.664] Load Cached PNG Texture: SquadExpansion/MakingHistory/Parts/@thumbs/Size1p5.Strut.Decoupler_icon0
[LOG 19:02:41.664] Load Cached PNG Texture: SquadExpansion/MakingHistory/Parts/@thumbs/Size1p5.Strut.Decoupler_icon1
[LOG 19:02:41.664] Load Cached PNG Texture: SquadExpansion/MakingHistory/Parts/@thumbs/Size1to0ServiceModule_icon
[LOG 19:02:41.665] Load Cached PNG Texture: SquadExpansion/MakingHistory/Parts/@thumbs/Triangle0_icon0
[LOG 19:02:41.665] Load Cached PNG Texture: SquadExpansion/MakingHistory/Parts/@thumbs/Triangle0_icon1
[LOG 19:02:41.665] Load Cached PNG Texture: SquadExpansion/MakingHistory/Parts/@thumbs/Triangle0_icon2
[LOG 19:02:41.665] Load Cached PNG Texture: SquadExpansion/MakingHistory/Parts/@thumbs/Triangle0_icon3
[LOG 19:02:41.665] Load Cached PNG Texture: SquadExpansion/MakingHistory/Parts/@thumbs/Triangle1p5_icon0
[LOG 19:02:41.665] Load Cached PNG Texture: SquadExpansion/MakingHistory/Parts/@thumbs/Triangle1p5_icon1
[LOG 19:02:41.665] Load Cached PNG Texture: SquadExpansion/MakingHistory/Parts/@thumbs/Triangle1p5_icon2
[LOG 19:02:41.665] Load Cached PNG Texture: SquadExpansion/MakingHistory/Parts/@thumbs/Triangle1p5_icon3
[LOG 19:02:41.665] Load Cached PNG Texture: SquadExpansion/MakingHistory/Parts/@thumbs/Triangle1_icon0
[LOG 19:02:41.665] Load Cached PNG Texture: SquadExpansion/MakingHistory/Parts/@thumbs/Triangle1_icon1
[LOG 19:02:41.665] Load Cached PNG Texture: SquadExpansion/MakingHistory/Parts/@thumbs/Triangle1_icon2
[LOG 19:02:41.665] Load Cached PNG Texture: SquadExpansion/MakingHistory/Parts/@thumbs/Triangle1_icon3
[LOG 19:02:41.666] Load Cached PNG Texture: SquadExpansion/MakingHistory/Parts/@thumbs/Triangle2_icon0
[LOG 19:02:41.666] Load Cached PNG Texture: SquadExpansion/MakingHistory/Parts/@thumbs/Triangle2_icon1
[LOG 19:02:41.666] Load Cached PNG Texture: SquadExpansion/MakingHistory/Parts/@thumbs/Triangle2_icon2
[LOG 19:02:41.666] Load Cached PNG Texture: SquadExpansion/MakingHistory/Parts/@thumbs/Triangle2_icon3
[LOG 19:02:41.666] Load Cached PNG Texture: SquadExpansion/MakingHistory/Parts/@thumbs/Tube1_icon0
[LOG 19:02:41.666] Load Cached PNG Texture: SquadExpansion/MakingHistory/Parts/@thumbs/Tube1_icon1
[LOG 19:02:41.666] Load Cached PNG Texture: SquadExpansion/MakingHistory/Parts/@thumbs/Tube1_icon2
[LOG 19:02:41.666] Load Cached PNG Texture: SquadExpansion/MakingHistory/Parts/@thumbs/Tube1_icon3
[LOG 19:02:41.666] Load Cached PNG Texture: SquadExpansion/MakingHistory/Parts/@thumbs/Tube1_icon4
[LOG 19:02:41.666] Load Cached PNG Texture: SquadExpansion/MakingHistory/Parts/Aero/protectiveRocketNoseMk5A/s1p5_cone
[LOG 19:02:41.667] Load Cached PNG Texture: SquadExpansion/MakingHistory/Parts/Aero/protectiveRocketNoseMk5A/s1p5_cone_Orange
[LOG 19:02:41.667] Load DDS texture: SquadExpansion/MakingHistory/Parts/Coupling/Assets/airlock
[LOG 19:02:41.667] Load DDS texture: SquadExpansion/MakingHistory/Parts/Coupling/Assets/airlock_N
[LOG 19:02:41.668] Load DDS texture: SquadExpansion/MakingHistory/Parts/Coupling/Assets/EnginePlate
[LOG 19:02:41.668] Load DDS texture: SquadExpansion/MakingHistory/Parts/Coupling/Assets/Size1_5_Decoupler_grey
[LOG 19:02:41.668] Load DDS texture: SquadExpansion/MakingHistory/Parts/Coupling/Assets/Size1_5_Decoupler_orange
[LOG 19:02:41.668] Load DDS texture: SquadExpansion/MakingHistory/Parts/Engine/Assets/KE-1
[LOG 19:02:41.669] Load DDS texture: SquadExpansion/MakingHistory/Parts/Engine/Assets/KE-1_BASE
[LOG 19:02:41.670] Load DDS texture: SquadExpansion/MakingHistory/Parts/Engine/Assets/LV-T87
[LOG 19:02:41.672] Load DDS texture: SquadExpansion/MakingHistory/Parts/Engine/Assets/LV-T91
[LOG 19:02:41.672] Load DDS texture: SquadExpansion/MakingHistory/Parts/Engine/Assets/RE-I2
[LOG 19:02:41.676] Load DDS texture: SquadExpansion/MakingHistory/Parts/Engine/Assets/RE-J10
[LOG 19:02:41.677] Load DDS texture: SquadExpansion/MakingHistory/Parts/Engine/Assets/RE-J10_N
[LOG 19:02:41.678] Load DDS texture: SquadExpansion/MakingHistory/Parts/Engine/Assets/RK-7
[LOG 19:02:41.681] Load DDS texture: SquadExpansion/MakingHistory/Parts/Engine/Assets/RK-7_N
[LOG 19:02:41.681] Load DDS texture: SquadExpansion/MakingHistory/Parts/Engine/solidBoosterTHK/SolidBoosterS2-17_emissive
[LOG 19:02:41.687] Load DDS texture: SquadExpansion/MakingHistory/Parts/Engine/solidBoosterTHK/solidBoosterTHK_diffuse
[LOG 19:02:41.693] Load DDS texture: SquadExpansion/MakingHistory/Parts/FuelTank/Assets/Size1p5_02
[LOG 19:02:41.694] Load DDS texture: SquadExpansion/MakingHistory/Parts/FuelTank/Assets/Size1p5_02_ALT01
[LOG 19:02:41.696] Load DDS texture: SquadExpansion/MakingHistory/Parts/FuelTank/Assets/Size1p5_02_ALT02
[LOG 19:02:41.697] Load DDS texture: SquadExpansion/MakingHistory/Parts/FuelTank/Assets/Size1p5_02_ALT02_normal
[LOG 19:02:41.698] Load DDS texture: SquadExpansion/MakingHistory/Parts/FuelTank/Assets/Size1p5_mono
[LOG 19:02:41.699] Load DDS texture: SquadExpansion/MakingHistory/Parts/FuelTank/Assets/Size1p5_mono_2
[LOG 19:02:41.701] Load DDS texture: SquadExpansion/MakingHistory/Parts/FuelTank/Assets/Size1p5_mono_N
[LOG 19:02:41.702] Load DDS texture: SquadExpansion/MakingHistory/Parts/FuelTank/Assets/Size1_5_TankAdapters
[LOG 19:02:41.703] Load DDS texture: SquadExpansion/MakingHistory/Parts/FuelTank/Assets/Size1_5_TankAdapters_ALT01
[LOG 19:02:41.705] Load DDS texture: SquadExpansion/MakingHistory/Parts/FuelTank/Assets/Size1_5_TankAdapters_ALT02
[LOG 19:02:41.706] Load DDS texture: SquadExpansion/MakingHistory/Parts/FuelTank/Assets/Size1_5_TankAdapters_ALT02nm
[LOG 19:02:41.707] Load DDS texture: SquadExpansion/MakingHistory/Parts/FuelTank/Assets/Size1_5_TankAdapters_N
[LOG 19:02:41.708] Load DDS texture: SquadExpansion/MakingHistory/Parts/FuelTank/Assets/Size1_5_Tanks
[LOG 19:02:41.709] Load DDS texture: SquadExpansion/MakingHistory/Parts/FuelTank/Assets/Size1_5_Tanks_ALT02
[LOG 19:02:41.710] Load DDS texture: SquadExpansion/MakingHistory/Parts/FuelTank/Assets/Size1_5_Tanks_ALT02_nm
[LOG 19:02:41.711] Load DDS texture: SquadExpansion/MakingHistory/Parts/FuelTank/Assets/Size1_5_Tanks_grey
[LOG 19:02:41.713] Load DDS texture: SquadExpansion/MakingHistory/Parts/FuelTank/Assets/Size4_Tanks
[LOG 19:02:41.721] Load DDS texture: SquadExpansion/MakingHistory/Parts/FuelTank/Assets/Size4_Tanks_N
[LOG 19:02:41.730] Load DDS texture: SquadExpansion/MakingHistory/Parts/Ground/Assets/RoverWheel
[LOG 19:02:41.731] Load DDS texture: SquadExpansion/MakingHistory/Parts/Ground/Assets/RoverWheelG
[LOG 19:02:41.732] Load DDS texture: SquadExpansion/MakingHistory/Parts/Payload/Assets/Size1to0ServiceBay
[LOG 19:02:41.732] Load DDS texture: SquadExpansion/MakingHistory/Parts/Payload/Assets/Size1to0ServiceBay_n
[LOG 19:02:41.739] Load DDS texture: SquadExpansion/MakingHistory/Parts/Payload/Assets/SM18_diffuse
[LOG 19:02:41.744] Load Cached PNG Texture: SquadExpansion/MakingHistory/Parts/Payload/Assets/SM18_NRM
[LOG 19:02:41.750] Load DDS texture: SquadExpansion/MakingHistory/Parts/Payload/Assets/SM18_specular
[LOG 19:02:41.757] Load DDS texture: SquadExpansion/MakingHistory/Parts/Payload/Assets/SM25_diffuse
[LOG 19:02:41.765] Load DDS texture: SquadExpansion/MakingHistory/Parts/Payload/Assets/SM25_normals
[LOG 19:02:41.766] Load DDS texture: SquadExpansion/MakingHistory/Parts/Pods/Assets/KV1
[LOG 19:02:41.767] Load DDS texture: SquadExpansion/MakingHistory/Parts/Pods/Assets/KV1_GLOW
[LOG 19:02:41.767] Load DDS texture: SquadExpansion/MakingHistory/Parts/Pods/Assets/KV2
[LOG 19:02:41.769] Load DDS texture: SquadExpansion/MakingHistory/Parts/Pods/Assets/KV3
[LOG 19:02:41.771] Load DDS texture: SquadExpansion/MakingHistory/Parts/Pods/Assets/Mk2Pod
[LOG 19:02:41.771] Load DDS texture: SquadExpansion/MakingHistory/Parts/Pods/Assets/Mk2Pod_GLOW
[LOG 19:02:41.772] Load DDS texture: SquadExpansion/MakingHistory/Parts/Pods/Assets/Mk2Pod_n
[LOG 19:02:41.773] Load DDS texture: SquadExpansion/MakingHistory/Parts/Pods/Assets/Size1_5_Lander
[LOG 19:02:41.774] Load DDS texture: SquadExpansion/MakingHistory/Parts/Pods/Assets/Size1_5_Lander_GLOW
[LOG 19:02:41.774] Load DDS texture: SquadExpansion/MakingHistory/Parts/SharedAssets/Shrouds
[LOG 19:02:41.777] Load DDS texture: SquadExpansion/MakingHistory/Parts/SharedAssets/Shrouds_N
[LOG 19:02:41.777] Load DDS texture: SquadExpansion/MakingHistory/Parts/Structural/Assets/NormalMap
[LOG 19:02:41.781] Load DDS texture: SquadExpansion/MakingHistory/Parts/Structural/Assets/Panels
[LOG 19:02:41.783] Load DDS texture: SquadExpansion/MakingHistory/Parts/Structural/Assets/Panels_Dark_D
[LOG 19:02:41.785] Load DDS texture: SquadExpansion/MakingHistory/Parts/Structural/Assets/Panels_Gold_D
[LOG 19:02:41.787] Load Cached PNG Texture: SquadExpansion/MakingHistory/Parts/Structural/Assets/Panels_Gold_NRM
[LOG 19:02:41.790] Load DDS texture: SquadExpansion/MakingHistory/Parts/Structural/Assets/Panels_Gold_S
[LOG 19:02:41.792] Load DDS texture: SquadExpansion/MakingHistory/Parts/Structural/Assets/Panels_Silver_D
[LOG 19:02:41.794] Load DDS texture: SquadExpansion/MakingHistory/Parts/Structural/Assets/Panels_Silver_S
[LOG 19:02:41.796] Load Cached PNG Texture: SquadExpansion/MakingHistory/Ships/@thumbs/VAB/Acapello
[LOG 19:02:41.801] Load Cached PNG Texture: SquadExpansion/MakingHistory/Ships/@thumbs/VAB/Beta Centaurus
[LOG 19:02:41.801] Load Cached PNG Texture: SquadExpansion/MakingHistory/Ships/@thumbs/VAB/Goliath II HLV
[LOG 19:02:41.801] Load Cached PNG Texture: SquadExpansion/MakingHistory/Ships/@thumbs/VAB/Muna 1
[LOG 19:02:41.801] Load Cached PNG Texture: SquadExpansion/MakingHistory/Ships/@thumbs/VAB/Sally-Hut 1
[LOG 19:02:41.801] Load Cached PNG Texture: SquadExpansion/MakingHistory/Ships/@thumbs/VAB/SWM-94 Communications Satellite
[LOG 19:02:41.801] Load Cached PNG Texture: SquadExpansion/MakingHistory/Ships/@thumbs/VAB/Valshkod 2
[LOG 19:02:41.801] Load DDS texture: SquadExpansion/MakingHistory/Spaces/KVPods/airlock
[LOG 19:02:41.802] Load DDS texture: SquadExpansion/MakingHistory/Spaces/KVPods/airlock_N
[LOG 19:02:41.802] Load DDS texture: SquadExpansion/MakingHistory/Spaces/KVPods/KV1_Props_Diffuse
[LOG 19:02:41.817] Load DDS texture: SquadExpansion/MakingHistory/Spaces/KVPods/KV1_Props_Normal
[LOG 19:02:41.826] Load DDS texture: SquadExpansion/MakingHistory/Spaces/KVPods/KV1_Shell_Diffuse
[LOG 19:02:41.833] Load DDS texture: SquadExpansion/MakingHistory/Spaces/KVPods/KV1_Shell_Emissive
[LOG 19:02:41.836] Load DDS texture: SquadExpansion/MakingHistory/Spaces/KVPods/KV1_Shell_Normal
[LOG 19:02:41.842] Load DDS texture: SquadExpansion/MakingHistory/Spaces/KVPods/KV1_Vzor_Diffuse
[LOG 19:02:41.843] Load DDS texture: SquadExpansion/MakingHistory/Spaces/KVPods/KV2_Props_Diffuse
[LOG 19:02:41.847] Load DDS texture: SquadExpansion/MakingHistory/Spaces/KVPods/KV2_Props_Emissive
[LOG 19:02:41.853] Load DDS texture: SquadExpansion/MakingHistory/Spaces/KVPods/KV2_Props_Normal
[LOG 19:02:41.859] Load DDS texture: SquadExpansion/MakingHistory/Spaces/KVPods/KV2_Shell_Diffuse
[LOG 19:02:41.868] Load DDS texture: SquadExpansion/MakingHistory/Spaces/KVPods/KV2_Shell_Normal
[LOG 19:02:41.874] Load DDS texture: SquadExpansion/MakingHistory/Spaces/KVPods/KV3_Props_Diffuse
[LOG 19:02:41.879] Load DDS texture: SquadExpansion/MakingHistory/Spaces/KVPods/KV3_Props_Normal
[LOG 19:02:41.883] Load DDS texture: SquadExpansion/MakingHistory/Spaces/KVPods/KV3_Shell_Diffuse
[LOG 19:02:41.888] Load DDS texture: SquadExpansion/MakingHistory/Spaces/KVPods/KV3_Shell_Normal
[LOG 19:02:41.892] Load DDS texture: SquadExpansion/MakingHistory/Spaces/KVPods/motor
[LOG 19:02:41.893] Load DDS texture: SquadExpansion/MakingHistory/Spaces/KVPods/pilot Seat
[LOG 19:02:41.894] Load DDS texture: SquadExpansion/MakingHistory/Spaces/MEM/PANELS_AO
[LOG 19:02:41.898] Load DDS texture: SquadExpansion/MakingHistory/Spaces/MEM/PANELS_EMISSIVE
[LOG 19:02:41.908] Load DDS texture: SquadExpansion/MakingHistory/Spaces/MEM/PANELS_NORMAL
[LOG 19:02:41.913] Load DDS texture: SquadExpansion/MakingHistory/Spaces/MEM/pilot Seat
[LOG 19:02:41.914] Load DDS texture: SquadExpansion/MakingHistory/Spaces/MEM/propsGeneric
[LOG 19:02:41.915] Load DDS texture: SquadExpansion/MakingHistory/Spaces/MEM/PROPS_AO
[LOG 19:02:41.919] Load DDS texture: SquadExpansion/MakingHistory/Spaces/MEM/PROPS_EMISSIVE
[LOG 19:02:41.920] Load DDS texture: SquadExpansion/MakingHistory/Spaces/MEM/PROPS_NORMAL
[LOG 19:02:41.925] Load DDS texture: SquadExpansion/MakingHistory/Spaces/Mk2Pod/DIfuse_controlboard
[LOG 19:02:41.931] Load DDS texture: SquadExpansion/MakingHistory/Spaces/Mk2Pod/Normal_controlbard
[LOG 19:02:41.939] Load DDS texture: SquadExpansion/MakingHistory/Spaces/Mk2Pod/Outershell_Base_Color
[LOG 19:02:41.946] Load DDS texture: SquadExpansion/MakingHistory/Spaces/Mk2Pod/Outershell_Normal
[LOG 19:02:41.955] Load DDS texture: SquadExpansion/MakingHistory/Spaces/Mk2Pod/pilot Seat
[LOG 19:02:41.958] Load Cached PNG Texture: SquadExpansion/Serenity/Parts/@thumbs/controller1000_icon
[LOG 19:02:41.958] Load Cached PNG Texture: SquadExpansion/Serenity/Parts/@thumbs/DeployedCentralStation_icon
[LOG 19:02:41.959] Load Cached PNG Texture: SquadExpansion/Serenity/Parts/@thumbs/DeployedGoExOb_icon
[LOG 19:02:41.959] Load Cached PNG Texture: SquadExpansion/Serenity/Parts/@thumbs/DeployedIONExp_icon
[LOG 19:02:41.959] Load Cached PNG Texture: SquadExpansion/Serenity/Parts/@thumbs/DeployedRTG_icon
[LOG 19:02:41.959] Load Cached PNG Texture: SquadExpansion/Serenity/Parts/@thumbs/DeployedSatDish_icon
[LOG 19:02:41.959] Load Cached PNG Texture: SquadExpansion/Serenity/Parts/@thumbs/DeployedSeismicSensor_icon
[LOG 19:02:41.959] Load Cached PNG Texture: SquadExpansion/Serenity/Parts/@thumbs/DeployedSolarPanel_icon
[LOG 19:02:41.959] Load Cached PNG Texture: SquadExpansion/Serenity/Parts/@thumbs/DeployedWeatherStn_icon
[LOG 19:02:41.960] Load Cached PNG Texture: SquadExpansion/Serenity/Parts/@thumbs/FanShroud.01_icon0
[LOG 19:02:41.960] Load Cached PNG Texture: SquadExpansion/Serenity/Parts/@thumbs/FanShroud.01_icon1
[LOG 19:02:41.960] Load Cached PNG Texture: SquadExpansion/Serenity/Parts/@thumbs/FanShroud.02_icon0
[LOG 19:02:41.960] Load Cached PNG Texture: SquadExpansion/Serenity/Parts/@thumbs/FanShroud.02_icon1
[LOG 19:02:41.960] Load Cached PNG Texture: SquadExpansion/Serenity/Parts/@thumbs/hinge.01.s_icon0
[LOG 19:02:41.960] Load Cached PNG Texture: SquadExpansion/Serenity/Parts/@thumbs/hinge.01.s_icon1
[LOG 19:02:41.960] Load Cached PNG Texture: SquadExpansion/Serenity/Parts/@thumbs/hinge.01_icon0
[LOG 19:02:41.961] Load Cached PNG Texture: SquadExpansion/Serenity/Parts/@thumbs/hinge.01_icon1
[LOG 19:02:41.961] Load Cached PNG Texture: SquadExpansion/Serenity/Parts/@thumbs/hinge.03.s_icon0
[LOG 19:02:41.961] Load Cached PNG Texture: SquadExpansion/Serenity/Parts/@thumbs/hinge.03.s_icon1
[LOG 19:02:41.961] Load Cached PNG Texture: SquadExpansion/Serenity/Parts/@thumbs/hinge.03_icon0
[LOG 19:02:41.961] Load Cached PNG Texture: SquadExpansion/Serenity/Parts/@thumbs/hinge.03_icon1
[LOG 19:02:41.961] Load Cached PNG Texture: SquadExpansion/Serenity/Parts/@thumbs/largeFanBlade_icon0
[LOG 19:02:41.961] Load Cached PNG Texture: SquadExpansion/Serenity/Parts/@thumbs/largeFanBlade_icon1
[LOG 19:02:41.962] Load Cached PNG Texture: SquadExpansion/Serenity/Parts/@thumbs/largePropeller_icon0
[LOG 19:02:41.962] Load Cached PNG Texture: SquadExpansion/Serenity/Parts/@thumbs/largePropeller_icon1
[LOG 19:02:41.962] Load Cached PNG Texture: SquadExpansion/Serenity/Parts/@thumbs/lGripPad_icon0
[LOG 19:02:41.962] Load Cached PNG Texture: SquadExpansion/Serenity/Parts/@thumbs/lGripPad_icon1
[LOG 19:02:41.962] Load Cached PNG Texture: SquadExpansion/Serenity/Parts/@thumbs/lGripStrip_icon
[LOG 19:02:41.962] Load Cached PNG Texture: SquadExpansion/Serenity/Parts/@thumbs/mediumFanBlade_icon0
[LOG 19:02:41.962] Load Cached PNG Texture: SquadExpansion/Serenity/Parts/@thumbs/mediumFanBlade_icon1
[LOG 19:02:41.963] Load Cached PNG Texture: SquadExpansion/Serenity/Parts/@thumbs/mediumPropeller_icon0
[LOG 19:02:41.963] Load Cached PNG Texture: SquadExpansion/Serenity/Parts/@thumbs/mediumPropeller_icon1
[LOG 19:02:41.963] Load Cached PNG Texture: SquadExpansion/Serenity/Parts/@thumbs/mGripPad_icon0
[LOG 19:02:41.963] Load Cached PNG Texture: SquadExpansion/Serenity/Parts/@thumbs/mGripPad_icon1
[LOG 19:02:41.963] Load Cached PNG Texture: SquadExpansion/Serenity/Parts/@thumbs/noseconeTiny_icon
[LOG 19:02:41.963] Load Cached PNG Texture: SquadExpansion/Serenity/Parts/@thumbs/noseconeVS_icon
[LOG 19:02:41.963] Load Cached PNG Texture: SquadExpansion/Serenity/Parts/@thumbs/piston.01_icon0
[LOG 19:02:41.964] Load Cached PNG Texture: SquadExpansion/Serenity/Parts/@thumbs/piston.01_icon1
[LOG 19:02:41.964] Load Cached PNG Texture: SquadExpansion/Serenity/Parts/@thumbs/piston.02_icon0
[LOG 19:02:41.964] Load Cached PNG Texture: SquadExpansion/Serenity/Parts/@thumbs/piston.02_icon1
[LOG 19:02:41.964] Load Cached PNG Texture: SquadExpansion/Serenity/Parts/@thumbs/piston.03_icon0
[LOG 19:02:41.964] Load Cached PNG Texture: SquadExpansion/Serenity/Parts/@thumbs/piston.03_icon1
[LOG 19:02:41.964] Load Cached PNG Texture: SquadExpansion/Serenity/Parts/@thumbs/piston.04_icon0
[LOG 19:02:41.964] Load Cached PNG Texture: SquadExpansion/Serenity/Parts/@thumbs/piston.04_icon1
[LOG 19:02:41.965] Load Cached PNG Texture: SquadExpansion/Serenity/Parts/@thumbs/RobotArmScanner.S1_icon
[LOG 19:02:41.965] Load Cached PNG Texture: SquadExpansion/Serenity/Parts/@thumbs/RobotArmScanner.S2_icon
[LOG 19:02:41.965] Load Cached PNG Texture: SquadExpansion/Serenity/Parts/@thumbs/RobotArmScanner.S3_icon
[LOG 19:02:41.965] Load Cached PNG Texture: SquadExpansion/Serenity/Parts/@thumbs/rotor.01s_icon0
[LOG 19:02:41.965] Load Cached PNG Texture: SquadExpansion/Serenity/Parts/@thumbs/rotor.01s_icon1
[LOG 19:02:41.965] Load Cached PNG Texture: SquadExpansion/Serenity/Parts/@thumbs/rotor.01_icon0
[LOG 19:02:41.965] Load Cached PNG Texture: SquadExpansion/Serenity/Parts/@thumbs/rotor.01_icon1
[LOG 19:02:41.966] Load Cached PNG Texture: SquadExpansion/Serenity/Parts/@thumbs/rotor.02s_icon0
[LOG 19:02:41.966] Load Cached PNG Texture: SquadExpansion/Serenity/Parts/@thumbs/rotor.02s_icon1
[LOG 19:02:41.966] Load Cached PNG Texture: SquadExpansion/Serenity/Parts/@thumbs/rotor.02_icon0
[LOG 19:02:41.966] Load Cached PNG Texture: SquadExpansion/Serenity/Parts/@thumbs/rotor.02_icon1
[LOG 19:02:41.966] Load Cached PNG Texture: SquadExpansion/Serenity/Parts/@thumbs/RotorEngine.02_icon
[LOG 19:02:41.966] Load Cached PNG Texture: SquadExpansion/Serenity/Parts/@thumbs/rotoServo.00_icon0
[LOG 19:02:41.967] Load Cached PNG Texture: SquadExpansion/Serenity/Parts/@thumbs/rotoServo.00_icon1
[LOG 19:02:41.967] Load Cached PNG Texture: SquadExpansion/Serenity/Parts/@thumbs/rotoServo.02_icon0
[LOG 19:02:41.967] Load Cached PNG Texture: SquadExpansion/Serenity/Parts/@thumbs/rotoServo.02_icon1
[LOG 19:02:41.967] Load Cached PNG Texture: SquadExpansion/Serenity/Parts/@thumbs/rotoServo.03_icon0
[LOG 19:02:41.967] Load Cached PNG Texture: SquadExpansion/Serenity/Parts/@thumbs/rotoServo.03_icon1
[LOG 19:02:41.967] Load Cached PNG Texture: SquadExpansion/Serenity/Parts/@thumbs/sGripPad_icon0
[LOG 19:02:41.967] Load Cached PNG Texture: SquadExpansion/Serenity/Parts/@thumbs/sGripPad_icon1
[LOG 19:02:41.968] Load Cached PNG Texture: SquadExpansion/Serenity/Parts/@thumbs/sGripStrip_icon
[LOG 19:02:41.968] Load Cached PNG Texture: SquadExpansion/Serenity/Parts/@thumbs/smallFanBlade_icon0
[LOG 19:02:41.968] Load Cached PNG Texture: SquadExpansion/Serenity/Parts/@thumbs/smallFanBlade_icon1
[LOG 19:02:41.968] Load Cached PNG Texture: SquadExpansion/Serenity/Parts/@thumbs/smallHeliBlade_icon0
[LOG 19:02:41.968] Load Cached PNG Texture: SquadExpansion/Serenity/Parts/@thumbs/smallHeliBlade_icon1
[LOG 19:02:41.968] Load Cached PNG Texture: SquadExpansion/Serenity/Parts/@thumbs/smallPropeller_icon0
[LOG 19:02:41.968] Load Cached PNG Texture: SquadExpansion/Serenity/Parts/@thumbs/smallPropeller_icon1
[LOG 19:02:41.968] Load DDS texture: SquadExpansion/Serenity/Parts/Aero/Assets/copterBlades_diffuse
[LOG 19:02:41.969] Load DDS texture: SquadExpansion/Serenity/Parts/Aero/Assets/shroudsDiffuse_color
[LOG 19:02:41.969] Load DDS texture: SquadExpansion/Serenity/Parts/Aero/Assets/shroudsDiffuse_plain
[LOG 19:02:41.969] Load Cached PNG Texture: SquadExpansion/Serenity/Parts/DeployedScience/MockupTexture
[LOG 19:02:41.969] Load DDS texture: SquadExpansion/Serenity/Parts/DeployedScience/Assets/centralStation_diffuse
[LOG 19:02:41.970] Load DDS texture: SquadExpansion/Serenity/Parts/DeployedScience/Assets/centralStation_emissive
[LOG 19:02:41.993] Load DDS texture: SquadExpansion/Serenity/Parts/DeployedScience/Assets/GenericParts_diffuse
[LOG 19:02:41.994] Load DDS texture: SquadExpansion/Serenity/Parts/DeployedScience/Assets/GenericParts_emissive
[LOG 19:02:41.998] Load DDS texture: SquadExpansion/Serenity/Parts/DeployedScience/Assets/GenericParts_normal
[LOG 19:02:41.999] Load DDS texture: SquadExpansion/Serenity/Parts/DeployedScience/Assets/goex_diffuse
[LOG 19:02:42.002] Load DDS texture: SquadExpansion/Serenity/Parts/DeployedScience/Assets/goex_specMapped
[LOG 19:02:42.004] Load DDS texture: SquadExpansion/Serenity/Parts/DeployedScience/Assets/Grid
[LOG 19:02:42.006] Load DDS texture: SquadExpansion/Serenity/Parts/DeployedScience/Assets/IonExperiment_diffuse
[LOG 19:02:42.007] Load DDS texture: SquadExpansion/Serenity/Parts/DeployedScience/Assets/RTGCask_diffuse
[LOG 19:02:42.007] Load DDS texture: SquadExpansion/Serenity/Parts/DeployedScience/Assets/satDish_diffuse
[LOG 19:02:42.008] Load Cached PNG Texture: SquadExpansion/Serenity/Parts/DeployedScience/Assets/Scratch
[LOG 19:02:42.008] Load DDS texture: SquadExpansion/Serenity/Parts/DeployedScience/Assets/Screen2
[LOG 19:02:42.009] Load DDS texture: SquadExpansion/Serenity/Parts/DeployedScience/Assets/Screen3
[LOG 19:02:42.009] Load DDS texture: SquadExpansion/Serenity/Parts/DeployedScience/Assets/ScreenReadout
[LOG 19:02:42.009] Load DDS texture: SquadExpansion/Serenity/Parts/DeployedScience/Assets/seismicSensor_diffuse
[LOG 19:02:42.010] Load DDS texture: SquadExpansion/Serenity/Parts/DeployedScience/Assets/seismicSensor_nrm
[LOG 19:02:42.011] Load DDS texture: SquadExpansion/Serenity/Parts/DeployedScience/Assets/seismicSensor_specularMapped
[LOG 19:02:42.012] Load DDS texture: SquadExpansion/Serenity/Parts/DeployedScience/Assets/SolarGraph
[LOG 19:02:42.013] Load DDS texture: SquadExpansion/Serenity/Parts/DeployedScience/Assets/solarPanel_diffuse
[LOG 19:02:42.014] Load DDS texture: SquadExpansion/Serenity/Parts/DeployedScience/Assets/Waveleght3
[LOG 19:02:42.015] Load DDS texture: SquadExpansion/Serenity/Parts/DeployedScience/Assets/Wavelenght
[LOG 19:02:42.015] Load DDS texture: SquadExpansion/Serenity/Parts/DeployedScience/Assets/Wavelenght2
[LOG 19:02:42.015] Load DDS texture: SquadExpansion/Serenity/Parts/DeployedScience/Assets/wavelenght4
[LOG 19:02:42.015] Load DDS texture: SquadExpansion/Serenity/Parts/DeployedScience/Assets/wavelenght5
[LOG 19:02:42.015] Load DDS texture: SquadExpansion/Serenity/Parts/DeployedScience/Assets/WeatherStation [Normal]
[LOG 19:02:42.040] Load DDS texture: SquadExpansion/Serenity/Parts/DeployedScience/Assets/Weather_Station_diffuse
[LOG 19:02:42.048] Load DDS texture: SquadExpansion/Serenity/Parts/DeployedScience/Assets/Weather_Station_normal
[LOG 19:02:42.055] Load DDS texture: SquadExpansion/Serenity/Parts/Propellers/Assets/blade_diffuse
[LOG 19:02:42.055] Load DDS texture: SquadExpansion/Serenity/Parts/Propellers/Assets/copterBlades_diffuse
[LOG 19:02:42.056] Load DDS texture: SquadExpansion/Serenity/Parts/Propellers/Assets/fan_diffuse
[LOG 19:02:42.056] Load DDS texture: SquadExpansion/Serenity/Parts/Robotics/Assets/hinges-03-s_diffuse_Color
[LOG 19:02:42.056] Load DDS texture: SquadExpansion/Serenity/Parts/Robotics/Assets/hinges-03_diffuse_color
[LOG 19:02:42.057] Load DDS texture: SquadExpansion/Serenity/Parts/Robotics/Assets/hinges-03_diffuse_plain
[LOG 19:02:42.059] Load DDS texture: SquadExpansion/Serenity/Parts/Robotics/Assets/hinges_diffuse
[LOG 19:02:42.059] Load DDS texture: SquadExpansion/Serenity/Parts/Robotics/Assets/Hinge_diffuse_G-00_Color
[LOG 19:02:42.060] Load DDS texture: SquadExpansion/Serenity/Parts/Robotics/Assets/Hinge_diffuse_G-11_Color
[LOG 19:02:42.060] Load DDS texture: SquadExpansion/Serenity/Parts/Robotics/Assets/Hinge_diffuse_G-11_plain
[LOG 19:02:42.061] Load DDS texture: SquadExpansion/Serenity/Parts/Robotics/Assets/Hinge_normal
[LOG 19:02:42.061] Load DDS texture: SquadExpansion/Serenity/Parts/Robotics/Assets/RotorEngine_02_diffuse
[LOG 19:02:42.062] Load DDS texture: SquadExpansion/Serenity/Parts/Robotics/Assets/RotorEngine_03_diffuse
[LOG 19:02:42.064] Load DDS texture: SquadExpansion/Serenity/Parts/Robotics/Assets/RotorEngine_03_normal
[LOG 19:02:42.066] Load DDS texture: SquadExpansion/Serenity/Parts/Robotics/Assets/Rotor_01_diffuse_color
[LOG 19:02:42.067] Load DDS texture: SquadExpansion/Serenity/Parts/Robotics/Assets/Rotor_01_diffuse_plain
[LOG 19:02:42.068] Load DDS texture: SquadExpansion/Serenity/Parts/Robotics/Assets/Rotor_01_normal
[LOG 19:02:42.069] Load DDS texture: SquadExpansion/Serenity/Parts/Robotics/Assets/Rotor_01_specular_D
[LOG 19:02:42.092] Load DDS texture: SquadExpansion/Serenity/Parts/Robotics/Assets/Rotor_02_diffuse_color
[LOG 19:02:42.093] Load DDS texture: SquadExpansion/Serenity/Parts/Robotics/Assets/Rotor_03_diffuse_color
[LOG 19:02:42.096] Load DDS texture: SquadExpansion/Serenity/Parts/Robotics/Assets/Rotor_03_diffuse_plain
[LOG 19:02:42.098] Load DDS texture: SquadExpansion/Serenity/Parts/Robotics/Assets/Rotor_03_normal
[LOG 19:02:42.099] Load DDS texture: SquadExpansion/Serenity/Parts/Robotics/Assets/rotoServos_diffuse_color
[LOG 19:02:42.099] Load DDS texture: SquadExpansion/Serenity/Parts/Robotics/Assets/rotoServos_diffuse_plain
[LOG 19:02:42.100] Load DDS texture: SquadExpansion/Serenity/Parts/Robotics/Assets/rotoServos_nrm
[LOG 19:02:42.101] Load DDS texture: SquadExpansion/Serenity/Parts/Robotics/Controllers/roboController_diffuse
[LOG 19:02:42.101] Load DDS texture: SquadExpansion/Serenity/Parts/Robotics/Controllers/roboController_emissive
[LOG 19:02:42.101] Load Cached PNG Texture: SquadExpansion/Serenity/Parts/Science/RobotArmScanner/Assets/DrillBits
[LOG 19:02:42.102] Load DDS texture: SquadExpansion/Serenity/Parts/Science/RobotArmScanner/Assets/DustParticle
[WRN 19:02:42.102] Duplicate PNG texture 'SquadExpansion/Serenity/Parts/Science/RobotArmScanner/Assets/DustParticle' with extension 'png' won't be loaded
[LOG 19:02:42.102] Load DDS texture: SquadExpansion/Serenity/Parts/Science/RobotArmScanner/Assets/GenericParts_diffuse
[LOG 19:02:42.110] Load DDS texture: SquadExpansion/Serenity/Parts/Science/RobotArmScanner/Assets/GenericParts_normal
[LOG 19:02:42.118] Load DDS texture: SquadExpansion/Serenity/Parts/Science/RobotArmScanner/Assets/ROCArm3_diffuse
[LOG 19:02:42.125] Load DDS texture: SquadExpansion/Serenity/Parts/Science/RobotArmScanner/Assets/ROCArm3_normal
[LOG 19:02:42.131] Load DDS texture: SquadExpansion/Serenity/Parts/Science/RobotArmScanner/Assets/ROCArm_2_diffuse
[LOG 19:02:42.134] Load DDS texture: SquadExpansion/Serenity/Parts/Science/RobotArmScanner/Assets/ROCArm_2_normal
[LOG 19:02:42.135] Load Cached PNG Texture: SquadExpansion/Serenity/Parts/Science/RobotArmScanner/Assets/Scratch
[LOG 19:02:42.136] Load DDS texture: SquadExpansion/Serenity/Parts/Science/RobotArmScanner/Assets/SmallArm_diffuse
[LOG 19:02:42.136] Load DDS texture: SquadExpansion/Serenity/Parts/Science/RobotArmScanner/Assets/SmallArm_normal
[LOG 19:02:42.138] Load DDS texture: SquadExpansion/Serenity/Parts/Structural/gripPads/Assets/gripPads_diffuse
[LOG 19:02:42.139] Load DDS texture: SquadExpansion/Serenity/Parts/Structural/gripPads/Assets/gripPads_nrm
[LOG 19:02:42.140] Load Cached PNG Texture: SquadExpansion/Serenity/Ships/@thumbs/SPH/Arrow-E
[LOG 19:02:42.141] Load Cached PNG Texture: SquadExpansion/Serenity/Ships/@thumbs/SPH/Butterfly Rover
[LOG 19:02:42.141] Load Cached PNG Texture: SquadExpansion/Serenity/Ships/@thumbs/SPH/Jeb_s Quadtaxi
[LOG 19:02:42.141] Load Cached PNG Texture: SquadExpansion/Serenity/Ships/@thumbs/SPH/Kerbodyne Rotodyne
[LOG 19:02:42.141] Load Cached PNG Texture: SquadExpansion/Serenity/Ships/@thumbs/SPH/Seahawk
[LOG 19:02:42.141] Load Cached PNG Texture: SquadExpansion/Serenity/Ships/@thumbs/SPH/Val-Thopter
[LOG 19:02:42.143] Load MU model: Squad/FX/afterburner_flame
[LOG 19:02:42.159] Load MU model: Squad/FX/afterburner_shock
[LOG 19:02:42.161] Load MU model: Squad/FX/diamondBlue
[LOG 19:02:42.162] Load MU model: Squad/FX/exhaustFlames_blue
[LOG 19:02:42.288] Load MU model: Squad/FX/hydroLOXFlame
[LOG 19:02:42.289] Load MU model: Squad/FX/IonPlume
[LOG 19:02:42.290] Load MU model: Squad/FX/ks1_Exhaust
[LOG 19:02:42.290] Load MU model: Squad/FX/ks25_Exhaust
[LOG 19:02:42.293] Load MU model: Squad/FX/ksX_Exhaust
[LOG 19:02:42.296] Load MU model: Squad/FX/LES_Thruster
[LOG 19:02:42.296] Load MU model: Squad/FX/Monoprop_big
[LOG 19:02:42.296] Load MU model: Squad/FX/Monoprop_medium
[LOG 19:02:42.297] Load MU model: Squad/FX/Monoprop_small
[LOG 19:02:42.297] Load MU model: Squad/FX/shockExhaust_blue
[LOG 19:02:42.298] Load MU model: Squad/FX/shockExhaust_blue_small
[LOG 19:02:42.298] Load MU model: Squad/FX/shockExhaust_red_small
[LOG 19:02:42.299] Load MU model: Squad/FX/SRB_Large
[LOG 19:02:42.299] Load MU model: Squad/FX/SRB_LargeSparks
[LOG 19:02:42.299] Load MU model: Squad/Parts/Aero/aerodynamicNoseCone/aerodynamicNoseCone
[LOG 19:02:42.302] Load MU model: Squad/Parts/Aero/airbrake/Airbrake
[LOG 19:02:42.302] Load MU model: Squad/Parts/Aero/airIntakeRadialXM-G50/RadialIntake
[LOG 19:02:42.303] Load MU model: Squad/Parts/Aero/airlinerWings/ControlSurface
[LOG 19:02:42.303] Load MU model: Squad/Parts/Aero/airlinerWings/MainWing
[LOG 19:02:42.305] Load MU model: Squad/Parts/Aero/airlinerWings/TailFin
[LOG 19:02:42.307] Load MU model: Squad/Parts/Aero/airplaneFins/AdvCanard
[LOG 19:02:42.307] Load MU model: Squad/Parts/Aero/airplaneFins/Canard
[LOG 19:02:42.307] Load MU model: Squad/Parts/Aero/airplaneFins/Swept
[LOG 19:02:42.309] Load MU model: Squad/Parts/Aero/airplaneFins/TailFin
[LOG 19:02:42.309] Load MU model: Squad/Parts/Aero/basicFin/basicFin
[LOG 19:02:42.309] Load MU model: Squad/Parts/Aero/circularIntake/CircularIntake
[LOG 19:02:42.311] Load MU model: Squad/Parts/Aero/circularIntake/ConeIntake
[LOG 19:02:42.311] Load MU model: Squad/Parts/Aero/cones/Assets/AvioCone
[LOG 19:02:42.312] Load MU model: Squad/Parts/Aero/cones/Assets/ConeA
[LOG 19:02:42.312] Load MU model: Squad/Parts/Aero/cones/Assets/ConeB
[LOG 19:02:42.312] Load MU model: Squad/Parts/Aero/cones/Assets/NCS
[LOG 19:02:42.312] Load MU model: Squad/Parts/Aero/cones/Assets/orangeNoseCone
[LOG 19:02:42.313] Load MU model: Squad/Parts/Aero/cones/Assets/rocketNoseCone
[LOG 19:02:42.313] Load MU model: Squad/Parts/Aero/cones/Assets/rocketNoseCone_v2
[LOG 19:02:42.314] Load MU model: Squad/Parts/Aero/cones/Assets/rocketNoseCone_v3
[LOG 19:02:42.314] Load MU model: Squad/Parts/Aero/cones/Assets/TailA
[LOG 19:02:42.314] Load MU model: Squad/Parts/Aero/cones/Assets/TailB
[LOG 19:02:42.318] Load MU model: Squad/Parts/Aero/cones/Assets/TinyCone
[LOG 19:02:42.318] Load MU model: Squad/Parts/Aero/fairings/AutoTruss
[LOG 19:02:42.318] Load MU model: Squad/Parts/Aero/fairings/fairingSize1
[LOG 19:02:42.319] Load MU model: Squad/Parts/Aero/fairings/fairingSize2
[LOG 19:02:42.319] Load MU model: Squad/Parts/Aero/fairings/fairingSize3
[LOG 19:02:42.319] Load MU model: Squad/Parts/Aero/HeatShield/HeatShield0
[LOG 19:02:42.320] Load MU model: Squad/Parts/Aero/HeatShield/HeatShield1
[LOG 19:02:42.320] Load MU model: Squad/Parts/Aero/HeatShield/HeatShield2
[LOG 19:02:42.320] Load MU model: Squad/Parts/Aero/HeatShield/HeatShield3
[LOG 19:02:42.321] Load MU model: Squad/Parts/Aero/InflatableHeatShield/HeatShield
[LOG 19:02:42.324] Load MU model: Squad/Parts/Aero/intakeRadialLong/IntakeRadial
[LOG 19:02:42.324] Load MU model: Squad/Parts/Aero/miniIntake/SmallIntake
[LOG 19:02:42.324] Load MU model: Squad/Parts/Aero/ramAirIntake/RampIntake
[LOG 19:02:42.325] Load MU model: Squad/Parts/Aero/shuttleWings/ShuttleDeltaWing
[LOG 19:02:42.325] Load MU model: Squad/Parts/Aero/shuttleWings/ShuttleElevonA
[LOG 19:02:42.325] Load MU model: Squad/Parts/Aero/shuttleWings/ShuttleElevonB
[LOG 19:02:42.325] Load MU model: Squad/Parts/Aero/shuttleWings/ShuttleRudder
[LOG 19:02:42.326] Load MU model: Squad/Parts/Aero/shuttleWings/ShuttleStrake
[LOG 19:02:42.326] Load MU model: Squad/Parts/Aero/wingletAV-R8/model
[LOG 19:02:42.326] Load MU model: Squad/Parts/Aero/wingletAV-T1/model
[LOG 19:02:42.328] Load MU model: Squad/Parts/Aero/wingletDeltaDeluxe/model
[LOG 19:02:42.328] Load MU model: Squad/Parts/Aero/wings/connector1
[LOG 19:02:42.328] Load MU model: Squad/Parts/Aero/wings/connector2
[LOG 19:02:42.328] Load MU model: Squad/Parts/Aero/wings/connector3
[LOG 19:02:42.328] Load MU model: Squad/Parts/Aero/wings/connector4
[LOG 19:02:42.328] Load MU model: Squad/Parts/Aero/wings/connector5
[LOG 19:02:42.329] Load MU model: Squad/Parts/Aero/wings/delta
[LOG 19:02:42.329] Load MU model: Squad/Parts/Aero/wings/delta_small
[LOG 19:02:42.331] Load MU model: Squad/Parts/Aero/wings/elevon1
[LOG 19:02:42.335] Load MU model: Squad/Parts/Aero/wings/elevon2
[LOG 19:02:42.335] Load MU model: Squad/Parts/Aero/wings/elevon3
[LOG 19:02:42.335] Load MU model: Squad/Parts/Aero/wings/elevon4
[LOG 19:02:42.338] Load MU model: Squad/Parts/Aero/wings/elevon5
[LOG 19:02:42.338] Load MU model: Squad/Parts/Aero/wings/strake
[LOG 19:02:42.338] Load MU model: Squad/Parts/Aero/wings/structural1
[LOG 19:02:42.338] Load MU model: Squad/Parts/Aero/wings/structural2
[LOG 19:02:42.338] Load MU model: Squad/Parts/Aero/wings/structural3
[LOG 19:02:42.338] Load MU model: Squad/Parts/Aero/wings/structural4
[LOG 19:02:42.339] Load MU model: Squad/Parts/Aero/wings/swept1
[LOG 19:02:42.339] Load MU model: Squad/Parts/Aero/wings/swept2
[LOG 19:02:42.339] Load MU model: Squad/Parts/Cargo/CargoContainers/cargoContainer
[LOG 19:02:42.339] Load MU model: Squad/Parts/Cargo/CargoContainers/smallCargoContainer
[LOG 19:02:42.340] Load MU model: Squad/Parts/Cargo/Cylinder/EVAcylinder
[LOG 19:02:42.340] Load MU model: Squad/Parts/Cargo/GroundAnchor/groundAnchor
[LOG 19:02:42.341] Load MU model: Squad/Parts/Cargo/Jetpack/Jetpack
[LOG 19:02:42.341] Load MU model: Squad/Parts/Cargo/Parachute/Parachute
[LOG 19:02:42.341] Load MU model: Squad/Parts/Cargo/RepairKit/RepairKit
[LOG 19:02:42.364] Load MU model: Squad/Parts/Cargo/ScienceKit/ExperimentKit
[LOG 19:02:42.366] Load MU model: Squad/Parts/Cargo/StorageUnits/Assets/CargoStorageUnit
[LOG 19:02:42.367] Load MU model: Squad/Parts/Cargo/StorageUnits/Assets/ConformalStorageUnit
[LOG 19:02:42.370] Load MU model: Squad/Parts/Command/advancedSasModuleLarge/model
[LOG 19:02:42.370] Load MU model: Squad/Parts/Command/cupola/model
[LOG 19:02:42.371] Load MU model: Squad/Parts/Command/externalCommandSeat/model
[LOG 19:02:42.372] Load MU model: Squad/Parts/Command/hitchhikerStorageContainer/model
[LOG 19:02:42.372] Load MU model: Squad/Parts/Command/inlineAdvancedStabilizer/model
[LOG 19:02:42.373] Load MU model: Squad/Parts/Command/inlineReactionWheel/model
[LOG 19:02:42.373] Load MU model: Squad/Parts/Command/Mk1-3Pod/Mk1-3
[LOG 19:02:42.374] Load MU model: Squad/Parts/Command/mk1Cockpits/Cabin
[LOG 19:02:42.374] Load MU model: Squad/Parts/Command/mk1Cockpits/CockpitInline
[LOG 19:02:42.375] Load MU model: Squad/Parts/Command/mk1Cockpits/CockpitStandard
[LOG 19:02:42.393] Load MU model: Squad/Parts/Command/mk1LanderCan/model
[LOG 19:02:42.393] Load MU model: Squad/Parts/Command/mk1pod_v2/Mk1Pod_v2
[LOG 19:02:42.394] Load MU model: Squad/Parts/Command/mk2CockpitInline/model
[LOG 19:02:42.394] Load MU model: Squad/Parts/Command/mk2CockpitStandard/model
[LOG 19:02:42.395] Load MU model: Squad/Parts/Command/mk2DroneCore/model
[LOG 19:02:42.395] Load MU model: Squad/Parts/Command/mk2LanderCan/model
[LOG 19:02:42.398] Load MU model: Squad/Parts/Command/mk2LanderCan_v2/mk2LanderCan
[LOG 19:02:42.399] Load MU model: Squad/Parts/Command/mk3CockpitShuttle/model
[LOG 19:02:42.400] Load MU model: Squad/Parts/Command/MpoProbe/MpoProbe
[LOG 19:02:42.409] Load MU model: Squad/Parts/Command/MtmStage/MTM_Stage
[LOG 19:02:42.409] Load MU model: Squad/Parts/Command/probeCoreCube/probeCoreCube
[LOG 19:02:42.412] Load MU model: Squad/Parts/Command/probeCoreHex/model
[LOG 19:02:42.412] Load MU model: Squad/Parts/Command/probeCoreHex_v2/model
[LOG 19:02:42.412] Load MU model: Squad/Parts/Command/probeCoreOcto2_v2/probeCoreOcto2_v2
[LOG 19:02:42.412] Load MU model: Squad/Parts/Command/probeCoreOcto_v2/probeCoreOcto_v2
[LOG 19:02:42.413] Load MU model: Squad/Parts/Command/probeRoverBody/model
[LOG 19:02:42.413] Load MU model: Squad/Parts/Command/probeRoverBody_v2/probeRoverBody_v2
[LOG 19:02:42.416] Load MU model: Squad/Parts/Command/probeStackLarge/model
[LOG 19:02:42.416] Load MU model: Squad/Parts/Command/probeStackSmall/model
[LOG 19:02:42.416] Load MU model: Squad/Parts/Command/probeStackSphere_v2/probeStackSphere_v2
[LOG 19:02:42.416] Load MU model: Squad/Parts/CompoundParts/FuelLine/model
[LOG 19:02:42.419] Load MU model: Squad/Parts/CompoundParts/strutConnector/model
[LOG 19:02:42.419] Load MU model: Squad/Parts/Coupling/Assets/Decoupler_0
[LOG 19:02:42.419] Load MU model: Squad/Parts/Coupling/Assets/Decoupler_1
[LOG 19:02:42.420] Load MU model: Squad/Parts/Coupling/Assets/Decoupler_1p5
[LOG 19:02:42.420] Load MU model: Squad/Parts/Coupling/Assets/Decoupler_2
[LOG 19:02:42.420] Load MU model: Squad/Parts/Coupling/Assets/Decoupler_3
[LOG 19:02:42.421] Load MU model: Squad/Parts/Coupling/Assets/Decoupler_4
[LOG 19:02:42.421] Load MU model: Squad/Parts/Coupling/Assets/Separator_0
[LOG 19:02:42.421] Load MU model: Squad/Parts/Coupling/Assets/Separator_1
[LOG 19:02:42.422] Load MU model: Squad/Parts/Coupling/Assets/Separator_1p5
[LOG 19:02:42.422] Load MU model: Squad/Parts/Coupling/Assets/Separator_2
[LOG 19:02:42.423] Load MU model: Squad/Parts/Coupling/Assets/Separator_3
[LOG 19:02:42.423] Load MU model: Squad/Parts/Coupling/Assets/Separator_4
[LOG 19:02:42.423] Load MU model: Squad/Parts/Electrical/10CSolarPanels/assets/OX-10C
[LOG 19:02:42.425] Load MU model: Squad/Parts/Electrical/10CSolarPanels/assets/SP-10C
[LOG 19:02:42.427] Load MU model: Squad/Parts/Electrical/10LSolarPanels/assets/OX-10L
[LOG 19:02:42.428] Load MU model: Squad/Parts/Electrical/10LSolarPanels/assets/SP-10L
[LOG 19:02:42.429] Load MU model: Squad/Parts/Electrical/1x6ShroudSolarPanels/model
[LOG 19:02:42.430] Load MU model: Squad/Parts/Electrical/1x6SolarPanels/model
[LOG 19:02:42.431] Load MU model: Squad/Parts/Electrical/3x2ShroudSolarPanels/model
[LOG 19:02:42.434] Load MU model: Squad/Parts/Electrical/3x2SolarPanels/model
[LOG 19:02:42.435] Load MU model: Squad/Parts/Electrical/gigantorXlSolarArray/model
[LOG 19:02:42.436] Load MU model: Squad/Parts/Electrical/radialFlatSolarPanel/model
[LOG 19:02:42.436] Load MU model: Squad/Parts/Electrical/RTG/model
[LOG 19:02:42.436] Load MU model: Squad/Parts/Electrical/z-100Battery/model
[LOG 19:02:42.436] Load MU model: Squad/Parts/Electrical/z-1kBattery/model
[LOG 19:02:42.437] Load MU model: Squad/Parts/Electrical/z-200Battery/model
[LOG 19:02:42.437] Load MU model: Squad/Parts/Electrical/z-400Battery/model
[LOG 19:02:42.437] Load MU model: Squad/Parts/Electrical/z-4kBattery/model
[LOG 19:02:42.437] Load MU model: Squad/Parts/Engine/ionEngine/model
[LOG 19:02:42.437] Load MU model: Squad/Parts/Engine/jetEngines/turbineInside
[LOG 19:02:42.438] Load MU model: Squad/Parts/Engine/jetEngines/turboFanSize1
[LOG 19:02:42.438] Load MU model: Squad/Parts/Engine/jetEngines/turboFanSize2
[LOG 19:02:42.439] Load MU model: Squad/Parts/Engine/jetEngines/turboJet
[LOG 19:02:42.440] Load MU model: Squad/Parts/Engine/jetEngines/turboRamJet
[LOG 19:02:42.440] Load MU model: Squad/Parts/Engine/liquidEngine24-77/model
[LOG 19:02:42.441] Load MU model: Squad/Parts/Engine/liquidEngine24-77_v2/Twitch_v2
[LOG 19:02:42.441] Load MU model: Squad/Parts/Engine/liquidEngine48-7S_v2/SparkV2
[LOG 19:02:42.442] Load MU model: Squad/Parts/Engine/liquidEngineAerospike/AeroSpike
[LOG 19:02:42.442] Load MU model: Squad/Parts/Engine/liquidEngineLV-1_v2/Assets/Ant
[LOG 19:02:42.443] Load MU model: Squad/Parts/Engine/liquidEngineLV-1_v2/Assets/Spider
[LOG 19:02:42.443] Load MU model: Squad/Parts/Engine/liquidEngineLV-909_v2/TerrierV2
[LOG 19:02:42.444] Load MU model: Squad/Parts/Engine/liquidEngineLV-N/model
[LOG 19:02:42.445] Load MU model: Squad/Parts/Engine/liquidEngineLV-T30/model
[LOG 19:02:42.447] Load MU model: Squad/Parts/Engine/liquidEngineLV-T30_v2/Reliant_v2
[LOG 19:02:42.448] Load MU model: Squad/Parts/Engine/liquidEngineLV-T45/model
[LOG 19:02:42.448] Load MU model: Squad/Parts/Engine/liquidEngineLV-T45_v2/Swivel_v2
[LOG 19:02:42.450] Load MU model: Squad/Parts/Engine/liquidEngineMainsail_v2/liquidEngineMainsail_v2
[LOG 19:02:42.452] Load MU model: Squad/Parts/Engine/liquidEngineMk55/Thud
[LOG 19:02:42.452] Load MU model: Squad/Parts/Engine/liquidEnginePoodle_v2/LqdEnginePoodle_v2
[LOG 19:02:42.455] Load MU model: Squad/Parts/Engine/liquidEngineSkipper_v2/skipper_v2
[LOG 19:02:42.457] Load MU model: Squad/Parts/Engine/liquidEngineSSME/SSME
[LOG 19:02:42.457] Load MU model: Squad/Parts/Engine/MassiveSRB/MassiveSRB
[LOG 19:02:42.458] Load MU model: Squad/Parts/Engine/miniJet/SmallJet
[LOG 19:02:42.458] Load MU model: Squad/Parts/Engine/OMSEngine/Puff_v2
[LOG 19:02:42.458] Load MU model: Squad/Parts/Engine/rapierEngine/rapier
[LOG 19:02:42.459] Load MU model: Squad/Parts/Engine/Size1_SRBs/SRB10
[LOG 19:02:42.460] Load MU model: Squad/Parts/Engine/Size1_SRBs/SRB5
[LOG 19:02:42.460] Load MU model: Squad/Parts/Engine/Size2LFB/Size2LFB
[LOG 19:02:42.461] Load MU model: Squad/Parts/Engine/Size2LFB_v2/Size2LFB_v2
[LOG 19:02:42.463] Load MU model: Squad/Parts/Engine/Size3AdvancedEngine/Size3AdvancedEngine
[LOG 19:02:42.463] Load MU model: Squad/Parts/Engine/Size3EngineCluster/Size3EngineCluster
[LOG 19:02:42.464] Load MU model: Squad/Parts/Engine/solidBoosterBACC/model
[LOG 19:02:42.465] Load MU model: Squad/Parts/Engine/solidBoosterS2-17/solidBoosterS2-17
[LOG 19:02:42.466] Load MU model: Squad/Parts/Engine/solidBoosterS2-33/solidBoosterS2-33
[LOG 19:02:42.466] Load MU model: Squad/Parts/Engine/solidBoosterSep/model
[LOG 19:02:42.467] Load MU model: Squad/Parts/Engine/SolidBoostersF/Assets/SolidBoosterF3S0
[LOG 19:02:42.468] Load MU model: Squad/Parts/Engine/SolidBoostersF/Assets/SolidBoosterFM1
[LOG 19:02:42.469] Load MU model: Squad/Parts/FuelTank/adapterTanks/Mk3-Mk2
[LOG 19:02:42.469] Load MU model: Squad/Parts/FuelTank/adapterTanks/Mk3-Size2
[LOG 19:02:42.469] Load MU model: Squad/Parts/FuelTank/adapterTanks/Mk3-Size2Slant
[LOG 19:02:42.470] Load MU model: Squad/Parts/FuelTank/adapterTanks/ShuttleAdapter
[LOG 19:02:42.470] Load MU model: Squad/Parts/FuelTank/adapterTanks/Size2-Mk2
[LOG 19:02:42.470] Load MU model: Squad/Parts/FuelTank/adapterTanks/Size2-Size1
[LOG 19:02:42.470] Load MU model: Squad/Parts/FuelTank/adapterTanks/Size2-Size1Slant
[LOG 19:02:42.471] Load MU model: Squad/Parts/FuelTank/adapterTanks/Size3-Mk3
[LOG 19:02:42.471] Load MU model: Squad/Parts/FuelTank/drainTankFTE-1/fuelValve
[LOG 19:02:42.471] Load MU model: Squad/Parts/FuelTank/FoilTanks/RadialTank_Capsule
[LOG 19:02:42.471] Load MU model: Squad/Parts/FuelTank/FoilTanks/RadialTank_Round
[LOG 19:02:42.472] Load MU model: Squad/Parts/FuelTank/FoilTanks/ToroidTank
[LOG 19:02:42.472] Load MU model: Squad/Parts/FuelTank/fuelTankOscarB/model
[LOG 19:02:42.472] Load MU model: Squad/Parts/FuelTank/miniFuselage/Fuselage
[LOG 19:02:42.473] Load MU model: Squad/Parts/FuelTank/mk2Adapters/bicoupler
[LOG 19:02:42.473] Load MU model: Squad/Parts/FuelTank/mk2Adapters/long
[LOG 19:02:42.473] Load MU model: Squad/Parts/FuelTank/mk2Adapters/standard
[LOG 19:02:42.473] Load MU model: Squad/Parts/FuelTank/mk2FuselageLong/FuselageLongLFO
[LOG 19:02:42.474] Load MU model: Squad/Parts/FuelTank/mk2FuselageLong/FuselageLongLiquid
[LOG 19:02:42.474] Load MU model: Squad/Parts/FuelTank/mk2FuselageShort/FuselageShortLFO
[LOG 19:02:42.474] Load MU model: Squad/Parts/FuelTank/mk2FuselageShort/FuselageShortLiquid
[LOG 19:02:42.474] Load MU model: Squad/Parts/FuelTank/mk2FuselageShort/FuselageShortMono
[LOG 19:02:42.475] Load MU model: Squad/Parts/FuelTank/mk3Fuselage/CREW
[LOG 19:02:42.475] Load MU model: Squad/Parts/FuelTank/mk3Fuselage/LFO_100
[LOG 19:02:42.475] Load MU model: Squad/Parts/FuelTank/mk3Fuselage/LFO_25
[LOG 19:02:42.475] Load MU model: Squad/Parts/FuelTank/mk3Fuselage/LFO_50
[LOG 19:02:42.475] Load MU model: Squad/Parts/FuelTank/mk3Fuselage/LF_100
[LOG 19:02:42.476] Load MU model: Squad/Parts/FuelTank/mk3Fuselage/LF_25
[LOG 19:02:42.476] Load MU model: Squad/Parts/FuelTank/mk3Fuselage/LF_50
[LOG 19:02:42.476] Load MU model: Squad/Parts/FuelTank/mk3Fuselage/MONO
[LOG 19:02:42.476] Load MU model: Squad/Parts/FuelTank/RCSFuelTankR1/RCSFuelTankR1_01
[LOG 19:02:42.477] Load MU model: Squad/Parts/FuelTank/RCSFuelTankR10/model
[LOG 19:02:42.477] Load MU model: Squad/Parts/FuelTank/RCSFuelTankR25/RCSFuelTankR25
[LOG 19:02:42.477] Load MU model: Squad/Parts/FuelTank/RCSTankRadial/model
[LOG 19:02:42.477] Load MU model: Squad/Parts/FuelTank/RCStankRadialLong/model
[LOG 19:02:42.478] Load MU model: Squad/Parts/FuelTank/RockomaxTanks/Assets/Rockomax16
[LOG 19:02:42.478] Load MU model: Squad/Parts/FuelTank/RockomaxTanks/Assets/Rockomax32
[LOG 19:02:42.478] Load MU model: Squad/Parts/FuelTank/RockomaxTanks/Assets/Rockomax64
[LOG 19:02:42.479] Load MU model: Squad/Parts/FuelTank/RockomaxTanks/Assets/Rockomax8
[LOG 19:02:42.479] Load MU model: Squad/Parts/FuelTank/Size1_Tanks/Size1Tank_01
[LOG 19:02:42.479] Load MU model: Squad/Parts/FuelTank/Size1_Tanks/Size1Tank_02
[LOG 19:02:42.480] Load MU model: Squad/Parts/FuelTank/Size1_Tanks/Size1Tank_03
[LOG 19:02:42.480] Load MU model: Squad/Parts/FuelTank/Size1_Tanks/Size1Tank_04
[LOG 19:02:42.480] Load MU model: Squad/Parts/FuelTank/Size3Tanks/Size3LargeTank
[LOG 19:02:42.480] Load MU model: Squad/Parts/FuelTank/Size3Tanks/Size3MediumTank
[LOG 19:02:42.481] Load MU model: Squad/Parts/FuelTank/Size3Tanks/Size3SmallTank
[LOG 19:02:42.481] Load MU model: Squad/Parts/FuelTank/xenonTank/model
[LOG 19:02:42.481] Load MU model: Squad/Parts/FuelTank/xenonTankLarge/model
[LOG 19:02:42.482] Load MU model: Squad/Parts/FuelTank/xenonTankRadial/model
[LOG 19:02:42.482] Load MU model: Squad/Parts/Misc/AsteroidDay/CamSat
[LOG 19:02:42.482] Load MU model: Squad/Parts/Misc/AsteroidDay/HECS2
[LOG 19:02:42.482] Load MU model: Squad/Parts/Misc/AsteroidDay/HighGainAntenna
[LOG 19:02:42.483] Load MU model: Squad/Parts/Misc/AsteroidDay/LgRadialSolar
[LOG 19:02:42.483] Load MU model: Squad/Parts/Misc/PotatoComet/Cube
[LOG 19:02:42.484] Load MU model: Squad/Parts/Misc/PotatoRoid/Cube
[LOG 19:02:42.484] Load MU model: Squad/Parts/Resources/FuelCell/FuelCell
[LOG 19:02:42.484] Load MU model: Squad/Parts/Resources/FuelCell/FuelCellArray
[LOG 19:02:42.484] Load MU model: Squad/Parts/Resources/ISRU/ISRU
[LOG 19:02:42.485] Load MU model: Squad/Parts/Resources/LargeTank/LargeTank
[LOG 19:02:42.485] Load MU model: Squad/Parts/Resources/MiniDrill/MiniDrill
[LOG 19:02:42.487] Load MU model: Squad/Parts/Resources/MiniISRU/MiniISRU
[LOG 19:02:42.487] Load MU model: Squad/Parts/Resources/OrbitalScanner/OrbitalScanner
[LOG 19:02:42.488] Load MU model: Squad/Parts/Resources/RadialDrill/TriBitDrill
[LOG 19:02:42.490] Load MU model: Squad/Parts/Resources/RadialTank/RadialOreTank
[LOG 19:02:42.491] Load MU model: Squad/Parts/Resources/SmallTank/SmallTank
[LOG 19:02:42.491] Load MU model: Squad/Parts/Resources/SurfaceScanner/SurfaceScanner
[LOG 19:02:42.491] Load MU model: Squad/Parts/Resources/SurveyScanner/SurveyScanner
[LOG 19:02:42.492] Load MU model: Squad/Parts/Science/AtmosphereSensor/model
[LOG 19:02:42.492] Load MU model: Squad/Parts/Science/GooExperiment/GooExperiment
[LOG 19:02:42.492] Load MU model: Squad/Parts/Science/LargeCrewedLab/large_crewed_lab
[LOG 19:02:42.493] Load MU model: Squad/Parts/Science/Magnetometer/Magnetometer
[LOG 19:02:42.497] Load MU model: Squad/Parts/Science/MaterialBay/science_module_small
[LOG 19:02:42.498] Load MU model: Squad/Parts/Science/ScienceBox/ScienceBox
[LOG 19:02:42.498] Load MU model: Squad/Parts/Science/sensorAccelerometer/model
[LOG 19:02:42.498] Load MU model: Squad/Parts/Science/sensorBarometer/model
[LOG 19:02:42.498] Load MU model: Squad/Parts/Science/sensorGravimeter/model
[LOG 19:02:42.499] Load MU model: Squad/Parts/Science/sensorThermometer/model
[LOG 19:02:42.499] Load MU model: Squad/Parts/Structural/FLAdapters/Assets/adapterSmallMiniShort_v2
[LOG 19:02:42.499] Load MU model: Squad/Parts/Structural/FLAdapters/Assets/adapterSmallMiniTall_v2
[LOG 19:02:42.499] Load MU model: Squad/Parts/Structural/mk1Parts/Fuselage
[LOG 19:02:42.499] Load MU model: Squad/Parts/Structural/mk1Parts/IntakeFuselage
[LOG 19:02:42.500] Load MU model: Squad/Parts/Structural/mk1Parts/Nacelle1
[LOG 19:02:42.500] Load MU model: Squad/Parts/Structural/mk1Parts/Nacelle2
[LOG 19:02:42.500] Load MU model: Squad/Parts/Structural/mk1Parts/Structural
[LOG 19:02:42.500] Load MU model: Squad/Parts/Structural/mk1Parts/StructuralHollow
[LOG 19:02:42.502] Load MU model: Squad/Parts/Structural/Size3To2Adapter_v2/Size2to3_v2
[LOG 19:02:42.502] Load MU model: Squad/Parts/Structural/stackAdapters/Assets/adapterLargeSmallBi
[LOG 19:02:42.503] Load MU model: Squad/Parts/Structural/stackAdapters/Assets/adapterLargeSmallQuad
[LOG 19:02:42.503] Load MU model: Squad/Parts/Structural/stackAdapters/Assets/adapterLargeSmallTri
[LOG 19:02:42.504] Load MU model: Squad/Parts/Structural/stationHub/model
[LOG 19:02:42.504] Load MU model: Squad/Parts/Structural/structuralIBeam200/model
[LOG 19:02:42.504] Load MU model: Squad/Parts/Structural/structuralIBeam200Pocket/model
[LOG 19:02:42.504] Load MU model: Squad/Parts/Structural/structuralIBeam650/model
[LOG 19:02:42.504] Load MU model: Squad/Parts/Structural/structuralMicronode/model
[LOG 19:02:42.504] Load MU model: Squad/Parts/Structural/structuralPanel1x1/model
[LOG 19:02:42.505] Load MU model: Squad/Parts/Structural/structuralPanel2x2/model
[LOG 19:02:42.505] Load MU model: Squad/Parts/Structural/structuralPylons/PylonBig
[LOG 19:02:42.505] Load MU model: Squad/Parts/Structural/structuralPylons/PylonSmall
[LOG 19:02:42.505] Load MU model: Squad/Parts/Structural/strutCubicOcto/model
[LOG 19:02:42.505] Load MU model: Squad/Parts/Structural/strutOcto/model
[LOG 19:02:42.506] Load MU model: Squad/Parts/Structural/trussGirderAdapter/model
[LOG 19:02:42.506] Load MU model: Squad/Parts/Structural/trussGirderL/model
[LOG 19:02:42.506] Load MU model: Squad/Parts/Structural/trussGirderXL/model
[LOG 19:02:42.506] Load MU model: Squad/Parts/Thermal/FoldingRadiators/foldingRadLarge
[LOG 19:02:42.511] Load MU model: Squad/Parts/Thermal/FoldingRadiators/foldingRadMed
[LOG 19:02:42.513] Load MU model: Squad/Parts/Thermal/FoldingRadiators/foldingRadSmall
[LOG 19:02:42.515] Load MU model: Squad/Parts/Thermal/RadiatorPanels/radPanelEdge
[LOG 19:02:42.515] Load MU model: Squad/Parts/Thermal/RadiatorPanels/radPanelLg
[LOG 19:02:42.515] Load MU model: Squad/Parts/Thermal/RadiatorPanels/radPanelSm
[LOG 19:02:42.516] Load MU model: Squad/Parts/Utility/commDish88-88/model
[LOG 19:02:42.521] Load MU model: Squad/Parts/Utility/commsAntennaDTS-M1/mediumDishAntenna
[LOG 19:02:42.522] Load MU model: Squad/Parts/Utility/commsDish16/model
[LOG 19:02:42.522] Load MU model: Squad/Parts/Utility/decouplerRadialHDM/model
[LOG 19:02:42.522] Load MU model: Squad/Parts/Utility/decouplerRadialTT-38K/model
[LOG 19:02:42.523] Load MU model: Squad/Parts/Utility/decouplerRadialTT-70/model
[LOG 19:02:42.523] Load MU model: Squad/Parts/Utility/DirectAntennas/HGAntenna
[LOG 19:02:42.524] Load MU model: Squad/Parts/Utility/DirectAntennas/HGAntenna_v2
[LOG 19:02:42.525] Load MU model: Squad/Parts/Utility/DirectAntennas/SurfAntenna
[LOG 19:02:42.525] Load MU model: Squad/Parts/Utility/dockingPort/dockingPort
[LOG 19:02:42.525] Load MU model: Squad/Parts/Utility/dockingPortInline/dockingPortInline
[LOG 19:02:42.526] Load MU model: Squad/Parts/Utility/dockingPortJr/dockingPortJr
[LOG 19:02:42.527] Load MU model: Squad/Parts/Utility/dockingPortShielded/dockingPortShielded
[LOG 19:02:42.527] Load MU model: Squad/Parts/Utility/dockingPortSr/dockingPortSr
[LOG 19:02:42.528] Load MU model: Squad/Parts/Utility/Fireworks/Assets/fireworksLauncherBig
[LOG 19:02:42.528] Load MU model: Squad/Parts/Utility/Fireworks/Assets/fireworksLauncherSmall
[LOG 19:02:42.529] Load MU model: Squad/Parts/Utility/flags/flagFlat/flagFlatMeshes
[LOG 19:02:42.532] Load MU model: Squad/Parts/Utility/flags/flagSize0/flagSize0Meshes
[LOG 19:02:42.533] Load MU model: Squad/Parts/Utility/flags/flagSize1/flagSize1Meshes
[LOG 19:02:42.536] Load MU model: Squad/Parts/Utility/flags/flagSize2/flagSize2Meshes
[LOG 19:02:42.537] Load MU model: Squad/Parts/Utility/flags/flagSize3/flagSize3Meshes
[LOG 19:02:42.539] Load MU model: Squad/Parts/Utility/GrapplingDevice/GrapplingArm
[LOG 19:02:42.543] Load MU model: Squad/Parts/Utility/ladderRadial/model
[LOG 19:02:42.543] Load MU model: Squad/Parts/Utility/ladderTelescopic/model
[LOG 19:02:42.544] Load MU model: Squad/Parts/Utility/ladderTelescopicBay/model
[LOG 19:02:42.546] Load MU model: Squad/Parts/Utility/landingLegLT-1/model
[LOG 19:02:42.547] Load MU model: Squad/Parts/Utility/landingLegLT-2/model
[LOG 19:02:42.547] Load MU model: Squad/Parts/Utility/landingLegLT-5/model
[WRN 19:02:42.549] WheelCollider requires an attached Rigidbody to function.
[WRN 19:02:42.549] WheelCollider requires an attached Rigidbody to function.
[LOG 19:02:42.549] Load MU model: Squad/Parts/Utility/launchClamp1/model
[LOG 19:02:42.550] Load MU model: Squad/Parts/Utility/launchEscapeSystem/LaunchEscapeSystem
[LOG 19:02:42.550] Load MU model: Squad/Parts/Utility/Lights/Assets/light_02
[LOG 19:02:42.551] Load MU model: Squad/Parts/Utility/Lights/Assets/light_03
[LOG 19:02:42.551] Load MU model: Squad/Parts/Utility/Lights/Assets/light_04
[LOG 19:02:42.551] Load MU model: Squad/Parts/Utility/Lights/Assets/light_07
[LOG 19:02:42.552] Load MU model: Squad/Parts/Utility/Lights/Assets/light_08
[LOG 19:02:42.552] Load MU model: Squad/Parts/Utility/Lights/Assets/light_12
[LOG 19:02:42.553] Load MU model: Squad/Parts/Utility/linearVernorRCS/Assets/linearRCS
[LOG 19:02:42.553] Load MU model: Squad/Parts/Utility/linearVernorRCS/Assets/vernorEngine
[LOG 19:02:42.553] Load MU model: Squad/Parts/Utility/mk2CargoBay/BayLarge
[LOG 19:02:42.554] Load MU model: Squad/Parts/Utility/mk2CargoBay/BaySmall
[LOG 19:02:42.554] Load MU model: Squad/Parts/Utility/mk2CrewCabin/model
[LOG 19:02:42.555] Load MU model: Squad/Parts/Utility/mk2DockingPort/mk2Dockingport
[LOG 19:02:42.556] Load MU model: Squad/Parts/Utility/mk3CargoBay/long
[LOG 19:02:42.556] Load MU model: Squad/Parts/Utility/mk3CargoBay/medium
[LOG 19:02:42.557] Load MU model: Squad/Parts/Utility/mk3CargoBay/ramp
[LOG 19:02:42.558] Load MU model: Squad/Parts/Utility/mk3CargoBay/short
[LOG 19:02:42.559] Load MU model: Squad/Parts/Utility/parachuteMk1/model
[LOG 19:02:42.559] Load MU model: Squad/Parts/Utility/parachuteMk12-R/model
[LOG 19:02:42.559] Load MU model: Squad/Parts/Utility/parachuteMk16-XL/model
[LOG 19:02:42.560] Load MU model: Squad/Parts/Utility/parachuteMk2-R/model
[LOG 19:02:42.560] Load MU model: Squad/Parts/Utility/parachuteMk25/model
[LOG 19:02:42.561] Load MU model: Squad/Parts/Utility/radialAttachmentPoint/model
[LOG 19:02:42.561] Load MU model: Squad/Parts/Utility/rcsBlockRV-105_v2/rcsBlock105
[LOG 19:02:42.562] Load MU model: Squad/Parts/Utility/rcsSmallLinear/Assets/RCSLinearSmall
[LOG 19:02:42.562] Load MU model: Squad/Parts/Utility/RelayAntennas/HGAntenna
[LOG 19:02:42.563] Load MU model: Squad/Parts/Utility/RelayAntennas/RA-100
[LOG 19:02:42.563] Load MU model: Squad/Parts/Utility/RelayAntennas/RA-5
[LOG 19:02:42.564] Load MU model: Squad/Parts/Utility/RelayAntennas/RA-50
[LOG 19:02:42.564] Load MU model: Squad/Parts/Utility/rockomaxAdapters/Assets/brandAdapter
[LOG 19:02:42.564] Load MU model: Squad/Parts/Utility/rockomaxAdapters/Assets/brandAdapter02
[LOG 19:02:42.564] Load MU model: Squad/Parts/Utility/ServiceBay_v2/Assets/ServiceBay_125_v2
[LOG 19:02:42.566] Load MU model: Squad/Parts/Utility/ServiceBay_v2/Assets/ServiceBay_250_v2
[LOG 19:02:42.567] Load MU model: Squad/Parts/Utility/smallClaw/smallClaw
[LOG 19:02:42.572] Load MU model: Squad/Parts/Utility/spotLightMk1/model
[LOG 19:02:42.573] Load MU model: Squad/Parts/Utility/spotLightMk1_v2/model
[LOG 19:02:42.574] Load MU model: Squad/Parts/Utility/spotLightMk2/model
[LOG 19:02:42.574] Load MU model: Squad/Parts/Utility/spotLightMk2_v2/model
[LOG 19:02:42.574] Load MU model: Squad/Parts/Utility/stackCouplers/Assets/stackBiCoupler_v2
[LOG 19:02:42.574] Load MU model: Squad/Parts/Utility/stackCouplers/Assets/stackQuadCoupler
[LOG 19:02:42.575] Load MU model: Squad/Parts/Utility/stackCouplers/Assets/stackTriCoupler_v2
[LOG 19:02:42.575] Load MU model: Squad/Parts/Wheel/LandingGear/GearExtraLarge
[WRN 19:02:42.577] WheelCollider requires an attached Rigidbody to function.
[WRN 19:02:42.577] WheelCollider requires an attached Rigidbody to function.
[LOG 19:02:42.577] Load MU model: Squad/Parts/Wheel/LandingGear/GearFixed
[WRN 19:02:42.577] WheelCollider requires an attached Rigidbody to function.
[WRN 19:02:42.578] WheelCollider requires an attached Rigidbody to function.
[LOG 19:02:42.578] Load MU model: Squad/Parts/Wheel/LandingGear/GearFree
[WRN 19:02:42.578] WheelCollider requires an attached Rigidbody to function.
[WRN 19:02:42.578] WheelCollider requires an attached Rigidbody to function.
[LOG 19:02:42.578] Load MU model: Squad/Parts/Wheel/LandingGear/GearLarge
[WRN 19:02:42.578] WheelCollider requires an attached Rigidbody to function.
[WRN 19:02:42.578] WheelCollider requires an attached Rigidbody to function.
[LOG 19:02:42.579] Load MU model: Squad/Parts/Wheel/LandingGear/GearMedium
[WRN 19:02:42.579] WheelCollider requires an attached Rigidbody to function.
[WRN 19:02:42.579] WheelCollider requires an attached Rigidbody to function.
[LOG 19:02:42.580] Load MU model: Squad/Parts/Wheel/LandingGear/GearSmall
[WRN 19:02:42.580] WheelCollider requires an attached Rigidbody to function.
[WRN 19:02:42.580] WheelCollider requires an attached Rigidbody to function.
[LOG 19:02:42.580] Load MU model: Squad/Parts/Wheel/roverWheelM1/model
[WRN 19:02:42.581] WheelCollider requires an attached Rigidbody to function.
[WRN 19:02:42.581] WheelCollider requires an attached Rigidbody to function.
[LOG 19:02:42.581] Load MU model: Squad/Parts/Wheel/roverWheelS2/model
[WRN 19:02:42.581] WheelCollider requires an attached Rigidbody to function.
[WRN 19:02:42.581] WheelCollider requires an attached Rigidbody to function.
[LOG 19:02:42.582] Load MU model: Squad/Parts/Wheel/roverWheelTR-2L/model
[WRN 19:02:42.582] WheelCollider requires an attached Rigidbody to function.
[WRN 19:02:42.582] WheelCollider requires an attached Rigidbody to function.
[LOG 19:02:42.582] Load MU model: Squad/Parts/Wheel/roverWheelXL3/model
[WRN 19:02:42.584] WheelCollider requires an attached Rigidbody to function.
[WRN 19:02:42.584] WheelCollider requires an attached Rigidbody to function.
[LOG 19:02:42.584] Load MU model: Squad/Props/AltimeterThreeHands/model
[LOG 19:02:42.584] Load MU model: Squad/Props/AtmosphereDepth/model
[LOG 19:02:42.584] Load MU model: Squad/Props/AxisIndicator/model
[LOG 19:02:42.584] Load MU model: Squad/Props/buttonsGeneric/circularButton
[LOG 19:02:42.584] Load MU model: Squad/Props/buttonsGeneric/clusterButtons
[LOG 19:02:42.584] Load MU model: Squad/Props/buttonsGeneric/clusterButtons2
[LOG 19:02:42.585] Load MU model: Squad/Props/buttonsGeneric/clusterKnob
[LOG 19:02:42.585] Load MU model: Squad/Props/buttonsGeneric/clusterKnob2
[LOG 19:02:42.585] Load MU model: Squad/Props/buttonsGeneric/clusterMixed
[LOG 19:02:42.585] Load MU model: Squad/Props/buttonsGeneric/clusterSwitches01
[LOG 19:02:42.586] Load MU model: Squad/Props/buttonsGeneric/clusterSwitches02
[LOG 19:02:42.586] Load MU model: Squad/Props/buttonsGeneric/clusterSwitches03
[LOG 19:02:42.586] Load MU model: Squad/Props/buttonsGeneric/clusterSwitches04
[LOG 19:02:42.586] Load MU model: Squad/Props/buttonsGeneric/clusterSwitches05
[LOG 19:02:42.587] Load MU model: Squad/Props/buttonsGeneric/clusterSwitches06
[LOG 19:02:42.587] Load MU model: Squad/Props/buttonsGeneric/clusterSwitches07
[LOG 19:02:42.587] Load MU model: Squad/Props/buttonsGeneric/directionalKnob
[LOG 19:02:42.587] Load MU model: Squad/Props/buttonsGeneric/directionalKnob2
[LOG 19:02:42.587] Load MU model: Squad/Props/buttonsGeneric/pullSwitch
[LOG 19:02:42.587] Load MU model: Squad/Props/buttonsGeneric/squareButton
[LOG 19:02:42.587] Load MU model: Squad/Props/buttonsGeneric/standingSwitch
[LOG 19:02:42.588] Load MU model: Squad/Props/buttonsGeneric/switch
[LOG 19:02:42.588] Load MU model: Squad/Props/buttonsGeneric/switchWithGuards
[LOG 19:02:42.588] Load MU model: Squad/Props/ButtonSquare/model
[LOG 19:02:42.588] Load MU model: Squad/Props/circularButton/model
[LOG 19:02:42.588] Load MU model: Squad/Props/Compass/model
[LOG 19:02:42.588] Load MU model: Squad/Props/directionalKnob/model
[LOG 19:02:42.589] Load MU model: Squad/Props/directionalKnob2/model
[LOG 19:02:42.589] Load MU model: Squad/Props/IndicatorPanel/model
[LOG 19:02:42.589] Load MU model: Squad/Props/IVANavBall/model
[LOG 19:02:42.590] Load MU model: Squad/Props/IVANavBallNoBase/model
[LOG 19:02:42.590] Load MU model: Squad/Props/ledPanelSpeed/model
[LOG 19:02:42.590] Load MU model: Squad/Props/Monitor/MonitorDockingMode
[LOG 19:02:42.591] Load MU model: Squad/Props/NavBall/model
[LOG 19:02:42.591] Load MU model: Squad/Props/PropsGeneric/Button_DockingMode
[LOG 19:02:42.591] Load MU model: Squad/Props/PropsGeneric/CargoBagA
[LOG 19:02:42.593] Load MU model: Squad/Props/PropsGeneric/CargoBagB
[LOG 19:02:42.593] Load MU model: Squad/Props/PropsGeneric/CargoBagC
[LOG 19:02:42.594] Load MU model: Squad/Props/PropsGeneric/Hatch_Plane
[LOG 19:02:42.594] Load MU model: Squad/Props/PropsGeneric/Hatch_Plane_Curve90
[LOG 19:02:42.594] Load MU model: Squad/Props/PropsGeneric/Hatch_Plane_Frame
[LOG 19:02:42.594] Load MU model: Squad/Props/PropsGeneric/Seat_Passenger
[LOG 19:02:42.594] Load MU model: Squad/Props/PropsGeneric/Seat_Pilot
[LOG 19:02:42.594] Load MU model: Squad/Props/PropsGeneric/Seat_Pilot_Helmet
[LOG 19:02:42.595] Load MU model: Squad/Props/PropsGeneric/SideStick
[LOG 19:02:42.595] Load MU model: Squad/Props/pullSwitch/model
[LOG 19:02:42.595] Load MU model: Squad/Props/radarAltitude/model
[LOG 19:02:42.595] Load MU model: Squad/Props/squareButton/model
[LOG 19:02:42.595] Load MU model: Squad/Props/standingSwitch/model
[LOG 19:02:42.595] Load MU model: Squad/Props/switch/model
[LOG 19:02:42.595] Load MU model: Squad/Props/switchGuard/model
[LOG 19:02:42.595] Load MU model: Squad/Props/switchWithGuards/model
[LOG 19:02:42.596] Load MU model: Squad/Props/throttle/model
[LOG 19:02:42.596] Load MU model: Squad/Props/VSI/model
[LOG 19:02:42.596] Load MU model: Squad/Spaces/crewCabinInternals/model
[LOG 19:02:42.598] Load MU model: Squad/Spaces/cupolaInternal/model
[LOG 19:02:42.599] Load MU model: Squad/Spaces/GenericSpace1/model
[LOG 19:02:42.600] Load MU model: Squad/Spaces/GenericSpace3/model
[LOG 19:02:42.602] Load MU model: Squad/Spaces/landerCabinInternals/model
[LOG 19:02:42.603] Load MU model: Squad/Spaces/landerCabinSmallInternal/model
[LOG 19:02:42.604] Load MU model: Squad/Spaces/LargeCrewedLabInternals/Large_Crewed_lab_Int
[LOG 19:02:42.607] Load MU model: Squad/Spaces/Mk1-3/model
[LOG 19:02:42.610] Load MU model: Squad/Spaces/mk1CabinInternal/mk1cabin
[LOG 19:02:42.612] Load MU model: Squad/Spaces/mk1CockpitInternal/Mk1StandardIVA
[LOG 19:02:42.614] Load MU model: Squad/Spaces/mk1InlineInternal/Mk1InlineIVA
[LOG 19:02:42.615] Load MU model: Squad/Spaces/mk1PodCockpit/model
[LOG 19:02:42.616] Load MU model: Squad/Spaces/mk1pod_IVA/mk1pod_IVA
[LOG 19:02:42.617] Load MU model: Squad/Spaces/mk2CockpitStandardInternal/model
[LOG 19:02:42.618] Load MU model: Squad/Spaces/Mk2CrewCabinInternal/MK2_CrewCab_Int
[LOG 19:02:42.619] Load MU model: Squad/Spaces/mk2InlineInternal/mk2InlineIVA
[LOG 19:02:42.621] Load MU model: Squad/Spaces/mk2LanderCanInternal/mk2LanderCanInternal
[LOG 19:02:42.622] Load MU model: Squad/Spaces/MK3CockpitInternal/MK3_Cockpit_Int
[LOG 19:02:42.623] Load MU model: Squad/Spaces/MK3_CrewCab_Int/MK3_CrewCab_Int
[LOG 19:02:42.627] Load MU model: Squad/Spaces/OverlayMasks/CupolaMask
[LOG 19:02:42.627] Load MU model: Squad/Spaces/OverlayMasks/HitchhikerBorder
[LOG 19:02:42.627] Load MU model: Squad/Spaces/OverlayMasks/HitchhikerMask
[LOG 19:02:42.628] Load MU model: Squad/Spaces/OverlayMasks/LargeLabBorder
[LOG 19:02:42.628] Load MU model: Squad/Spaces/OverlayMasks/LargeLabMask
[LOG 19:02:42.628] Load MU model: Squad/Spaces/OverlayMasks/Mk1CabinBorder
[LOG 19:02:42.628] Load MU model: Squad/Spaces/OverlayMasks/Mk1CabinMask
[LOG 19:02:42.628] Load MU model: Squad/Spaces/OverlayMasks/Mk1InlineMask
[LOG 19:02:42.628] Load MU model: Squad/Spaces/OverlayMasks/Mk1InlineMask2
[LOG 19:02:42.628] Load MU model: Squad/Spaces/OverlayMasks/Mk1StandardBorder2
[LOG 19:02:42.628] Load MU model: Squad/Spaces/OverlayMasks/Mk1StandardBorder3
[LOG 19:02:42.628] Load MU model: Squad/Spaces/OverlayMasks/Mk1StandardMask
[LOG 19:02:42.629] Load MU model: Squad/Spaces/OverlayMasks/Mk1StandardMask2
[LOG 19:02:42.629] Load MU model: Squad/Spaces/OverlayMasks/Mk1StandardMask3
[LOG 19:02:42.629] Load MU model: Squad/Spaces/OverlayMasks/Mk2CabinBorder
[LOG 19:02:42.629] Load MU model: Squad/Spaces/OverlayMasks/Mk2CabinMask
[LOG 19:02:42.629] Load MU model: Squad/Spaces/OverlayMasks/Mk2InlineBorder
[LOG 19:02:42.629] Load MU model: Squad/Spaces/OverlayMasks/Mk2InlineMask
[LOG 19:02:42.629] Load MU model: Squad/Spaces/OverlayMasks/Mk2StandardBorder
[LOG 19:02:42.629] Load MU model: Squad/Spaces/OverlayMasks/Mk2StandardMask
[LOG 19:02:42.629] Load MU model: Squad/Spaces/OverlayMasks/Mk3CabinBorder
[LOG 19:02:42.629] Load MU model: Squad/Spaces/OverlayMasks/Mk3CabinMask
[LOG 19:02:42.629] Load MU model: Squad/Spaces/OverlayMasks/Mk3CabinMask2
[LOG 19:02:42.630] Load MU model: Squad/Spaces/OverlayMasks/Mk3ShuttleBorder
[LOG 19:02:42.630] Load MU model: Squad/Spaces/OverlayMasks/Mk3ShuttleMask
[LOG 19:02:42.630] Load MU model: Squad/Spaces/OverlayMasks/Size1LanderBorder
[LOG 19:02:42.630] Load MU model: Squad/Spaces/OverlayMasks/Size1LanderMask
[LOG 19:02:42.630] Load MU model: Squad/Spaces/OverlayMasks/Size1PodBorder
[LOG 19:02:42.630] Load MU model: Squad/Spaces/OverlayMasks/Size1PodMask
[LOG 19:02:42.630] Load MU model: Squad/Spaces/OverlayMasks/Size2LanderBorder
[LOG 19:02:42.630] Load MU model: Squad/Spaces/OverlayMasks/Size2LanderMask
[LOG 19:02:42.630] Load MU model: Squad/Spaces/OverlayMasks/Size2PodBorder
[LOG 19:02:42.631] Load MU model: Squad/Spaces/OverlayMasks/Size2PodMask
[LOG 19:02:42.631] Load MU model: Squad/Spaces/Placeholder/PlaceholderIVA
[LOG 19:02:42.631] Load MU model: Squad/Spaces/PodCockpit/model
[LOG 19:02:42.634] Load MU model: SquadExpansion/MakingHistory/Parts/Aero/protectiveRocketNoseMk5A/Size_1_5_Cone
[LOG 19:02:42.634] Load MU model: SquadExpansion/MakingHistory/Parts/Coupling/Assets/EnginePlate
[LOG 19:02:42.635] Load MU model: SquadExpansion/MakingHistory/Parts/Coupling/Assets/InflatableAirlock
[LOG 19:02:42.635] Load MU model: SquadExpansion/MakingHistory/Parts/Coupling/Assets/Size1_5_Decoupler
[LOG 19:02:42.635] Load MU model: SquadExpansion/MakingHistory/Parts/Engine/Assets/KE-1
[LOG 19:02:42.639] Load MU model: SquadExpansion/MakingHistory/Parts/Engine/Assets/LV-T87
[LOG 19:02:42.642] Load MU model: SquadExpansion/MakingHistory/Parts/Engine/Assets/LV-T91
[LOG 19:02:42.643] Load MU model: SquadExpansion/MakingHistory/Parts/Engine/Assets/RE-I2
[LOG 19:02:42.645] Load MU model: SquadExpansion/MakingHistory/Parts/Engine/Assets/RE-J10
[LOG 19:02:42.646] Load MU model: SquadExpansion/MakingHistory/Parts/Engine/Assets/RK-7
[LOG 19:02:42.648] Load MU model: SquadExpansion/MakingHistory/Parts/Engine/Assets/RV-1
[LOG 19:02:42.648] Load MU model: SquadExpansion/MakingHistory/Parts/Engine/solidBoosterTHK/solidBoosterTHK
[LOG 19:02:42.649] Load MU model: SquadExpansion/MakingHistory/Parts/FuelTank/Assets/MiniMonoTank
[LOG 19:02:42.649] Load MU model: SquadExpansion/MakingHistory/Parts/FuelTank/Assets/Size1_5_Size0_Adapter_01
[LOG 19:02:42.649] Load MU model: SquadExpansion/MakingHistory/Parts/FuelTank/Assets/Size1_5_Size1_Adapter_01
[LOG 19:02:42.649] Load MU model: SquadExpansion/MakingHistory/Parts/FuelTank/Assets/Size1_5_Size1_Adapter_02
[LOG 19:02:42.650] Load MU model: SquadExpansion/MakingHistory/Parts/FuelTank/Assets/Size1_5_Size2_Adapter_01
[LOG 19:02:42.650] Load MU model: SquadExpansion/MakingHistory/Parts/FuelTank/Assets/Size1_5_Tank_01
[LOG 19:02:42.650] Load MU model: SquadExpansion/MakingHistory/Parts/FuelTank/Assets/Size1_5_Tank_02
[LOG 19:02:42.650] Load MU model: SquadExpansion/MakingHistory/Parts/FuelTank/Assets/Size1_5_Tank_03
[LOG 19:02:42.651] Load MU model: SquadExpansion/MakingHistory/Parts/FuelTank/Assets/Size1_5_Tank_04
[LOG 19:02:42.651] Load MU model: SquadExpansion/MakingHistory/Parts/FuelTank/Assets/Size1_5_Tank_05
[LOG 19:02:42.651] Load MU model: SquadExpansion/MakingHistory/Parts/FuelTank/Assets/Size3_Size4_Adapter_01
[LOG 19:02:42.652] Load MU model: SquadExpansion/MakingHistory/Parts/FuelTank/Assets/Size4_EngineAdapter_01
[LOG 19:02:42.652] Load MU model: SquadExpansion/MakingHistory/Parts/FuelTank/Assets/Size4_Tank_01
[LOG 19:02:42.653] Load MU model: SquadExpansion/MakingHistory/Parts/FuelTank/Assets/Size4_Tank_02
[LOG 19:02:42.653] Load MU model: SquadExpansion/MakingHistory/Parts/FuelTank/Assets/Size4_Tank_03
[LOG 19:02:42.653] Load MU model: SquadExpansion/MakingHistory/Parts/FuelTank/Assets/Size4_Tank_04
[LOG 19:02:42.654] Load MU model: SquadExpansion/MakingHistory/Parts/FuelTank/Assets/Size_1p5_Monoprop
[LOG 19:02:42.654] Load MU model: SquadExpansion/MakingHistory/Parts/Ground/Assets/RoverWheel
[WRN 19:02:42.655] WheelCollider requires an attached Rigidbody to function.
[WRN 19:02:42.655] WheelCollider requires an attached Rigidbody to function.
[LOG 19:02:42.655] Load MU model: SquadExpansion/MakingHistory/Parts/Payload/Assets/ServiceModule18
[LOG 19:02:42.656] Load MU model: SquadExpansion/MakingHistory/Parts/Payload/Assets/ServiceModule25
[LOG 19:02:42.657] Load MU model: SquadExpansion/MakingHistory/Parts/Payload/Assets/Size1to0ServiceModule
[LOG 19:02:42.657] Load MU model: SquadExpansion/MakingHistory/Parts/Pods/Assets/Mk2Pod
[LOG 19:02:42.658] Load MU model: SquadExpansion/MakingHistory/Parts/Pods/Assets/RoundPod
[LOG 19:02:42.658] Load MU model: SquadExpansion/MakingHistory/Parts/Pods/Assets/Size1_5_Lander
[LOG 19:02:42.659] Load MU model: SquadExpansion/MakingHistory/Parts/SharedAssets/Shroud1p5x0
[LOG 19:02:42.659] Load MU model: SquadExpansion/MakingHistory/Parts/SharedAssets/Shroud1p5x1
[LOG 19:02:42.659] Load MU model: SquadExpansion/MakingHistory/Parts/SharedAssets/Shroud1p5x2
[LOG 19:02:42.660] Load MU model: SquadExpansion/MakingHistory/Parts/SharedAssets/Shroud1p5x3
[LOG 19:02:42.660] Load MU model: SquadExpansion/MakingHistory/Parts/SharedAssets/Shroud1p5x4
[LOG 19:02:42.660] Load MU model: SquadExpansion/MakingHistory/Parts/SharedAssets/Shroud1x0
[LOG 19:02:42.660] Load MU model: SquadExpansion/MakingHistory/Parts/SharedAssets/Shroud1x1
[LOG 19:02:42.660] Load MU model: SquadExpansion/MakingHistory/Parts/SharedAssets/Shroud1x2
[LOG 19:02:42.660] Load MU model: SquadExpansion/MakingHistory/Parts/SharedAssets/Shroud1x3
[LOG 19:02:42.660] Load MU model: SquadExpansion/MakingHistory/Parts/SharedAssets/Shroud1x4
[LOG 19:02:42.661] Load MU model: SquadExpansion/MakingHistory/Parts/SharedAssets/Shroud2x0
[LOG 19:02:42.661] Load MU model: SquadExpansion/MakingHistory/Parts/SharedAssets/Shroud2x1
[LOG 19:02:42.661] Load MU model: SquadExpansion/MakingHistory/Parts/SharedAssets/Shroud2x2
[LOG 19:02:42.661] Load MU model: SquadExpansion/MakingHistory/Parts/SharedAssets/Shroud2x3
[LOG 19:02:42.661] Load MU model: SquadExpansion/MakingHistory/Parts/SharedAssets/Shroud2x4
[LOG 19:02:42.661] Load MU model: SquadExpansion/MakingHistory/Parts/SharedAssets/Shroud3x0
[LOG 19:02:42.661] Load MU model: SquadExpansion/MakingHistory/Parts/SharedAssets/Shroud3x1
[LOG 19:02:42.662] Load MU model: SquadExpansion/MakingHistory/Parts/SharedAssets/Shroud3x2
[LOG 19:02:42.662] Load MU model: SquadExpansion/MakingHistory/Parts/SharedAssets/Shroud3x3
[LOG 19:02:42.662] Load MU model: SquadExpansion/MakingHistory/Parts/SharedAssets/Shroud3x4
[LOG 19:02:42.662] Load MU model: SquadExpansion/MakingHistory/Parts/SharedAssets/Shroud4x0
[LOG 19:02:42.662] Load MU model: SquadExpansion/MakingHistory/Parts/SharedAssets/Shroud4x1
[LOG 19:02:42.662] Load MU model: SquadExpansion/MakingHistory/Parts/SharedAssets/Shroud4x2
[LOG 19:02:42.662] Load MU model: SquadExpansion/MakingHistory/Parts/SharedAssets/Shroud4x3
[LOG 19:02:42.662] Load MU model: SquadExpansion/MakingHistory/Parts/SharedAssets/Shroud4x4
[LOG 19:02:42.663] Load MU model: SquadExpansion/MakingHistory/Parts/SharedAssets/ShroudCollider0
[LOG 19:02:42.663] Load MU model: SquadExpansion/MakingHistory/Parts/SharedAssets/ShroudCollider1
[LOG 19:02:42.663] Load MU model: SquadExpansion/MakingHistory/Parts/SharedAssets/ShroudCollider1p5
[LOG 19:02:42.663] Load MU model: SquadExpansion/MakingHistory/Parts/SharedAssets/ShroudCollider2
[LOG 19:02:42.664] Load MU model: SquadExpansion/MakingHistory/Parts/SharedAssets/ShroudCollider3
[LOG 19:02:42.664] Load MU model: SquadExpansion/MakingHistory/Parts/SharedAssets/ShroudCollider4
[LOG 19:02:42.664] Load MU model: SquadExpansion/MakingHistory/Parts/Structural/Assets/EquiTriangle0
[LOG 19:02:42.664] Load MU model: SquadExpansion/MakingHistory/Parts/Structural/Assets/EquiTriangle1
[LOG 19:02:42.665] Load MU model: SquadExpansion/MakingHistory/Parts/Structural/Assets/EquiTriangle1p5
[LOG 19:02:42.665] Load MU model: SquadExpansion/MakingHistory/Parts/Structural/Assets/EquiTriangle2
[LOG 19:02:42.665] Load MU model: SquadExpansion/MakingHistory/Parts/Structural/Assets/Panel0
[LOG 19:02:42.665] Load MU model: SquadExpansion/MakingHistory/Parts/Structural/Assets/Panel1
[LOG 19:02:42.665] Load MU model: SquadExpansion/MakingHistory/Parts/Structural/Assets/Panel1p5
[LOG 19:02:42.665] Load MU model: SquadExpansion/MakingHistory/Parts/Structural/Assets/Panel2
[LOG 19:02:42.665] Load MU model: SquadExpansion/MakingHistory/Parts/Structural/Assets/Triangle0
[LOG 19:02:42.666] Load MU model: SquadExpansion/MakingHistory/Parts/Structural/Assets/Triangle1
[LOG 19:02:42.666] Load MU model: SquadExpansion/MakingHistory/Parts/Structural/Assets/Triangle1p5
[LOG 19:02:42.666] Load MU model: SquadExpansion/MakingHistory/Parts/Structural/Assets/Triangle2
[LOG 19:02:42.666] Load MU model: SquadExpansion/MakingHistory/Parts/Utility/flags/flagSize1p5/flagSize1p5Meshes
[LOG 19:02:42.667] Load MU model: SquadExpansion/MakingHistory/Parts/Utility/flags/flagSize4/flagSize4Meshes
[LOG 19:02:42.669] Load MU model: SquadExpansion/MakingHistory/Spaces/KVPods/Airlock_IVA
[LOG 19:02:42.669] Load MU model: SquadExpansion/MakingHistory/Spaces/KVPods/KV1_IVA
[LOG 19:02:42.670] Load MU model: SquadExpansion/MakingHistory/Spaces/KVPods/KV2_IVA
[LOG 19:02:42.672] Load MU model: SquadExpansion/MakingHistory/Spaces/KVPods/KV3_IVA
[LOG 19:02:42.676] Load MU model: SquadExpansion/MakingHistory/Spaces/MEM/MEM_IVA
[LOG 19:02:42.678] Load MU model: SquadExpansion/MakingHistory/Spaces/Mk2Pod/MK2POD_IVA
[LOG 19:02:42.679] Load MU model: SquadExpansion/Serenity/Parts/Aero/Assets/FanShroud_01
[LOG 19:02:42.679] Load MU model: SquadExpansion/Serenity/Parts/Aero/Assets/FanShroud_02
[LOG 19:02:42.680] Load MU model: SquadExpansion/Serenity/Parts/Aero/Assets/FanShroud_03
[LOG 19:02:42.681] Load MU model: SquadExpansion/Serenity/Parts/Aero/Assets/noseconeTiny
[LOG 19:02:42.681] Load MU model: SquadExpansion/Serenity/Parts/Aero/Assets/noseconeVS
[LOG 19:02:42.681] Load MU model: SquadExpansion/Serenity/Parts/DeployedScience/Assets/CentralStation
[LOG 19:02:42.683] Load MU model: SquadExpansion/Serenity/Parts/DeployedScience/Assets/GoExOb
[LOG 19:02:42.685] Load MU model: SquadExpansion/Serenity/Parts/DeployedScience/Assets/IonExperiment
[LOG 19:02:42.687] Load MU model: SquadExpansion/Serenity/Parts/DeployedScience/Assets/RTGCask
[LOG 19:02:42.688] Load MU model: SquadExpansion/Serenity/Parts/DeployedScience/Assets/satDish
[LOG 19:02:42.690] Load MU model: SquadExpansion/Serenity/Parts/DeployedScience/Assets/seismicSensor
[LOG 19:02:42.694] Load MU model: SquadExpansion/Serenity/Parts/DeployedScience/Assets/solarPanel
[LOG 19:02:42.696] Load MU model: SquadExpansion/Serenity/Parts/DeployedScience/Assets/WeatherStation
[LOG 19:02:42.699] Load MU model: SquadExpansion/Serenity/Parts/Propellers/Assets/largeFanBlade
[LOG 19:02:42.700] Load MU model: SquadExpansion/Serenity/Parts/Propellers/Assets/largeHeliBlade
[LOG 19:02:42.700] Load MU model: SquadExpansion/Serenity/Parts/Propellers/Assets/largePropeller
[LOG 19:02:42.700] Load MU model: SquadExpansion/Serenity/Parts/Propellers/Assets/mediumFanBlade
[LOG 19:02:42.700] Load MU model: SquadExpansion/Serenity/Parts/Propellers/Assets/mediumHeliBlade
[LOG 19:02:42.700] Load MU model: SquadExpansion/Serenity/Parts/Propellers/Assets/mediumPropeller
[LOG 19:02:42.701] Load MU model: SquadExpansion/Serenity/Parts/Propellers/Assets/smallFanBlade
[LOG 19:02:42.701] Load MU model: SquadExpansion/Serenity/Parts/Propellers/Assets/smallHeliBlade
[LOG 19:02:42.701] Load MU model: SquadExpansion/Serenity/Parts/Propellers/Assets/smallPropeller
[LOG 19:02:42.701] Load MU model: SquadExpansion/Serenity/Parts/Robotics/Assets/hinge_01
[LOG 19:02:42.702] Load MU model: SquadExpansion/Serenity/Parts/Robotics/Assets/hinge_01_s
[LOG 19:02:42.702] Load MU model: SquadExpansion/Serenity/Parts/Robotics/Assets/hinge_03
[LOG 19:02:42.702] Load MU model: SquadExpansion/Serenity/Parts/Robotics/Assets/hinge_03_s
[LOG 19:02:42.703] Load MU model: SquadExpansion/Serenity/Parts/Robotics/Assets/hinge_04
[LOG 19:02:42.703] Load MU model: SquadExpansion/Serenity/Parts/Robotics/Assets/piston_01
[LOG 19:02:42.703] Load MU model: SquadExpansion/Serenity/Parts/Robotics/Assets/piston_02
[LOG 19:02:42.704] Load MU model: SquadExpansion/Serenity/Parts/Robotics/Assets/piston_03
[LOG 19:02:42.704] Load MU model: SquadExpansion/Serenity/Parts/Robotics/Assets/piston_04
[LOG 19:02:42.704] Load MU model: SquadExpansion/Serenity/Parts/Robotics/Assets/RotorEngine_02
[LOG 19:02:42.705] Load MU model: SquadExpansion/Serenity/Parts/Robotics/Assets/RotorEngine_03
[LOG 19:02:42.706] Load MU model: SquadExpansion/Serenity/Parts/Robotics/Assets/rotor_01
[LOG 19:02:42.706] Load MU model: SquadExpansion/Serenity/Parts/Robotics/Assets/rotor_01s
[LOG 19:02:42.707] Load MU model: SquadExpansion/Serenity/Parts/Robotics/Assets/rotor_02
[LOG 19:02:42.707] Load MU model: SquadExpansion/Serenity/Parts/Robotics/Assets/rotor_02s
[LOG 19:02:42.710] Load MU model: SquadExpansion/Serenity/Parts/Robotics/Assets/rotor_03
[LOG 19:02:42.710] Load MU model: SquadExpansion/Serenity/Parts/Robotics/Assets/rotor_03s
[LOG 19:02:42.711] Load MU model: SquadExpansion/Serenity/Parts/Robotics/Assets/RotoServo_00
[LOG 19:02:42.711] Load MU model: SquadExpansion/Serenity/Parts/Robotics/Assets/RotoServo_02
[LOG 19:02:42.712] Load MU model: SquadExpansion/Serenity/Parts/Robotics/Assets/RotoServo_03
[LOG 19:02:42.712] Load MU model: SquadExpansion/Serenity/Parts/Robotics/Assets/RotoServo_04
[LOG 19:02:42.712] Load MU model: SquadExpansion/Serenity/Parts/Robotics/Controllers/controller1000
[LOG 19:02:42.713] Load MU model: SquadExpansion/Serenity/Parts/Science/RobotArmScanner/Assets/ROCArm_01
[LOG 19:02:42.714] Load MU model: SquadExpansion/Serenity/Parts/Science/RobotArmScanner/Assets/ROCArm_02
[LOG 19:02:42.715] Load MU model: SquadExpansion/Serenity/Parts/Science/RobotArmScanner/Assets/ROCArm_03
[LOG 19:02:42.718] Load MU model: SquadExpansion/Serenity/Parts/Structural/gripPads/Assets/lGripPad
[LOG 19:02:42.718] Load MU model: SquadExpansion/Serenity/Parts/Structural/gripPads/Assets/lGripStrip
[LOG 19:02:42.718] Load MU model: SquadExpansion/Serenity/Parts/Structural/gripPads/Assets/mGripPad
[LOG 19:02:42.719] Load MU model: SquadExpansion/Serenity/Parts/Structural/gripPads/Assets/sGripPad
[LOG 19:02:42.719] Load MU model: SquadExpansion/Serenity/Parts/Structural/gripPads/Assets/sGripStrip
[LOG 19:02:42.719] Loading Asset Bundle Definitions
[LOG 19:02:42.720] AssetLoader: Loading bundle definitions
[LOG 19:02:42.855] AssetLoader: Loaded bundle 'squadcore'
[LOG 19:02:42.856] AssetLoader: Loaded bundle 'squadcorefx'
[LOG 19:02:42.856] AssetLoader: Loaded mod bundle 'kspedia'
[LOG 19:02:42.856] AssetLoader: Loaded mod bundle 'kspedia_actionsets'
[LOG 19:02:42.857] AssetLoader: Loaded mod bundle 'kspedia_aircraft'
[LOG 19:02:42.857] AssetLoader: Loaded mod bundle 'kspedia_aircraftbasics'
[LOG 19:02:42.857] AssetLoader: Loaded mod bundle 'kspedia_aircraftbasicsbalance'
[LOG 19:02:42.858] AssetLoader: Loaded mod bundle 'kspedia_aircraftbasicsbalance2'
[LOG 19:02:42.858] AssetLoader: Loaded mod bundle 'kspedia_aircraftbasicscol'
[LOG 19:02:42.858] AssetLoader: Loaded mod bundle 'kspedia_aircraftbasicscontrol'
[LOG 19:02:42.859] AssetLoader: Loaded mod bundle 'kspedia_aircraftbasicscontrolsurfaces'
[LOG 19:02:42.859] AssetLoader: Loaded mod bundle 'kspedia_aircraftbasicsdrag'
[LOG 19:02:42.859] AssetLoader: Loaded mod bundle 'kspedia_aircraftbasicsengines'
[LOG 19:02:42.859] AssetLoader: Loaded mod bundle 'kspedia_aircraftbasicsforces'
[LOG 19:02:42.860] AssetLoader: Loaded mod bundle 'kspedia_aircraftbasicsintakes'
[LOG 19:02:42.860] AssetLoader: Loaded mod bundle 'kspedia_aircraftbasicslandinggear'
[LOG 19:02:42.860] AssetLoader: Loaded mod bundle 'kspedia_aircraftbasicslift'
[LOG 19:02:42.861] AssetLoader: Loaded mod bundle 'kspedia_axisgroups'
[LOG 19:02:42.861] AssetLoader: Loaded mod bundle 'kspedia_career'
[LOG 19:02:42.861] AssetLoader: Loaded mod bundle 'kspedia_careerbasicscontracts'
[LOG 19:02:42.861] AssetLoader: Loaded mod bundle 'kspedia_careerbasicscrew'
[LOG 19:02:42.862] AssetLoader: Loaded mod bundle 'kspedia_careerbasicscurrencies'
[LOG 19:02:42.862] AssetLoader: Loaded mod bundle 'kspedia_careerbasicsexperience'
[LOG 19:02:42.862] AssetLoader: Loaded mod bundle 'kspedia_careerbasicsfacilities'
[LOG 19:02:42.862] AssetLoader: Loaded mod bundle 'kspedia_careerbasicsstrategies'
[LOG 19:02:42.863] AssetLoader: Loaded mod bundle 'kspedia_careerbasicstechnology'
[LOG 19:02:42.863] AssetLoader: Loaded mod bundle 'kspedia_careerui-ac'
[LOG 19:02:42.863] AssetLoader: Loaded mod bundle 'kspedia_careerui-admin'
[LOG 19:02:42.864] AssetLoader: Loaded mod bundle 'kspedia_careerui-ksc'
[LOG 19:02:42.864] AssetLoader: Loaded mod bundle 'kspedia_careerui-mc'
[LOG 19:02:42.864] AssetLoader: Loaded mod bundle 'kspedia_careerui-sciencearchives'
[LOG 19:02:42.864] AssetLoader: Loaded mod bundle 'kspedia_careerui-techtree'
[LOG 19:02:42.865] AssetLoader: Loaded mod bundle 'kspedia_careerui-ts'
[LOG 19:02:42.865] AssetLoader: Loaded mod bundle 'kspedia_careerui'
[LOG 19:02:42.865] AssetLoader: Loaded mod bundle 'kspedia_cargoapp'
[LOG 19:02:42.866] AssetLoader: Loaded mod bundle 'kspedia_cargomode'
[LOG 19:02:42.866] AssetLoader: Loaded mod bundle 'kspedia_cargosystem-placeableparts'
[LOG 19:02:42.866] AssetLoader: Loaded mod bundle 'kspedia_cargosystem'
[LOG 19:02:42.867] AssetLoader: Loaded mod bundle 'kspedia_chute'
[LOG 19:02:42.867] AssetLoader: Loaded mod bundle 'kspedia_commnet'
[LOG 19:02:42.867] AssetLoader: Loaded mod bundle 'kspedia_commnetbasics'
[LOG 19:02:42.867] AssetLoader: Loaded mod bundle 'kspedia_commnetbuildingeffectivenetworks'
[LOG 19:02:42.867] AssetLoader: Loaded mod bundle 'kspedia_commnetcalculatingrange'
[LOG 19:02:42.868] AssetLoader: Loaded mod bundle 'kspedia_commnetcontrollevels'
[LOG 19:02:42.868] AssetLoader: Loaded mod bundle 'kspedia_commnetcontrollinks'
[LOG 19:02:42.868] AssetLoader: Loaded mod bundle 'kspedia_commnetcontrolpoints'
[LOG 19:02:42.868] AssetLoader: Loaded mod bundle 'kspedia_commnetgui'
[LOG 19:02:42.869] AssetLoader: Loaded mod bundle 'kspedia_commnetgui01'
[LOG 19:02:42.869] AssetLoader: Loaded mod bundle 'kspedia_commnetgui02'
[LOG 19:02:42.869] AssetLoader: Loaded mod bundle 'kspedia_commnetrange'
[LOG 19:02:42.869] AssetLoader: Loaded mod bundle 'kspedia_commnetrelays'
[LOG 19:02:42.869] AssetLoader: Loaded mod bundle 'kspedia_commnetsciencetransmission'
[LOG 19:02:42.870] AssetLoader: Loaded mod bundle 'kspedia_commnetsignalstrength'
[LOG 19:02:42.870] AssetLoader: Loaded mod bundle 'kspedia_commnettransmission'
[LOG 19:02:42.870] AssetLoader: Loaded mod bundle 'kspedia_constructionui-actiongroups'
[LOG 19:02:42.870] AssetLoader: Loaded mod bundle 'kspedia_constructionui-applauncher'
[LOG 19:02:42.871] AssetLoader: Loaded mod bundle 'kspedia_constructionui-crew'
[LOG 19:02:42.871] AssetLoader: Loaded mod bundle 'kspedia_constructionui-engineersreport'
[LOG 19:02:42.871] AssetLoader: Loaded mod bundle 'kspedia_constructionui-gizmos'
[LOG 19:02:42.871] AssetLoader: Loaded mod bundle 'kspedia_constructionui-infos'
[LOG 19:02:42.872] AssetLoader: Loaded mod bundle 'kspedia_constructionui-partdetails'
[LOG 19:02:42.872] AssetLoader: Loaded mod bundle 'kspedia_constructionui-parts'
[LOG 19:02:42.872] AssetLoader: Loaded mod bundle 'kspedia_constructionui-symmetry'
[LOG 19:02:42.872] AssetLoader: Loaded mod bundle 'kspedia_constructionui-vesseldetails'
[LOG 19:02:42.873] AssetLoader: Loaded mod bundle 'kspedia_constructionui'
[LOG 19:02:42.873] AssetLoader: Loaded mod bundle 'kspedia_controls-dockingmode'
[LOG 19:02:42.873] AssetLoader: Loaded mod bundle 'kspedia_controls-editor'
[LOG 19:02:42.874] AssetLoader: Loaded mod bundle 'kspedia_controls-editorgizmos'
[LOG 19:02:42.874] AssetLoader: Loaded mod bundle 'kspedia_controls-eva'
[LOG 19:02:42.874] AssetLoader: Loaded mod bundle 'kspedia_controls-flight'
[LOG 19:02:42.874] AssetLoader: Loaded mod bundle 'kspedia_controls-flightactivities'
[LOG 19:02:42.875] AssetLoader: Loaded mod bundle 'kspedia_controls-flightdirections'
[LOG 19:02:42.875] AssetLoader: Loaded mod bundle 'kspedia_controls-general'
[LOG 19:02:42.875] AssetLoader: Loaded mod bundle 'kspedia_controls-mapandtime'
[LOG 19:02:42.875] AssetLoader: Loaded mod bundle 'kspedia_controls-mouseconstruction'
[LOG 19:02:42.876] AssetLoader: Loaded mod bundle 'kspedia_controls-mouseflight'
[LOG 19:02:42.876] AssetLoader: Loaded mod bundle 'kspedia_controls-rcs'
[LOG 19:02:42.876] AssetLoader: Loaded mod bundle 'kspedia_controls'
[LOG 19:02:42.876] AssetLoader: Loaded mod bundle 'kspedia_eastereggs'
[LOG 19:02:42.877] AssetLoader: Loaded mod bundle 'kspedia_evaconstructionmode'
[LOG 19:02:42.877] AssetLoader: Loaded mod bundle 'kspedia_facilities-ac'
[LOG 19:02:42.877] AssetLoader: Loaded mod bundle 'kspedia_facilities-admin'
[LOG 19:02:42.877] AssetLoader: Loaded mod bundle 'kspedia_facilities-context'
[LOG 19:02:42.878] AssetLoader: Loaded mod bundle 'kspedia_facilities-ksc'
[LOG 19:02:42.878] AssetLoader: Loaded mod bundle 'kspedia_facilities-launchpad'
[LOG 19:02:42.878] AssetLoader: Loaded mod bundle 'kspedia_facilities-mc'
[LOG 19:02:42.878] AssetLoader: Loaded mod bundle 'kspedia_facilities-randd'
[LOG 19:02:42.879] AssetLoader: Loaded mod bundle 'kspedia_facilities-runway'
[LOG 19:02:42.879] AssetLoader: Loaded mod bundle 'kspedia_facilities-sph'
[LOG 19:02:42.879] AssetLoader: Loaded mod bundle 'kspedia_facilities-ts'
[LOG 19:02:42.879] AssetLoader: Loaded mod bundle 'kspedia_facilities-vab'
[LOG 19:02:42.880] AssetLoader: Loaded mod bundle 'kspedia_flightui-altimeter'
[LOG 19:02:42.880] AssetLoader: Loaded mod bundle 'kspedia_flightui-applauncher'
[LOG 19:02:42.880] AssetLoader: Loaded mod bundle 'kspedia_flightui-evaactivities'
[LOG 19:02:42.880] AssetLoader: Loaded mod bundle 'kspedia_flightui-maneuvermodeeditor'
[LOG 19:02:42.881] AssetLoader: Loaded mod bundle 'kspedia_flightui-maneuvermodeeditorcont'
[LOG 19:02:42.881] AssetLoader: Loaded mod bundle 'kspedia_flightui-maneuvermodeorbit'
[LOG 19:02:42.881] AssetLoader: Loaded mod bundle 'kspedia_flightui-maneuvertoolinfo'
[LOG 19:02:42.881] AssetLoader: Loaded mod bundle 'kspedia_flightui-maneuvertoolmain'
[LOG 19:02:42.882] AssetLoader: Loaded mod bundle 'kspedia_flightui-modecontrol'
[LOG 19:02:42.882] AssetLoader: Loaded mod bundle 'kspedia_flightui-navball'
[LOG 19:02:42.882] AssetLoader: Loaded mod bundle 'kspedia_flightui-partrepairs'
[LOG 19:02:42.882] AssetLoader: Loaded mod bundle 'kspedia_flightui-portraits'
[LOG 19:02:42.883] AssetLoader: Loaded mod bundle 'kspedia_flightui-staging'
[LOG 19:02:42.883] AssetLoader: Loaded mod bundle 'kspedia_flightui-timeandaction'
[LOG 19:02:42.883] AssetLoader: Loaded mod bundle 'kspedia_flightui'
[LOG 19:02:42.883] AssetLoader: Loaded mod bundle 'kspedia_heat'
[LOG 19:02:42.884] AssetLoader: Loaded mod bundle 'kspedia_heatactiveradiators'
[LOG 19:02:42.884] AssetLoader: Loaded mod bundle 'kspedia_heatengines'
[LOG 19:02:42.885] AssetLoader: Loaded mod bundle 'kspedia_heatflow'
[LOG 19:02:42.885] AssetLoader: Loaded mod bundle 'kspedia_heatpart'
[LOG 19:02:42.885] AssetLoader: Loaded mod bundle 'kspedia_heatpassiveradiators'
[LOG 19:02:42.885] AssetLoader: Loaded mod bundle 'kspedia_heatshields'
[LOG 19:02:42.886] AssetLoader: Loaded mod bundle 'kspedia_kerbnet'
[LOG 19:02:42.886] AssetLoader: Loaded mod bundle 'kspedia_kerbnetinterface'
[LOG 19:02:42.886] AssetLoader: Loaded mod bundle 'kspedia_kerbnetmodes'
[LOG 19:02:42.887] AssetLoader: Loaded mod bundle 'kspedia_kerbnetwaypoints'
[LOG 19:02:42.887] AssetLoader: Loaded mod bundle 'kspedia_locations'
[LOG 19:02:42.887] AssetLoader: Loaded mod bundle 'kspedia_manual'
[LOG 19:02:42.887] AssetLoader: Loaded mod bundle 'kspedia_mapui-alarmclockcreation'
[LOG 19:02:42.888] AssetLoader: Loaded mod bundle 'kspedia_mapui-alarmclockmain'
[LOG 19:02:42.888] AssetLoader: Loaded mod bundle 'kspedia_mapui-burnindicator'
[LOG 19:02:42.888] AssetLoader: Loaded mod bundle 'kspedia_mapui-dvtoolsflight'
[LOG 19:02:42.888] AssetLoader: Loaded mod bundle 'kspedia_mapui-dvtoolsvab'
[LOG 19:02:42.889] AssetLoader: Loaded mod bundle 'kspedia_mapui-mannodes'
[LOG 19:02:42.889] AssetLoader: Loaded mod bundle 'kspedia_mapui-orbitnodes'
[LOG 19:02:42.889] AssetLoader: Loaded mod bundle 'kspedia_mapui-orbitnodes2'
[LOG 19:02:42.889] AssetLoader: Loaded mod bundle 'kspedia_mapui'
[LOG 19:02:42.890] AssetLoader: Loaded mod bundle 'kspedia_orbitalbasics-atmosphere'
[LOG 19:02:42.890] AssetLoader: Loaded mod bundle 'kspedia_orbitalbasics-gettingbackdown'
[LOG 19:02:42.890] AssetLoader: Loaded mod bundle 'kspedia_orbitalbasics-gettingupthere'
[LOG 19:02:42.890] AssetLoader: Loaded mod bundle 'kspedia_orbitalbasics-gravityturn'
[LOG 19:02:42.891] AssetLoader: Loaded mod bundle 'kspedia_orbitalbasics-orbits'
[LOG 19:02:42.891] AssetLoader: Loaded mod bundle 'kspedia_orbitalbasics-stayingupthere'
[LOG 19:02:42.891] AssetLoader: Loaded mod bundle 'kspedia_orbitalbasics'
[LOG 19:02:42.891] AssetLoader: Loaded mod bundle 'kspedia_orbitaldefinitions-appe'
[LOG 19:02:42.892] AssetLoader: Loaded mod bundle 'kspedia_orbitaldefinitions-dirandinc'
[LOG 19:02:42.892] AssetLoader: Loaded mod bundle 'kspedia_orbitaldefinitions-directions'
[LOG 19:02:42.892] AssetLoader: Loaded mod bundle 'kspedia_orbitaldefinitions-eccentricity'
[LOG 19:02:42.892] AssetLoader: Loaded mod bundle 'kspedia_orbitaldefinitions'
[LOG 19:02:42.893] AssetLoader: Loaded mod bundle 'kspedia_orbitalmaneuvers-adjustinginclination'
[LOG 19:02:42.893] AssetLoader: Loaded mod bundle 'kspedia_orbitalmaneuvers-deltav'
[LOG 19:02:42.893] AssetLoader: Loaded mod bundle 'kspedia_orbitalmaneuvers-efficiency'
[LOG 19:02:42.893] AssetLoader: Loaded mod bundle 'kspedia_orbitalmaneuvers-hohmanntransfer'
[LOG 19:02:42.894] AssetLoader: Loaded mod bundle 'kspedia_orbitalmaneuvers-hohmanntransfer2'
[LOG 19:02:42.894] AssetLoader: Loaded mod bundle 'kspedia_orbitalmaneuvers-orbittypes'
[LOG 19:02:42.894] AssetLoader: Loaded mod bundle 'kspedia_orbitalmaneuvers-radandantirad'
[LOG 19:02:42.895] AssetLoader: Loaded mod bundle 'kspedia_orbitalmaneuvers-shapingup'
[LOG 19:02:42.895] AssetLoader: Loaded mod bundle 'kspedia_orbitalmaneuvers'
[LOG 19:02:42.895] AssetLoader: Loaded mod bundle 'kspedia_planets-dres'
[LOG 19:02:42.895] AssetLoader: Loaded mod bundle 'kspedia_planets-duna'
[LOG 19:02:42.896] AssetLoader: Loaded mod bundle 'kspedia_planets-eeloo'
[LOG 19:02:42.896] AssetLoader: Loaded mod bundle 'kspedia_planets-eve'
[LOG 19:02:42.896] AssetLoader: Loaded mod bundle 'kspedia_planets-jool'
[LOG 19:02:42.896] AssetLoader: Loaded mod bundle 'kspedia_planets-kerbin'
[LOG 19:02:42.897] AssetLoader: Loaded mod bundle 'kspedia_planets-moho'
[LOG 19:02:42.897] AssetLoader: Loaded mod bundle 'kspedia_planets-sun'
[LOG 19:02:42.897] AssetLoader: Loaded mod bundle 'kspedia_planets-system'
[LOG 19:02:42.897] AssetLoader: Loaded mod bundle 'kspedia_resources-asteroidmining'
[LOG 19:02:42.898] AssetLoader: Loaded mod bundle 'kspedia_resources-conversionmanagement'
[LOG 19:02:42.898] AssetLoader: Loaded mod bundle 'kspedia_resources-drilling'
[LOG 19:02:42.898] AssetLoader: Loaded mod bundle 'kspedia_resources-findingit'
[LOG 19:02:42.898] AssetLoader: Loaded mod bundle 'kspedia_resources-findingit2'
[LOG 19:02:42.899] AssetLoader: Loaded mod bundle 'kspedia_resources-storageandconversion'
[LOG 19:02:42.899] AssetLoader: Loaded mod bundle 'kspedia_resources'
[LOG 19:02:42.899] AssetLoader: Loaded mod bundle 'kspedia_rocketry'
[LOG 19:02:42.899] AssetLoader: Loaded mod bundle 'kspedia_rocketryadvanced-fairings'
[LOG 19:02:42.900] AssetLoader: Loaded mod bundle 'kspedia_rocketryadvanced-girders'
[LOG 19:02:42.900] AssetLoader: Loaded mod bundle 'kspedia_rocketryadvanced'
[LOG 19:02:42.900] AssetLoader: Loaded mod bundle 'kspedia_rocketrybasics'
[LOG 19:02:42.900] AssetLoader: Loaded mod bundle 'kspedia_rocketrybasicsaero'
[LOG 19:02:42.901] AssetLoader: Loaded mod bundle 'kspedia_rocketrybasicscentered'
[LOG 19:02:42.901] AssetLoader: Loaded mod bundle 'kspedia_rocketrybasicschutes'
[LOG 19:02:42.901] AssetLoader: Loaded mod bundle 'kspedia_rocketrybasicscontrol'
[LOG 19:02:42.901] AssetLoader: Loaded mod bundle 'kspedia_rocketrybasicsecrecharging'
[LOG 19:02:42.902] AssetLoader: Loaded mod bundle 'kspedia_rocketrybasicsengines'
[LOG 19:02:42.902] AssetLoader: Loaded mod bundle 'kspedia_rocketrybasicsforces'
[LOG 19:02:42.902] AssetLoader: Loaded mod bundle 'kspedia_rocketrybasicshatchesandladders'
[LOG 19:02:42.902] AssetLoader: Loaded mod bundle 'kspedia_rocketrybasicshibernation'
[LOG 19:02:42.903] AssetLoader: Loaded mod bundle 'kspedia_rocketrybasicsresources'
[LOG 19:02:42.903] AssetLoader: Loaded mod bundle 'kspedia_rocketrybasicsservicecontainers'
[LOG 19:02:42.903] AssetLoader: Loaded mod bundle 'kspedia_rocketrybasicsstability'
[LOG 19:02:42.903] AssetLoader: Loaded mod bundle 'kspedia_rocketrybasicsstabilityassist'
[LOG 19:02:42.904] AssetLoader: Loaded mod bundle 'kspedia_rocketrybasicsstaging'
[LOG 19:02:42.904] AssetLoader: Loaded mod bundle 'kspedia_rocketrybasicssymmetry'
[LOG 19:02:42.904] AssetLoader: Loaded mod bundle 'kspedia_science'
[LOG 19:02:42.904] AssetLoader: Loaded mod bundle 'kspedia_sciencedata'
[LOG 19:02:42.905] AssetLoader: Loaded mod bundle 'kspedia_scienceexperiments'
[LOG 19:02:42.905] AssetLoader: Loaded mod bundle 'kspedia_sciencelab'
[LOG 19:02:42.905] AssetLoader: Loaded mod bundle 'kspedia_sciencetransmitted'
[LOG 19:02:42.905] AssetLoader: Loaded mod bundle 'kspedia_spacetravel'
[LOG 19:02:42.906] AssetLoader: Loaded mod bundle 'kspedia_variantswitcher'
[LOG 19:02:42.906] AssetLoader: Loaded mod bundle 'kspfonts'
[LOG 19:02:43.072] AssetLoader: Loaded bundle 'squadcore'
[LOG 19:02:43.073] AssetLoader: Loaded bundle 'squadcorefx'
[LOG 19:02:43.073] AssetLoader: Loaded mod bundle 'kspedia_builder'
[LOG 19:02:43.074] AssetLoader: Loaded mod bundle 'kspedia_buildertoolbar'
[LOG 19:02:43.074] AssetLoader: Loaded mod bundle 'kspedia_canvas'
[LOG 19:02:43.074] AssetLoader: Loaded mod bundle 'kspedia_exportingvalidation'
[LOG 19:02:43.074] AssetLoader: Loaded mod bundle 'kspedia_flight'
[LOG 19:02:43.075] AssetLoader: Loaded mod bundle 'kspedia_flightapp'
[LOG 19:02:43.075] AssetLoader: Loaded mod bundle 'kspedia_gap'
[LOG 19:02:43.075] AssetLoader: Loaded mod bundle 'kspedia_gaptools'
[LOG 19:02:43.076] AssetLoader: Loaded mod bundle 'kspedia_makinghistory'
[LOG 19:02:43.076] AssetLoader: Loaded mod bundle 'kspedia_missionbriefing'
[LOG 19:02:43.076] AssetLoader: Loaded mod bundle 'kspedia_nodedocking'
[LOG 19:02:43.076] AssetLoader: Loaded mod bundle 'kspedia_nodesconnectors'
[LOG 19:02:43.077] AssetLoader: Loaded mod bundle 'kspedia_sap'
[LOG 19:02:43.077] AssetLoader: Loaded mod bundle 'kspedia_sidebar'
[LOG 19:02:43.077] AssetLoader: Loaded mod bundle 'kspedia_testingcheckpoints'
[LOG 19:02:43.077] AssetLoader: Loaded bundle 'makinghistory'
[LOG 19:02:43.078] AssetLoader: Loaded mod bundle 'kspedia_bladecyclic-collective-behaviour'
[LOG 19:02:43.078] AssetLoader: Loaded mod bundle 'kspedia_bladecyclic-collective-controls'
[LOG 19:02:43.078] AssetLoader: Loaded mod bundle 'kspedia_deployedscience-experiments'
[LOG 19:02:43.079] AssetLoader: Loaded mod bundle 'kspedia_deployedscience'
[LOG 19:02:43.079] AssetLoader: Loaded mod bundle 'kspedia_grippads'
[LOG 19:02:43.079] AssetLoader: Loaded mod bundle 'kspedia_layindtracks'
[LOG 19:02:43.079] AssetLoader: Loaded mod bundle 'kspedia_propellers'
[LOG 19:02:43.080] AssetLoader: Loaded mod bundle 'kspedia_propellersaerodynamics'
[LOG 19:02:43.080] AssetLoader: Loaded mod bundle 'kspedia_roboticcontroller'
[LOG 19:02:43.080] AssetLoader: Loaded mod bundle 'kspedia_roboticparts'
[LOG 19:02:43.081] AssetLoader: Loaded mod bundle 'kspedia_surface features-overview'
[LOG 19:02:43.081] AssetLoader: Loaded mod bundle 'kspedia_surface features-roverarmdetails'
[LOG 19:02:43.081] AssetLoader: Loaded mod bundle 'kspedia_trackeditor'
[LOG 19:02:43.082] AssetLoader: Loaded mod bundle 'kspedia_trackeditortoolbar'
[LOG 19:02:43.082] AssetLoader: Loaded mod bundle 'serenity'
[LOG 19:02:43.083] AssetLoader: Finished loading. 226 bundle definitions loaded.
[LOG 19:02:43.083] Compiling Configs:
[LOG 19:02:43.083] Config(PHYSICSGLOBALS) /Physics/PHYSICSGLOBALS
[LOG 19:02:43.084] Config(KSP_COMMUNITY_FIXES) KSPCommunityFixes/Settings/KSP_COMMUNITY_FIXES
[LOG 19:02:43.084] Config(Localization) KSPCommunityFixes/Localization/en-us/Localization
[LOG 19:02:43.084] Config(Localization) KSPCommunityFixes/Localization/fr-fr/Localization
[LOG 19:02:43.084] Config(Localization) KSPCommunityFixes/Localization/ru/Localization
[LOG 19:02:43.084] Config(Localization) KSPCommunityFixes/Localization/zh-cn/Localization
[LOG 19:02:43.084] Config(@PART[*]:HAS[@MODULE[ModuleDockingNodeFixed]]:NEEDS[FixDockingNodes]:FINAL) KSPCommunityFixes/MMPatches/ModSupport/FixDockingNodes/@PART[*]:HAS[@MODULE[ModuleDockingNodeFixed]]:NEEDS[FixDockingNodes]:FINAL
[LOG 19:02:43.084] Config(@PART[*]:HAS[@MODULE[Refunding]]:LAST[999_KSP-Recall]) KSPCommunityFixes/MMPatches/ModSupport/KSPRecall/@PART[*]:HAS[@MODULE[Refunding]]:LAST[999_KSP-Recall]
[LOG 19:02:43.084] Config(@PART[*]:HAS[#hasRefundingOnRecovery[?rue]]:LAST[999_KSP-Recall]) KSPCommunityFixes/MMPatches/ModSupport/KSPRecall/@PART[*]:HAS[#hasRefundingOnRecovery[?rue]]:LAST[999_KSP-Recall]
[LOG 19:02:43.084] Config(@PART[*]:HAS[#hasRefundingOnRecovery]:LAST[999_KSP-Recall]) KSPCommunityFixes/MMPatches/ModSupport/KSPRecall/@PART[*]:HAS[#hasRefundingOnRecovery]:LAST[999_KSP-Recall]
[LOG 19:02:43.084] Config(@KSP-Recall:LAST[999_KSP-Recall]) KSPCommunityFixes/MMPatches/ModSupport/KSPRecall/@KSP-Recall:LAST[999_KSP-Recall]
[LOG 19:02:43.084] Config(@KSP-Recall:HAS[#hasRefundingOnRecovery[?rue]]:LAST[999_KSP-Recall]) KSPCommunityFixes/MMPatches/ModSupport/KSPRecall/@KSP-Recall:HAS[#hasRefundingOnRecovery[?rue]]:LAST[999_KSP-Recall]
[LOG 19:02:43.084] Config(@KSP-Recall:HAS[#hasRefundingOnRecovery]:LAST[999_KSP-Recall]) KSPCommunityFixes/MMPatches/ModSupport/KSPRecall/@KSP-Recall:HAS[#hasRefundingOnRecovery]:LAST[999_KSP-Recall]
[LOG 19:02:43.084] Config(@KSP_COMMUNITY_FIXES:NEEDS[AttachedOnEditor]) KSPCommunityFixes/MMPatches/ModSupport/KSPRecall/@KSP_COMMUNITY_FIXES:NEEDS[AttachedOnEditor]
[LOG 19:02:43.084] Config(@KSP_COMMUNITY_FIXES:NEEDS[UniversalStorage2]) KSPCommunityFixes/MMPatches/ModSupport/UniversalStorage/@KSP_COMMUNITY_FIXES:NEEDS[UniversalStorage2]
[LOG 19:02:43.084] Config(@PART[telescopicLadderBay]:FIRST) KSPCommunityFixes/MMPatches/StockTweaks/LadderToggleableLight/@PART[telescopicLadderBay]:FIRST
[LOG 19:02:43.084] Config(@PART[telescopicLadderBay]:HAS[#LadderToggleableLight[?rue]]:FIRST) KSPCommunityFixes/MMPatches/StockTweaks/LadderToggleableLight/@PART[telescopicLadderBay]:HAS[#LadderToggleableLight[?rue]]:FIRST
[LOG 19:02:43.084] Config(@PART[telescopicLadderBay]:HAS[#LadderToggleableLight]:FIRST) KSPCommunityFixes/MMPatches/StockTweaks/LadderToggleableLight/@PART[telescopicLadderBay]:HAS[#LadderToggleableLight]:FIRST
[LOG 19:02:43.084] Config(@PART[GearSmall]:FIRST) KSPCommunityFixes/MMPatches/StockTweaks/LandingGearLights/@PART[GearSmall]:FIRST
[LOG 19:02:43.084] Config(@PART[SmallGearBay]:FIRST) KSPCommunityFixes/MMPatches/StockTweaks/LandingGearLights/@PART[SmallGearBay]:FIRST
[LOG 19:02:43.084] Config(@PART[sasModule]:FOR[KSPCommunityFixes]) KSPCommunityFixes/MMPatches/StockTweaks/ManufacturerFixes/@PART[sasModule]:FOR[KSPCommunityFixes]
[LOG 19:02:43.084] Config(@PART[xenonTankRadial]:FOR[KSPCommunityFixes]) KSPCommunityFixes/MMPatches/StockTweaks/ManufacturerFixes/@PART[xenonTankRadial]:FOR[KSPCommunityFixes]
[LOG 19:02:43.084] Config(@PART[winglet|fireworksLauncherSmall|fireworksLauncherBig]:FOR[KSPCommunityFixes]) KSPCommunityFixes/MMPatches/StockTweaks/ManufacturerFixes/@PART[winglet|fireworksLauncherSmall|fireworksLauncherBig]:FOR[KSPCommunityFixes]
[LOG 19:02:43.084] Config(@PART[solidBooster_sm_v2|solidBooster_v2]:FOR[KSPCommunityFixes]) KSPCommunityFixes/MMPatches/StockTweaks/ManufacturerFixes/@PART[solidBooster_sm_v2|solidBooster_v2]:FOR[KSPCommunityFixes]
[LOG 19:02:43.085] Config(@PART[ServiceBay_125_v2|ServiceBay_250_v2]:FOR[KSPCommunityFixes]) KSPCommunityFixes/MMPatches/StockTweaks/ManufacturerFixes/@PART[ServiceBay_125_v2|ServiceBay_250_v2]:FOR[KSPCommunityFixes]
[LOG 19:02:43.085] Config(@PART[externalTankCapsule]:FOR[KSPCommunityFixes]) KSPCommunityFixes/MMPatches/StockTweaks/ManufacturerFixes/@PART[externalTankCapsule]:FOR[KSPCommunityFixes]
[LOG 19:02:43.085] Config(@PART[RCSFuelTank|rcsTankMini|RCSTank1-2]:FOR[KSPCommunityFixes]) KSPCommunityFixes/MMPatches/StockTweaks/ManufacturerFixes/@PART[RCSFuelTank|rcsTankMini|RCSTank1-2]:FOR[KSPCommunityFixes]
[LOG 19:02:43.085] Config(@PART[landerCabinSmall]:FOR[KSPCommunityFixes]) KSPCommunityFixes/MMPatches/StockTweaks/ManufacturerFixes/@PART[landerCabinSmall]:FOR[KSPCommunityFixes]
[LOG 19:02:43.085] Config(@PART[dockingPortLateral]:FOR[KSPCommunityFixes]) KSPCommunityFixes/MMPatches/StockTweaks/ManufacturerFixes/@PART[dockingPortLateral]:FOR[KSPCommunityFixes]
[LOG 19:02:43.085] Config(@PART[EnginePlate4]:FOR[KSPCommunityFixes]:NEEDS[SquadExpansion/MakingHistory]) KSPCommunityFixes/MMPatches/StockTweaks/ManufacturerFixes/@PART[EnginePlate4]:FOR[KSPCommunityFixes]:NEEDS[SquadExpansion/MakingHistory]
[LOG 19:02:43.085] Config(@PART[Mk2Pod]:FOR[KSPCommunityFixes]:NEEDS[SquadExpansion/MakingHistory]) KSPCommunityFixes/MMPatches/StockTweaks/ManufacturerFixes/@PART[Mk2Pod]:FOR[KSPCommunityFixes]:NEEDS[SquadExpansion/MakingHistory]
[LOG 19:02:43.085] Config(@PART[evaChute|parachuteSingle|parachuteRadial|radialDrogue|parachuteLarge|parachuteDrogue]:FOR[KSPCommunityFixes]) KSPCommunityFixes/MMPatches/StockTweaks/ManufacturerFixes/@PART[evaChute|parachuteSingle|parachuteRadial|radialDrogue|parachuteLarge|parachuteDrogue]:FOR[KSPCommunityFixes]
[LOG 19:02:43.085] Config(@PART[stackPoint1|dockingPort1|dockingPort2|dockingPort3|dockingPortLarge]:FOR[KSPCommunityFixes]) KSPCommunityFixes/MMPatches/StockTweaks/ManufacturerFixes/@PART[stackPoint1|dockingPort1|dockingPort2|dockingPort3|dockingPortLarge]:FOR[KSPCommunityFixes]
[LOG 19:02:43.085] Config(AGENT) KSPCommunityFixes/MMPatches/StockTweaks/ManufacturerFixes/Clamp-O-Tron
[LOG 19:02:43.085] Config(AGENT) KSPCommunityFixes/MMPatches/StockTweaks/ManufacturerFixes/FreeFall Parachutes
[LOG 19:02:43.085] Config(AGENT) KSPCommunityFixes/MMPatches/StockTweaks/ManufacturerFixes/LightYear Tire Company
[LOG 19:02:43.085] Config(AGENT) KSPCommunityFixes/MMPatches/StockTweaks/ManufacturerFixes/Stratus Corporation
[LOG 19:02:43.085] Config(Localization) KSPCommunityFixes/MMPatches/StockTweaks/ManufacturerFixes/Localization
[LOG 19:02:43.085] Config(AGENT) Squad/Agencies/Agents/C7 Aerospace Division
[LOG 19:02:43.085] Config(AGENT) Squad/Agencies/Agents/Dinkelstein Kerman's Construction Emporium
[LOG 19:02:43.085] Config(AGENT) Squad/Agencies/Agents/Experimental Engineering Group
[LOG 19:02:43.085] Config(AGENT) Squad/Agencies/Agents/FLOOYD Dynamics Research Labs
[LOG 19:02:43.085] Config(AGENT) Squad/Agencies/Agents/Goliath National Products
[LOG 19:02:43.085] Config(AGENT) Squad/Agencies/Agents/Integrated Integrals
[LOG 19:02:43.085] Config(AGENT) Squad/Agencies/Agents/Ionic Symphonic Protonic Electronics
[LOG 19:02:43.085] Config(AGENT) Squad/Agencies/Agents/Jebediah Kerman's Junkyard and Spacecraft Parts Co
[LOG 19:02:43.085] Config(AGENT) Squad/Agencies/Agents/Kerbal Motion LLC
[LOG 19:02:43.085] Config(AGENT) Squad/Agencies/Agents/Kerbin World-Firsts Record-Keeping Society
[LOG 19:02:43.085] Config(AGENT) Squad/Agencies/Agents/Kerbodyne
[LOG 19:02:43.085] Config(AGENT) Squad/Agencies/Agents/Kerlington Model Rockets and Paper Products Inc
[LOG 19:02:43.085] Config(AGENT) Squad/Agencies/Agents/Maxo Construction Toys
[LOG 19:02:43.085] Config(AGENT) Squad/Agencies/Agents/Moving Parts Experts Group
[LOG 19:02:43.085] Config(AGENT) Squad/Agencies/Agents/O.M.B. Demolition Enterprises
[LOG 19:02:43.086] Config(AGENT) Squad/Agencies/Agents/Periapsis Rocket Supplies Co
[LOG 19:02:43.086] Config(AGENT) Squad/Agencies/Agents/Probodobodyne Inc
[LOG 19:02:43.086] Config(AGENT) Squad/Agencies/Agents/Research & Development Department
[LOG 19:02:43.086] Config(AGENT) Squad/Agencies/Agents/Reaction Systems Ltd
[LOG 19:02:43.086] Config(AGENT) Squad/Agencies/Agents/Rockomax Conglomerate
[LOG 19:02:43.086] Config(AGENT) Squad/Agencies/Agents/Rokea Inc
[LOG 19:02:43.086] Config(AGENT) Squad/Agencies/Agents/Sean's Cannery
[LOG 19:02:43.086] Config(AGENT) Squad/Agencies/Agents/STEADLER Engineering Corps
[LOG 19:02:43.086] Config(AGENT) Squad/Agencies/Agents/StrutCo
[LOG 19:02:43.086] Config(AGENT) Squad/Agencies/Agents/Vac-Co Advanced Suction Systems
[LOG 19:02:43.086] Config(AGENT) Squad/Agencies/Agents/WinterOwl Aircraft Emporium
[LOG 19:02:43.086] Config(AGENT) Squad/Agencies/Agents/Zaltonic Electronics
[LOG 19:02:43.086] Config(CONTRACT_CONSTRUCTION_PARTS) Squad/Contracts/constructionContractParts/CONTRACT_CONSTRUCTION_PARTS
[LOG 19:02:43.086] Config(Contracts) Squad/Contracts/Contracts/Contracts
[LOG 19:02:43.086] Config(CONTRACTCRAFT) Squad/Contracts/PrebuiltCraft/prebuiltData/CONTRACTCRAFT
[LOG 19:02:43.086] Config(CONTRACTCRAFT) Squad/Contracts/PrebuiltCraft/OrbitalConstructionContract/orbitalConstructionContractCraft/CONTRACTCRAFT
[LOG 19:02:43.086] Config(CONTRACTCRAFT) Squad/Contracts/PrebuiltCraft/RepairContract/repairContractCraft/CONTRACTCRAFT
[LOG 19:02:43.086] Config(CONTRACTCRAFT) Squad/Contracts/PrebuiltCraft/RoverContract/roverContractCraft/CONTRACTCRAFT
[LOG 19:02:43.086] Config(KEYBOARD_LAYOUT) Squad/Controls/Azerty/#autoLOC_6001233
[LOG 19:02:43.086] Config(PITCH_DOWN) Squad/Controls/Azerty/PITCH_DOWN
[LOG 19:02:43.086] Config(PITCH_UP) Squad/Controls/Azerty/PITCH_UP
[LOG 19:02:43.086] Config(YAW_LEFT) Squad/Controls/Azerty/YAW_LEFT
[LOG 19:02:43.086] Config(YAW_RIGHT) Squad/Controls/Azerty/YAW_RIGHT
[LOG 19:02:43.086] Config(ROLL_LEFT) Squad/Controls/Azerty/ROLL_LEFT
[LOG 19:02:43.086] Config(ROLL_RIGHT) Squad/Controls/Azerty/ROLL_RIGHT
[LOG 19:02:43.086] Config(THROTTLE_UP) Squad/Controls/Azerty/THROTTLE_UP
[LOG 19:02:43.086] Config(THROTTLE_DOWN) Squad/Controls/Azerty/THROTTLE_DOWN
[LOG 19:02:43.086] Config(SAS_HOLD) Squad/Controls/Azerty/SAS_HOLD
[LOG 19:02:43.087] Config(SAS_TOGGLE) Squad/Controls/Azerty/SAS_TOGGLE
[LOG 19:02:43.087] Config(LAUNCH_STAGES) Squad/Controls/Azerty/LAUNCH_STAGES
[LOG 19:02:43.087] Config(Docking_toggleRotLin) Squad/Controls/Azerty/Docking_toggleRotLin
[LOG 19:02:43.087] Config(CAMERA_MODE) Squad/Controls/Azerty/CAMERA_MODE
[LOG 19:02:43.087] Config(CAMERA_NEXT) Squad/Controls/Azerty/CAMERA_NEXT
[LOG 19:02:43.087] Config(PAUSE) Squad/Controls/Azerty/PAUSE
[LOG 19:02:43.087] Config(PRECISION_CTRL) Squad/Controls/Azerty/PRECISION_CTRL
[LOG 19:02:43.087] Config(ZOOM_IN) Squad/Controls/Azerty/ZOOM_IN
[LOG 19:02:43.087] Config(ZOOM_OUT) Squad/Controls/Azerty/ZOOM_OUT
[LOG 19:02:43.087] Config(SCROLL_VIEW_UP) Squad/Controls/Azerty/SCROLL_VIEW_UP
[LOG 19:02:43.087] Config(SCROLL_VIEW_DOWN) Squad/Controls/Azerty/SCROLL_VIEW_DOWN
[LOG 19:02:43.087] Config(SCROLL_ICONS_UP) Squad/Controls/Azerty/SCROLL_ICONS_UP
[LOG 19:02:43.087] Config(SCROLL_ICONS_DOWN) Squad/Controls/Azerty/SCROLL_ICONS_DOWN
[LOG 19:02:43.087] Config(CAMERA_ORBIT_UP) Squad/Controls/Azerty/CAMERA_ORBIT_UP
[LOG 19:02:43.087] Config(CAMERA_ORBIT_DOWN) Squad/Controls/Azerty/CAMERA_ORBIT_DOWN
[LOG 19:02:43.087] Config(CAMERA_ORBIT_LEFT) Squad/Controls/Azerty/CAMERA_ORBIT_LEFT
[LOG 19:02:43.087] Config(CAMERA_ORBIT_RIGHT) Squad/Controls/Azerty/CAMERA_ORBIT_RIGHT
[LOG 19:02:43.087] Config(CAMERA_RESET) Squad/Controls/Azerty/CAMERA_RESET
[LOG 19:02:43.087] Config(CAMERA_MOUSE_TOGGLE) Squad/Controls/Azerty/CAMERA_MOUSE_TOGGLE
[LOG 19:02:43.087] Config(TIME_WARP_INCREASE) Squad/Controls/Azerty/TIME_WARP_INCREASE
[LOG 19:02:43.087] Config(TIME_WARP_DECREASE) Squad/Controls/Azerty/TIME_WARP_DECREASE
[LOG 19:02:43.087] Config(TIME_WARP_STOP) Squad/Controls/Azerty/TIME_WARP_STOP
[LOG 19:02:43.087] Config(MAP_VIEW_TOGGLE) Squad/Controls/Azerty/MAP_VIEW_TOGGLE
[LOG 19:02:43.087] Config(NAVBALL_TOGGLE) Squad/Controls/Azerty/NAVBALL_TOGGLE
[LOG 19:02:43.087] Config(UIMODE_STAGING) Squad/Controls/Azerty/UIMODE_STAGING
[LOG 19:02:43.087] Config(UIMODE_DOCKING) Squad/Controls/Azerty/UIMODE_DOCKING
[LOG 19:02:43.087] Config(TRANSLATE_DOWN) Squad/Controls/Azerty/TRANSLATE_DOWN
[LOG 19:02:43.087] Config(TRANSLATE_UP) Squad/Controls/Azerty/TRANSLATE_UP
[LOG 19:02:43.087] Config(TRANSLATE_LEFT) Squad/Controls/Azerty/TRANSLATE_LEFT
[LOG 19:02:43.087] Config(TRANSLATE_RIGHT) Squad/Controls/Azerty/TRANSLATE_RIGHT
[LOG 19:02:43.088] Config(TRANSLATE_FWD) Squad/Controls/Azerty/TRANSLATE_FWD
[LOG 19:02:43.088] Config(TRANSLATE_BACK) Squad/Controls/Azerty/TRANSLATE_BACK
[LOG 19:02:43.088] Config(RCS_TOGGLE) Squad/Controls/Azerty/RCS_TOGGLE
[LOG 19:02:43.088] Config(FOCUS_NEXT_VESSEL) Squad/Controls/Azerty/FOCUS_NEXT_VESSEL
[LOG 19:02:43.088] Config(FOCUS_PREV_VESSEL) Squad/Controls/Azerty/FOCUS_PREV_VESSEL
[LOG 19:02:43.088] Config(TOGGLE_UI) Squad/Controls/Azerty/TOGGLE_UI
[LOG 19:02:43.088] Config(TOGGLE_STATUS_SCREEN) Squad/Controls/Azerty/TOGGLE_STATUS_SCREEN
[LOG 19:02:43.088] Config(TAKE_SCREENSHOT) Squad/Controls/Azerty/TAKE_SCREENSHOT
[LOG 19:02:43.088] Config(TOGGLE_LABELS) Squad/Controls/Azerty/TOGGLE_LABELS
[LOG 19:02:43.088] Config(TOGGLE_TEMP_GAUGES) Squad/Controls/Azerty/TOGGLE_TEMP_GAUGES
[LOG 19:02:43.088] Config(TOGGLE_TEMP_OVERLAY) Squad/Controls/Azerty/TOGGLE_TEMP_OVERLAY
[LOG 19:02:43.088] Config(TOGGLE_FLIGHT_FORCES) Squad/Controls/Azerty/TOGGLE_FLIGHT_FORCES
[LOG 19:02:43.088] Config(QUICKSAVE) Squad/Controls/Azerty/QUICKSAVE
[LOG 19:02:43.088] Config(QUICKLOAD) Squad/Controls/Azerty/QUICKLOAD
[LOG 19:02:43.088] Config(THROTTLE_CUTOFF) Squad/Controls/Azerty/THROTTLE_CUTOFF
[LOG 19:02:43.088] Config(THROTTLE_FULL) Squad/Controls/Azerty/THROTTLE_FULL
[LOG 19:02:43.088] Config(LANDING_GEAR) Squad/Controls/Azerty/LANDING_GEAR
[LOG 19:02:43.088] Config(HEADLIGHT_TOGGLE) Squad/Controls/Azerty/HEADLIGHT_TOGGLE
[LOG 19:02:43.088] Config(BRAKES) Squad/Controls/Azerty/BRAKES
[LOG 19:02:43.088] Config(TOGGLE_SPACENAV_FLIGHT_CONTROL) Squad/Controls/Azerty/TOGGLE_SPACENAV_FLIGHT_CONTROL
[LOG 19:02:43.088] Config(TOGGLE_SPACENAV_ROLL_LOCK) Squad/Controls/Azerty/TOGGLE_SPACENAV_ROLL_LOCK
[LOG 19:02:43.088] Config(WHEEL_STEER_LEFT) Squad/Controls/Azerty/WHEEL_STEER_LEFT
[LOG 19:02:43.088] Config(WHEEL_STEER_RIGHT) Squad/Controls/Azerty/WHEEL_STEER_RIGHT
[LOG 19:02:43.088] Config(WHEEL_THROTTLE_DOWN) Squad/Controls/Azerty/WHEEL_THROTTLE_DOWN
[LOG 19:02:43.088] Config(WHEEL_THROTTLE_UP) Squad/Controls/Azerty/WHEEL_THROTTLE_UP
[LOG 19:02:43.088] Config(EVA_forward) Squad/Controls/Azerty/EVA_forward
[LOG 19:02:43.088] Config(EVA_back) Squad/Controls/Azerty/EVA_back
[LOG 19:02:43.088] Config(EVA_left) Squad/Controls/Azerty/EVA_left
[LOG 19:02:43.088] Config(EVA_right) Squad/Controls/Azerty/EVA_right
[LOG 19:02:43.088] Config(EVA_yaw_left) Squad/Controls/Azerty/EVA_yaw_left
[LOG 19:02:43.088] Config(EVA_yaw_right) Squad/Controls/Azerty/EVA_yaw_right
[LOG 19:02:43.089] Config(EVA_Pack_forward) Squad/Controls/Azerty/EVA_Pack_forward
[LOG 19:02:43.089] Config(EVA_Pack_back) Squad/Controls/Azerty/EVA_Pack_back
[LOG 19:02:43.089] Config(EVA_Pack_left) Squad/Controls/Azerty/EVA_Pack_left
[LOG 19:02:43.089] Config(EVA_Pack_right) Squad/Controls/Azerty/EVA_Pack_right
[LOG 19:02:43.089] Config(EVA_Pack_up) Squad/Controls/Azerty/EVA_Pack_up
[LOG 19:02:43.089] Config(EVA_Pack_down) Squad/Controls/Azerty/EVA_Pack_down
[LOG 19:02:43.089] Config(EVA_Jump) Squad/Controls/Azerty/EVA_Jump
[LOG 19:02:43.089] Config(EVA_Run) Squad/Controls/Azerty/EVA_Run
[LOG 19:02:43.089] Config(EVA_ToggleMovementMode) Squad/Controls/Azerty/EVA_ToggleMovementMode
[LOG 19:02:43.089] Config(EVA_TogglePack) Squad/Controls/Azerty/EVA_TogglePack
[LOG 19:02:43.089] Config(EVA_Use) Squad/Controls/Azerty/EVA_Use
[LOG 19:02:43.089] Config(EVA_Board) Squad/Controls/Azerty/EVA_Board
[LOG 19:02:43.089] Config(EVA_Orient) Squad/Controls/Azerty/EVA_Orient
[LOG 19:02:43.089] Config(EVA_Lights) Squad/Controls/Azerty/EVA_Lights
[LOG 19:02:43.089] Config(EVA_ChuteDeploy) Squad/Controls/Azerty/EVA_ChuteDeploy
[LOG 19:02:43.089] Config(Editor_pitchUp) Squad/Controls/Azerty/Editor_pitchUp
[LOG 19:02:43.089] Config(Editor_pitchDown) Squad/Controls/Azerty/Editor_pitchDown
[LOG 19:02:43.089] Config(Editor_yawLeft) Squad/Controls/Azerty/Editor_yawLeft
[LOG 19:02:43.089] Config(Editor_yawRight) Squad/Controls/Azerty/Editor_yawRight
[LOG 19:02:43.089] Config(Editor_rollLeft) Squad/Controls/Azerty/Editor_rollLeft
[LOG 19:02:43.089] Config(Editor_rollRight) Squad/Controls/Azerty/Editor_rollRight
[LOG 19:02:43.089] Config(Editor_resetRotation) Squad/Controls/Azerty/Editor_resetRotation
[LOG 19:02:43.089] Config(Editor_modePlace) Squad/Controls/Azerty/Editor_modePlace
[LOG 19:02:43.089] Config(Editor_modeOffset) Squad/Controls/Azerty/Editor_modeOffset
[LOG 19:02:43.089] Config(Editor_modeRotate) Squad/Controls/Azerty/Editor_modeRotate
[LOG 19:02:43.089] Config(Editor_modeRoot) Squad/Controls/Azerty/Editor_modeRoot
[LOG 19:02:43.089] Config(Editor_coordSystem) Squad/Controls/Azerty/Editor_coordSystem
[LOG 19:02:43.089] Config(Editor_toggleSymMethod) Squad/Controls/Azerty/Editor_toggleSymMethod
[LOG 19:02:43.089] Config(Editor_toggleSymMode) Squad/Controls/Azerty/Editor_toggleSymMode
[LOG 19:02:43.089] Config(Editor_toggleAngleSnap) Squad/Controls/Azerty/Editor_toggleAngleSnap
[LOG 19:02:43.090] Config(Editor_fineTweak) Squad/Controls/Azerty/Editor_fineTweak
[LOG 19:02:43.090] Config(Editor_partSearch) Squad/Controls/Azerty/Editor_partSearch
[LOG 19:02:43.090] Config(Editor_zoomScrollModifier) Squad/Controls/Azerty/Editor_zoomScrollModifier
[LOG 19:02:43.090] Config(MODIFIER_KEY) Squad/Controls/Azerty/MODIFIER_KEY
[LOG 19:02:43.090] Config(AbortActionGroup) Squad/Controls/Azerty/AbortActionGroup
[LOG 19:02:43.090] Config(CustomActionGroup1) Squad/Controls/Azerty/CustomActionGroup1
[LOG 19:02:43.090] Config(CustomActionGroup2) Squad/Controls/Azerty/CustomActionGroup2
[LOG 19:02:43.090] Config(CustomActionGroup3) Squad/Controls/Azerty/CustomActionGroup3
[LOG 19:02:43.090] Config(CustomActionGroup4) Squad/Controls/Azerty/CustomActionGroup4
[LOG 19:02:43.090] Config(CustomActionGroup5) Squad/Controls/Azerty/CustomActionGroup5
[LOG 19:02:43.090] Config(CustomActionGroup6) Squad/Controls/Azerty/CustomActionGroup6
[LOG 19:02:43.090] Config(CustomActionGroup7) Squad/Controls/Azerty/CustomActionGroup7
[LOG 19:02:43.090] Config(CustomActionGroup8) Squad/Controls/Azerty/CustomActionGroup8
[LOG 19:02:43.090] Config(CustomActionGroup9) Squad/Controls/Azerty/CustomActionGroup9
[LOG 19:02:43.090] Config(CustomActionGroup10) Squad/Controls/Azerty/CustomActionGroup10
[LOG 19:02:43.090] Config(KEY_MAP) Squad/Controls/Azerty/KEY_MAP
[LOG 19:02:43.090] Config(KEYBOARD_LAYOUT) Squad/Controls/Dvorak/#autoLOC_6001234
[LOG 19:02:43.090] Config(PITCH_DOWN) Squad/Controls/Dvorak/PITCH_DOWN
[LOG 19:02:43.090] Config(PITCH_UP) Squad/Controls/Dvorak/PITCH_UP
[LOG 19:02:43.090] Config(YAW_LEFT) Squad/Controls/Dvorak/YAW_LEFT
[LOG 19:02:43.090] Config(YAW_RIGHT) Squad/Controls/Dvorak/YAW_RIGHT
[LOG 19:02:43.090] Config(ROLL_LEFT) Squad/Controls/Dvorak/ROLL_LEFT
[LOG 19:02:43.090] Config(ROLL_RIGHT) Squad/Controls/Dvorak/ROLL_RIGHT
[LOG 19:02:43.090] Config(THROTTLE_UP) Squad/Controls/Dvorak/THROTTLE_UP
[LOG 19:02:43.090] Config(THROTTLE_DOWN) Squad/Controls/Dvorak/THROTTLE_DOWN
[LOG 19:02:43.090] Config(SAS_HOLD) Squad/Controls/Dvorak/SAS_HOLD
[LOG 19:02:43.090] Config(SAS_TOGGLE) Squad/Controls/Dvorak/SAS_TOGGLE
[LOG 19:02:43.090] Config(LAUNCH_STAGES) Squad/Controls/Dvorak/LAUNCH_STAGES
[LOG 19:02:43.090] Config(Docking_toggleRotLin) Squad/Controls/Dvorak/Docking_toggleRotLin
[LOG 19:02:43.090] Config(CAMERA_MODE) Squad/Controls/Dvorak/CAMERA_MODE
[LOG 19:02:43.091] Config(CAMERA_NEXT) Squad/Controls/Dvorak/CAMERA_NEXT
[LOG 19:02:43.091] Config(PAUSE) Squad/Controls/Dvorak/PAUSE
[LOG 19:02:43.091] Config(PRECISION_CTRL) Squad/Controls/Dvorak/PRECISION_CTRL
[LOG 19:02:43.091] Config(ZOOM_IN) Squad/Controls/Dvorak/ZOOM_IN
[LOG 19:02:43.091] Config(ZOOM_OUT) Squad/Controls/Dvorak/ZOOM_OUT
[LOG 19:02:43.091] Config(SCROLL_VIEW_UP) Squad/Controls/Dvorak/SCROLL_VIEW_UP
[LOG 19:02:43.091] Config(SCROLL_VIEW_DOWN) Squad/Controls/Dvorak/SCROLL_VIEW_DOWN
[LOG 19:02:43.091] Config(SCROLL_ICONS_UP) Squad/Controls/Dvorak/SCROLL_ICONS_UP
[LOG 19:02:43.091] Config(SCROLL_ICONS_DOWN) Squad/Controls/Dvorak/SCROLL_ICONS_DOWN
[LOG 19:02:43.091] Config(CAMERA_ORBIT_UP) Squad/Controls/Dvorak/CAMERA_ORBIT_UP
[LOG 19:02:43.091] Config(CAMERA_ORBIT_DOWN) Squad/Controls/Dvorak/CAMERA_ORBIT_DOWN
[LOG 19:02:43.091] Config(CAMERA_ORBIT_LEFT) Squad/Controls/Dvorak/CAMERA_ORBIT_LEFT
[LOG 19:02:43.091] Config(CAMERA_ORBIT_RIGHT) Squad/Controls/Dvorak/CAMERA_ORBIT_RIGHT
[LOG 19:02:43.091] Config(CAMERA_RESET) Squad/Controls/Dvorak/CAMERA_RESET
[LOG 19:02:43.091] Config(CAMERA_MOUSE_TOGGLE) Squad/Controls/Dvorak/CAMERA_MOUSE_TOGGLE
[LOG 19:02:43.091] Config(TIME_WARP_INCREASE) Squad/Controls/Dvorak/TIME_WARP_INCREASE
[LOG 19:02:43.091] Config(TIME_WARP_DECREASE) Squad/Controls/Dvorak/TIME_WARP_DECREASE
[LOG 19:02:43.091] Config(TIME_WARP_STOP) Squad/Controls/Dvorak/TIME_WARP_STOP
[LOG 19:02:43.091] Config(MAP_VIEW_TOGGLE) Squad/Controls/Dvorak/MAP_VIEW_TOGGLE
[LOG 19:02:43.091] Config(NAVBALL_TOGGLE) Squad/Controls/Dvorak/NAVBALL_TOGGLE
[LOG 19:02:43.091] Config(UIMODE_STAGING) Squad/Controls/Dvorak/UIMODE_STAGING
[LOG 19:02:43.091] Config(UIMODE_DOCKING) Squad/Controls/Dvorak/UIMODE_DOCKING
[LOG 19:02:43.091] Config(TRANSLATE_DOWN) Squad/Controls/Dvorak/TRANSLATE_DOWN
[LOG 19:02:43.091] Config(TRANSLATE_UP) Squad/Controls/Dvorak/TRANSLATE_UP
[LOG 19:02:43.091] Config(TRANSLATE_LEFT) Squad/Controls/Dvorak/TRANSLATE_LEFT
[LOG 19:02:43.091] Config(TRANSLATE_RIGHT) Squad/Controls/Dvorak/TRANSLATE_RIGHT
[LOG 19:02:43.091] Config(TRANSLATE_FWD) Squad/Controls/Dvorak/TRANSLATE_FWD
[LOG 19:02:43.091] Config(TRANSLATE_BACK) Squad/Controls/Dvorak/TRANSLATE_BACK
[LOG 19:02:43.091] Config(RCS_TOGGLE) Squad/Controls/Dvorak/RCS_TOGGLE
[LOG 19:02:43.092] Config(FOCUS_NEXT_VESSEL) Squad/Controls/Dvorak/FOCUS_NEXT_VESSEL
[LOG 19:02:43.092] Config(FOCUS_PREV_VESSEL) Squad/Controls/Dvorak/FOCUS_PREV_VESSEL
[LOG 19:02:43.092] Config(TOGGLE_UI) Squad/Controls/Dvorak/TOGGLE_UI
[LOG 19:02:43.092] Config(TOGGLE_STATUS_SCREEN) Squad/Controls/Dvorak/TOGGLE_STATUS_SCREEN
[LOG 19:02:43.092] Config(TAKE_SCREENSHOT) Squad/Controls/Dvorak/TAKE_SCREENSHOT
[LOG 19:02:43.092] Config(TOGGLE_LABELS) Squad/Controls/Dvorak/TOGGLE_LABELS
[LOG 19:02:43.092] Config(TOGGLE_TEMP_GAUGES) Squad/Controls/Dvorak/TOGGLE_TEMP_GAUGES
[LOG 19:02:43.092] Config(TOGGLE_TEMP_OVERLAY) Squad/Controls/Dvorak/TOGGLE_TEMP_OVERLAY
[LOG 19:02:43.092] Config(TOGGLE_FLIGHT_FORCES) Squad/Controls/Dvorak/TOGGLE_FLIGHT_FORCES
[LOG 19:02:43.092] Config(QUICKSAVE) Squad/Controls/Dvorak/QUICKSAVE
[LOG 19:02:43.092] Config(QUICKLOAD) Squad/Controls/Dvorak/QUICKLOAD
[LOG 19:02:43.092] Config(THROTTLE_CUTOFF) Squad/Controls/Dvorak/THROTTLE_CUTOFF
[LOG 19:02:43.092] Config(THROTTLE_FULL) Squad/Controls/Dvorak/THROTTLE_FULL
[LOG 19:02:43.092] Config(LANDING_GEAR) Squad/Controls/Dvorak/LANDING_GEAR
[LOG 19:02:43.092] Config(HEADLIGHT_TOGGLE) Squad/Controls/Dvorak/HEADLIGHT_TOGGLE
[LOG 19:02:43.092] Config(BRAKES) Squad/Controls/Dvorak/BRAKES
[LOG 19:02:43.092] Config(TOGGLE_SPACENAV_FLIGHT_CONTROL) Squad/Controls/Dvorak/TOGGLE_SPACENAV_FLIGHT_CONTROL
[LOG 19:02:43.092] Config(TOGGLE_SPACENAV_ROLL_LOCK) Squad/Controls/Dvorak/TOGGLE_SPACENAV_ROLL_LOCK
[LOG 19:02:43.092] Config(WHEEL_STEER_LEFT) Squad/Controls/Dvorak/WHEEL_STEER_LEFT
[LOG 19:02:43.092] Config(WHEEL_STEER_RIGHT) Squad/Controls/Dvorak/WHEEL_STEER_RIGHT
[LOG 19:02:43.092] Config(WHEEL_THROTTLE_DOWN) Squad/Controls/Dvorak/WHEEL_THROTTLE_DOWN
[LOG 19:02:43.092] Config(WHEEL_THROTTLE_UP) Squad/Controls/Dvorak/WHEEL_THROTTLE_UP
[LOG 19:02:43.092] Config(EVA_forward) Squad/Controls/Dvorak/EVA_forward
[LOG 19:02:43.092] Config(EVA_back) Squad/Controls/Dvorak/EVA_back
[LOG 19:02:43.092] Config(EVA_left) Squad/Controls/Dvorak/EVA_left
[LOG 19:02:43.092] Config(EVA_right) Squad/Controls/Dvorak/EVA_right
[LOG 19:02:43.092] Config(EVA_yaw_left) Squad/Controls/Dvorak/EVA_yaw_left
[LOG 19:02:43.092] Config(EVA_yaw_right) Squad/Controls/Dvorak/EVA_yaw_right
[LOG 19:02:43.092] Config(EVA_Pack_forward) Squad/Controls/Dvorak/EVA_Pack_forward
[LOG 19:02:43.092] Config(EVA_Pack_back) Squad/Controls/Dvorak/EVA_Pack_back
[LOG 19:02:43.093] Config(EVA_Pack_left) Squad/Controls/Dvorak/EVA_Pack_left
[LOG 19:02:43.093] Config(EVA_Pack_right) Squad/Controls/Dvorak/EVA_Pack_right
[LOG 19:02:43.093] Config(EVA_Pack_up) Squad/Controls/Dvorak/EVA_Pack_up
[LOG 19:02:43.093] Config(EVA_Pack_down) Squad/Controls/Dvorak/EVA_Pack_down
[LOG 19:02:43.093] Config(EVA_Jump) Squad/Controls/Dvorak/EVA_Jump
[LOG 19:02:43.093] Config(EVA_Run) Squad/Controls/Dvorak/EVA_Run
[LOG 19:02:43.093] Config(EVA_ToggleMovementMode) Squad/Controls/Dvorak/EVA_ToggleMovementMode
[LOG 19:02:43.093] Config(EVA_TogglePack) Squad/Controls/Dvorak/EVA_TogglePack
[LOG 19:02:43.093] Config(EVA_Use) Squad/Controls/Dvorak/EVA_Use
[LOG 19:02:43.093] Config(EVA_Board) Squad/Controls/Dvorak/EVA_Board
[LOG 19:02:43.093] Config(EVA_Orient) Squad/Controls/Dvorak/EVA_Orient
[LOG 19:02:43.093] Config(EVA_Lights) Squad/Controls/Dvorak/EVA_Lights
[LOG 19:02:43.093] Config(EVA_ChuteDeploy) Squad/Controls/Dvorak/EVA_ChuteDeploy
[LOG 19:02:43.093] Config(Editor_pitchUp) Squad/Controls/Dvorak/Editor_pitchUp
[LOG 19:02:43.093] Config(Editor_pitchDown) Squad/Controls/Dvorak/Editor_pitchDown
[LOG 19:02:43.093] Config(Editor_yawLeft) Squad/Controls/Dvorak/Editor_yawLeft
[LOG 19:02:43.093] Config(Editor_yawRight) Squad/Controls/Dvorak/Editor_yawRight
[LOG 19:02:43.093] Config(Editor_rollLeft) Squad/Controls/Dvorak/Editor_rollLeft
[LOG 19:02:43.093] Config(Editor_rollRight) Squad/Controls/Dvorak/Editor_rollRight
[LOG 19:02:43.093] Config(Editor_resetRotation) Squad/Controls/Dvorak/Editor_resetRotation
[LOG 19:02:43.093] Config(Editor_modePlace) Squad/Controls/Dvorak/Editor_modePlace
[LOG 19:02:43.093] Config(Editor_modeOffset) Squad/Controls/Dvorak/Editor_modeOffset
[LOG 19:02:43.093] Config(Editor_modeRotate) Squad/Controls/Dvorak/Editor_modeRotate
[LOG 19:02:43.093] Config(Editor_modeRoot) Squad/Controls/Dvorak/Editor_modeRoot
[LOG 19:02:43.093] Config(Editor_coordSystem) Squad/Controls/Dvorak/Editor_coordSystem
[LOG 19:02:43.093] Config(Editor_toggleSymMethod) Squad/Controls/Dvorak/Editor_toggleSymMethod
[LOG 19:02:43.093] Config(Editor_toggleSymMode) Squad/Controls/Dvorak/Editor_toggleSymMode
[LOG 19:02:43.093] Config(Editor_toggleAngleSnap) Squad/Controls/Dvorak/Editor_toggleAngleSnap
[LOG 19:02:43.094] Config(Editor_fineTweak) Squad/Controls/Dvorak/Editor_fineTweak
[LOG 19:02:43.094] Config(Editor_partSearch) Squad/Controls/Dvorak/Editor_partSearch
[LOG 19:02:43.094] Config(Editor_zoomScrollModifier) Squad/Controls/Dvorak/Editor_zoomScrollModifier
[LOG 19:02:43.094] Config(MODIFIER_KEY) Squad/Controls/Dvorak/MODIFIER_KEY
[LOG 19:02:43.094] Config(AbortActionGroup) Squad/Controls/Dvorak/AbortActionGroup
[LOG 19:02:43.094] Config(CustomActionGroup1) Squad/Controls/Dvorak/CustomActionGroup1
[LOG 19:02:43.094] Config(CustomActionGroup2) Squad/Controls/Dvorak/CustomActionGroup2
[LOG 19:02:43.094] Config(CustomActionGroup3) Squad/Controls/Dvorak/CustomActionGroup3
[LOG 19:02:43.094] Config(CustomActionGroup4) Squad/Controls/Dvorak/CustomActionGroup4
[LOG 19:02:43.094] Config(CustomActionGroup5) Squad/Controls/Dvorak/CustomActionGroup5
[LOG 19:02:43.094] Config(CustomActionGroup6) Squad/Controls/Dvorak/CustomActionGroup6
[LOG 19:02:43.094] Config(CustomActionGroup7) Squad/Controls/Dvorak/CustomActionGroup7
[LOG 19:02:43.094] Config(CustomActionGroup8) Squad/Controls/Dvorak/CustomActionGroup8
[LOG 19:02:43.094] Config(CustomActionGroup9) Squad/Controls/Dvorak/CustomActionGroup9
[LOG 19:02:43.094] Config(CustomActionGroup10) Squad/Controls/Dvorak/CustomActionGroup10
[LOG 19:02:43.094] Config(KEY_MAP) Squad/Controls/Dvorak/KEY_MAP
[LOG 19:02:43.094] Config(KEYBOARD_LAYOUT) Squad/Controls/Qwerty/#autoLOC_6001227
[LOG 19:02:43.094] Config(PITCH_DOWN) Squad/Controls/Qwerty/PITCH_DOWN
[LOG 19:02:43.094] Config(PITCH_UP) Squad/Controls/Qwerty/PITCH_UP
[LOG 19:02:43.094] Config(YAW_LEFT) Squad/Controls/Qwerty/YAW_LEFT
[LOG 19:02:43.094] Config(YAW_RIGHT) Squad/Controls/Qwerty/YAW_RIGHT
[LOG 19:02:43.094] Config(ROLL_LEFT) Squad/Controls/Qwerty/ROLL_LEFT
[LOG 19:02:43.094] Config(ROLL_RIGHT) Squad/Controls/Qwerty/ROLL_RIGHT
[LOG 19:02:43.094] Config(THROTTLE_UP) Squad/Controls/Qwerty/THROTTLE_UP
[LOG 19:02:43.094] Config(THROTTLE_DOWN) Squad/Controls/Qwerty/THROTTLE_DOWN
[LOG 19:02:43.094] Config(SAS_HOLD) Squad/Controls/Qwerty/SAS_HOLD
[LOG 19:02:43.094] Config(SAS_TOGGLE) Squad/Controls/Qwerty/SAS_TOGGLE
[LOG 19:02:43.094] Config(LAUNCH_STAGES) Squad/Controls/Qwerty/LAUNCH_STAGES
[LOG 19:02:43.094] Config(Docking_toggleRotLin) Squad/Controls/Qwerty/Docking_toggleRotLin
[LOG 19:02:43.095] Config(CAMERA_MODE) Squad/Controls/Qwerty/CAMERA_MODE
[LOG 19:02:43.095] Config(CAMERA_NEXT) Squad/Controls/Qwerty/CAMERA_NEXT
[LOG 19:02:43.095] Config(PAUSE) Squad/Controls/Qwerty/PAUSE
[LOG 19:02:43.095] Config(PRECISION_CTRL) Squad/Controls/Qwerty/PRECISION_CTRL
[LOG 19:02:43.095] Config(ZOOM_IN) Squad/Controls/Qwerty/ZOOM_IN
[LOG 19:02:43.095] Config(ZOOM_OUT) Squad/Controls/Qwerty/ZOOM_OUT
[LOG 19:02:43.095] Config(SCROLL_VIEW_UP) Squad/Controls/Qwerty/SCROLL_VIEW_UP
[LOG 19:02:43.095] Config(SCROLL_VIEW_DOWN) Squad/Controls/Qwerty/SCROLL_VIEW_DOWN
[LOG 19:02:43.095] Config(SCROLL_ICONS_UP) Squad/Controls/Qwerty/SCROLL_ICONS_UP
[LOG 19:02:43.095] Config(SCROLL_ICONS_DOWN) Squad/Controls/Qwerty/SCROLL_ICONS_DOWN
[LOG 19:02:43.095] Config(CAMERA_ORBIT_UP) Squad/Controls/Qwerty/CAMERA_ORBIT_UP
[LOG 19:02:43.095] Config(CAMERA_ORBIT_DOWN) Squad/Controls/Qwerty/CAMERA_ORBIT_DOWN
[LOG 19:02:43.095] Config(CAMERA_ORBIT_LEFT) Squad/Controls/Qwerty/CAMERA_ORBIT_LEFT
[LOG 19:02:43.095] Config(CAMERA_ORBIT_RIGHT) Squad/Controls/Qwerty/CAMERA_ORBIT_RIGHT
[LOG 19:02:43.095] Config(CAMERA_RESET) Squad/Controls/Qwerty/CAMERA_RESET
[LOG 19:02:43.095] Config(CAMERA_MOUSE_TOGGLE) Squad/Controls/Qwerty/CAMERA_MOUSE_TOGGLE
[LOG 19:02:43.095] Config(TIME_WARP_INCREASE) Squad/Controls/Qwerty/TIME_WARP_INCREASE
[LOG 19:02:43.095] Config(TIME_WARP_DECREASE) Squad/Controls/Qwerty/TIME_WARP_DECREASE
[LOG 19:02:43.095] Config(TIME_WARP_STOP) Squad/Controls/Qwerty/TIME_WARP_STOP
[LOG 19:02:43.095] Config(MAP_VIEW_TOGGLE) Squad/Controls/Qwerty/MAP_VIEW_TOGGLE
[LOG 19:02:43.095] Config(NAVBALL_TOGGLE) Squad/Controls/Qwerty/NAVBALL_TOGGLE
[LOG 19:02:43.095] Config(UIMODE_STAGING) Squad/Controls/Qwerty/UIMODE_STAGING
[LOG 19:02:43.095] Config(UIMODE_DOCKING) Squad/Controls/Qwerty/UIMODE_DOCKING
[LOG 19:02:43.095] Config(TRANSLATE_DOWN) Squad/Controls/Qwerty/TRANSLATE_DOWN
[LOG 19:02:43.095] Config(TRANSLATE_UP) Squad/Controls/Qwerty/TRANSLATE_UP
[LOG 19:02:43.095] Config(TRANSLATE_LEFT) Squad/Controls/Qwerty/TRANSLATE_LEFT
[LOG 19:02:43.095] Config(TRANSLATE_RIGHT) Squad/Controls/Qwerty/TRANSLATE_RIGHT
[LOG 19:02:43.095] Config(TRANSLATE_FWD) Squad/Controls/Qwerty/TRANSLATE_FWD
[LOG 19:02:43.095] Config(TRANSLATE_BACK) Squad/Controls/Qwerty/TRANSLATE_BACK
[LOG 19:02:43.095] Config(RCS_TOGGLE) Squad/Controls/Qwerty/RCS_TOGGLE
[LOG 19:02:43.095] Config(FOCUS_NEXT_VESSEL) Squad/Controls/Qwerty/FOCUS_NEXT_VESSEL
[LOG 19:02:43.096] Config(FOCUS_PREV_VESSEL) Squad/Controls/Qwerty/FOCUS_PREV_VESSEL
[LOG 19:02:43.096] Config(TOGGLE_UI) Squad/Controls/Qwerty/TOGGLE_UI
[LOG 19:02:43.096] Config(TOGGLE_STATUS_SCREEN) Squad/Controls/Qwerty/TOGGLE_STATUS_SCREEN
[LOG 19:02:43.096] Config(TAKE_SCREENSHOT) Squad/Controls/Qwerty/TAKE_SCREENSHOT
[LOG 19:02:43.096] Config(TOGGLE_LABELS) Squad/Controls/Qwerty/TOGGLE_LABELS
[LOG 19:02:43.096] Config(TOGGLE_TEMP_GAUGES) Squad/Controls/Qwerty/TOGGLE_TEMP_GAUGES
[LOG 19:02:43.096] Config(TOGGLE_TEMP_OVERLAY) Squad/Controls/Qwerty/TOGGLE_TEMP_OVERLAY
[LOG 19:02:43.096] Config(TOGGLE_FLIGHT_FORCES) Squad/Controls/Qwerty/TOGGLE_FLIGHT_FORCES
[LOG 19:02:43.096] Config(QUICKSAVE) Squad/Controls/Qwerty/QUICKSAVE
[LOG 19:02:43.096] Config(QUICKLOAD) Squad/Controls/Qwerty/QUICKLOAD
[LOG 19:02:43.096] Config(THROTTLE_CUTOFF) Squad/Controls/Qwerty/THROTTLE_CUTOFF
[LOG 19:02:43.096] Config(THROTTLE_FULL) Squad/Controls/Qwerty/THROTTLE_FULL
[LOG 19:02:43.096] Config(LANDING_GEAR) Squad/Controls/Qwerty/LANDING_GEAR
[LOG 19:02:43.096] Config(HEADLIGHT_TOGGLE) Squad/Controls/Qwerty/HEADLIGHT_TOGGLE
[LOG 19:02:43.096] Config(BRAKES) Squad/Controls/Qwerty/BRAKES
[LOG 19:02:43.096] Config(TOGGLE_SPACENAV_FLIGHT_CONTROL) Squad/Controls/Qwerty/TOGGLE_SPACENAV_FLIGHT_CONTROL
[LOG 19:02:43.096] Config(TOGGLE_SPACENAV_ROLL_LOCK) Squad/Controls/Qwerty/TOGGLE_SPACENAV_ROLL_LOCK
[LOG 19:02:43.096] Config(WHEEL_STEER_LEFT) Squad/Controls/Qwerty/WHEEL_STEER_LEFT
[LOG 19:02:43.096] Config(WHEEL_STEER_RIGHT) Squad/Controls/Qwerty/WHEEL_STEER_RIGHT
[LOG 19:02:43.096] Config(WHEEL_THROTTLE_DOWN) Squad/Controls/Qwerty/WHEEL_THROTTLE_DOWN
[LOG 19:02:43.096] Config(WHEEL_THROTTLE_UP) Squad/Controls/Qwerty/WHEEL_THROTTLE_UP
[LOG 19:02:43.096] Config(EVA_forward) Squad/Controls/Qwerty/EVA_forward
[LOG 19:02:43.096] Config(EVA_back) Squad/Controls/Qwerty/EVA_back
[LOG 19:02:43.096] Config(EVA_left) Squad/Controls/Qwerty/EVA_left
[LOG 19:02:43.096] Config(EVA_right) Squad/Controls/Qwerty/EVA_right
[LOG 19:02:43.096] Config(EVA_yaw_left) Squad/Controls/Qwerty/EVA_yaw_left
[LOG 19:02:43.096] Config(EVA_yaw_right) Squad/Controls/Qwerty/EVA_yaw_right
[LOG 19:02:43.096] Config(EVA_Pack_forward) Squad/Controls/Qwerty/EVA_Pack_forward
[LOG 19:02:43.096] Config(EVA_Pack_back) Squad/Controls/Qwerty/EVA_Pack_back
[LOG 19:02:43.096] Config(EVA_Pack_left) Squad/Controls/Qwerty/EVA_Pack_left
[LOG 19:02:43.097] Config(EVA_Pack_right) Squad/Controls/Qwerty/EVA_Pack_right
[LOG 19:02:43.097] Config(EVA_Pack_up) Squad/Controls/Qwerty/EVA_Pack_up
[LOG 19:02:43.097] Config(EVA_Pack_down) Squad/Controls/Qwerty/EVA_Pack_down
[LOG 19:02:43.097] Config(EVA_Jump) Squad/Controls/Qwerty/EVA_Jump
[LOG 19:02:43.097] Config(EVA_Run) Squad/Controls/Qwerty/EVA_Run
[LOG 19:02:43.097] Config(EVA_ToggleMovementMode) Squad/Controls/Qwerty/EVA_ToggleMovementMode
[LOG 19:02:43.097] Config(EVA_TogglePack) Squad/Controls/Qwerty/EVA_TogglePack
[LOG 19:02:43.097] Config(EVA_Use) Squad/Controls/Qwerty/EVA_Use
[LOG 19:02:43.097] Config(EVA_Board) Squad/Controls/Qwerty/EVA_Board
[LOG 19:02:43.097] Config(EVA_Orient) Squad/Controls/Qwerty/EVA_Orient
[LOG 19:02:43.097] Config(EVA_Lights) Squad/Controls/Qwerty/EVA_Lights
[LOG 19:02:43.097] Config(EVA_ChuteDeploy) Squad/Controls/Qwerty/EVA_ChuteDeploy
[LOG 19:02:43.097] Config(Editor_pitchUp) Squad/Controls/Qwerty/Editor_pitchUp
[LOG 19:02:43.097] Config(Editor_pitchDown) Squad/Controls/Qwerty/Editor_pitchDown
[LOG 19:02:43.097] Config(Editor_yawLeft) Squad/Controls/Qwerty/Editor_yawLeft
[LOG 19:02:43.097] Config(Editor_yawRight) Squad/Controls/Qwerty/Editor_yawRight
[LOG 19:02:43.097] Config(Editor_rollLeft) Squad/Controls/Qwerty/Editor_rollLeft
[LOG 19:02:43.097] Config(Editor_rollRight) Squad/Controls/Qwerty/Editor_rollRight
[LOG 19:02:43.097] Config(Editor_resetRotation) Squad/Controls/Qwerty/Editor_resetRotation
[LOG 19:02:43.097] Config(Editor_modePlace) Squad/Controls/Qwerty/Editor_modePlace
[LOG 19:02:43.097] Config(Editor_modeOffset) Squad/Controls/Qwerty/Editor_modeOffset
[LOG 19:02:43.097] Config(Editor_modeRotate) Squad/Controls/Qwerty/Editor_modeRotate
[LOG 19:02:43.097] Config(Editor_modeRoot) Squad/Controls/Qwerty/Editor_modeRoot
[LOG 19:02:43.097] Config(Editor_coordSystem) Squad/Controls/Qwerty/Editor_coordSystem
[LOG 19:02:43.097] Config(Editor_toggleSymMethod) Squad/Controls/Qwerty/Editor_toggleSymMethod
[LOG 19:02:43.097] Config(Editor_toggleSymMode) Squad/Controls/Qwerty/Editor_toggleSymMode
[LOG 19:02:43.097] Config(Editor_toggleAngleSnap) Squad/Controls/Qwerty/Editor_toggleAngleSnap
[LOG 19:02:43.097] Config(Editor_fineTweak) Squad/Controls/Qwerty/Editor_fineTweak
[LOG 19:02:43.097] Config(Editor_partSearch) Squad/Controls/Qwerty/Editor_partSearch
[LOG 19:02:43.097] Config(Editor_zoomScrollModifier) Squad/Controls/Qwerty/Editor_zoomScrollModifier
[LOG 19:02:43.097] Config(MODIFIER_KEY) Squad/Controls/Qwerty/MODIFIER_KEY
[LOG 19:02:43.098] Config(AbortActionGroup) Squad/Controls/Qwerty/AbortActionGroup
[LOG 19:02:43.098] Config(CustomActionGroup1) Squad/Controls/Qwerty/CustomActionGroup1
[LOG 19:02:43.098] Config(CustomActionGroup2) Squad/Controls/Qwerty/CustomActionGroup2
[LOG 19:02:43.098] Config(CustomActionGroup3) Squad/Controls/Qwerty/CustomActionGroup3
[LOG 19:02:43.098] Config(CustomActionGroup4) Squad/Controls/Qwerty/CustomActionGroup4
[LOG 19:02:43.098] Config(CustomActionGroup5) Squad/Controls/Qwerty/CustomActionGroup5
[LOG 19:02:43.098] Config(CustomActionGroup6) Squad/Controls/Qwerty/CustomActionGroup6
[LOG 19:02:43.098] Config(CustomActionGroup7) Squad/Controls/Qwerty/CustomActionGroup7
[LOG 19:02:43.098] Config(CustomActionGroup8) Squad/Controls/Qwerty/CustomActionGroup8
[LOG 19:02:43.098] Config(CustomActionGroup9) Squad/Controls/Qwerty/CustomActionGroup9
[LOG 19:02:43.098] Config(CustomActionGroup10) Squad/Controls/Qwerty/CustomActionGroup10
[LOG 19:02:43.098] Config(KEY_MAP) Squad/Controls/Qwerty/KEY_MAP
[LOG 19:02:43.098] Config(KEYBOARD_LAYOUT) Squad/Controls/Qwerty_en-GB/#autoLOC_6001228
[LOG 19:02:43.098] Config(KEY_MAP) Squad/Controls/Qwerty_en-GB/KEY_MAP
[LOG 19:02:43.098] Config(KEYBOARD_LAYOUT) Squad/Controls/Qwerty_es-LA/#autoLOC_6001229
[LOG 19:02:43.098] Config(CAMERA_MOUSE_TOGGLE) Squad/Controls/Qwerty_es-LA/CAMERA_MOUSE_TOGGLE
[LOG 19:02:43.098] Config(TIME_WARP_STOP) Squad/Controls/Qwerty_es-LA/TIME_WARP_STOP
[LOG 19:02:43.098] Config(FOCUS_NEXT_VESSEL) Squad/Controls/Qwerty_es-LA/FOCUS_NEXT_VESSEL
[LOG 19:02:43.098] Config(FOCUS_PREV_VESSEL) Squad/Controls/Qwerty_es-LA/FOCUS_PREV_VESSEL
[LOG 19:02:43.098] Config(CAMERA_RESET) Squad/Controls/Qwerty_es-LA/CAMERA_RESET
[LOG 19:02:43.098] Config(Editor_partSearch) Squad/Controls/Qwerty_es-LA/Editor_partSearch
[LOG 19:02:43.098] Config(KEY_MAP) Squad/Controls/Qwerty_es-LA/KEY_MAP
[LOG 19:02:43.098] Config(KEYBOARD_LAYOUT) Squad/Controls/Qwerty_it-IT/#autoLOC_6001230
[LOG 19:02:43.098] Config(FOCUS_NEXT_VESSEL) Squad/Controls/Qwerty_it-IT/FOCUS_NEXT_VESSEL
[LOG 19:02:43.098] Config(FOCUS_PREV_VESSEL) Squad/Controls/Qwerty_it-IT/FOCUS_PREV_VESSEL
[LOG 19:02:43.098] Config(CAMERA_MOUSE_TOGGLE) Squad/Controls/Qwerty_it-IT/CAMERA_MOUSE_TOGGLE
[LOG 19:02:43.098] Config(TIME_WARP_STOP) Squad/Controls/Qwerty_it-IT/TIME_WARP_STOP
[LOG 19:02:43.098] Config(CAMERA_RESET) Squad/Controls/Qwerty_it-IT/CAMERA_RESET
[LOG 19:02:43.098] Config(Editor_partSearch) Squad/Controls/Qwerty_it-IT/Editor_partSearch
[LOG 19:02:43.098] Config(KEY_MAP) Squad/Controls/Qwerty_it-IT/KEY_MAP
[LOG 19:02:43.099] Config(KEYBOARD_LAYOUT) Squad/Controls/Qwerty_ja-JP/#autoLOC_6001231
[LOG 19:02:43.099] Config(FOCUS_NEXT_VESSEL) Squad/Controls/Qwerty_ja-JP/FOCUS_NEXT_VESSEL
[LOG 19:02:43.099] Config(FOCUS_PREV_VESSEL) Squad/Controls/Qwerty_ja-JP/FOCUS_PREV_VESSEL
[LOG 19:02:43.099] Config(PRECISION_CTRL) Squad/Controls/Qwerty_ja-JP/PRECISION_CTRL
[LOG 19:02:43.099] Config(CAMERA_MOUSE_TOGGLE) Squad/Controls/Qwerty_ja-JP/CAMERA_MOUSE_TOGGLE
[LOG 19:02:43.099] Config(Editor_partSearch) Squad/Controls/Qwerty_ja-JP/Editor_partSearch
[LOG 19:02:43.099] Config(CAMERA_RESET) Squad/Controls/Qwerty_ja-JP/CAMERA_RESET
[LOG 19:02:43.099] Config(KEY_MAP) Squad/Controls/Qwerty_ja-JP/KEY_MAP
[LOG 19:02:43.099] Config(KEYBOARD_LAYOUT) Squad/Controls/Qwerty_pt-PT/#autoLOC_6001230
[LOG 19:02:43.099] Config(FOCUS_NEXT_VESSEL) Squad/Controls/Qwerty_pt-PT/FOCUS_NEXT_VESSEL
[LOG 19:02:43.099] Config(FOCUS_PREV_VESSEL) Squad/Controls/Qwerty_pt-PT/FOCUS_PREV_VESSEL
[LOG 19:02:43.099] Config(CAMERA_MOUSE_TOGGLE) Squad/Controls/Qwerty_pt-PT/CAMERA_MOUSE_TOGGLE
[LOG 19:02:43.099] Config(TIME_WARP_STOP) Squad/Controls/Qwerty_pt-PT/TIME_WARP_STOP
[LOG 19:02:43.099] Config(CAMERA_RESET) Squad/Controls/Qwerty_pt-PT/CAMERA_RESET
[LOG 19:02:43.099] Config(Editor_partSearch) Squad/Controls/Qwerty_pt-PT/Editor_partSearch
[LOG 19:02:43.099] Config(KEY_MAP) Squad/Controls/Qwerty_pt-PT/KEY_MAP
[LOG 19:02:43.099] Config(KEYBOARD_LAYOUT) Squad/Controls/Qwertz/#autoLOC_6001232
[LOG 19:02:43.099] Config(PITCH_DOWN) Squad/Controls/Qwertz/PITCH_DOWN
[LOG 19:02:43.099] Config(PITCH_UP) Squad/Controls/Qwertz/PITCH_UP
[LOG 19:02:43.099] Config(YAW_LEFT) Squad/Controls/Qwertz/YAW_LEFT
[LOG 19:02:43.099] Config(YAW_RIGHT) Squad/Controls/Qwertz/YAW_RIGHT
[LOG 19:02:43.099] Config(ROLL_LEFT) Squad/Controls/Qwertz/ROLL_LEFT
[LOG 19:02:43.099] Config(ROLL_RIGHT) Squad/Controls/Qwertz/ROLL_RIGHT
[LOG 19:02:43.099] Config(THROTTLE_UP) Squad/Controls/Qwertz/THROTTLE_UP
[LOG 19:02:43.099] Config(THROTTLE_DOWN) Squad/Controls/Qwertz/THROTTLE_DOWN
[LOG 19:02:43.099] Config(SAS_HOLD) Squad/Controls/Qwertz/SAS_HOLD
[LOG 19:02:43.099] Config(SAS_TOGGLE) Squad/Controls/Qwertz/SAS_TOGGLE
[LOG 19:02:43.099] Config(LAUNCH_STAGES) Squad/Controls/Qwertz/LAUNCH_STAGES
[LOG 19:02:43.099] Config(Docking_toggleRotLin) Squad/Controls/Qwertz/Docking_toggleRotLin
[LOG 19:02:43.099] Config(CAMERA_MODE) Squad/Controls/Qwertz/CAMERA_MODE
[LOG 19:02:43.099] Config(CAMERA_NEXT) Squad/Controls/Qwertz/CAMERA_NEXT
[LOG 19:02:43.100] Config(PAUSE) Squad/Controls/Qwertz/PAUSE
[LOG 19:02:43.100] Config(PRECISION_CTRL) Squad/Controls/Qwertz/PRECISION_CTRL
[LOG 19:02:43.100] Config(ZOOM_IN) Squad/Controls/Qwertz/ZOOM_IN
[LOG 19:02:43.100] Config(ZOOM_OUT) Squad/Controls/Qwertz/ZOOM_OUT
[LOG 19:02:43.100] Config(SCROLL_VIEW_UP) Squad/Controls/Qwertz/SCROLL_VIEW_UP
[LOG 19:02:43.100] Config(SCROLL_VIEW_DOWN) Squad/Controls/Qwertz/SCROLL_VIEW_DOWN
[LOG 19:02:43.100] Config(SCROLL_ICONS_UP) Squad/Controls/Qwertz/SCROLL_ICONS_UP
[LOG 19:02:43.100] Config(SCROLL_ICONS_DOWN) Squad/Controls/Qwertz/SCROLL_ICONS_DOWN
[LOG 19:02:43.100] Config(CAMERA_ORBIT_UP) Squad/Controls/Qwertz/CAMERA_ORBIT_UP
[LOG 19:02:43.100] Config(CAMERA_ORBIT_DOWN) Squad/Controls/Qwertz/CAMERA_ORBIT_DOWN
[LOG 19:02:43.100] Config(CAMERA_ORBIT_LEFT) Squad/Controls/Qwertz/CAMERA_ORBIT_LEFT
[LOG 19:02:43.100] Config(CAMERA_ORBIT_RIGHT) Squad/Controls/Qwertz/CAMERA_ORBIT_RIGHT
[LOG 19:02:43.100] Config(CAMERA_RESET) Squad/Controls/Qwertz/CAMERA_RESET
[LOG 19:02:43.100] Config(CAMERA_MOUSE_TOGGLE) Squad/Controls/Qwertz/CAMERA_MOUSE_TOGGLE
[LOG 19:02:43.100] Config(TIME_WARP_INCREASE) Squad/Controls/Qwertz/TIME_WARP_INCREASE
[LOG 19:02:43.100] Config(TIME_WARP_DECREASE) Squad/Controls/Qwertz/TIME_WARP_DECREASE
[LOG 19:02:43.100] Config(TIME_WARP_STOP) Squad/Controls/Qwertz/TIME_WARP_STOP
[LOG 19:02:43.100] Config(MAP_VIEW_TOGGLE) Squad/Controls/Qwertz/MAP_VIEW_TOGGLE
[LOG 19:02:43.100] Config(NAVBALL_TOGGLE) Squad/Controls/Qwertz/NAVBALL_TOGGLE
[LOG 19:02:43.100] Config(UIMODE_STAGING) Squad/Controls/Qwertz/UIMODE_STAGING
[LOG 19:02:43.100] Config(UIMODE_DOCKING) Squad/Controls/Qwertz/UIMODE_DOCKING
[LOG 19:02:43.100] Config(TRANSLATE_DOWN) Squad/Controls/Qwertz/TRANSLATE_DOWN
[LOG 19:02:43.100] Config(TRANSLATE_UP) Squad/Controls/Qwertz/TRANSLATE_UP
[LOG 19:02:43.100] Config(TRANSLATE_LEFT) Squad/Controls/Qwertz/TRANSLATE_LEFT
[LOG 19:02:43.100] Config(TRANSLATE_RIGHT) Squad/Controls/Qwertz/TRANSLATE_RIGHT
[LOG 19:02:43.100] Config(TRANSLATE_FWD) Squad/Controls/Qwertz/TRANSLATE_FWD
[LOG 19:02:43.100] Config(TRANSLATE_BACK) Squad/Controls/Qwertz/TRANSLATE_BACK
[LOG 19:02:43.100] Config(RCS_TOGGLE) Squad/Controls/Qwertz/RCS_TOGGLE
[LOG 19:02:43.100] Config(FOCUS_NEXT_VESSEL) Squad/Controls/Qwertz/FOCUS_NEXT_VESSEL
[LOG 19:02:43.100] Config(FOCUS_PREV_VESSEL) Squad/Controls/Qwertz/FOCUS_PREV_VESSEL
[LOG 19:02:43.101] Config(TOGGLE_UI) Squad/Controls/Qwertz/TOGGLE_UI
[LOG 19:02:43.101] Config(TOGGLE_STATUS_SCREEN) Squad/Controls/Qwertz/TOGGLE_STATUS_SCREEN
[LOG 19:02:43.101] Config(TAKE_SCREENSHOT) Squad/Controls/Qwertz/TAKE_SCREENSHOT
[LOG 19:02:43.101] Config(TOGGLE_LABELS) Squad/Controls/Qwertz/TOGGLE_LABELS
[LOG 19:02:43.101] Config(TOGGLE_TEMP_GAUGES) Squad/Controls/Qwertz/TOGGLE_TEMP_GAUGES
[LOG 19:02:43.101] Config(TOGGLE_TEMP_OVERLAY) Squad/Controls/Qwertz/TOGGLE_TEMP_OVERLAY
[LOG 19:02:43.101] Config(TOGGLE_FLIGHT_FORCES) Squad/Controls/Qwertz/TOGGLE_FLIGHT_FORCES
[LOG 19:02:43.101] Config(QUICKSAVE) Squad/Controls/Qwertz/QUICKSAVE
[LOG 19:02:43.101] Config(QUICKLOAD) Squad/Controls/Qwertz/QUICKLOAD
[LOG 19:02:43.101] Config(THROTTLE_CUTOFF) Squad/Controls/Qwertz/THROTTLE_CUTOFF
[LOG 19:02:43.101] Config(THROTTLE_FULL) Squad/Controls/Qwertz/THROTTLE_FULL
[LOG 19:02:43.101] Config(LANDING_GEAR) Squad/Controls/Qwertz/LANDING_GEAR
[LOG 19:02:43.101] Config(HEADLIGHT_TOGGLE) Squad/Controls/Qwertz/HEADLIGHT_TOGGLE
[LOG 19:02:43.101] Config(BRAKES) Squad/Controls/Qwertz/BRAKES
[LOG 19:02:43.101] Config(TOGGLE_SPACENAV_FLIGHT_CONTROL) Squad/Controls/Qwertz/TOGGLE_SPACENAV_FLIGHT_CONTROL
[LOG 19:02:43.101] Config(TOGGLE_SPACENAV_ROLL_LOCK) Squad/Controls/Qwertz/TOGGLE_SPACENAV_ROLL_LOCK
[LOG 19:02:43.101] Config(WHEEL_STEER_LEFT) Squad/Controls/Qwertz/WHEEL_STEER_LEFT
[LOG 19:02:43.101] Config(WHEEL_STEER_RIGHT) Squad/Controls/Qwertz/WHEEL_STEER_RIGHT
[LOG 19:02:43.101] Config(WHEEL_THROTTLE_DOWN) Squad/Controls/Qwertz/WHEEL_THROTTLE_DOWN
[LOG 19:02:43.101] Config(WHEEL_THROTTLE_UP) Squad/Controls/Qwertz/WHEEL_THROTTLE_UP
[LOG 19:02:43.101] Config(EVA_forward) Squad/Controls/Qwertz/EVA_forward
[LOG 19:02:43.101] Config(EVA_back) Squad/Controls/Qwertz/EVA_back
[LOG 19:02:43.101] Config(EVA_left) Squad/Controls/Qwertz/EVA_left
[LOG 19:02:43.101] Config(EVA_right) Squad/Controls/Qwertz/EVA_right
[LOG 19:02:43.101] Config(EVA_yaw_left) Squad/Controls/Qwertz/EVA_yaw_left
[LOG 19:02:43.101] Config(EVA_yaw_right) Squad/Controls/Qwertz/EVA_yaw_right
[LOG 19:02:43.101] Config(EVA_Pack_forward) Squad/Controls/Qwertz/EVA_Pack_forward
[LOG 19:02:43.101] Config(EVA_Pack_back) Squad/Controls/Qwertz/EVA_Pack_back
[LOG 19:02:43.101] Config(EVA_Pack_left) Squad/Controls/Qwertz/EVA_Pack_left
[LOG 19:02:43.101] Config(EVA_Pack_right) Squad/Controls/Qwertz/EVA_Pack_right
[LOG 19:02:43.101] Config(EVA_Pack_up) Squad/Controls/Qwertz/EVA_Pack_up
[LOG 19:02:43.102] Config(EVA_Pack_down) Squad/Controls/Qwertz/EVA_Pack_down
[LOG 19:02:43.102] Config(EVA_Jump) Squad/Controls/Qwertz/EVA_Jump
[LOG 19:02:43.102] Config(EVA_Run) Squad/Controls/Qwertz/EVA_Run
[LOG 19:02:43.102] Config(EVA_ToggleMovementMode) Squad/Controls/Qwertz/EVA_ToggleMovementMode
[LOG 19:02:43.102] Config(EVA_TogglePack) Squad/Controls/Qwertz/EVA_TogglePack
[LOG 19:02:43.102] Config(EVA_Use) Squad/Controls/Qwertz/EVA_Use
[LOG 19:02:43.102] Config(EVA_Board) Squad/Controls/Qwertz/EVA_Board
[LOG 19:02:43.102] Config(EVA_Orient) Squad/Controls/Qwertz/EVA_Orient
[LOG 19:02:43.102] Config(EVA_Lights) Squad/Controls/Qwertz/EVA_Lights
[LOG 19:02:43.102] Config(Editor_pitchUp) Squad/Controls/Qwertz/Editor_pitchUp
[LOG 19:02:43.102] Config(Editor_pitchDown) Squad/Controls/Qwertz/Editor_pitchDown
[LOG 19:02:43.102] Config(Editor_yawLeft) Squad/Controls/Qwertz/Editor_yawLeft
[LOG 19:02:43.102] Config(Editor_yawRight) Squad/Controls/Qwertz/Editor_yawRight
[LOG 19:02:43.102] Config(Editor_rollLeft) Squad/Controls/Qwertz/Editor_rollLeft
[LOG 19:02:43.102] Config(Editor_rollRight) Squad/Controls/Qwertz/Editor_rollRight
[LOG 19:02:43.102] Config(Editor_resetRotation) Squad/Controls/Qwertz/Editor_resetRotation
[LOG 19:02:43.102] Config(Editor_modePlace) Squad/Controls/Qwertz/Editor_modePlace
[LOG 19:02:43.102] Config(Editor_modeOffset) Squad/Controls/Qwertz/Editor_modeOffset
[LOG 19:02:43.102] Config(Editor_modeRotate) Squad/Controls/Qwertz/Editor_modeRotate
[LOG 19:02:43.102] Config(Editor_modeRoot) Squad/Controls/Qwertz/Editor_modeRoot
[LOG 19:02:43.102] Config(Editor_coordSystem) Squad/Controls/Qwertz/Editor_coordSystem
[LOG 19:02:43.102] Config(Editor_toggleSymMethod) Squad/Controls/Qwertz/Editor_toggleSymMethod
[LOG 19:02:43.102] Config(Editor_toggleSymMode) Squad/Controls/Qwertz/Editor_toggleSymMode
[LOG 19:02:43.102] Config(Editor_toggleAngleSnap) Squad/Controls/Qwertz/Editor_toggleAngleSnap
[LOG 19:02:43.102] Config(Editor_fineTweak) Squad/Controls/Qwertz/Editor_fineTweak
[LOG 19:02:43.102] Config(Editor_partSearch) Squad/Controls/Qwertz/Editor_partSearch
[LOG 19:02:43.102] Config(Editor_zoomScrollModifier) Squad/Controls/Qwertz/Editor_zoomScrollModifier
[LOG 19:02:43.102] Config(MODIFIER_KEY) Squad/Controls/Qwertz/MODIFIER_KEY
[LOG 19:02:43.102] Config(AbortActionGroup) Squad/Controls/Qwertz/AbortActionGroup
[LOG 19:02:43.102] Config(CustomActionGroup1) Squad/Controls/Qwertz/CustomActionGroup1
[LOG 19:02:43.102] Config(CustomActionGroup2) Squad/Controls/Qwertz/CustomActionGroup2
[LOG 19:02:43.103] Config(CustomActionGroup3) Squad/Controls/Qwertz/CustomActionGroup3
[LOG 19:02:43.103] Config(CustomActionGroup4) Squad/Controls/Qwertz/CustomActionGroup4
[LOG 19:02:43.103] Config(CustomActionGroup5) Squad/Controls/Qwertz/CustomActionGroup5
[LOG 19:02:43.103] Config(CustomActionGroup6) Squad/Controls/Qwertz/CustomActionGroup6
[LOG 19:02:43.103] Config(CustomActionGroup7) Squad/Controls/Qwertz/CustomActionGroup7
[LOG 19:02:43.103] Config(CustomActionGroup8) Squad/Controls/Qwertz/CustomActionGroup8
[LOG 19:02:43.103] Config(CustomActionGroup9) Squad/Controls/Qwertz/CustomActionGroup9
[LOG 19:02:43.103] Config(CustomActionGroup10) Squad/Controls/Qwertz/CustomActionGroup10
[LOG 19:02:43.103] Config(KEY_MAP) Squad/Controls/Qwertz/KEY_MAP
[LOG 19:02:43.103] Config(EXPERIENCE_TRAIT) Squad/Experience/Traits/Pilot
[LOG 19:02:43.103] Config(EXPERIENCE_TRAIT) Squad/Experience/Traits/Engineer
[LOG 19:02:43.103] Config(EXPERIENCE_TRAIT) Squad/Experience/Traits/Scientist
[LOG 19:02:43.103] Config(EXPERIENCE_TRAIT) Squad/Experience/Traits/Tourist
[LOG 19:02:43.103] Config(Localization) Squad/Localization/dictionary/Localization
[LOG 19:02:43.103] Config(MISSIONPACK) Squad/Missions/MissionPacks/squad_ESA
[LOG 19:02:43.103] Config(VARIANTTHEME) Squad/Parts/VariantThemes/White
[LOG 19:02:43.103] Config(VARIANTTHEME) Squad/Parts/VariantThemes/BlackAndWhite
[LOG 19:02:43.103] Config(VARIANTTHEME) Squad/Parts/VariantThemes/GrayAndOrange
[LOG 19:02:43.103] Config(VARIANTTHEME) Squad/Parts/VariantThemes/Dark
[LOG 19:02:43.103] Config(VARIANTTHEME) Squad/Parts/VariantThemes/Gray
[LOG 19:02:43.103] Config(VARIANTTHEME) Squad/Parts/VariantThemes/Orange
[LOG 19:02:43.103] Config(VARIANTTHEME) Squad/Parts/VariantThemes/Gold
[LOG 19:02:43.103] Config(VARIANTTHEME) Squad/Parts/VariantThemes/Bare
[LOG 19:02:43.103] Config(VARIANTTHEME) Squad/Parts/VariantThemes/Shroud
[LOG 19:02:43.103] Config(VARIANTTHEME) Squad/Parts/VariantThemes/GrayAndWhite
[LOG 19:02:43.104] Config(VARIANTTHEME) Squad/Parts/VariantThemes/YellowAndWhite
[LOG 19:02:43.104] Config(VARIANTTHEME) Squad/Parts/VariantThemes/Silver
[LOG 19:02:43.104] Config(VARIANTTHEME) Squad/Parts/VariantThemes/Gray with Stripes
[LOG 19:02:43.104] Config(PART) Squad/Parts/Aero/aerodynamicNoseCone/aerodynamicNoseCone/noseCone
[LOG 19:02:43.104] Config(PART) Squad/Parts/Aero/airbrake/Airbrake/airbrake1
[LOG 19:02:43.104] Config(PART) Squad/Parts/Aero/airIntakeRadialXM-G50/airIntakeRadialXM-G50/airScoop
[LOG 19:02:43.104] Config(PART) Squad/Parts/Aero/airlinerWings/ControlSurface/airlinerCtrlSrf
[LOG 19:02:43.104] Config(PART) Squad/Parts/Aero/airlinerWings/MainWing/airlinerMainWing
[LOG 19:02:43.104] Config(PART) Squad/Parts/Aero/airlinerWings/TailFin/airlinerTailFin
[LOG 19:02:43.104] Config(PART) Squad/Parts/Aero/airplaneFins/advancedCanard/AdvancedCanard
[LOG 19:02:43.104] Config(PART) Squad/Parts/Aero/airplaneFins/standardCanard/CanardController
[LOG 19:02:43.104] Config(PART) Squad/Parts/Aero/airplaneFins/sweptWing/sweptWing
[LOG 19:02:43.104] Config(PART) Squad/Parts/Aero/airplaneFins/tailfin/tailfin
[LOG 19:02:43.104] Config(PART) Squad/Parts/Aero/basicFin/basicFin/basicFin
[LOG 19:02:43.104] Config(PART) Squad/Parts/Aero/circularIntake/circularIntake/CircularIntake
[LOG 19:02:43.104] Config(PART) Squad/Parts/Aero/circularIntake/intakeShockCone/shockConeIntake
[LOG 19:02:43.104] Config(PART) Squad/Parts/Aero/cones/avionicsNoseCone/avionicsNoseCone
[LOG 19:02:43.104] Config(PART) Squad/Parts/Aero/cones/ConeA/pointyNoseConeA
[LOG 19:02:43.104] Config(PART) Squad/Parts/Aero/cones/ConeB/pointyNoseConeB
[LOG 19:02:43.104] Config(PART) Squad/Parts/Aero/cones/noseConeAdapter/noseConeAdapter
[LOG 19:02:43.104] Config(PART) Squad/Parts/Aero/cones/protectiveRocketNoseMk7_v2/rocketNoseCone_v2
[LOG 19:02:43.104] Config(PART) Squad/Parts/Aero/cones/protectiveRocketNoseMk7_v3/rocketNoseCone_v3
[LOG 19:02:43.104] Config(PART) Squad/Parts/Aero/cones/rocketNoseCone_size3/rocketNoseConeSize3
[LOG 19:02:43.104] Config(PART) Squad/Parts/Aero/cones/smallNoseCone/standardNoseCone
[LOG 19:02:43.104] Config(PART) Squad/Parts/Aero/cones/tailConnectorA/airplaneTail
[LOG 19:02:43.104] Config(PART) Squad/Parts/Aero/cones/tailConnectorB/airplaneTailB
[LOG 19:02:43.104] Config(PART) Squad/Parts/Aero/fairings/fairingSize1/fairingSize1
[LOG 19:02:43.105] Config(PART) Squad/Parts/Aero/fairings/fairingSize2/fairingSize2
[LOG 19:02:43.105] Config(PART) Squad/Parts/Aero/fairings/fairingSize3/fairingSize3
[LOG 19:02:43.105] Config(PART) Squad/Parts/Aero/HeatShield/HeatShield0/HeatShield0
[LOG 19:02:43.105] Config(PART) Squad/Parts/Aero/HeatShield/HeatShield1/HeatShield1
[LOG 19:02:43.105] Config(PART) Squad/Parts/Aero/HeatShield/HeatShield2/HeatShield2
[LOG 19:02:43.105] Config(PART) Squad/Parts/Aero/HeatShield/HeatShield3/HeatShield3
[LOG 19:02:43.105] Config(PART) Squad/Parts/Aero/InflatableHeatShield/HeatShield/InflatableHeatShield
[LOG 19:02:43.105] Config(PART) Squad/Parts/Aero/intakeRadialLong/intakeRadialLong/IntakeRadialLong
[LOG 19:02:43.105] Config(PART) Squad/Parts/Aero/miniIntake/SmallIntake/miniIntake
[LOG 19:02:43.105] Config(PART) Squad/Parts/Aero/ramAirIntake/ramAirIntake/ramAirIntake
[LOG 19:02:43.105] Config(PART) Squad/Parts/Aero/shuttleWings/delta/wingShuttleDelta
[LOG 19:02:43.105] Config(PART) Squad/Parts/Aero/shuttleWings/elevon1/wingShuttleElevon1
[LOG 19:02:43.105] Config(PART) Squad/Parts/Aero/shuttleWings/elevon2/wingShuttleElevon2
[LOG 19:02:43.105] Config(PART) Squad/Parts/Aero/shuttleWings/rudder/wingShuttleRudder
[LOG 19:02:43.105] Config(PART) Squad/Parts/Aero/shuttleWings/strake/wingShuttleStrake
[LOG 19:02:43.105] Config(PART) Squad/Parts/Aero/wingletAV-R8/wingletAV-R8/R8winglet
[LOG 19:02:43.105] Config(PART) Squad/Parts/Aero/wingletAV-T1/wingletAV-T1/winglet
[LOG 19:02:43.105] Config(PART) Squad/Parts/Aero/wingletDeltaDeluxe/wingletDeltaDeluxe/winglet3
[LOG 19:02:43.105] Config(PART) Squad/Parts/Aero/wings/connector1/wingConnector
[LOG 19:02:43.105] Config(PART) Squad/Parts/Aero/wings/connector2/wingConnector2
[LOG 19:02:43.105] Config(PART) Squad/Parts/Aero/wings/connector3/wingConnector3
[LOG 19:02:43.105] Config(PART) Squad/Parts/Aero/wings/connector4/wingConnector4
[LOG 19:02:43.105] Config(PART) Squad/Parts/Aero/wings/connector5/wingConnector5
[LOG 19:02:43.105] Config(PART) Squad/Parts/Aero/wings/delta/deltaWing
[LOG 19:02:43.105] Config(PART) Squad/Parts/Aero/wings/delta_small/delta_small
[LOG 19:02:43.105] Config(PART) Squad/Parts/Aero/wings/elevon1/StandardCtrlSrf
[LOG 19:02:43.105] Config(PART) Squad/Parts/Aero/wings/elevon2/elevon2
[LOG 19:02:43.106] Config(PART) Squad/Parts/Aero/wings/elevon3/elevon3
[LOG 19:02:43.106] Config(PART) Squad/Parts/Aero/wings/elevon4/smallCtrlSrf
[LOG 19:02:43.106] Config(PART) Squad/Parts/Aero/wings/elevon5/elevon5
[LOG 19:02:43.106] Config(PART) Squad/Parts/Aero/wings/strake/wingStrake
[LOG 19:02:43.106] Config(PART) Squad/Parts/Aero/wings/structural1/structuralWing
[LOG 19:02:43.106] Config(PART) Squad/Parts/Aero/wings/structural2/structuralWing2
[LOG 19:02:43.106] Config(PART) Squad/Parts/Aero/wings/structural3/structuralWing3
[LOG 19:02:43.106] Config(PART) Squad/Parts/Aero/wings/structural4/structuralWing4
[LOG 19:02:43.106] Config(PART) Squad/Parts/Aero/wings/swept1/sweptWing1
[LOG 19:02:43.106] Config(PART) Squad/Parts/Aero/wings/swept2/sweptWing2
[LOG 19:02:43.106] Config(PART) Squad/Parts/Cargo/CargoContainers/cargoContainer/cargoContainer
[LOG 19:02:43.106] Config(PART) Squad/Parts/Cargo/CargoContainers/smallCargoContainer/smallCargoContainer
[LOG 19:02:43.106] Config(PART) Squad/Parts/Cargo/Cylinder/Cylinder/evaCylinder
[LOG 19:02:43.106] Config(PART) Squad/Parts/Cargo/GroundAnchor/groundAnchor/groundAnchor
[LOG 19:02:43.106] Config(PART) Squad/Parts/Cargo/Jetpack/Jetpack/evaJetpack
[LOG 19:02:43.106] Config(PART) Squad/Parts/Cargo/Parachute/Parachute/evaChute
[LOG 19:02:43.106] Config(PART) Squad/Parts/Cargo/RepairKit/RepairKit/evaRepairKit
[LOG 19:02:43.106] Config(PART) Squad/Parts/Cargo/ScienceKit/evaScienceKit/evaScienceKit
[LOG 19:02:43.106] Config(PART) Squad/Parts/Cargo/StorageUnits/CargoStorageUnit/CargoStorageUnit
[LOG 19:02:43.106] Config(PART) Squad/Parts/Cargo/StorageUnits/ConformalStorageUnit/ConformalStorageUnit
[LOG 19:02:43.106] Config(PART) Squad/Parts/Command/advancedSasModuleLarge/advSasModuleLarge/asasmodule1-2
[LOG 19:02:43.106] Config(PART) Squad/Parts/Command/cupola/cupola/cupola
[LOG 19:02:43.106] Config(PART) Squad/Parts/Command/externalCommandSeat/externalCommandSeat/seatExternalCmd
[LOG 19:02:43.106] Config(PART) Squad/Parts/Command/hitchhikerStorageContainer/hitchikerStorageContainer/crewCabin
[LOG 19:02:43.106] Config(PART) Squad/Parts/Command/inlineAdvancedStabilizer/inlineAdvancedStabilizer/advSasModule
[LOG 19:02:43.106] Config(PART) Squad/Parts/Command/inlineReactionWheel/inlineReactionWheel/sasModule
[LOG 19:02:43.106] Config(PART) Squad/Parts/Command/Mk1-3Pod/mk1-3/mk1-3pod
[LOG 19:02:43.107] Config(PART) Squad/Parts/Command/mk1Cockpits/mk1Cockpit/Mark1Cockpit
[LOG 19:02:43.107] Config(PART) Squad/Parts/Command/mk1Cockpits/mk1CrewCabin/MK1CrewCabin
[LOG 19:02:43.107] Config(PART) Squad/Parts/Command/mk1Cockpits/mk1InlineCockpit/Mark2Cockpit
[LOG 19:02:43.107] Config(PART) Squad/Parts/Command/mk1LanderCan/mk1LanderCan/landerCabinSmall
[LOG 19:02:43.107] Config(PART) Squad/Parts/Command/mk1pod_v2/mk1Pod_v2/mk1pod_v2
[LOG 19:02:43.107] Config(PART) Squad/Parts/Command/mk2CockpitInline/mk2CockpitInline/mk2Cockpit_Inline
[LOG 19:02:43.107] Config(PART) Squad/Parts/Command/mk2CockpitStandard/mk2CockpitStandard/mk2Cockpit_Standard
[LOG 19:02:43.107] Config(PART) Squad/Parts/Command/mk2DroneCore/mk2Dronecore/mk2DroneCore
[LOG 19:02:43.107] Config(PART) Squad/Parts/Command/mk2LanderCan/mk2LanderCan/mk2LanderCabin
[LOG 19:02:43.107] Config(PART) Squad/Parts/Command/mk2LanderCan_v2/mk2LanderCan_v2/mk2LanderCabin_v2
[LOG 19:02:43.107] Config(PART) Squad/Parts/Command/mk3CockpitShuttle/mk3CockpitShuttle/mk3Cockpit_Shuttle
[LOG 19:02:43.107] Config(PART) Squad/Parts/Command/MpoProbe/MpoProbe/MpoProbe
[LOG 19:02:43.107] Config(PART) Squad/Parts/Command/MtmStage/MTM_Stage/MtmStage
[LOG 19:02:43.107] Config(PART) Squad/Parts/Command/probeCoreCube/probeCoreCube/probeCoreCube
[LOG 19:02:43.107] Config(PART) Squad/Parts/Command/probeCoreHex/probeCoreHex/probeCoreHex
[LOG 19:02:43.107] Config(PART) Squad/Parts/Command/probeCoreHex_v2/probeCoreHex_v2/probeCoreHex_v2
[LOG 19:02:43.107] Config(PART) Squad/Parts/Command/probeCoreOcto2_v2/probeCoreOcto2_v2/probeCoreOcto2_v2
[LOG 19:02:43.107] Config(PART) Squad/Parts/Command/probeCoreOcto_v2/probeCoreOcto_v2/probeCoreOcto_v2
[LOG 19:02:43.107] Config(PART) Squad/Parts/Command/probeRoverBody/probeRoverBody/roverBody
[LOG 19:02:43.107] Config(PART) Squad/Parts/Command/probeRoverBody_v2/probeRoverBody_v2/roverBody_v2
[LOG 19:02:43.107] Config(PART) Squad/Parts/Command/probeStackLarge/probeStackLarge/probeStackLarge
[LOG 19:02:43.107] Config(PART) Squad/Parts/Command/probeStackSmall/probeStackSmall/probeStackSmall
[LOG 19:02:43.107] Config(PART) Squad/Parts/Command/probeStackSphere_v2/probeStackSphere_v2/probeCoreSphere_v2
[LOG 19:02:43.107] Config(PART) Squad/Parts/CompoundParts/FuelLine/fuelLine/fuelLine
[LOG 19:02:43.107] Config(PART) Squad/Parts/CompoundParts/strutConnector/strutConnector/strutConnector
[LOG 19:02:43.107] Config(PART) Squad/Parts/Coupling/Decoupler_0/Decoupler_0
[LOG 19:02:43.108] Config(PART) Squad/Parts/Coupling/Decoupler_1/Decoupler_1
[LOG 19:02:43.108] Config(PART) Squad/Parts/Coupling/Decoupler_2/Decoupler_2
[LOG 19:02:43.108] Config(PART) Squad/Parts/Coupling/Decoupler_3/Decoupler_3
[LOG 19:02:43.108] Config(PART) Squad/Parts/Coupling/Separator_0/Separator_0
[LOG 19:02:43.108] Config(PART) Squad/Parts/Coupling/Separator_1/Separator_1
[LOG 19:02:43.108] Config(PART) Squad/Parts/Coupling/Separator_2/Separator_2
[LOG 19:02:43.108] Config(PART) Squad/Parts/Coupling/Separator_3/Separator_3
[LOG 19:02:43.108] Config(PART) Squad/Parts/Electrical/10CSolarPanels/OX-10C/solarPanelOX10C
[LOG 19:02:43.108] Config(PART) Squad/Parts/Electrical/10CSolarPanels/SP-10C/solarPanelSP10C
[LOG 19:02:43.108] Config(PART) Squad/Parts/Electrical/10LSolarPanels/OX-10L/solarPanelOX10L
[LOG 19:02:43.108] Config(PART) Squad/Parts/Electrical/10LSolarPanels/SP-10L/solarPanelSP10L
[LOG 19:02:43.108] Config(PART) Squad/Parts/Electrical/1x6ShroudSolarPanels/1x6ShroudSolarPanels/solarPanels2
[LOG 19:02:43.108] Config(PART) Squad/Parts/Electrical/1x6SolarPanels/1x6SolarPanels/solarPanels4
[LOG 19:02:43.108] Config(PART) Squad/Parts/Electrical/3x2ShroudSolarPanels/3x2ShroudSolarPanels/solarPanels1
[LOG 19:02:43.108] Config(PART) Squad/Parts/Electrical/3x2SolarPanels/3x2SolarPanels/solarPanels3
[LOG 19:02:43.108] Config(PART) Squad/Parts/Electrical/gigantorXlSolarArray/gigantorXlSolarArray/largeSolarPanel
[LOG 19:02:43.108] Config(PART) Squad/Parts/Electrical/radialFlatSolarPanel/radialFlatSolarPanel/solarPanels5
[LOG 19:02:43.108] Config(PART) Squad/Parts/Electrical/RTG/RTG/rtg
[LOG 19:02:43.108] Config(PART) Squad/Parts/Electrical/z-100Battery/z-100Battery/batteryPack
[LOG 19:02:43.108] Config(PART) Squad/Parts/Electrical/z-1kBattery/z-1kBattery/batteryBank
[LOG 19:02:43.108] Config(PART) Squad/Parts/Electrical/z-200Battery/z-200Battery/batteryBankMini
[LOG 19:02:43.108] Config(PART) Squad/Parts/Electrical/z-400Battery/z-400Battery/ksp_r_largeBatteryPack
[LOG 19:02:43.108] Config(PART) Squad/Parts/Electrical/z-4kBattery/z-4kBattery/batteryBankLarge
[LOG 19:02:43.108] Config(PART) Squad/Parts/Engine/ionEngine/ionEngine/ionEngine
[LOG 19:02:43.108] Config(PART) Squad/Parts/Engine/jetEngines/jetEngineAfterburning/turboJet
[LOG 19:02:43.108] Config(PART) Squad/Parts/Engine/jetEngines/jetEngineBasic/JetEngine
[LOG 19:02:43.108] Config(PART) Squad/Parts/Engine/jetEngines/jetEngineBig/turboFanSize2
[LOG 19:02:43.109] Config(PART) Squad/Parts/Engine/jetEngines/jetEngineTurbo/turboFanEngine
[LOG 19:02:43.109] Config(PART) Squad/Parts/Engine/liquidEngine24-77/liquidEngine24-77/smallRadialEngine
[LOG 19:02:43.109] Config(PART) Squad/Parts/Engine/liquidEngine24-77_v2/liquidEngine24-77_v2/smallRadialEngine_v2
[LOG 19:02:43.109] Config(PART) Squad/Parts/Engine/liquidEngine48-7S_v2/liquidEngine48-7S_v2/liquidEngineMini_v2
[LOG 19:02:43.109] Config(PART) Squad/Parts/Engine/liquidEngineAerospike/liquidEngineAerospike/toroidalAerospike
[LOG 19:02:43.109] Config(PART) Squad/Parts/Engine/liquidEngineLV-1_v2/liquidEngineLV-1R _v2/radialEngineMini_v2
[LOG 19:02:43.109] Config(PART) Squad/Parts/Engine/liquidEngineLV-1_v2/liquidEngineLV-1_v2/microEngine_v2
[LOG 19:02:43.109] Config(PART) Squad/Parts/Engine/liquidEngineLV-909_v2/liquidEngineLV-909_v2/liquidEngine3_v2
[LOG 19:02:43.109] Config(PART) Squad/Parts/Engine/liquidEngineLV-N/liquidEngineLV-N/nuclearEngine
[LOG 19:02:43.109] Config(PART) Squad/Parts/Engine/liquidEngineLV-T30/liquidEngineLV-T30/liquidEngine
[LOG 19:02:43.109] Config(PART) Squad/Parts/Engine/liquidEngineLV-T30_v2/liquidEngineLV-T30_v2/liquidEngine_v2
[LOG 19:02:43.109] Config(PART) Squad/Parts/Engine/liquidEngineLV-T45/liquidEngineLV-T45/liquidEngine2
[LOG 19:02:43.109] Config(PART) Squad/Parts/Engine/liquidEngineLV-T45_v2/liquidEngineLV-T45_v2/liquidEngine2_v2
[LOG 19:02:43.109] Config(PART) Squad/Parts/Engine/liquidEngineMainsail_v2/liquidEngineMainsail_v2/liquidEngineMainsail_v2
[LOG 19:02:43.109] Config(PART) Squad/Parts/Engine/liquidEngineMk55/liquidEngineMk55/radialLiquidEngine1-2
[LOG 19:02:43.109] Config(PART) Squad/Parts/Engine/liquidEnginePoodle_v2/liquidEnginePoodle_v2/liquidEngine2-2_v2
[LOG 19:02:43.109] Config(PART) Squad/Parts/Engine/liquidEngineSkipper_v2/skipperLiquidEngine_v2/engineLargeSkipper_v2
[LOG 19:02:43.110] Config(PART) Squad/Parts/Engine/liquidEngineSSME/SSME/SSME
[LOG 19:02:43.110] Config(PART) Squad/Parts/Engine/MassiveSRB/part/MassiveBooster
[LOG 19:02:43.110] Config(PART) Squad/Parts/Engine/miniJet/SmallJetEngine/miniJetEngine
[LOG 19:02:43.110] Config(PART) Squad/Parts/Engine/OMSEngine/omsEngine/omsEngine
[LOG 19:02:43.110] Config(PART) Squad/Parts/Engine/rapierEngine/rapierEngine/RAPIER
[LOG 19:02:43.110] Config(PART) Squad/Parts/Engine/Size1_SRBs/solidBoosterRT-10_v2/solidBooster_v2
[LOG 19:02:43.110] Config(PART) Squad/Parts/Engine/Size1_SRBs/solidBoosterRT-5_v2/solidBooster_sm_v2
[LOG 19:02:43.110] Config(PART) Squad/Parts/Engine/Size2LFB/part/Size2LFB
[LOG 19:02:43.110] Config(PART) Squad/Parts/Engine/Size2LFB_v2/part/Size2LFB_v2
[LOG 19:02:43.110] Config(PART) Squad/Parts/Engine/Size3AdvancedEngine/part/Size3AdvancedEngine
[LOG 19:02:43.110] Config(PART) Squad/Parts/Engine/Size3EngineCluster/part/Size3EngineCluster
[LOG 19:02:43.110] Config(PART) Squad/Parts/Engine/solidBoosterBACC/solidBoosterBACC/solidBooster1-1
[LOG 19:02:43.110] Config(PART) Squad/Parts/Engine/solidBoosterS2-17/solidBoosterS2-17/Thoroughbred
[LOG 19:02:43.110] Config(PART) Squad/Parts/Engine/solidBoosterS2-33/solidBoosterS2-33/Clydesdale
[LOG 19:02:43.110] Config(PART) Squad/Parts/Engine/solidBoosterSep/solidBoosterSep/sepMotor1
[LOG 19:02:43.110] Config(PART) Squad/Parts/Engine/SolidBoostersF/SolidBoosterF3S0/Shrimp
[LOG 19:02:43.110] Config(PART) Squad/Parts/Engine/SolidBoostersF/SolidBoosterFM1/Mite
[LOG 19:02:43.110] Config(PART) Squad/Parts/FuelTank/adapterTanks/Mk3-Mk2/adapterMk3-Mk2
[LOG 19:02:43.110] Config(PART) Squad/Parts/FuelTank/adapterTanks/Mk3-ShuttleAdapter/adapterEngines
[LOG 19:02:43.110] Config(PART) Squad/Parts/FuelTank/adapterTanks/Mk3-Size2/adapterMk3-Size2
[LOG 19:02:43.110] Config(PART) Squad/Parts/FuelTank/adapterTanks/Mk3-Size2Slant/adapterMk3-Size2Slant
[LOG 19:02:43.110] Config(PART) Squad/Parts/FuelTank/adapterTanks/Size2-Mk2/adapterSize2-Mk2
[LOG 19:02:43.110] Config(PART) Squad/Parts/FuelTank/adapterTanks/Size2-Size1/adapterSize2-Size1
[LOG 19:02:43.110] Config(PART) Squad/Parts/FuelTank/adapterTanks/Size2-Size1Slant/adapterSize2-Size1Slant
[LOG 19:02:43.111] Config(PART) Squad/Parts/FuelTank/adapterTanks/Size3-Mk3/adapterSize3-Mk3
[LOG 19:02:43.111] Config(PART) Squad/Parts/FuelTank/drainTankFTE-1/ReleaseValve/ReleaseValve
[LOG 19:02:43.111] Config(PART) Squad/Parts/FuelTank/FoilTanks/RadialTank_Capsule/externalTankCapsule
[LOG 19:02:43.111] Config(PART) Squad/Parts/FuelTank/FoilTanks/RadialTank_Round/externalTankRound
[LOG 19:02:43.111] Config(PART) Squad/Parts/FuelTank/FoilTanks/ToroidTank/externalTankToroid
[LOG 19:02:43.111] Config(PART) Squad/Parts/FuelTank/fuelTankOscarB/fuelTankOscarB/miniFuelTank
[LOG 19:02:43.111] Config(PART) Squad/Parts/FuelTank/miniFuselage/miniFuselage/miniFuselage
[LOG 19:02:43.111] Config(PART) Squad/Parts/FuelTank/mk2Adapters/bicoupler/mk2_1m_Bicoupler
[LOG 19:02:43.111] Config(PART) Squad/Parts/FuelTank/mk2Adapters/long/mk2_1m_AdapterLong
[LOG 19:02:43.111] Config(PART) Squad/Parts/FuelTank/mk2Adapters/standard/mk2SpacePlaneAdapter
[LOG 19:02:43.111] Config(PART) Squad/Parts/FuelTank/mk2FuselageLong/LFO_long/mk2FuselageLongLFO
[LOG 19:02:43.111] Config(PART) Squad/Parts/FuelTank/mk2FuselageLong/L_long/mk2Fuselage
[LOG 19:02:43.111] Config(PART) Squad/Parts/FuelTank/mk2FuselageShort/LFO_short/mk2FuselageShortLFO
[LOG 19:02:43.111] Config(PART) Squad/Parts/FuelTank/mk2FuselageShort/L_short/mk2FuselageShortLiquid
[LOG 19:02:43.111] Config(PART) Squad/Parts/FuelTank/mk2FuselageShort/Mono_short/mk2FuselageShortMono
[LOG 19:02:43.111] Config(PART) Squad/Parts/FuelTank/mk3Fuselage/CREW/mk3CrewCabin
[LOG 19:02:43.111] Config(PART) Squad/Parts/FuelTank/mk3Fuselage/LFO_100/mk3FuselageLFO_100
[LOG 19:02:43.111] Config(PART) Squad/Parts/FuelTank/mk3Fuselage/LFO_25/mk3FuselageLFO_25
[LOG 19:02:43.111] Config(PART) Squad/Parts/FuelTank/mk3Fuselage/LFO_50/mk3FuselageLFO_50
[LOG 19:02:43.111] Config(PART) Squad/Parts/FuelTank/mk3Fuselage/LF_100/mk3FuselageLF_100
[LOG 19:02:43.111] Config(PART) Squad/Parts/FuelTank/mk3Fuselage/LF_25/mk3FuselageLF_25
[LOG 19:02:43.111] Config(PART) Squad/Parts/FuelTank/mk3Fuselage/LF_50/mk3FuselageLF_50
[LOG 19:02:43.111] Config(PART) Squad/Parts/FuelTank/mk3Fuselage/MONO/mk3FuselageMONO
[LOG 19:02:43.111] Config(PART) Squad/Parts/FuelTank/RCSFuelTankR1/RCSFuelTankR1/RCSTank1-2
[LOG 19:02:43.111] Config(PART) Squad/Parts/FuelTank/RCSFuelTankR10/RCSFuelTankR10/rcsTankMini
[LOG 19:02:43.111] Config(PART) Squad/Parts/FuelTank/RCSFuelTankR25/RCSFuelTankR25/RCSFuelTank
[LOG 19:02:43.111] Config(PART) Squad/Parts/FuelTank/RCSTankRadial/radialRCSTank/radialRCSTank
[LOG 19:02:43.111] Config(PART) Squad/Parts/FuelTank/RCStankRadialLong/RCSTankRadialLong/rcsTankRadialLong
[LOG 19:02:43.111] Config(PART) Squad/Parts/FuelTank/RockomaxTanks/Rockomax16/Rockomax16_BW
[LOG 19:02:43.112] Config(PART) Squad/Parts/FuelTank/RockomaxTanks/Rockomax32/Rockomax32_BW
[LOG 19:02:43.112] Config(PART) Squad/Parts/FuelTank/RockomaxTanks/Rockomax64/Rockomax64_BW
[LOG 19:02:43.112] Config(PART) Squad/Parts/FuelTank/RockomaxTanks/Rockomax8/Rockomax8BW
[LOG 19:02:43.112] Config(PART) Squad/Parts/FuelTank/Size1_Tanks/fuelTankT100/fuelTankSmallFlat
[LOG 19:02:43.112] Config(PART) Squad/Parts/FuelTank/Size1_Tanks/fuelTankT200/fuelTankSmall
[LOG 19:02:43.112] Config(PART) Squad/Parts/FuelTank/Size1_Tanks/fuelTankT400/fuelTank
[LOG 19:02:43.112] Config(PART) Squad/Parts/FuelTank/Size1_Tanks/fuelTankT800/fuelTank_long
[LOG 19:02:43.112] Config(PART) Squad/Parts/FuelTank/Size3Tanks/large/Size3LargeTank
[LOG 19:02:43.112] Config(PART) Squad/Parts/FuelTank/Size3Tanks/medium/Size3MediumTank
[LOG 19:02:43.112] Config(PART) Squad/Parts/FuelTank/Size3Tanks/small/Size3SmallTank
[LOG 19:02:43.112] Config(PART) Squad/Parts/FuelTank/xenonTank/xenonTank/xenonTank
[LOG 19:02:43.112] Config(PART) Squad/Parts/FuelTank/xenonTankLarge/xenonTankLarge/xenonTankLarge
[LOG 19:02:43.112] Config(PART) Squad/Parts/FuelTank/xenonTankRadial/xenonTankRadial/xenonTankRadial
[LOG 19:02:43.112] Config(PART) Squad/Parts/Misc/AsteroidDay/CamSat/InfraredTelescope
[LOG 19:02:43.112] Config(PART) Squad/Parts/Misc/AsteroidDay/HECS2/HECS2_ProbeCore
[LOG 19:02:43.112] Config(PART) Squad/Parts/Misc/AsteroidDay/HighGainAntenna/HighGainAntenna
[LOG 19:02:43.112] Config(PART) Squad/Parts/Misc/AsteroidDay/LgRadialSolar/LgRadialSolarPanel
[LOG 19:02:43.112] Config(PART) Squad/Parts/Misc/PotatoComet/part/PotatoComet
[LOG 19:02:43.112] Config(PART) Squad/Parts/Misc/PotatoRoid/part/PotatoRoid
[LOG 19:02:43.112] Config(PART) Squad/Parts/Prebuilt/flag/flag
[LOG 19:02:43.112] Config(PART) Squad/Parts/Prebuilt/kerbalEVA/kerbalEVA
[LOG 19:02:43.112] Config(PART) Squad/Parts/Prebuilt/kerbalEVAfemale/kerbalEVAfemale
[LOG 19:02:43.112] Config(PART) Squad/Parts/Prebuilt/kerbalEVASlimSuit/kerbalEVASlimSuit
[LOG 19:02:43.112] Config(PART) Squad/Parts/Prebuilt/kerbalEVASlimSuitFemale/kerbalEVASlimSuitFemale
[LOG 19:02:43.112] Config(PART) Squad/Parts/Resources/FuelCell/FuelCell/FuelCell
[LOG 19:02:43.112] Config(PART) Squad/Parts/Resources/FuelCell/FuelCellArray/FuelCellArray
[LOG 19:02:43.112] Config(PART) Squad/Parts/Resources/ISRU/ISRU/ISRU
[LOG 19:02:43.112] Config(PART) Squad/Parts/Resources/LargeTank/LargeTank/LargeTank
[LOG 19:02:43.113] Config(PART) Squad/Parts/Resources/MiniDrill/MiniDrill/MiniDrill
[LOG 19:02:43.113] Config(PART) Squad/Parts/Resources/MiniISRU/MiniISRU/MiniISRU
[LOG 19:02:43.113] Config(PART) Squad/Parts/Resources/OrbitalScanner/OrbitalScanner/OrbitalScanner
[LOG 19:02:43.113] Config(PART) Squad/Parts/Resources/RadialDrill/RadialDrill/RadialDrill
[LOG 19:02:43.113] Config(PART) Squad/Parts/Resources/RadialTank/RadialTank/RadialOreTank
[LOG 19:02:43.113] Config(PART) Squad/Parts/Resources/SmallTank/SmallTank/SmallTank
[LOG 19:02:43.113] Config(PART) Squad/Parts/Resources/SurfaceScanner/SurfaceScanner/SurfaceScanner
[LOG 19:02:43.113] Config(PART) Squad/Parts/Resources/SurveyScanner/SurveyScanner/SurveyScanner
[LOG 19:02:43.113] Config(PART) Squad/Parts/Science/AtmosphereSensor/sensorAtmosphere/sensorAtmosphere
[LOG 19:02:43.113] Config(PART) Squad/Parts/Science/GooExperiment/gooExperiment/GooExperiment
[LOG 19:02:43.113] Config(PART) Squad/Parts/Science/LargeCrewedLab/largeCrewedLab/Large_Crewed_Lab
[LOG 19:02:43.113] Config(PART) Squad/Parts/Science/Magnetometer/Magnetometer/Magnetometer
[LOG 19:02:43.113] Config(PART) Squad/Parts/Science/MaterialBay/materialBay/science_module
[LOG 19:02:43.113] Config(PART) Squad/Parts/Science/ScienceBox/ScienceBox/ScienceBox
[LOG 19:02:43.113] Config(PART) Squad/Parts/Science/sensorAccelerometer/sensorAccelerometer/sensorAccelerometer
[LOG 19:02:43.113] Config(PART) Squad/Parts/Science/sensorBarometer/sensorBarometer/sensorBarometer
[LOG 19:02:43.113] Config(PART) Squad/Parts/Science/sensorGravimeter/sensorGravimeter/sensorGravimeter
[LOG 19:02:43.113] Config(PART) Squad/Parts/Science/sensorThermometer/sensorThermometer/sensorThermometer
[LOG 19:02:43.113] Config(PART) Squad/Parts/Structural/FLAdapters/adapterSmallMiniShort/adapterSmallMiniShort
[LOG 19:02:43.113] Config(PART) Squad/Parts/Structural/FLAdapters/adapterSmallMiniTall/adapterSmallMiniTall
[LOG 19:02:43.113] Config(PART) Squad/Parts/Structural/mk1Parts/engineBodyRadial/radialEngineBody
[LOG 19:02:43.113] Config(PART) Squad/Parts/Structural/mk1Parts/engineNacelle/nacelleBody
[LOG 19:02:43.113] Config(PART) Squad/Parts/Structural/mk1Parts/mk1Fuselage/MK1Fuselage
[LOG 19:02:43.113] Config(PART) Squad/Parts/Structural/mk1Parts/mk1FuselageIntake/MK1IntakeFuselage
[LOG 19:02:43.113] Config(PART) Squad/Parts/Structural/mk1Parts/mk1Structural/Mk1FuselageStructural
[LOG 19:02:43.113] Config(PART) Squad/Parts/Structural/Size3To2Adapter_v2/Size2to3_v2/Size3To2Adapter_v2
[LOG 19:02:43.113] Config(PART) Squad/Parts/Structural/stackAdapters/adapterLargeSmallBi/adapterLargeSmallBi
[LOG 19:02:43.113] Config(PART) Squad/Parts/Structural/stackAdapters/adapterLargeSmallQuad/adapterLargeSmallQuad
[LOG 19:02:43.114] Config(PART) Squad/Parts/Structural/stackAdapters/adapterLargeSmallTri/adapterLargeSmallTri
[LOG 19:02:43.114] Config(PART) Squad/Parts/Structural/stationHub/stationHub/stationHub
[LOG 19:02:43.114] Config(PART) Squad/Parts/Structural/structuralIBeam200/structuralIBeam200/structuralIBeam2
[LOG 19:02:43.114] Config(PART) Squad/Parts/Structural/structuralIBeam200Pocket/structuralIBeam200Pocket/structuralIBeam3
[LOG 19:02:43.114] Config(PART) Squad/Parts/Structural/structuralIBeam650/structuralIBeam650/structuralIBeam1
[LOG 19:02:43.114] Config(PART) Squad/Parts/Structural/structuralMicronode/structuralMicronode/structuralMiniNode
[LOG 19:02:43.114] Config(PART) Squad/Parts/Structural/structuralPanel1x1/structuralPanel1x1/structuralPanel1
[LOG 19:02:43.114] Config(PART) Squad/Parts/Structural/structuralPanel2x2/structuralPanel2x2/structuralPanel2
[LOG 19:02:43.114] Config(PART) Squad/Parts/Structural/structuralPylons/smallHardpoint/smallHardpoint
[LOG 19:02:43.114] Config(PART) Squad/Parts/Structural/structuralPylons/structuralPylon/structuralPylon
[LOG 19:02:43.114] Config(PART) Squad/Parts/Structural/strutCubicOcto/strutCubicOcto/strutCube
[LOG 19:02:43.114] Config(PART) Squad/Parts/Structural/strutOcto/strutOcto/strutOcto
[LOG 19:02:43.114] Config(PART) Squad/Parts/Structural/trussGirderAdapter/trussGirderAdapter/trussAdapter
[LOG 19:02:43.114] Config(PART) Squad/Parts/Structural/trussGirderL/trussGirderL/trussPiece1x
[LOG 19:02:43.114] Config(PART) Squad/Parts/Structural/trussGirderXL/trussGirderXL/trussPiece3x
[LOG 19:02:43.114] Config(PART) Squad/Parts/Thermal/FoldingRadiators/foldingRadLarge/foldingRadLarge
[LOG 19:02:43.114] Config(PART) Squad/Parts/Thermal/FoldingRadiators/foldingRadMed/foldingRadMed
[LOG 19:02:43.114] Config(PART) Squad/Parts/Thermal/FoldingRadiators/foldingRadSmall/foldingRadSmall
[LOG 19:02:43.114] Config(PART) Squad/Parts/Thermal/RadiatorPanels/radPanelEdge/radPanelEdge
[LOG 19:02:43.114] Config(PART) Squad/Parts/Thermal/RadiatorPanels/radPanelLg/radPanelLg
[LOG 19:02:43.114] Config(PART) Squad/Parts/Thermal/RadiatorPanels/radPanelSm/radPanelSm
[LOG 19:02:43.114] Config(PART) Squad/Parts/Utility/commDish88-88/commDish88-88/commDish
[LOG 19:02:43.114] Config(PART) Squad/Parts/Utility/commsAntennaDTS-M1/commsAntennaDTS-M1/mediumDishAntenna
[LOG 19:02:43.114] Config(PART) Squad/Parts/Utility/commsDish16/commsAntenna16/longAntenna
[LOG 19:02:43.114] Config(PART) Squad/Parts/Utility/decouplerRadialHDM/decouplerRadialHDM/radialDecoupler1-2
[LOG 19:02:43.114] Config(PART) Squad/Parts/Utility/decouplerRadialTT-38K/decouplerRadialTT-38K/radialDecoupler
[LOG 19:02:43.114] Config(PART) Squad/Parts/Utility/decouplerRadialTT-70/decouplerRadialTT-70/radialDecoupler2
[LOG 19:02:43.115] Config(PART) Squad/Parts/Utility/DirectAntennas/C16S/SurfAntenna
[LOG 19:02:43.115] Config(PART) Squad/Parts/Utility/DirectAntennas/HG-5/HighGainAntenna5
[LOG 19:02:43.115] Config(PART) Squad/Parts/Utility/DirectAntennas/HG-5_v2/HighGainAntenna5_v2
[LOG 19:02:43.115] Config(PART) Squad/Parts/Utility/dockingPort/dockingPort/dockingPort2
[LOG 19:02:43.115] Config(PART) Squad/Parts/Utility/dockingPortInline/dockingPortInline/dockingPortLateral
[LOG 19:02:43.115] Config(PART) Squad/Parts/Utility/dockingPortJr/dockingPortJr/dockingPort3
[LOG 19:02:43.115] Config(PART) Squad/Parts/Utility/dockingPortShielded/dockingPortShielded/dockingPort1
[LOG 19:02:43.115] Config(PART) Squad/Parts/Utility/dockingPortSr/dockingPortSr/dockingPortLarge
[LOG 19:02:43.115] Config(PART) Squad/Parts/Utility/Fireworks/fireworksLauncherBig/fireworksLauncherBig
[LOG 19:02:43.115] Config(PART) Squad/Parts/Utility/Fireworks/fireworksLauncherSmall/fireworksLauncherSmall
[LOG 19:02:43.115] Config(PART) Squad/Parts/Utility/flags/flagFlat/flagFlat/flagPartFlat
[LOG 19:02:43.115] Config(PART) Squad/Parts/Utility/flags/flagSize0/flagSize0/flagPartSize0
[LOG 19:02:43.115] Config(PART) Squad/Parts/Utility/flags/flagSize1/flagSize1/flagPartSize1
[LOG 19:02:43.115] Config(PART) Squad/Parts/Utility/flags/flagSize2/flagSize2/flagPartSize2
[LOG 19:02:43.115] Config(PART) Squad/Parts/Utility/flags/flagSize3/flagSize3/flagPartSize3
[LOG 19:02:43.115] Config(PART) Squad/Parts/Utility/GrapplingDevice/part/GrapplingDevice
[LOG 19:02:43.115] Config(PART) Squad/Parts/Utility/ladderRadial/ladderRadial/ladder1
[LOG 19:02:43.115] Config(PART) Squad/Parts/Utility/ladderTelescopic/ladderTelescopic/telescopicLadder
[LOG 19:02:43.115] Config(PART) Squad/Parts/Utility/ladderTelescopicBay/ladderTelescopicBay/telescopicLadderBay
[LOG 19:02:43.115] Config(PART) Squad/Parts/Utility/landingLegLT-1/landingLegLT-1/landingLeg1
[LOG 19:02:43.115] Config(PART) Squad/Parts/Utility/landingLegLT-2/landingLegLT-2/landingLeg1-2
[LOG 19:02:43.115] Config(PART) Squad/Parts/Utility/landingLegLT-5/landingLegLT-5/miniLandingLeg
[LOG 19:02:43.115] Config(PART) Squad/Parts/Utility/launchClamp1/launchClamp1/launchClamp1
[LOG 19:02:43.115] Config(PART) Squad/Parts/Utility/launchEscapeSystem/part/LaunchEscapeSystem
[LOG 19:02:43.115] Config(PART) Squad/Parts/Utility/Lights/domeLight1/domeLight1
[LOG 19:02:43.116] Config(PART) Squad/Parts/Utility/Lights/groundLight1/groundLight1
[LOG 19:02:43.116] Config(PART) Squad/Parts/Utility/Lights/groundLight2/groundLight2
[LOG 19:02:43.116] Config(PART) Squad/Parts/Utility/Lights/navLight1/navLight1
[LOG 19:02:43.116] Config(PART) Squad/Parts/Utility/Lights/spotLight1/spotLight3
[LOG 19:02:43.116] Config(PART) Squad/Parts/Utility/Lights/stripLight1/stripLight1
[LOG 19:02:43.116] Config(PART) Squad/Parts/Utility/linearVernorRCS/linearRCS/linearRcs
[LOG 19:02:43.116] Config(PART) Squad/Parts/Utility/linearVernorRCS/vernorEngine/vernierEngine
[LOG 19:02:43.116] Config(PART) Squad/Parts/Utility/mk2CargoBay/BayL/mk2CargoBayL
[LOG 19:02:43.116] Config(PART) Squad/Parts/Utility/mk2CargoBay/BayS/mk2CargoBayS
[LOG 19:02:43.116] Config(PART) Squad/Parts/Utility/mk2CrewCabin/mk2CrewCabin/mk2CrewCabin
[LOG 19:02:43.116] Config(PART) Squad/Parts/Utility/mk2DockingPort/mk2DockingPort/mk2DockingPort
[LOG 19:02:43.116] Config(PART) Squad/Parts/Utility/mk3CargoBay/long/mk3CargoBayL
[LOG 19:02:43.116] Config(PART) Squad/Parts/Utility/mk3CargoBay/medium/mk3CargoBayM
[LOG 19:02:43.116] Config(PART) Squad/Parts/Utility/mk3CargoBay/ramp/mk3CargoRamp
[LOG 19:02:43.116] Config(PART) Squad/Parts/Utility/mk3CargoBay/short/mk3CargoBayS
[LOG 19:02:43.116] Config(PART) Squad/Parts/Utility/parachuteMk1/parachuteMk1/parachuteSingle
[LOG 19:02:43.116] Config(PART) Squad/Parts/Utility/parachuteMk12-R/parachuteMk12-R/radialDrogue
[LOG 19:02:43.116] Config(PART) Squad/Parts/Utility/parachuteMk16-XL/parachuteMk16-XL/parachuteLarge
[LOG 19:02:43.116] Config(PART) Squad/Parts/Utility/parachuteMk2-R/parachuteMk2-R/parachuteRadial
[LOG 19:02:43.116] Config(PART) Squad/Parts/Utility/parachuteMk25/parachuteMk25/parachuteDrogue
[LOG 19:02:43.116] Config(PART) Squad/Parts/Utility/radialAttachmentPoint/radialAttachmentPoint/stackPoint1
[LOG 19:02:43.116] Config(PART) Squad/Parts/Utility/rcsBlockRV-105_v2/rcsBlockRV-105/RCSBlock_v2
[LOG 19:02:43.116] Config(PART) Squad/Parts/Utility/rcsBlockRV-105_v2/RCSblock_01_small/RCSblock_01_small
[LOG 19:02:43.116] Config(PART) Squad/Parts/Utility/rcsSmallLinear/RCSLinearSmall/RCSLinearSmall
[LOG 19:02:43.116] Config(PART) Squad/Parts/Utility/RelayAntennas/RA-100/RelayAntenna100
[LOG 19:02:43.116] Config(PART) Squad/Parts/Utility/RelayAntennas/RA-5/RelayAntenna5
[LOG 19:02:43.116] Config(PART) Squad/Parts/Utility/RelayAntennas/RA-50/RelayAntenna50
[LOG 19:02:43.116] Config(PART) Squad/Parts/Utility/rockomaxAdapters/largeAdapter/largeAdapter
[LOG 19:02:43.117] Config(PART) Squad/Parts/Utility/rockomaxAdapters/largeAdapterShort/largeAdapter2
[LOG 19:02:43.117] Config(PART) Squad/Parts/Utility/ServiceBay_v2/ServiceBay_125_v2/ServiceBay_125_v2
[LOG 19:02:43.117] Config(PART) Squad/Parts/Utility/ServiceBay_v2/ServiceBay_250_v2/ServiceBay_250_v2
[LOG 19:02:43.117] Config(PART) Squad/Parts/Utility/smallClaw/smallClaw/smallClaw
[LOG 19:02:43.117] Config(PART) Squad/Parts/Utility/spotLightMk1/spotLightMk1/spotLight1
[LOG 19:02:43.117] Config(PART) Squad/Parts/Utility/spotLightMk1_v2/spotLightMk1_v2/spotLight1_v2
[LOG 19:02:43.117] Config(PART) Squad/Parts/Utility/spotLightMk2/spotLightMk2/spotLight2
[LOG 19:02:43.117] Config(PART) Squad/Parts/Utility/spotLightMk2_v2/spotLightMk2_v2/spotLight2_v2
[LOG 19:02:43.117] Config(PART) Squad/Parts/Utility/stackCouplers/stackBiCoupler_v2/stackBiCoupler_v2
[LOG 19:02:43.117] Config(PART) Squad/Parts/Utility/stackCouplers/stackQuadCoupler/stackQuadCoupler
[LOG 19:02:43.117] Config(PART) Squad/Parts/Utility/stackCouplers/stackTriCoupler_v2/stackTriCoupler_v2
[LOG 19:02:43.117] Config(PART) Squad/Parts/Wheel/LandingGear/GearExtraLarge/GearLarge
[LOG 19:02:43.117] Config(PART) Squad/Parts/Wheel/LandingGear/GearFixed/GearFixed
[LOG 19:02:43.117] Config(PART) Squad/Parts/Wheel/LandingGear/GearFree/GearFree
[LOG 19:02:43.117] Config(PART) Squad/Parts/Wheel/LandingGear/GearLarge/GearMedium
[LOG 19:02:43.117] Config(PART) Squad/Parts/Wheel/LandingGear/GearMedium/GearSmall
[LOG 19:02:43.117] Config(PART) Squad/Parts/Wheel/LandingGear/GearSmall/SmallGearBay
[LOG 19:02:43.117] Config(PART) Squad/Parts/Wheel/roverWheelM1/roverWheelM1/roverWheel1
[LOG 19:02:43.117] Config(PART) Squad/Parts/Wheel/roverWheelS2/roverWheelS2/roverWheel2
[LOG 19:02:43.117] Config(PART) Squad/Parts/Wheel/roverWheelTR-2L/roverWheelTR-2L/wheelMed
[LOG 19:02:43.117] Config(PART) Squad/Parts/Wheel/roverWheelXL3/roverWheelXL3/roverWheel3
[LOG 19:02:43.117] Config(PROP) Squad/Props/AltimeterThreeHands/prop/AltimeterThreeHands
[LOG 19:02:43.117] Config(PROP) Squad/Props/AtmosphereDepth/prop/AtmosphereDepth
[LOG 19:02:43.117] Config(PROP) Squad/Props/AxisIndicator/pitchConfig/AxisIndicatorPitch
[LOG 19:02:43.117] Config(PROP) Squad/Props/AxisIndicator/rollConfig/AxisIndicatorRoll
[LOG 19:02:43.117] Config(PROP) Squad/Props/AxisIndicator/yawConfig/AxisIndicatorYaw
[LOG 19:02:43.117] Config(PROP) Squad/Props/buttonsGeneric/circularButton/genericCircularButton
[LOG 19:02:43.117] Config(PROP) Squad/Props/buttonsGeneric/clusterButtons/genericClusterButtons
[LOG 19:02:43.118] Config(PROP) Squad/Props/buttonsGeneric/clusterButtons2/genericClusterButtons2
[LOG 19:02:43.118] Config(PROP) Squad/Props/buttonsGeneric/clusterKnob/genericClusterKnobs
[LOG 19:02:43.118] Config(PROP) Squad/Props/buttonsGeneric/clusterKnob2/genericClusterKnobs2
[LOG 19:02:43.118] Config(PROP) Squad/Props/buttonsGeneric/clusterMixed/genericClusterMixed
[LOG 19:02:43.118] Config(PROP) Squad/Props/buttonsGeneric/clusterSwitches01/genericClusterSwitches01
[LOG 19:02:43.118] Config(PROP) Squad/Props/buttonsGeneric/clusterSwitches02/genericClusterSwitches02
[LOG 19:02:43.118] Config(PROP) Squad/Props/buttonsGeneric/clusterSwitches03/genericClusterSwitches03
[LOG 19:02:43.118] Config(PROP) Squad/Props/buttonsGeneric/clusterSwitches04/genericClusterSwitches04
[LOG 19:02:43.118] Config(PROP) Squad/Props/buttonsGeneric/clusterSwitches05/genericClusterSwitches05
[LOG 19:02:43.118] Config(PROP) Squad/Props/buttonsGeneric/clusterSwitches06/genericClusterSwitches06
[LOG 19:02:43.118] Config(PROP) Squad/Props/buttonsGeneric/clusterSwitches07/genericClusterSwitches07
[LOG 19:02:43.118] Config(PROP) Squad/Props/buttonsGeneric/directionalKnob/genericDirectionalKnob
[LOG 19:02:43.118] Config(PROP) Squad/Props/buttonsGeneric/directionalKnob2/genericDirectionalKnob2
[LOG 19:02:43.118] Config(PROP) Squad/Props/buttonsGeneric/pullSwitch/genericPullSwitch
[LOG 19:02:43.118] Config(PROP) Squad/Props/buttonsGeneric/squareButton/genericSquareButton
[LOG 19:02:43.118] Config(PROP) Squad/Props/buttonsGeneric/standingSwitch/genericStandingSwitch
[LOG 19:02:43.118] Config(PROP) Squad/Props/buttonsGeneric/switch/genericSwitch
[LOG 19:02:43.118] Config(PROP) Squad/Props/buttonsGeneric/switchWithGuards/genericSwitchWithGuards
[LOG 19:02:43.118] Config(PROP) Squad/Props/ButtonSquare/prop/ButtonSquare
[LOG 19:02:43.118] Config(PROP) Squad/Props/circularButton/prop/circularButton
[LOG 19:02:43.118] Config(PROP) Squad/Props/Compass/prop/Compass
[LOG 19:02:43.118] Config(PROP) Squad/Props/directionalKnob/prop/directionalKnob
[LOG 19:02:43.118] Config(PROP) Squad/Props/directionalKnob2/prop/directionalKnob2
[LOG 19:02:43.118] Config(PROP) Squad/Props/IndicatorPanel/prop/IndicatorPanel
[LOG 19:02:43.118] Config(PROP) Squad/Props/IVANavBall/prop/NavBall
[LOG 19:02:43.118] Config(PROP) Squad/Props/IVANavBallNoBase/prop/NavBallNoBase
[LOG 19:02:43.118] Config(PROP) Squad/Props/ledPanelSpeed/prop/ledPanelSpeed
[LOG 19:02:43.118] Config(PROP) Squad/Props/Monitor/DockingMode/MonitorDockingMode
[LOG 19:02:43.118] Config(PROP) Squad/Props/NavBall/prop/NavBall
[LOG 19:02:43.118] Config(PROP) Squad/Props/PropsGeneric/Button_DockingMode/Button_DockingMode
[LOG 19:02:43.119] Config(PROP) Squad/Props/PropsGeneric/CargoBagA/CargoBagA
[LOG 19:02:43.119] Config(PROP) Squad/Props/PropsGeneric/CargoBagB/CargoBagB
[LOG 19:02:43.119] Config(PROP) Squad/Props/PropsGeneric/CargoBagC/CargoBagC
[LOG 19:02:43.119] Config(PROP) Squad/Props/PropsGeneric/Hatch_Plane/Hatch_Plane
[LOG 19:02:43.119] Config(PROP) Squad/Props/PropsGeneric/Hatch_Plane_Curve90/Hatch_Plane_Curve90
[LOG 19:02:43.119] Config(PROP) Squad/Props/PropsGeneric/Hatch_Plane_Frame/Hatch_Plane_Frame
[LOG 19:02:43.119] Config(PROP) Squad/Props/PropsGeneric/Seat_Passenger/Seat_Passenger
[LOG 19:02:43.119] Config(PROP) Squad/Props/PropsGeneric/Seat_Pilot/Seat_Pilot
[LOG 19:02:43.119] Config(PROP) Squad/Props/PropsGeneric/Seat_Pilot_Helmet/Seat_Pilot_Helmet
[LOG 19:02:43.119] Config(PROP) Squad/Props/PropsGeneric/SideStick/SideStick
[LOG 19:02:43.119] Config(PROP) Squad/Props/pullSwitch/prop/pullSwitch
[LOG 19:02:43.119] Config(PROP) Squad/Props/radarAltitude/prop/RadarAltimeter
[LOG 19:02:43.119] Config(PROP) Squad/Props/squareButton/prop/squareButton
[LOG 19:02:43.119] Config(PROP) Squad/Props/standingSwitch/prop/standingSwitch
[LOG 19:02:43.119] Config(PROP) Squad/Props/switch/prop/switch
[LOG 19:02:43.119] Config(PROP) Squad/Props/switchGuard/prop/switchGuard
[LOG 19:02:43.119] Config(PROP) Squad/Props/switchWithGuards/prop/switchWithGuards
[LOG 19:02:43.119] Config(PROP) Squad/Props/throttle/prop/throttle
[LOG 19:02:43.119] Config(PROP) Squad/Props/VSI/prop/VSI
[LOG 19:02:43.119] Config(SPACEOBJECTS_LIMITS) Squad/Resources/CometDefs/SPACEOBJECTS_LIMITS
[LOG 19:02:43.119] Config(COMET_MANAGER) Squad/Resources/CometDefs/COMET_MANAGER
[LOG 19:02:43.119] Config(COMET_ORBIT_TYPE) Squad/Resources/CometDefs/short
[LOG 19:02:43.119] Config(COMET_ORBIT_TYPE) Squad/Resources/CometDefs/intermediate
[LOG 19:02:43.119] Config(COMET_ORBIT_TYPE) Squad/Resources/CometDefs/long
[LOG 19:02:43.119] Config(COMET_ORBIT_TYPE) Squad/Resources/CometDefs/interstellar
[LOG 19:02:43.119] Config(FIREWORKFX_DEFINITION) Squad/Resources/FireworkFXDefinitions/classicTrail
[LOG 19:02:43.119] Config(FIREWORKFX_DEFINITION) Squad/Resources/FireworkFXDefinitions/whirlyTrail
[LOG 19:02:43.119] Config(FIREWORKFX_DEFINITION) Squad/Resources/FireworkFXDefinitions/strobeTrail
[LOG 19:02:43.119] Config(FIREWORKFX_DEFINITION) Squad/Resources/FireworkFXDefinitions/bareTrail
[LOG 19:02:43.119] Config(FIREWORKFX_DEFINITION) Squad/Resources/FireworkFXDefinitions/classicBurst
[LOG 19:02:43.119] Config(FIREWORKFX_DEFINITION) Squad/Resources/FireworkFXDefinitions/chrysBurst
[LOG 19:02:43.120] Config(FIREWORKFX_DEFINITION) Squad/Resources/FireworkFXDefinitions/palmBurst
[LOG 19:02:43.120] Config(FIREWORKFX_DEFINITION) Squad/Resources/FireworkFXDefinitions/ringBurst
[LOG 19:02:43.120] Config(FIREWORKFX_DEFINITION) Squad/Resources/FireworkFXDefinitions/crosetteBurst
[LOG 19:02:43.120] Config(FIREWORKFX_DEFINITION) Squad/Resources/FireworkFXDefinitions/willowBurst
[LOG 19:02:43.120] Config(FIREWORKFX_DEFINITION) Squad/Resources/FireworkFXDefinitions/crackeBurst
[LOG 19:02:43.120] Config(FIREWORKFX_DEFINITION) Squad/Resources/FireworkFXDefinitions/palmCrackleBurst
[LOG 19:02:43.120] Config(FIREWORKFX_DEFINITION) Squad/Resources/FireworkFXDefinitions/dragonBurst
[LOG 19:02:43.120] Config(GLOBAL_RESOURCE) Squad/Resources/Ore/GLOBAL_RESOURCE
[LOG 19:02:43.120] Config(PLANETARY_RESOURCE) Squad/Resources/Ore/PLANETARY_RESOURCE
[LOG 19:02:43.120] Config(PLANETARY_RESOURCE) Squad/Resources/Ore/PLANETARY_RESOURCE
[LOG 19:02:43.120] Config(RESOURCE_OVERLAY_CONFIGURATION_SOLID) Squad/Resources/Overlay/RESOURCE_OVERLAY_CONFIGURATION_SOLID
[LOG 19:02:43.120] Config(RESOURCE_OVERLAY_CONFIGURATION_LINES) Squad/Resources/Overlay/RESOURCE_OVERLAY_CONFIGURATION_LINES
[LOG 19:02:43.120] Config(RESOURCE_OVERLAY_CONFIGURATION_DOTS) Squad/Resources/Overlay/RESOURCE_OVERLAY_CONFIGURATION_DOTS
[LOG 19:02:43.120] Config(RESOURCE_CONFIGURATION) Squad/Resources/ResourceDefaults/RESOURCE_CONFIGURATION
[LOG 19:02:43.120] Config(RESOURCE_DEFINITION) Squad/Resources/ResourcesGeneric/LiquidFuel
[LOG 19:02:43.120] Config(RESOURCE_DEFINITION) Squad/Resources/ResourcesGeneric/Oxidizer
[LOG 19:02:43.120] Config(RESOURCE_DEFINITION) Squad/Resources/ResourcesGeneric/SolidFuel
[LOG 19:02:43.120] Config(RESOURCE_DEFINITION) Squad/Resources/ResourcesGeneric/MonoPropellant
[LOG 19:02:43.120] Config(RESOURCE_DEFINITION) Squad/Resources/ResourcesGeneric/XenonGas
[LOG 19:02:43.120] Config(RESOURCE_DEFINITION) Squad/Resources/ResourcesGeneric/ElectricCharge
[LOG 19:02:43.120] Config(RESOURCE_DEFINITION) Squad/Resources/ResourcesGeneric/IntakeAir
[LOG 19:02:43.120] Config(RESOURCE_DEFINITION) Squad/Resources/ResourcesGeneric/EVA Propellant
[LOG 19:02:43.120] Config(RESOURCE_DEFINITION) Squad/Resources/ResourcesGeneric/Ore
[LOG 19:02:43.120] Config(RESOURCE_DEFINITION) Squad/Resources/ResourcesGeneric/Ablator
[LOG 19:02:43.120] Config(EXPERIMENT_DEFINITION) Squad/Resources/ScienceDefs/EXPERIMENT_DEFINITION
[LOG 19:02:43.120] Config(EXPERIMENT_DEFINITION) Squad/Resources/ScienceDefs/EXPERIMENT_DEFINITION
[LOG 19:02:43.120] Config(EXPERIMENT_DEFINITION) Squad/Resources/ScienceDefs/EXPERIMENT_DEFINITION
[LOG 19:02:43.120] Config(EXPERIMENT_DEFINITION) Squad/Resources/ScienceDefs/EXPERIMENT_DEFINITION
[LOG 19:02:43.121] Config(EXPERIMENT_DEFINITION) Squad/Resources/ScienceDefs/EXPERIMENT_DEFINITION
[LOG 19:02:43.121] Config(EXPERIMENT_DEFINITION) Squad/Resources/ScienceDefs/EXPERIMENT_DEFINITION
[LOG 19:02:43.121] Config(EXPERIMENT_DEFINITION) Squad/Resources/ScienceDefs/EXPERIMENT_DEFINITION
[LOG 19:02:43.121] Config(EXPERIMENT_DEFINITION) Squad/Resources/ScienceDefs/EXPERIMENT_DEFINITION
[LOG 19:02:43.121] Config(EXPERIMENT_DEFINITION) Squad/Resources/ScienceDefs/EXPERIMENT_DEFINITION
[LOG 19:02:43.121] Config(EXPERIMENT_DEFINITION) Squad/Resources/ScienceDefs/EXPERIMENT_DEFINITION
[LOG 19:02:43.121] Config(EXPERIMENT_DEFINITION) Squad/Resources/ScienceDefs/EXPERIMENT_DEFINITION
[LOG 19:02:43.121] Config(EXPERIMENT_DEFINITION) Squad/Resources/ScienceDefs/EXPERIMENT_DEFINITION
[LOG 19:02:43.121] Config(EXPERIMENT_DEFINITION) Squad/Resources/ScienceDefs/EXPERIMENT_DEFINITION
[LOG 19:02:43.121] Config(EXPERIMENT_DEFINITION) Squad/Resources/ScienceDefs/EXPERIMENT_DEFINITION
[LOG 19:02:43.121] Config(EXPERIMENT_DEFINITION) Squad/Resources/ScienceDefs/EXPERIMENT_DEFINITION
[LOG 19:02:43.121] Config(EXPERIMENT_DEFINITION) Squad/Resources/ScienceDefs/EXPERIMENT_DEFINITION
[LOG 19:02:43.121] Config(EXPERIMENT_DEFINITION) Squad/Resources/ScienceDefs/EXPERIMENT_DEFINITION
[LOG 19:02:43.121] Config(EXPERIMENT_DEFINITION) Squad/Resources/ScienceDefs/EXPERIMENT_DEFINITION
[LOG 19:02:43.121] Config(STORY_DEF) Squad/Resources/StoryDefs/STORY_DEF
[LOG 19:02:43.121] Config(TechTree) Squad/Resources/TechTree/TechTree
[LOG 19:02:43.121] Config(INTERNAL) Squad/Spaces/crewCabinInternals/internal/crewCabinInternals
[LOG 19:02:43.121] Config(INTERNAL) Squad/Spaces/cupolaInternal/internal/cupolaInternal
[LOG 19:02:43.121] Config(INTERNAL) Squad/Spaces/GenericSpace1/internal/GenericSpace1
[LOG 19:02:43.121] Config(INTERNAL) Squad/Spaces/GenericSpace3/internal/GenericSpace3
[LOG 19:02:43.121] Config(INTERNAL) Squad/Spaces/landerCabinInternals/internal/landerCabinInternals
[LOG 19:02:43.121] Config(INTERNAL) Squad/Spaces/landerCabinSmallInternal/internal/landerCabinSmallInternal
[LOG 19:02:43.121] Config(INTERNAL) Squad/Spaces/LargeCrewedLabInternals/internal/Mobile_Processing_Lab_Int
[LOG 19:02:43.121] Config(INTERNAL) Squad/Spaces/Mk1-3/internal/Mk1-3
[LOG 19:02:43.121] Config(INTERNAL) Squad/Spaces/mk1CabinInternal/internal/mk1CabinInternal
[LOG 19:02:43.121] Config(INTERNAL) Squad/Spaces/mk1CockpitInternal/internal/mk1CockpitInternal
[LOG 19:02:43.121] Config(INTERNAL) Squad/Spaces/mk1InlineInternal/internal/mk1InlineInternal
[LOG 19:02:43.122] Config(INTERNAL) Squad/Spaces/mk1PodCockpit/internal/mk1PodCockpit
[LOG 19:02:43.122] Config(INTERNAL) Squad/Spaces/mk1pod_IVA/mk1pod_Internal/mk1pod_IVA
[LOG 19:02:43.122] Config(INTERNAL) Squad/Spaces/mk2CockpitStandardInternal/internal/mk2CockpitStandardInternals
[LOG 19:02:43.122] Config(INTERNAL) Squad/Spaces/Mk2CrewCabinInternal/internal_MK2_CrewCab/MK2_CrewCab_Int
[LOG 19:02:43.122] Config(INTERNAL) Squad/Spaces/mk2InlineInternal/internal/mk2InlineInternal
[LOG 19:02:43.122] Config(INTERNAL) Squad/Spaces/mk2LanderCanInternal/internal/mk2LanderCanInternal
[LOG 19:02:43.122] Config(INTERNAL) Squad/Spaces/MK3CockpitInternal/internal_MK3/MK3_Cockpit_Int
[LOG 19:02:43.122] Config(INTERNAL) Squad/Spaces/MK3_CrewCab_Int/internal_MK3_CrewCab/MK3_CrewCab_Int
[LOG 19:02:43.122] Config(INTERNAL) Squad/Spaces/Placeholder/internal/Placeholder
[LOG 19:02:43.122] Config(INTERNAL) Squad/Spaces/PodCockpit/internal/PodCockpit
[LOG 19:02:43.122] Config(STRATEGY_DEPARTMENT) Squad/Strategies/Departments/Finances
[LOG 19:02:43.122] Config(STRATEGY_DEPARTMENT) Squad/Strategies/Departments/Science
[LOG 19:02:43.122] Config(STRATEGY_DEPARTMENT) Squad/Strategies/Departments/Public Relations
[LOG 19:02:43.122] Config(STRATEGY_DEPARTMENT) Squad/Strategies/Departments/Operations
[LOG 19:02:43.122] Config(STRATEGY) Squad/Strategies/Strategies/AppreciationCampaignCfg
[LOG 19:02:43.122] Config(STRATEGY) Squad/Strategies/Strategies/FundraisingCampaignCfg
[LOG 19:02:43.122] Config(STRATEGY) Squad/Strategies/Strategies/OpenSourceTechProgramCfg
[LOG 19:02:43.122] Config(STRATEGY) Squad/Strategies/Strategies/UnpaidResearchProgramCfg
[LOG 19:02:43.122] Config(STRATEGY) Squad/Strategies/Strategies/OutsourcedResearchCfg
[LOG 19:02:43.122] Config(STRATEGY) Squad/Strategies/Strategies/PatentsLicensingCfg
[LOG 19:02:43.122] Config(STRATEGY) Squad/Strategies/Strategies/AgressiveNegotiations
[LOG 19:02:43.122] Config(STRATEGY) Squad/Strategies/Strategies/RecoveryTransponders
[LOG 19:02:43.122] Config(STRATEGY) Squad/Strategies/Strategies/BailoutGrant
[LOG 19:02:43.122] Config(STRATEGY) Squad/Strategies/Strategies/researchIPsellout
[LOG 19:02:43.122] Config(STRATEGY) Squad/Strategies/Strategies/LeadershipInitiative
[LOG 19:02:43.123] Config(TUTORIAL) Squad/Tutorials/FlightSuborbital/FlightSuborbital
[LOG 19:02:43.123] Config(TUTORIAL) Squad/Tutorials/FromMun/FromMun
[LOG 19:02:43.123] Config(TUTORIAL) Squad/Tutorials/GoForOrbit/GoForOrbit
[LOG 19:02:43.123] Config(MISSIONPACK) SquadExpansion/MakingHistory/Missions/MissionPacks/squad_MakingHistory
[LOG 19:02:43.123] Config(MISSIONPACK) SquadExpansion/MakingHistory/Missions/MissionPacks/squad_MakingHistory_Other
[LOG 19:02:43.123] Config(MISSIONPACK) SquadExpansion/MakingHistory/Missions/MissionPacks/squad_MakingHistory_Tutorial
[LOG 19:02:43.123] Config(MEBASICNODE) SquadExpansion/MakingHistory/Nodes/AccuracyLogic/TestAccuracyLogic
[LOG 19:02:43.123] Config(MEBASICNODE) SquadExpansion/MakingHistory/Nodes/ActionChancePartResourceLevels/ActionPartResourceAmount
[LOG 19:02:43.123] Config(MEBASICNODE) SquadExpansion/MakingHistory/Nodes/ActionExplode/ActionVesselExplode
[LOG 19:02:43.123] Config(MEBASICNODE) SquadExpansion/MakingHistory/Nodes/ActionMissionScore/MissionScore
[LOG 19:02:43.123] Config(MEBASICNODE) SquadExpansion/MakingHistory/Nodes/ActionModifierFunds/ModifyFunds
[LOG 19:02:43.123] Config(MEBASICNODE) SquadExpansion/MakingHistory/Nodes/ActionModifierScore/MissionScore
[LOG 19:02:43.123] Config(MEBASICNODE) SquadExpansion/MakingHistory/Nodes/ActionPartExplode/ActionPartExplode
[LOG 19:02:43.123] Config(MEBASICNODE) SquadExpansion/MakingHistory/Nodes/ActionPartResourceDrain/ActionPartResourceDrain
[LOG 19:02:43.123] Config(MEBASICNODE) SquadExpansion/MakingHistory/Nodes/ActionVesselActionGroup/ActionVesselActionGroup
[LOG 19:02:43.123] Config(MEBASICNODE) SquadExpansion/MakingHistory/Nodes/ActionVesselStage/ActionVesselStage
[LOG 19:02:43.123] Config(MEBASICNODE) SquadExpansion/MakingHistory/Nodes/CreateAsteroid/CreateAsteroid
[LOG 19:02:43.123] Config(MEBASICNODE) SquadExpansion/MakingHistory/Nodes/CreateComet/CreateComet
[LOG 19:02:43.123] Config(MEBASICNODE) SquadExpansion/MakingHistory/Nodes/CreateFlag/CreateFlag
[LOG 19:02:43.123] Config(MEBASICNODE) SquadExpansion/MakingHistory/Nodes/CreateLaunchSite/CreateLaunchSite
[LOG 19:02:43.123] Config(MEBASICNODE) SquadExpansion/MakingHistory/Nodes/CreateVessel/CreateVessel
[LOG 19:02:43.123] Config(MEBASICNODE) SquadExpansion/MakingHistory/Nodes/CrewAssignment/TestCrewAssignment
[LOG 19:02:43.123] Config(MEBASICNODE) SquadExpansion/MakingHistory/Nodes/Destroyed/Crashed
[LOG 19:02:43.123] Config(MEBASICNODE) SquadExpansion/MakingHistory/Nodes/DialogMessage/DialogMessage
[LOG 19:02:43.123] Config(MEBASICNODE) SquadExpansion/MakingHistory/Nodes/Distance/Distance
[LOG 19:02:43.123] Config(MEBASICNODE) SquadExpansion/MakingHistory/Nodes/EmptyFalse/EmptyFalse
[LOG 19:02:43.124] Config(MEBASICNODE) SquadExpansion/MakingHistory/Nodes/EmptyTrue/EmptyTrue
[LOG 19:02:43.124] Config(MEBASICNODE) SquadExpansion/MakingHistory/Nodes/EscapeSOI/SOILeft
[LOG 19:02:43.124] Config(MEBASICNODE) SquadExpansion/MakingHistory/Nodes/EVA/EVA
[LOG 19:02:43.124] Config(MEBASICNODE) SquadExpansion/MakingHistory/Nodes/Flying/Flying
[LOG 19:02:43.124] Config(MEBASICNODE) SquadExpansion/MakingHistory/Nodes/FundsRecovery/FundsRecovery
[LOG 19:02:43.124] Config(MEBASICNODE) SquadExpansion/MakingHistory/Nodes/KerbalBoarded/TestKerbalBoarded
[LOG 19:02:43.124] Config(MEBASICNODE) SquadExpansion/MakingHistory/Nodes/KerbalKilled/EVA
[LOG 19:02:43.124] Config(MEBASICNODE) SquadExpansion/MakingHistory/Nodes/KerbalRecovery/KerbalRecovery
[LOG 19:02:43.124] Config(MEBASICNODE) SquadExpansion/MakingHistory/Nodes/KerbalRescue/KerbalRescue
[LOG 19:02:43.124] Config(MEBASICNODE) SquadExpansion/MakingHistory/Nodes/Landed/Landed
[LOG 19:02:43.124] Config(MEBASICNODE) SquadExpansion/MakingHistory/Nodes/Message/Message
[LOG 19:02:43.124] Config(MEBASICNODE) SquadExpansion/MakingHistory/Nodes/MissionFunds/MissionFunds
[LOG 19:02:43.124] Config(MEBASICNODE) SquadExpansion/MakingHistory/Nodes/MissionScore/MissionScore
[LOG 19:02:43.124] Config(MEBASICNODE) SquadExpansion/MakingHistory/Nodes/Orbit/Orbit
[LOG 19:02:43.124] Config(MEBASICNODE) SquadExpansion/MakingHistory/Nodes/OrbitParams/OrbitParams
[LOG 19:02:43.124] Config(MEBASICNODE) SquadExpansion/MakingHistory/Nodes/PartDocking/TestPartDocking
[LOG 19:02:43.124] Config(MEBASICNODE) SquadExpansion/MakingHistory/Nodes/PartFailure/PartFailure
[LOG 19:02:43.124] Config(MEBASICNODE) SquadExpansion/MakingHistory/Nodes/PartGrapple/TestGrapple
[LOG 19:02:43.124] Config(MEBASICNODE) SquadExpansion/MakingHistory/Nodes/PartRepair/PartRepair
[LOG 19:02:43.124] Config(MEBASICNODE) SquadExpansion/MakingHistory/Nodes/PlaceKerbal/CreateKerbal
[LOG 19:02:43.124] Config(MEBASICNODE) SquadExpansion/MakingHistory/Nodes/PlantFlag/PlantFlag
[LOG 19:02:43.124] Config(MEBASICNODE) SquadExpansion/MakingHistory/Nodes/ReachSOI/ReachSOI
[LOG 19:02:43.124] Config(MEBASICNODE) SquadExpansion/MakingHistory/Nodes/Resource/ResourceAmount
[LOG 19:02:43.124] Config(MEBASICNODE) SquadExpansion/MakingHistory/Nodes/ResourceRecovery/TestResourcesRecovery
[LOG 19:02:43.124] Config(MEBASICNODE) SquadExpansion/MakingHistory/Nodes/ScienceExperiment/ScienceExperiment
[LOG 19:02:43.124] Config(MEBASICNODE) SquadExpansion/MakingHistory/Nodes/SetCamera/SetCamera
[LOG 19:02:43.125] Config(MEBASICNODE) SquadExpansion/MakingHistory/Nodes/SplashDown/SplashDown
[LOG 19:02:43.125] Config(MEBASICNODE) SquadExpansion/MakingHistory/Nodes/StageActivated/TestVesselStageActivated
[LOG 19:02:43.125] Config(MEBASICNODE) SquadExpansion/MakingHistory/Nodes/TakeKerbal/TestTakeKerbal
[LOG 19:02:43.125] Config(MEBASICNODE) SquadExpansion/MakingHistory/Nodes/TestFlyThrough/TestFlyThrough
[LOG 19:02:43.125] Config(MEBASICNODE) SquadExpansion/MakingHistory/Nodes/TestGoTo/TestGoTo
[LOG 19:02:43.125] Config(MEBASICNODE) SquadExpansion/MakingHistory/Nodes/TimeMET/TimeMET
[LOG 19:02:43.125] Config(MEBASICNODE) SquadExpansion/MakingHistory/Nodes/TimeOfMission/TimeOfMission
[LOG 19:02:43.125] Config(MEBASICNODE) SquadExpansion/MakingHistory/Nodes/TimeSinceNode/TestTimeSinceNode
[LOG 19:02:43.125] Config(MEBASICNODE) SquadExpansion/MakingHistory/Nodes/VesselActiveCount/TestVesselActiveCount
[LOG 19:02:43.125] Config(MEBASICNODE) SquadExpansion/MakingHistory/Nodes/VesselAltitudeGoal/VesselAltitudeGoal
[LOG 19:02:43.125] Config(MEBASICNODE) SquadExpansion/MakingHistory/Nodes/VesselCrewCount/VeselCrewCount
[LOG 19:02:43.125] Config(MEBASICNODE) SquadExpansion/MakingHistory/Nodes/VesselMassLogic/VesselMass
[LOG 19:02:43.125] Config(MEBASICNODE) SquadExpansion/MakingHistory/Nodes/VesselPartCount/PartCount
[LOG 19:02:43.125] Config(MEBASICNODE) SquadExpansion/MakingHistory/Nodes/VesselRecovery/TestVesselRecovery
[LOG 19:02:43.125] Config(MEBASICNODE) SquadExpansion/MakingHistory/Nodes/VesselStage/TestVesselStage
[LOG 19:02:43.125] Config(MEBASICNODE) SquadExpansion/MakingHistory/Nodes/VesselVelocity/VesselVelocity
[LOG 19:02:43.125] Config(PART) SquadExpansion/MakingHistory/Parts/Aero/protectiveRocketNoseMk16/rocketNoseCone_size4/rocketNoseConeSize4
[LOG 19:02:43.125] Config(PART) SquadExpansion/MakingHistory/Parts/Aero/protectiveRocketNoseMk5A/Size_1_5_Cone/Size_1_5_Cone
[LOG 19:02:43.125] Config(PART) SquadExpansion/MakingHistory/Parts/Coupling/Decoupler_1p5/Decoupler_1p5
[LOG 19:02:43.125] Config(PART) SquadExpansion/MakingHistory/Parts/Coupling/Decoupler_4/Decoupler_4
[LOG 19:02:43.125] Config(PART) SquadExpansion/MakingHistory/Parts/Coupling/EnginePlate_1p5/EnginePlate1p5
[LOG 19:02:43.125] Config(PART) SquadExpansion/MakingHistory/Parts/Coupling/EnginePlate_2/EnginePlate2
[LOG 19:02:43.125] Config(PART) SquadExpansion/MakingHistory/Parts/Coupling/EnginePlate_3/EnginePlate3
[LOG 19:02:43.125] Config(PART) SquadExpansion/MakingHistory/Parts/Coupling/EnginePlate_4/EnginePlate4
[LOG 19:02:43.125] Config(PART) SquadExpansion/MakingHistory/Parts/Coupling/EnginePlate_5/EnginePlate5
[LOG 19:02:43.126] Config(PART) SquadExpansion/MakingHistory/Parts/Coupling/InflatableAirlock/InflatableAirlock
[LOG 19:02:43.126] Config(PART) SquadExpansion/MakingHistory/Parts/Coupling/Separator_1p5/Separator_1p5
[LOG 19:02:43.126] Config(PART) SquadExpansion/MakingHistory/Parts/Coupling/Separator_4/Separator_4
[LOG 19:02:43.126] Config(PART) SquadExpansion/MakingHistory/Parts/Coupling/Size1p5_Strut_Decoupler/Size1p5_Strut_Decoupler
[LOG 19:02:43.126] Config(PART) SquadExpansion/MakingHistory/Parts/Engine/LiquidEngineKE-1/LiquidEngineKE-1
[LOG 19:02:43.126] Config(PART) SquadExpansion/MakingHistory/Parts/Engine/LiquidEngineLV-T91/LiquidEngineLV-T91
[LOG 19:02:43.126] Config(PART) SquadExpansion/MakingHistory/Parts/Engine/LiquidEngineLV-TX87/LiquidEngineLV-TX87
[LOG 19:02:43.126] Config(PART) SquadExpansion/MakingHistory/Parts/Engine/LiquidEngineRE-I2/LiquidEngineRE-I2
[LOG 19:02:43.126] Config(PART) SquadExpansion/MakingHistory/Parts/Engine/LiquidEngineRE-J10/LiquidEngineRE-J10
[LOG 19:02:43.126] Config(PART) SquadExpansion/MakingHistory/Parts/Engine/LiquidEngineRK-7/LiquidEngineRK-7
[LOG 19:02:43.126] Config(PART) SquadExpansion/MakingHistory/Parts/Engine/LiquidEngineRV-1/LiquidEngineRV-1
[LOG 19:02:43.126] Config(PART) SquadExpansion/MakingHistory/Parts/Engine/solidBoosterTHK/solidBoosterTHK/Pollux
[LOG 19:02:43.126] Config(PART) SquadExpansion/MakingHistory/Parts/FuelTank/MonoPropMini/monopropMiniSphere
[LOG 19:02:43.126] Config(PART) SquadExpansion/MakingHistory/Parts/FuelTank/Size1p5_Monoprop/Size1p5_Monoprop
[LOG 19:02:43.126] Config(PART) SquadExpansion/MakingHistory/Parts/FuelTank/Size1p5_Size0_Adapter_01/Size1p5_Size0_Adapter_01
[LOG 19:02:43.126] Config(PART) SquadExpansion/MakingHistory/Parts/FuelTank/Size1p5_Size1_Adapter_01/Size1p5_Size1_Adapter_01
[LOG 19:02:43.126] Config(PART) SquadExpansion/MakingHistory/Parts/FuelTank/Size1p5_Size1_Adapter_02/Size1p5_Size1_Adapter_02
[LOG 19:02:43.126] Config(PART) SquadExpansion/MakingHistory/Parts/FuelTank/Size1p5_Size2_Adapter_01/Size1p5_Size2_Adapter_01
[LOG 19:02:43.126] Config(PART) SquadExpansion/MakingHistory/Parts/FuelTank/Size1p5_Tank_01/Size1p5_Tank_01
[LOG 19:02:43.126] Config(PART) SquadExpansion/MakingHistory/Parts/FuelTank/Size1p5_Tank_02/Size1p5_Tank_02
[LOG 19:02:43.126] Config(PART) SquadExpansion/MakingHistory/Parts/FuelTank/Size1p5_Tank_03/Size1p5_Tank_03
[LOG 19:02:43.126] Config(PART) SquadExpansion/MakingHistory/Parts/FuelTank/Size1p5_Tank_04/Size1p5_Tank_04
[LOG 19:02:43.126] Config(PART) SquadExpansion/MakingHistory/Parts/FuelTank/Size1p5_Tank_05/Size1p5_Tank_05
[LOG 19:02:43.126] Config(PART) SquadExpansion/MakingHistory/Parts/FuelTank/Size3_Size4_Adapter_01/Size3_Size4_Adapter_01
[LOG 19:02:43.126] Config(PART) SquadExpansion/MakingHistory/Parts/FuelTank/Size4_EngineAdapter_01/Size4_EngineAdapter_01
[LOG 19:02:43.127] Config(PART) SquadExpansion/MakingHistory/Parts/FuelTank/Size4_Tank_01/Size4_Tank_01
[LOG 19:02:43.127] Config(PART) SquadExpansion/MakingHistory/Parts/FuelTank/Size4_Tank_02/Size4_Tank_02
[LOG 19:02:43.127] Config(PART) SquadExpansion/MakingHistory/Parts/FuelTank/Size4_Tank_03/Size4_Tank_03
[LOG 19:02:43.127] Config(PART) SquadExpansion/MakingHistory/Parts/FuelTank/Size4_Tank_04/Size4_Tank_04
[LOG 19:02:43.127] Config(PART) SquadExpansion/MakingHistory/Parts/Ground/RoverWheel/roverWheelM1-F
[LOG 19:02:43.127] Config(PART) SquadExpansion/MakingHistory/Parts/Payload/fairingSize1p5/fairingSize1p5
[LOG 19:02:43.127] Config(PART) SquadExpansion/MakingHistory/Parts/Payload/fairingSize4/fairingSize4
[LOG 19:02:43.127] Config(PART) SquadExpansion/MakingHistory/Parts/Payload/Size1to0ServiceModule/Size1to0ServiceModule
[LOG 19:02:43.127] Config(PART) SquadExpansion/MakingHistory/Parts/Payload/SM18/ServiceModule18
[LOG 19:02:43.127] Config(PART) SquadExpansion/MakingHistory/Parts/Payload/SM25/ServiceModule25
[LOG 19:02:43.127] Config(PART) SquadExpansion/MakingHistory/Parts/Pods/KV1Pod/kv1Pod
[LOG 19:02:43.127] Config(PART) SquadExpansion/MakingHistory/Parts/Pods/KV2Pod/kv2Pod
[LOG 19:02:43.127] Config(PART) SquadExpansion/MakingHistory/Parts/Pods/KV3Pod/kv3Pod
[LOG 19:02:43.127] Config(PART) SquadExpansion/MakingHistory/Parts/Pods/Mk2Pod/Mk2Pod
[LOG 19:02:43.127] Config(PART) SquadExpansion/MakingHistory/Parts/Pods/Size1_5_Lander/MEMLander
[LOG 19:02:43.127] Config(PART) SquadExpansion/MakingHistory/Parts/Prebuilt/kerbalEVAfemaleVintage/kerbalEVAfemaleVintage
[LOG 19:02:43.127] Config(PART) SquadExpansion/MakingHistory/Parts/Prebuilt/kerbalEVAVintage/kerbalEVAVintage
[LOG 19:02:43.127] Config(PART) SquadExpansion/MakingHistory/Parts/Structural/EquiTriangle0/EquiTriangle0
[LOG 19:02:43.127] Config(PART) SquadExpansion/MakingHistory/Parts/Structural/EquiTriangle1/EquiTriangle1
[LOG 19:02:43.127] Config(PART) SquadExpansion/MakingHistory/Parts/Structural/EquiTriangle1p5/EquiTriangle1p5
[LOG 19:02:43.127] Config(PART) SquadExpansion/MakingHistory/Parts/Structural/EquiTriangle2/EquiTriangle2
[LOG 19:02:43.127] Config(PART) SquadExpansion/MakingHistory/Parts/Structural/Panel0/Panel0
[LOG 19:02:43.127] Config(PART) SquadExpansion/MakingHistory/Parts/Structural/Panel1/Panel1
[LOG 19:02:43.127] Config(PART) SquadExpansion/MakingHistory/Parts/Structural/Panel1p5/Panel1p5
[LOG 19:02:43.127] Config(PART) SquadExpansion/MakingHistory/Parts/Structural/Panel2/Panel2
[LOG 19:02:43.127] Config(PART) SquadExpansion/MakingHistory/Parts/Structural/Triangle0/Triangle0
[LOG 19:02:43.128] Config(PART) SquadExpansion/MakingHistory/Parts/Structural/Triangle1/Triangle1
[LOG 19:02:43.128] Config(PART) SquadExpansion/MakingHistory/Parts/Structural/Triangle1p5/Triangle1p5
[LOG 19:02:43.128] Config(PART) SquadExpansion/MakingHistory/Parts/Structural/Triangle2/Triangle2
[LOG 19:02:43.128] Config(PART) SquadExpansion/MakingHistory/Parts/Structural/Tube1/Tube1
[LOG 19:02:43.128] Config(PART) SquadExpansion/MakingHistory/Parts/Structural/Tube1p5/Tube1p5
[LOG 19:02:43.128] Config(PART) SquadExpansion/MakingHistory/Parts/Structural/Tube2/Tube2
[LOG 19:02:43.128] Config(PART) SquadExpansion/MakingHistory/Parts/Structural/Tube3/Tube3
[LOG 19:02:43.128] Config(PART) SquadExpansion/MakingHistory/Parts/Structural/Tube4/Tube4
[LOG 19:02:43.128] Config(PART) SquadExpansion/MakingHistory/Parts/Thermal/HeatShield1p5/HeatShield1p5
[LOG 19:02:43.128] Config(PART) SquadExpansion/MakingHistory/Parts/Utility/flags/flagSize1p5/flagSize1p5/flagPartSize1p5
[LOG 19:02:43.128] Config(PART) SquadExpansion/MakingHistory/Parts/Utility/flags/flagSize4/flagSize4/flagPartSize4
[LOG 19:02:43.128] Config(INTERNAL) SquadExpansion/MakingHistory/Spaces/KVPods/Airlock_Internal/Airlock_IVA
[LOG 19:02:43.128] Config(INTERNAL) SquadExpansion/MakingHistory/Spaces/KVPods/KV1_Internal/KV1_IVA
[LOG 19:02:43.128] Config(INTERNAL) SquadExpansion/MakingHistory/Spaces/KVPods/KV2_Internal/KV2_IVA
[LOG 19:02:43.128] Config(INTERNAL) SquadExpansion/MakingHistory/Spaces/KVPods/KV3_Internal/KV3_IVA
[LOG 19:02:43.128] Config(INTERNAL) SquadExpansion/MakingHistory/Spaces/MEM/MEM_IVA/MEM_IVA
[LOG 19:02:43.128] Config(INTERNAL) SquadExpansion/MakingHistory/Spaces/Mk2Pod/Mk2Pod_Internal/MK2POD_IVA
[LOG 19:02:43.128] Config(Contracts) SquadExpansion/Serenity/Contracts/contracts/Contracts
[LOG 19:02:43.128] Config(EXPERIENCE_TRAIT) SquadExpansion/Serenity/Experience/Traits/Engineer
[LOG 19:02:43.128] Config(EXPERIENCE_TRAIT) SquadExpansion/Serenity/Experience/Traits/Scientist
[LOG 19:02:43.128] Config(Localization) SquadExpansion/Serenity/Localization/dictionary/Localization
[LOG 19:02:43.128] Config(PART) SquadExpansion/Serenity/Parts/Aero/FanShroud_01/FanShroud_01
[LOG 19:02:43.128] Config(PART) SquadExpansion/Serenity/Parts/Aero/FanShroud_02/FanShroud_02
[LOG 19:02:43.128] Config(PART) SquadExpansion/Serenity/Parts/Aero/FanShroud_03/FanShroud_03
[LOG 19:02:43.128] Config(PART) SquadExpansion/Serenity/Parts/Aero/noseconeTiny/noseconeTiny
[LOG 19:02:43.129] Config(PART) SquadExpansion/Serenity/Parts/Aero/noseconeVS/noseconeVS
[LOG 19:02:43.129] Config(PART) SquadExpansion/Serenity/Parts/DeployedScience/centralStation/DeployedCentralStation
[LOG 19:02:43.129] Config(PART) SquadExpansion/Serenity/Parts/DeployedScience/gooObservation/DeployedGoExOb
[LOG 19:02:43.129] Config(PART) SquadExpansion/Serenity/Parts/DeployedScience/ionCollector/DeployedIONExp
[LOG 19:02:43.129] Config(PART) SquadExpansion/Serenity/Parts/DeployedScience/rtg/DeployedRTG
[LOG 19:02:43.129] Config(PART) SquadExpansion/Serenity/Parts/DeployedScience/satDish/DeployedSatDish
[LOG 19:02:43.129] Config(PART) SquadExpansion/Serenity/Parts/DeployedScience/seismicSensor/DeployedSeismicSensor
[LOG 19:02:43.129] Config(PART) SquadExpansion/Serenity/Parts/DeployedScience/solarPanel/DeployedSolarPanel
[LOG 19:02:43.129] Config(PART) SquadExpansion/Serenity/Parts/DeployedScience/weatherStation/DeployedWeatherStn
[LOG 19:02:43.129] Config(PART) SquadExpansion/Serenity/Parts/Prebuilt/kerbalEVA/kerbalEVA
[LOG 19:02:43.129] Config(PART) SquadExpansion/Serenity/Parts/Prebuilt/kerbalEVAfemale/kerbalEVAfemale
[LOG 19:02:43.129] Config(PART) SquadExpansion/Serenity/Parts/Prebuilt/kerbalEVAfemaleFuture/kerbalEVAfemaleFuture
[LOG 19:02:43.129] Config(PART) SquadExpansion/Serenity/Parts/Prebuilt/kerbalEVAfemaleVintage/kerbalEVAfemaleVintage
[LOG 19:02:43.129] Config(PART) SquadExpansion/Serenity/Parts/Prebuilt/kerbalEVAFuture/kerbalEVAFuture
[LOG 19:02:43.129] Config(PART) SquadExpansion/Serenity/Parts/Prebuilt/kerbalEVASlimSuit/kerbalEVASlimSuit
[LOG 19:02:43.129] Config(PART) SquadExpansion/Serenity/Parts/Prebuilt/kerbalEVASlimSuitFemale/kerbalEVASlimSuitFemale
[LOG 19:02:43.129] Config(PART) SquadExpansion/Serenity/Parts/Prebuilt/kerbalEVAVintage/kerbalEVAVintage
[LOG 19:02:43.129] Config(PART) SquadExpansion/Serenity/Parts/Propellers/largeFanBlade/largeFanBlade
[LOG 19:02:43.129] Config(PART) SquadExpansion/Serenity/Parts/Propellers/largeHeliBlade/largeHeliBlade
[LOG 19:02:43.129] Config(PART) SquadExpansion/Serenity/Parts/Propellers/largePropeller/largePropeller
[LOG 19:02:43.129] Config(PART) SquadExpansion/Serenity/Parts/Propellers/mediumFanBlade/mediumFanBlade
[LOG 19:02:43.129] Config(PART) SquadExpansion/Serenity/Parts/Propellers/mediumHeliBlade/mediumHeliBlade
[LOG 19:02:43.129] Config(PART) SquadExpansion/Serenity/Parts/Propellers/mediumPropeller/mediumPropeller
[LOG 19:02:43.129] Config(PART) SquadExpansion/Serenity/Parts/Propellers/smallFanBlade/smallFanBlade
[LOG 19:02:43.129] Config(PART) SquadExpansion/Serenity/Parts/Propellers/smallHeliBlade/smallHeliBlade
[LOG 19:02:43.129] Config(PART) SquadExpansion/Serenity/Parts/Propellers/smallPropeller/smallPropeller
[LOG 19:02:43.129] Config(PART) SquadExpansion/Serenity/Parts/Robotics/hinge_01/hinge_01
[LOG 19:02:43.130] Config(PART) SquadExpansion/Serenity/Parts/Robotics/hinge_01_s/hinge_01_s
[LOG 19:02:43.130] Config(PART) SquadExpansion/Serenity/Parts/Robotics/hinge_03/hinge_03
[LOG 19:02:43.130] Config(PART) SquadExpansion/Serenity/Parts/Robotics/hinge_03_s/hinge_03_s
[LOG 19:02:43.130] Config(PART) SquadExpansion/Serenity/Parts/Robotics/hinge_04/hinge_04
[LOG 19:02:43.130] Config(PART) SquadExpansion/Serenity/Parts/Robotics/piston_01/piston_01
[LOG 19:02:43.130] Config(PART) SquadExpansion/Serenity/Parts/Robotics/piston_02/piston_02
[LOG 19:02:43.130] Config(PART) SquadExpansion/Serenity/Parts/Robotics/piston_03/piston_03
[LOG 19:02:43.130] Config(PART) SquadExpansion/Serenity/Parts/Robotics/piston_04/piston_04
[LOG 19:02:43.130] Config(PART) SquadExpansion/Serenity/Parts/Robotics/RotorEngine_02/RotorEngine_02
[LOG 19:02:43.130] Config(PART) SquadExpansion/Serenity/Parts/Robotics/RotorEngine_03/RotorEngine_03
[LOG 19:02:43.130] Config(PART) SquadExpansion/Serenity/Parts/Robotics/rotor_01/rotor_01
[LOG 19:02:43.130] Config(PART) SquadExpansion/Serenity/Parts/Robotics/rotor_01s/rotor_01s
[LOG 19:02:43.130] Config(PART) SquadExpansion/Serenity/Parts/Robotics/rotor_02/rotor_02
[LOG 19:02:43.130] Config(PART) SquadExpansion/Serenity/Parts/Robotics/rotor_02s/rotor_02s
[LOG 19:02:43.130] Config(PART) SquadExpansion/Serenity/Parts/Robotics/rotor_03/rotor_03
[LOG 19:02:43.130] Config(PART) SquadExpansion/Serenity/Parts/Robotics/rotor_03s/rotor_03s
[LOG 19:02:43.130] Config(PART) SquadExpansion/Serenity/Parts/Robotics/rotoServo_00/rotoServo_00
[LOG 19:02:43.130] Config(PART) SquadExpansion/Serenity/Parts/Robotics/rotoServo_02/rotoServo_02
[LOG 19:02:43.130] Config(PART) SquadExpansion/Serenity/Parts/Robotics/rotoServo_03/rotoServo_03
[LOG 19:02:43.130] Config(PART) SquadExpansion/Serenity/Parts/Robotics/rotoServo_04/rotoServo_04
[LOG 19:02:43.130] Config(PART) SquadExpansion/Serenity/Parts/Robotics/Controllers/KAL1000/controller1000
[LOG 19:02:43.130] Config(PART) SquadExpansion/Serenity/Parts/Science/RobotArmScanner/RobotArmScanner_S1/RobotArmScanner_S1
[LOG 19:02:43.130] Config(PART) SquadExpansion/Serenity/Parts/Science/RobotArmScanner/RobotArmScanner_S2/RobotArmScanner_S2
[LOG 19:02:43.130] Config(PART) SquadExpansion/Serenity/Parts/Science/RobotArmScanner/RobotArmScanner_S3/RobotArmScanner_S3
[LOG 19:02:43.130] Config(PART) SquadExpansion/Serenity/Parts/Structural/gripPads/lGripPad/lGripPad
[LOG 19:02:43.131] Config(PART) SquadExpansion/Serenity/Parts/Structural/gripPads/lGripStrip/lGripStrip
[LOG 19:02:43.131] Config(PART) SquadExpansion/Serenity/Parts/Structural/gripPads/mGripPad/mGripPad
[LOG 19:02:43.131] Config(PART) SquadExpansion/Serenity/Parts/Structural/gripPads/sGripPad/sGripPad
[LOG 19:02:43.131] Config(PART) SquadExpansion/Serenity/Parts/Structural/gripPads/sGripStrip/sGripStrip
[LOG 19:02:43.131] Config(DEPLOYEDSCIENCE) SquadExpansion/Serenity/Resources/DeployedScience/DEPLOYEDSCIENCE
[LOG 19:02:43.131] Config(PHYSICMATERIAL_DEFINITION) SquadExpansion/Serenity/Resources/PhysicsMaterials/MediumGrip
[LOG 19:02:43.131] Config(PHYSICMATERIAL_DEFINITION) SquadExpansion/Serenity/Resources/PhysicsMaterials/HighGrip
[LOG 19:02:43.131] Config(PHYSICMATERIAL_DEFINITION) SquadExpansion/Serenity/Resources/PhysicsMaterials/ExtremeGrip
[LOG 19:02:43.131] Config(PHYSICMATERIAL_DEFINITION) SquadExpansion/Serenity/Resources/PhysicsMaterials/LowGrip
[LOG 19:02:43.131] Config(PHYSICMATERIAL_DEFINITION) SquadExpansion/Serenity/Resources/PhysicsMaterials/Default
[LOG 19:02:43.131] Config(ROC_DEFINITION) SquadExpansion/Serenity/Resources/rocsdef/ROC_DEFINITION
[LOG 19:02:43.131] Config(ROC_DEFINITION) SquadExpansion/Serenity/Resources/rocsdef/ROC_DEFINITION
[LOG 19:02:43.131] Config(ROC_DEFINITION) SquadExpansion/Serenity/Resources/rocsdef/ROC_DEFINITION
[LOG 19:02:43.131] Config(ROC_DEFINITION) SquadExpansion/Serenity/Resources/rocsdef/ROC_DEFINITION
[LOG 19:02:43.131] Config(ROC_DEFINITION) SquadExpansion/Serenity/Resources/rocsdef/ROC_DEFINITION
[LOG 19:02:43.131] Config(ROC_DEFINITION) SquadExpansion/Serenity/Resources/rocsdef/ROC_DEFINITION
[LOG 19:02:43.131] Config(ROC_DEFINITION) SquadExpansion/Serenity/Resources/rocsdef/ROC_DEFINITION
[LOG 19:02:43.131] Config(ROC_DEFINITION) SquadExpansion/Serenity/Resources/rocsdef/ROC_DEFINITION
[LOG 19:02:43.131] Config(ROC_DEFINITION) SquadExpansion/Serenity/Resources/rocsdef/ROC_DEFINITION
[LOG 19:02:43.131] Config(ROC_DEFINITION) SquadExpansion/Serenity/Resources/rocsdef/ROC_DEFINITION
[LOG 19:02:43.131] Config(ROC_DEFINITION) SquadExpansion/Serenity/Resources/rocsdef/ROC_DEFINITION
[LOG 19:02:43.131] Config(ROC_DEFINITION) SquadExpansion/Serenity/Resources/rocsdef/ROC_DEFINITION
[LOG 19:02:43.131] Config(ROC_DEFINITION) SquadExpansion/Serenity/Resources/rocsdef/ROC_DEFINITION
[LOG 19:02:43.131] Config(ROC_DEFINITION) SquadExpansion/Serenity/Resources/rocsdef/ROC_DEFINITION
[LOG 19:02:43.131] Config(ROC_DEFINITION) SquadExpansion/Serenity/Resources/rocsdef/ROC_DEFINITION
[LOG 19:02:43.131] Config(ROC_DEFINITION) SquadExpansion/Serenity/Resources/rocsdef/ROC_DEFINITION
[LOG 19:02:43.131] Config(ROC_DEFINITION) SquadExpansion/Serenity/Resources/rocsdef/ROC_DEFINITION
[LOG 19:02:43.131] Config(ROC_DEFINITION) SquadExpansion/Serenity/Resources/rocsdef/ROC_DEFINITION
[LOG 19:02:43.131] Config(ROC_DEFINITION) SquadExpansion/Serenity/Resources/rocsdef/ROC_DEFINITION
[LOG 19:02:43.131] Config(ROC_DEFINITION) SquadExpansion/Serenity/Resources/rocsdef/ROC_DEFINITION
[LOG 19:02:43.132] Config(ROC_DEFINITION) SquadExpansion/Serenity/Resources/rocsdef/ROC_DEFINITION
[LOG 19:02:43.132] Config(ROC_DEFINITION) SquadExpansion/Serenity/Resources/rocsdef/ROC_DEFINITION
[LOG 19:02:43.132] Config(ROC_DEFINITION) SquadExpansion/Serenity/Resources/rocsdef/ROC_DEFINITION
[LOG 19:02:43.132] Config(ROC_DEFINITION) SquadExpansion/Serenity/Resources/rocsdef/ROC_DEFINITION
[LOG 19:02:43.132] Config(ROC_DEFINITION) SquadExpansion/Serenity/Resources/rocsdef/ROC_DEFINITION
[LOG 19:02:43.132] Config(ROC_DEFINITION) SquadExpansion/Serenity/Resources/rocsdef/ROC_DEFINITION
[LOG 19:02:43.132] Config(ROC_DEFINITION) SquadExpansion/Serenity/Resources/rocsdef/ROC_DEFINITION
[LOG 19:02:43.132] Config(ROC_DEFINITION) SquadExpansion/Serenity/Resources/rocsdef/ROC_DEFINITION
[LOG 19:02:43.132] Config(ROC_DEFINITION) SquadExpansion/Serenity/Resources/rocsdef/ROC_DEFINITION
[LOG 19:02:43.132] Config(ROC_DEFINITION) SquadExpansion/Serenity/Resources/rocsdef/ROC_DEFINITION
[LOG 19:02:43.132] Config(ROC_DEFINITION) SquadExpansion/Serenity/Resources/rocsdef/ROC_DEFINITION
[LOG 19:02:43.132] Config(ROC_DEFINITION) SquadExpansion/Serenity/Resources/rocsdef/ROC_DEFINITION
[LOG 19:02:43.132] Config(ROC_DEFINITION) SquadExpansion/Serenity/Resources/rocsdef/ROC_DEFINITION
[LOG 19:02:43.132] Config(ROC_DEFINITION) SquadExpansion/Serenity/Resources/rocsdef/ROC_DEFINITION
[LOG 19:02:43.132] Config(EXPERIMENT_DEFINITION) SquadExpansion/Serenity/Resources/ScienceDefs/EXPERIMENT_DEFINITION
[LOG 19:02:43.132] Config(EXPERIMENT_DEFINITION) SquadExpansion/Serenity/Resources/ScienceDefs/EXPERIMENT_DEFINITION
[LOG 19:02:43.132] Config(EXPERIMENT_DEFINITION) SquadExpansion/Serenity/Resources/ScienceDefs/EXPERIMENT_DEFINITION
[LOG 19:02:43.132] Config(EXPERIMENT_DEFINITION) SquadExpansion/Serenity/Resources/ScienceDefs/EXPERIMENT_DEFINITION
[LOG 19:02:43.132] Config(EXPERIMENT_DEFINITION) SquadExpansion/Serenity/Resources/ScienceDefs/EXPERIMENT_DEFINITION
[LOG 19:02:43.132] Config(EXPERIMENT_DEFINITION) SquadExpansion/Serenity/Resources/ScienceDefs/EXPERIMENT_DEFINITION
[LOG 19:02:43.132] Config(EXPERIMENT_DEFINITION) SquadExpansion/Serenity/Resources/ScienceDefs/EXPERIMENT_DEFINITION
[LOG 19:02:43.132] Config(EXPERIMENT_DEFINITION) SquadExpansion/Serenity/Resources/ScienceDefs/EXPERIMENT_DEFINITION
[LOG 19:02:43.132] Config(EXPERIMENT_DEFINITION) SquadExpansion/Serenity/Resources/ScienceDefs/EXPERIMENT_DEFINITION
[LOG 19:02:43.132] Config(EXPERIMENT_DEFINITION) SquadExpansion/Serenity/Resources/ScienceDefs/EXPERIMENT_DEFINITION
[LOG 19:02:43.132] Config(EXPERIMENT_DEFINITION) SquadExpansion/Serenity/Resources/ScienceDefs/EXPERIMENT_DEFINITION
[LOG 19:02:43.132] Config(EXPERIMENT_DEFINITION) SquadExpansion/Serenity/Resources/ScienceDefs/EXPERIMENT_DEFINITION
[LOG 19:02:43.132] Config(EXPERIMENT_DEFINITION) SquadExpansion/Serenity/Resources/ScienceDefs/EXPERIMENT_DEFINITION
[LOG 19:02:43.133] Config(EXPERIMENT_DEFINITION) SquadExpansion/Serenity/Resources/ScienceDefs/EXPERIMENT_DEFINITION
[LOG 19:02:43.133] Config(EXPERIMENT_DEFINITION) SquadExpansion/Serenity/Resources/ScienceDefs/EXPERIMENT_DEFINITION
[LOG 19:02:43.133] Config(EXPERIMENT_DEFINITION) SquadExpansion/Serenity/Resources/ScienceDefs/EXPERIMENT_DEFINITION
[LOG 19:02:43.133] Config(EXPERIMENT_DEFINITION) SquadExpansion/Serenity/Resources/ScienceDefs/EXPERIMENT_DEFINITION
[LOG 19:02:43.133] Config(EXPERIMENT_DEFINITION) SquadExpansion/Serenity/Resources/ScienceDefs/EXPERIMENT_DEFINITION
[LOG 19:02:43.133] Config(EXPERIMENT_DEFINITION) SquadExpansion/Serenity/Resources/ScienceDefs/EXPERIMENT_DEFINITION
[LOG 19:02:43.133] Config(EXPERIMENT_DEFINITION) SquadExpansion/Serenity/Resources/ScienceDefs/EXPERIMENT_DEFINITION
[LOG 19:02:43.133] Config(EXPERIMENT_DEFINITION) SquadExpansion/Serenity/Resources/ScienceDefs/EXPERIMENT_DEFINITION
[LOG 19:02:43.133] Config(EXPERIMENT_DEFINITION) SquadExpansion/Serenity/Resources/ScienceDefs/EXPERIMENT_DEFINITION
[LOG 19:02:43.133] Config(EXPERIMENT_DEFINITION) SquadExpansion/Serenity/Resources/ScienceDefs/EXPERIMENT_DEFINITION
[LOG 19:02:43.133] Config(EXPERIMENT_DEFINITION) SquadExpansion/Serenity/Resources/ScienceDefs/EXPERIMENT_DEFINITION
[LOG 19:02:43.133] Config(EXPERIMENT_DEFINITION) SquadExpansion/Serenity/Resources/ScienceDefs/EXPERIMENT_DEFINITION
[LOG 19:02:43.133] Config(EXPERIMENT_DEFINITION) SquadExpansion/Serenity/Resources/ScienceDefs/EXPERIMENT_DEFINITION
[LOG 19:02:43.133] Config(EXPERIMENT_DEFINITION) SquadExpansion/Serenity/Resources/ScienceDefs/EXPERIMENT_DEFINITION
[LOG 19:02:43.133] Config(EXPERIMENT_DEFINITION) SquadExpansion/Serenity/Resources/ScienceDefs/EXPERIMENT_DEFINITION
[LOG 19:02:43.133] Config(EXPERIMENT_DEFINITION) SquadExpansion/Serenity/Resources/ScienceDefs/EXPERIMENT_DEFINITION
[LOG 19:02:43.133] Config(EXPERIMENT_DEFINITION) SquadExpansion/Serenity/Resources/ScienceDefs/EXPERIMENT_DEFINITION
[LOG 19:02:43.133] Config(EXPERIMENT_DEFINITION) SquadExpansion/Serenity/Resources/ScienceDefs/EXPERIMENT_DEFINITION
[LOG 19:02:43.133] Config(EXPERIMENT_DEFINITION) SquadExpansion/Serenity/Resources/ScienceDefs/EXPERIMENT_DEFINITION
[LOG 19:02:43.133] Config(EXPERIMENT_DEFINITION) SquadExpansion/Serenity/Resources/ScienceDefs/EXPERIMENT_DEFINITION
[LOG 19:02:43.133] Config(EXPERIMENT_DEFINITION) SquadExpansion/Serenity/Resources/ScienceDefs/EXPERIMENT_DEFINITION
[LOG 19:02:43.133] Config(EXPERIMENT_DEFINITION) SquadExpansion/Serenity/Resources/ScienceDefs/EXPERIMENT_DEFINITION
[LOG 19:02:43.133] Config(EXPERIMENT_DEFINITION) SquadExpansion/Serenity/Resources/ScienceDefs/EXPERIMENT_DEFINITION
[LOG 19:02:43.133] Config(EXPERIMENT_DEFINITION) SquadExpansion/Serenity/Resources/ScienceDefs/EXPERIMENT_DEFINITION
[LOG 19:02:43.133] Config(EXPERIMENT_DEFINITION) SquadExpansion/Serenity/Resources/ScienceDefs/EXPERIMENT_DEFINITION
[LOG 19:02:43.133] Config(STORY_DEF) SquadExpansion/Serenity/Resources/StoryDefs/STORY_DEF
[LOG 19:02:43.133] Compiling Configs Completed.
[LOG 19:02:43.136] Resource LiquidFuel added to database
[LOG 19:02:43.136] Resource Oxidizer added to database
[LOG 19:02:43.136] Resource SolidFuel added to database
[LOG 19:02:43.136] Resource MonoPropellant added to database
[LOG 19:02:43.136] Resource XenonGas added to database
[LOG 19:02:43.136] Resource ElectricCharge added to database
[LOG 19:02:43.136] Resource IntakeAir added to database
[LOG 19:02:43.137] Resource EVA Propellant added to database
[LOG 19:02:43.137] Resource Ore added to database
[LOG 19:02:43.137] Resource Ablator added to database
[LOG 19:02:43.138] Resource MediumGrip added to database
[LOG 19:02:43.138] Resource HighGrip added to database
[LOG 19:02:43.138] Resource ExtremeGrip added to database
[LOG 19:02:43.138] Resource LowGrip added to database
[LOG 19:02:43.138] Resource Default added to database
[LOG 19:02:43.139] CodeAssetLoader: Compiling all code assets
[LOG 19:02:43.143] ExperienceSystemConfig: Added Effect 'DeployedSciencePowerSkill' to Trait 'Ingénieur'
[LOG 19:02:43.143] ExperienceSystemConfig: Added Effect 'DeployedScienceExpSkill' to Trait 'Scientifique'
[LOG 19:02:43.149] ConfigNode[]
[LOG 19:02:43.149] GameDatabase: Assets loaded in 7.036s
[LOG 19:02:43.150] [ModuleManager] Waited 0.000s for patching to finish
[LOG 19:02:43.151] [ModuleManager] Applying patched game database
[LOG 19:02:43.152] [ModuleManager] Dumping ModuleManager log to main log
[LOG 19:02:43.154] [ModuleManager] 
#### BEGIN MODULEMANAGER LOG ####


[LOG 19:02:37.250] Log started at 2026-09-17 19:02:37.250
[LOG 19:02:39.378] Checking Cache
[LOG 19:02:39.715] SHA generated in 0.334s
[LOG 19:02:39.715]       SHA = C8-65-D2-EA-47-D7-47-00-32-7F-17-D9-78-88-FF-C8-F4-A6-2A-AF-B6-BE-14-08-E1-91-76-F8-14-A9-93-5F
[LOG 19:02:39.743] Cache SHA = 1F-41-7E-51-6D-FB-84-62-D4-7D-14-6D-FC-FA-28-B2-94-27-81-8B-91-5E-B8-D0-67-E8-8A-1A-F1-87-BE-51
[LOG 19:02:39.743] useCache = False
[LOG 19:02:39.745] Pre patch init
[LOG 19:02:39.951] compiling list of loaded mods...
Mod DLLs found:
  Name                                    Assembly Version         Assembly File Version    KSPAssembly Version      SHA256

  Assembly-CSharp                         0.0.0.0                  0.0.0.0                  1.12                     d9e42483f25ee80a9c11d6c1c0a0d29b4ec78c1e08d76c971b71580c9cce51e4
  ModuleManager                           4.2.3.0                  4.2.3.0                  2.5                      95847827ab293b9e82a19b7efb97ffea3e98cc03b181862536ac8eb572e30d7d
  0Harmony                                2.2.1.0                  2.2.1.0                                           19ce60ac3280f72ec1751d36a40cb7e2fece2934df8345969dc7feb83bd633e4
  HarmonyInstallChecker                   2.2.1.0                  2.2.1.0                  1.0                      f11e659e91a52c21c5bda78e52b82a7bdc246bcab6a999733af3c69a11a9dc0e
  0_MultipleModuleInPartAPI               1.0.0.0                  1.0.0.0                  1.0                      df4a22fb0535de7fa154ca234b50dd7c2fc6be879e4a877d9bad1f87bafafcbf
  KSPCommunityFixes                       1.41.0.0                 1.41.1.0                 1.41                     e08ebbec7ab34f4f7ff56d6e900051bb0d259a4bc092881d7db3ca2f9f2e9a11
  PQSBenchMod                             0.1.0.0                  0.1.0.0                                           98d95fcb4f1501297f10479c27a32de944966030cd1bd04fdc31b0cb856642e9
  RockPrecisionFixMod                     0.1.0.0                  0.1.0.0                                           5a6061cda7c9d1c15dd316061a59f4013482ac17afe1f1928772d79c742d6373
  TerrainPrecisionFixMod                  0.1.0.0                  0.1.0.0                                           98971aa16886042ade0eff9bb685b344d818b81e0d0ed4fc8779643f22ded01a
Non-DLL mods added (:FOR[xxx]):
Mods by directory (sub directories of GameData):
  000_Harmony
  Squad
  SquadExpansion
Mods added by assemblies:

[LOG 19:02:39.953] Loading Physics.cfg
[LOG 19:02:39.955] Extracting patches
[LOG 19:02:39.968] Deleting root node in file KSPCommunityFixes/MMPatches/ModSupport/FixDockingNodes node: @PART[*]:HAS[@MODULE[ModuleDockingNodeFixed]]:NEEDS[FixDockingNodes]:FINAL as it can't satisfy its NEEDS
[LOG 19:02:39.969] Deleting root node in file KSPCommunityFixes/MMPatches/ModSupport/KSPRecall node: @KSP_COMMUNITY_FIXES:NEEDS[AttachedOnEditor] as it can't satisfy its NEEDS
[LOG 19:02:39.969] Deleting root node in file KSPCommunityFixes/MMPatches/ModSupport/UniversalStorage node: @KSP_COMMUNITY_FIXES:NEEDS[UniversalStorage2] as it can't satisfy its NEEDS
[LOG 19:02:40.120] Applying patches
[LOG 19:02:40.122] :INSERT (initial) pass
[LOG 19:02:40.192] :FIRST pass
[LOG 19:02:40.195] Applying update KSPCommunityFixes/MMPatches/StockTweaks/LadderToggleableLight/@PART[telescopicLadderBay]:FIRST to Squad/Parts/Utility/ladderTelescopicBay/ladderTelescopicBay.cfg/PART[telescopicLadderBay]
[LOG 19:02:40.207] Applying update KSPCommunityFixes/MMPatches/StockTweaks/LadderToggleableLight/@PART[telescopicLadderBay]:HAS[#LadderToggleableLight[?rue]]:FIRST to Squad/Parts/Utility/ladderTelescopicBay/ladderTelescopicBay.cfg/PART[telescopicLadderBay]
[LOG 19:02:40.209] Applying update KSPCommunityFixes/MMPatches/StockTweaks/LadderToggleableLight/@PART[telescopicLadderBay]:HAS[#LadderToggleableLight]:FIRST to Squad/Parts/Utility/ladderTelescopicBay/ladderTelescopicBay.cfg/PART[telescopicLadderBay]
[LOG 19:02:40.211] Applying update KSPCommunityFixes/MMPatches/StockTweaks/LandingGearLights/@PART[GearSmall]:FIRST to Squad/Parts/Wheel/LandingGear/GearMedium.cfg/PART[GearSmall]
[LOG 19:02:40.219] Applying update KSPCommunityFixes/MMPatches/StockTweaks/LandingGearLights/@PART[SmallGearBay]:FIRST to Squad/Parts/Wheel/LandingGear/GearSmall.cfg/PART[SmallGearBay]
[LOG 19:02:40.220] :LEGACY (default) pass
[LOG 19:02:40.231] :BEFORE[0_MULTIPLEMODULEINPARTAPI] pass
[LOG 19:02:40.231] :FOR[0_MULTIPLEMODULEINPARTAPI] pass
[LOG 19:02:40.231] :AFTER[0_MULTIPLEMODULEINPARTAPI] pass
[LOG 19:02:40.231] :BEFORE[000_HARMONY] pass
[LOG 19:02:40.231] :FOR[000_HARMONY] pass
[LOG 19:02:40.231] :AFTER[000_HARMONY] pass
[LOG 19:02:40.231] :BEFORE[0HARMONY] pass
[LOG 19:02:40.231] :FOR[0HARMONY] pass
[LOG 19:02:40.231] :AFTER[0HARMONY] pass
[LOG 19:02:40.231] :BEFORE[ASSEMBLY-CSHARP] pass
[LOG 19:02:40.231] :FOR[ASSEMBLY-CSHARP] pass
[LOG 19:02:40.231] :AFTER[ASSEMBLY-CSHARP] pass
[LOG 19:02:40.231] :BEFORE[HARMONYINSTALLCHECKER] pass
[LOG 19:02:40.231] :FOR[HARMONYINSTALLCHECKER] pass
[LOG 19:02:40.231] :AFTER[HARMONYINSTALLCHECKER] pass
[LOG 19:02:40.231] :BEFORE[KSPCOMMUNITYFIXES] pass
[LOG 19:02:40.231] :FOR[KSPCOMMUNITYFIXES] pass
[LOG 19:02:40.231] Applying update KSPCommunityFixes/MMPatches/StockTweaks/ManufacturerFixes/@PART[sasModule]:FOR[KSPCommunityFixes] to Squad/Parts/Command/inlineReactionWheel/inlineReactionWheel.cfg/PART[sasModule]
[LOG 19:02:40.233] Applying update KSPCommunityFixes/MMPatches/StockTweaks/ManufacturerFixes/@PART[xenonTankRadial]:FOR[KSPCommunityFixes] to Squad/Parts/FuelTank/xenonTankRadial/xenonTankRadial.cfg/PART[xenonTankRadial]
[LOG 19:02:40.235] Applying update KSPCommunityFixes/MMPatches/StockTweaks/ManufacturerFixes/@PART[winglet|fireworksLauncherSmall|fireworksLauncherBig]:FOR[KSPCommunityFixes] to Squad/Parts/Aero/wingletAV-T1/wingletAV-T1.cfg/PART[winglet]
[LOG 19:02:40.243] Applying update KSPCommunityFixes/MMPatches/StockTweaks/ManufacturerFixes/@PART[winglet|fireworksLauncherSmall|fireworksLauncherBig]:FOR[KSPCommunityFixes] to Squad/Parts/Utility/Fireworks/fireworksLauncherBig.cfg/PART[fireworksLauncherBig]
[LOG 19:02:40.243] Applying update KSPCommunityFixes/MMPatches/StockTweaks/ManufacturerFixes/@PART[winglet|fireworksLauncherSmall|fireworksLauncherBig]:FOR[KSPCommunityFixes] to Squad/Parts/Utility/Fireworks/fireworksLauncherSmall.cfg/PART[fireworksLauncherSmall]
[LOG 19:02:40.244] Applying update KSPCommunityFixes/MMPatches/StockTweaks/ManufacturerFixes/@PART[solidBooster_sm_v2|solidBooster_v2]:FOR[KSPCommunityFixes] to Squad/Parts/Engine/Size1_SRBs/solidBoosterRT-10_v2.cfg/PART[solidBooster_v2]
[LOG 19:02:40.245] Applying update KSPCommunityFixes/MMPatches/StockTweaks/ManufacturerFixes/@PART[solidBooster_sm_v2|solidBooster_v2]:FOR[KSPCommunityFixes] to Squad/Parts/Engine/Size1_SRBs/solidBoosterRT-5_v2.cfg/PART[solidBooster_sm_v2]
[LOG 19:02:40.263] Applying update KSPCommunityFixes/MMPatches/StockTweaks/ManufacturerFixes/@PART[ServiceBay_125_v2|ServiceBay_250_v2]:FOR[KSPCommunityFixes] to Squad/Parts/Utility/ServiceBay_v2/ServiceBay_125_v2.cfg/PART[ServiceBay_125_v2]
[LOG 19:02:40.264] Applying update KSPCommunityFixes/MMPatches/StockTweaks/ManufacturerFixes/@PART[ServiceBay_125_v2|ServiceBay_250_v2]:FOR[KSPCommunityFixes] to Squad/Parts/Utility/ServiceBay_v2/ServiceBay_250_v2.cfg/PART[ServiceBay_250_v2]
[LOG 19:02:40.265] Applying update KSPCommunityFixes/MMPatches/StockTweaks/ManufacturerFixes/@PART[externalTankCapsule]:FOR[KSPCommunityFixes] to Squad/Parts/FuelTank/FoilTanks/RadialTank_Capsule.cfg/PART[externalTankCapsule]
[LOG 19:02:40.274] Applying update KSPCommunityFixes/MMPatches/StockTweaks/ManufacturerFixes/@PART[RCSFuelTank|rcsTankMini|RCSTank1-2]:FOR[KSPCommunityFixes] to Squad/Parts/FuelTank/RCSFuelTankR1/RCSFuelTankR1.cfg/PART[RCSTank1-2]
[LOG 19:02:40.274] Applying update KSPCommunityFixes/MMPatches/StockTweaks/ManufacturerFixes/@PART[RCSFuelTank|rcsTankMini|RCSTank1-2]:FOR[KSPCommunityFixes] to Squad/Parts/FuelTank/RCSFuelTankR10/RCSFuelTankR10.cfg/PART[rcsTankMini]
[LOG 19:02:40.274] Applying update KSPCommunityFixes/MMPatches/StockTweaks/ManufacturerFixes/@PART[RCSFuelTank|rcsTankMini|RCSTank1-2]:FOR[KSPCommunityFixes] to Squad/Parts/FuelTank/RCSFuelTankR25/RCSFuelTankR25.cfg/PART[RCSFuelTank]
[LOG 19:02:40.275] Applying update KSPCommunityFixes/MMPatches/StockTweaks/ManufacturerFixes/@PART[landerCabinSmall]:FOR[KSPCommunityFixes] to Squad/Parts/Command/mk1LanderCan/mk1LanderCan.cfg/PART[landerCabinSmall]
[LOG 19:02:40.277] Applying update KSPCommunityFixes/MMPatches/StockTweaks/ManufacturerFixes/@PART[dockingPortLateral]:FOR[KSPCommunityFixes] to Squad/Parts/Utility/dockingPortInline/dockingPortInline.cfg/PART[dockingPortLateral]
[LOG 19:02:40.278] Applying update KSPCommunityFixes/MMPatches/StockTweaks/ManufacturerFixes/@PART[EnginePlate4]:FOR[KSPCommunityFixes]:NEEDS[SquadExpansion/MakingHistory] to SquadExpansion/MakingHistory/Parts/Coupling/EnginePlate_4.cfg/PART[EnginePlate4]
[LOG 19:02:40.279] Applying update KSPCommunityFixes/MMPatches/StockTweaks/ManufacturerFixes/@PART[Mk2Pod]:FOR[KSPCommunityFixes]:NEEDS[SquadExpansion/MakingHistory] to SquadExpansion/MakingHistory/Parts/Pods/Mk2Pod.cfg/PART[Mk2Pod]
[LOG 19:02:40.280] Applying update KSPCommunityFixes/MMPatches/StockTweaks/ManufacturerFixes/@PART[evaChute|parachuteSingle|parachuteRadial|radialDrogue|parachuteLarge|parachuteDrogue]:FOR[KSPCommunityFixes] to Squad/Parts/Cargo/Parachute/Parachute.cfg/PART[evaChute]
[LOG 19:02:40.283] Applying update KSPCommunityFixes/MMPatches/StockTweaks/ManufacturerFixes/@PART[evaChute|parachuteSingle|parachuteRadial|radialDrogue|parachuteLarge|parachuteDrogue]:FOR[KSPCommunityFixes] to Squad/Parts/Utility/parachuteMk1/parachuteMk1.cfg/PART[parachuteSingle]
[LOG 19:02:40.283] Applying update KSPCommunityFixes/MMPatches/StockTweaks/ManufacturerFixes/@PART[evaChute|parachuteSingle|parachuteRadial|radialDrogue|parachuteLarge|parachuteDrogue]:FOR[KSPCommunityFixes] to Squad/Parts/Utility/parachuteMk12-R/parachuteMk12-R.cfg/PART[radialDrogue]
[LOG 19:02:40.283] Applying update KSPCommunityFixes/MMPatches/StockTweaks/ManufacturerFixes/@PART[evaChute|parachuteSingle|parachuteRadial|radialDrogue|parachuteLarge|parachuteDrogue]:FOR[KSPCommunityFixes] to Squad/Parts/Utility/parachuteMk16-XL/parachuteMk16-XL.cfg/PART[parachuteLarge]
[LOG 19:02:40.283] Applying update KSPCommunityFixes/MMPatches/StockTweaks/ManufacturerFixes/@PART[evaChute|parachuteSingle|parachuteRadial|radialDrogue|parachuteLarge|parachuteDrogue]:FOR[KSPCommunityFixes] to Squad/Parts/Utility/parachuteMk2-R/parachuteMk2-R.cfg/PART[parachuteRadial]
[LOG 19:02:40.283] Applying update KSPCommunityFixes/MMPatches/StockTweaks/ManufacturerFixes/@PART[evaChute|parachuteSingle|parachuteRadial|radialDrogue|parachuteLarge|parachuteDrogue]:FOR[KSPCommunityFixes] to Squad/Parts/Utility/parachuteMk25/parachuteMk25.cfg/PART[parachuteDrogue]
[LOG 19:02:40.286] Applying update KSPCommunityFixes/MMPatches/StockTweaks/ManufacturerFixes/@PART[stackPoint1|dockingPort1|dockingPort2|dockingPort3|dockingPortLarge]:FOR[KSPCommunityFixes] to Squad/Parts/Utility/dockingPort/dockingPort.cfg/PART[dockingPort2]
[LOG 19:02:40.286] Applying update KSPCommunityFixes/MMPatches/StockTweaks/ManufacturerFixes/@PART[stackPoint1|dockingPort1|dockingPort2|dockingPort3|dockingPortLarge]:FOR[KSPCommunityFixes] to Squad/Parts/Utility/dockingPortJr/dockingPortJr.cfg/PART[dockingPort3]
[LOG 19:02:40.286] Applying update KSPCommunityFixes/MMPatches/StockTweaks/ManufacturerFixes/@PART[stackPoint1|dockingPort1|dockingPort2|dockingPort3|dockingPortLarge]:FOR[KSPCommunityFixes] to Squad/Parts/Utility/dockingPortShielded/dockingPortShielded.cfg/PART[dockingPort1]
[LOG 19:02:40.286] Applying update KSPCommunityFixes/MMPatches/StockTweaks/ManufacturerFixes/@PART[stackPoint1|dockingPort1|dockingPort2|dockingPort3|dockingPortLarge]:FOR[KSPCommunityFixes] to Squad/Parts/Utility/dockingPortSr/dockingPortSr.cfg/PART[dockingPortLarge]
[LOG 19:02:40.286] Applying update KSPCommunityFixes/MMPatches/StockTweaks/ManufacturerFixes/@PART[stackPoint1|dockingPort1|dockingPort2|dockingPort3|dockingPortLarge]:FOR[KSPCommunityFixes] to Squad/Parts/Utility/radialAttachmentPoint/radialAttachmentPoint.cfg/PART[stackPoint1]
[LOG 19:02:40.287] :AFTER[KSPCOMMUNITYFIXES] pass
[LOG 19:02:40.287] :BEFORE[MODULEMANAGER] pass
[LOG 19:02:40.287] :FOR[MODULEMANAGER] pass
[LOG 19:02:40.287] :AFTER[MODULEMANAGER] pass
[LOG 19:02:40.287] :BEFORE[PQSBENCHMOD] pass
[LOG 19:02:40.287] :FOR[PQSBENCHMOD] pass
[LOG 19:02:40.287] :AFTER[PQSBENCHMOD] pass
[LOG 19:02:40.287] :BEFORE[ROCKPRECISIONFIXMOD] pass
[LOG 19:02:40.287] :FOR[ROCKPRECISIONFIXMOD] pass
[LOG 19:02:40.287] :AFTER[ROCKPRECISIONFIXMOD] pass
[LOG 19:02:40.287] :BEFORE[SQUAD] pass
[LOG 19:02:40.287] :FOR[SQUAD] pass
[LOG 19:02:40.287] :AFTER[SQUAD] pass
[LOG 19:02:40.287] :BEFORE[SQUADEXPANSION] pass
[LOG 19:02:40.287] :FOR[SQUADEXPANSION] pass
[LOG 19:02:40.287] :AFTER[SQUADEXPANSION] pass
[LOG 19:02:40.287] :BEFORE[TERRAINPRECISIONFIXMOD] pass
[LOG 19:02:40.287] :FOR[TERRAINPRECISIONFIXMOD] pass
[LOG 19:02:40.287] :AFTER[TERRAINPRECISIONFIXMOD] pass
[LOG 19:02:40.289] :LAST[999_KSP-RECALL] pass
[LOG 19:02:40.315] :FINAL pass
[LOG 19:02:40.316] Done patching
[LOG 19:02:40.316] Saving Cache
[LOG 19:02:40.466] Saving cache
[LOG 19:02:41.109] ModuleManager: 33 patches applied

[LOG 19:02:41.109] Ran in 1.731s
[LOG 19:02:41.158] Done!



#### END MODULEMANAGER LOG ####
[LOG 19:02:43.155] [ModuleManager] Running tests...
[LOG 19:02:43.156] [ModuleManager] tests complete.
[LOG 19:02:43.157] [ModuleManager] Reloading resources definitions
[LOG 19:02:43.157] Resource LiquidFuel added to database
[LOG 19:02:43.157] Resource Oxidizer added to database
[LOG 19:02:43.157] Resource SolidFuel added to database
[LOG 19:02:43.157] Resource MonoPropellant added to database
[LOG 19:02:43.158] Resource XenonGas added to database
[LOG 19:02:43.158] Resource ElectricCharge added to database
[LOG 19:02:43.158] Resource IntakeAir added to database
[LOG 19:02:43.158] Resource EVA Propellant added to database
[LOG 19:02:43.158] Resource Ore added to database
[LOG 19:02:43.158] Resource Ablator added to database
[LOG 19:02:43.158] [ModuleManager] Reloading Trait configs
[LOG 19:02:43.158] ExperienceSystemConfig: Added Effect 'DeployedSciencePowerSkill' to Trait 'Ingénieur'
[LOG 19:02:43.158] ExperienceSystemConfig: Added Effect 'DeployedScienceExpSkill' to Trait 'Scientifique'
[LOG 19:02:43.158] [ModuleManager] Reloading Part Upgrades
[LOG 19:02:43.159] [ModuleManager] Setting modded physics as the active one
[LOG 19:02:43.163] PhysicsGlobals: Loading database
[LOG 19:02:43.165] [ModuleManager] Running post patch callbacks
[LOG 19:02:43.183] [KSPCommunityFixes] Patch AutoStrutDrift applied.
[LOG 19:02:43.188] [KSPCommunityFixes] Patch EditorAnimatedPartsShipModified applied.
[LOG 19:02:43.195] [KSPCommunityFixes] Patch DragCubeLoadException applied.
[LOG 19:02:43.199] [KSPCommunityFixes] Patch DoubleCurvePreserveTangents applied.
[LOG 19:02:43.247] [KSPCommunityFixes] Patch DockingPortRotationDriftAndFixes applied.
[LOG 19:02:43.295] [KSPCommunityFixes] Patch DockingPortConserveMomentum applied.
[LOG 19:02:43.300] [KSPCommunityFixes] Patch DebugConsoleDontStealInput applied.
[LOG 19:02:43.305] [KSPCommunityFixes] Patch CorrectDragForFlags applied.
[LOG 19:02:43.306] [KSPCommunityFixes] Patch CometMiningNotRemovingMass applied.
[LOG 19:02:43.312] [KSPCommunityFixes] Patch ChutePhantomSymmetry applied.
[LOG 19:02:43.315] [KSPCommunityFixes] Patch CometSpawnerUniqueFlightId applied.
[LOG 19:02:43.316] [KSPCommunityFixes] Patch AsteroidSpawnerUniqueFlightId applied.
[LOG 19:02:43.317] [KSPCommunityFixes] Patch AsteroidInfiniteMining applied.
[LOG 19:02:43.330] [KSPCommunityFixes] Patch PersistentIConfigNode applied.
[LOG 19:02:43.330] [KSPCommunityFixes] Patch OnSymmetryFieldChanged not applied (not enabled in Settings.cfg)
[LOG 19:02:43.331] [KSPCommunityFixes] Patch ModUpgradePipeline not applied (not enabled in Settings.cfg)
[LOG 19:02:43.331] [KSPCommunityFixes] Patch KSPFieldEnumDesc not applied (not enabled in Settings.cfg)
[LOG 19:02:43.332] [KSPCommunityFixes] Patch EventProfilerMarkers not applied (not enabled in Settings.cfg)
[LOG 19:02:43.332] [KSPCommunityFixes] Patch DockingPortLockedEvents not applied (not enabled in Settings.cfg)
[LOG 19:02:43.334] [KSPCommunityFixes] Patch DepartmentHeadImage applied.
[LOG 19:02:43.346] [KSPCommunityFixes] Patch BaseFieldListUseFieldHost applied.
[LOG 19:02:43.378] [KSPCommunityFixes] Patch ResourceConverterPerf applied.
[LOG 19:02:43.387] [KSPCommunityFixes] Patch ProgressTrackingSpeedBoost applied.
[LOG 19:02:43.390] [KSPCommunityFixes] Patch PQSUpdateNoMemoryAlloc applied.
[LOG 19:02:43.390] [KSPCommunityFixes] Patch PQSOnlyStartOnce not applied (not enabled in Settings.cfg)
[LOG 19:02:43.401] [KSPCommunityFixes] Patch PQSCoroutineLeak applied.
[LOG 19:02:43.437] [KSPCommunityFixes] Patch PartSystemsFastUpdate applied.
[LOG 19:02:43.468] [KSPCommunityFixes] Patch PartParsingPerf applied.
[LOG 19:02:43.474] [KSPCommunityFixes] Patch EnginePlateAirstreamShieldedTopPart applied.
[LOG 19:02:43.487] [KSPCommunityFixes] Patch EVAConstructionMass applied.
[LOG 19:02:43.499] [KSPCommunityFixes] Patch EVAConstructionUninitializedInventory applied.
[LOG 19:02:43.507] [KSPCommunityFixes] Patch EVAKerbalRecovery applied.
[LOG 19:02:43.519] [KSPCommunityFixes] Patch TimeWarpOrbitShift applied.
[LOG 19:02:43.521] [KSPCommunityFixes] Patch TimeWarpBodyCollision applied.
[LOG 19:02:43.540] [KSPCommunityFixes] Patch ThumbnailSpotlight applied.
[LOG 19:02:43.545] [KSPCommunityFixes] Patch SymmetryReferenceOnDelete applied.
[LOG 19:02:43.545] [KSPCommunityFixes] Patch StrategyDuration not applied (not enabled in Settings.cfg)
[LOG 19:02:43.548] [KSPCommunityFixes] Patch StockAlarmDescPreserveLineBreak applied.
[LOG 19:02:43.580] [KSPCommunityFixes] Patch StickySplashedFixer applied.
[LOG 19:02:43.588] [KSPCommunityFixes] Patch ScatterDistribution applied.
[LOG 19:02:43.619] [KSPCommunityFixes] Patch RoboticsDrift applied.
[LOG 19:02:43.621] [KSPCommunityFixes] Patch RestoreMaxPhysicsDT applied.
[LOG 19:02:43.640] [KSPCommunityFixes] Patch RespawnDeadKerbals applied.
[LOG 19:02:43.644] [KSPCommunityFixes] Patch RescaledRoboticParts applied.
[LOG 19:02:43.648] [KSPCommunityFixes] Patch ReRootPreserveSurfaceAttach applied.
[LOG 19:02:43.670] [KSPCommunityFixes] Patch OptimizedModuleRaycasts applied.
[LOG 19:02:43.677] GetSubclassesOfParentClass: Found 1 types with ModuleInventoryPart parent in 9 assemblies.
[LOG 19:02:43.682] [KSPCommunityFixes] Patch RefundingOnRecovery applied.
[LOG 19:02:43.682] [KSPCommunityFixes] Patch PatchedConicEncounterFlickering applied.
[LOG 19:02:43.695] [KSPCommunityFixes] Patch PartListTooltipIconSpin applied.
[LOG 19:02:43.700] [KSPCommunityFixes] Patch PackedPartsRotation applied.
[LOG 19:02:43.713] [KSPCommunityFixes] Patch ModulePartVariantsNodePersistence applied.
[LOG 19:02:43.716] [KSPCommunityFixes] Patch ModuleAnimateGenericCrewModSpawnIVA applied.
[LOG 19:02:43.718] [KSPCommunityFixes] Patch ModuleActiveRadiatorNoParentException applied.
[LOG 19:02:43.721] [KSPCommunityFixes] Patch MapTargetBodyWithEncounter applied.
[LOG 19:02:43.725] [KSPCommunityFixes] Patch LostSoundAfterSceneSwitch applied.
[LOG 19:02:43.733] [KSPCommunityFixes] Patch LadderToggleableLight applied.
[LOG 19:02:43.748] [KSPCommunityFixes] Patch InventoryPartMass applied.
[LOG 19:02:43.755] [KSPCommunityFixes] Patch HarvesterECConsumption applied.
[LOG 19:02:43.757] [KSPCommunityFixes] Patch FixGetUnivseralTime applied.
[LOG 19:02:43.771] [KSPCommunityFixes] Patch ExtendedDeployableParts applied.
[LOG 19:02:43.774] [KSPCommunityFixes] Patch PropellantFlowDescription applied.
[LOG 19:02:43.811] [KSPCommunityFixes] Patch OptimisedVectorLines applied.
[LOG 19:02:43.820] [KSPCommunityFixes] Patch ModuleDockingNodeFindOtherNodesFaster applied.
[LOG 19:02:43.825] [KSPCommunityFixes] Patch ModuleColorChangerOptimization applied.
[LOG 19:02:43.832] [KSPCommunityFixes] Patch AutoSavedCraftNameAtLaunch applied.
[LOG 19:02:43.857] [KSPCommunityFixes] Patch PAWCollapsedInventories applied.
[LOG 19:02:43.861] [KSPCommunityFixes] Patch UIFloatEditNumericInput applied.
[LOG 19:02:43.889] [KSPCommunityFixes] Patch PAWStockGroups applied.
[LOG 19:02:43.901] [KSPCommunityFixes] Patch AltimeterHorizontalPosition applied.
[LOG 19:02:43.910] [KSPCommunityFixes] Patch SceneLoadSpeedBoost applied.
[LOG 19:02:43.953] [KSPCommunityFixes] Patch OnDemandPartBuoyancy applied.
[LOG 19:02:43.954] [KSPCommunityFixes] Patch ForceSyncSceneSwitch applied.
[LOG 19:02:43.954] [KSPCommunityFixes] Patch FewerSaves not applied (not enabled in Settings.cfg)
[LOG 19:02:43.956] [KSPCommunityFixes] Patch WheelInertiaLimit applied.
[LOG 19:02:43.956] [KSPCommunityFixes] Patch StockAlarmCustomFormatterDate isn't applicable to this KSP version.
[LOG 19:02:43.964] [KSPCommunityFixes] Patch ROCValidationOOR applied.
[LOG 19:02:43.968] [KSPCommunityFixes] Patch ZeroCostTechNodes applied.
[LOG 19:02:43.969] [KSPCommunityFixes] Patch ReactionWheelsPotentialTorque applied.
[LOG 19:02:43.975] [KSPCommunityFixes] Patch PAWGroupMemory applied.
[LOG 19:02:44.026] [KSPCommunityFixes] Patch PartStartStability applied.
[LOG 19:02:44.034] [KSPCommunityFixes] Patch PartBoundsIgnoreDisabledTransforms applied.
[LOG 19:02:44.102] [KSPCommunityFixes] Patch ModuleIndexingMismatch applied.
[LOG 19:02:44.108] [KSPCommunityFixes] Patch MapSOCorrectWrapping applied.
[LOG 19:02:44.109] [KSPCommunityFixes] Patch KerbalTooltipMaxSustainedG applied.
[LOG 19:02:44.112] [KSPCommunityFixes] Patch KerbalInventoryPersistence applied.
[LOG 19:02:44.112] [KSPCommunityFixes] Patch FlightSceneLoadKraken not applied (not enabled in Settings.cfg)
[LOG 19:02:44.115] [KSPCommunityFixes] Patch FIUpdateRadiation applied.
[LOG 19:02:44.118] [KSPCommunityFixes] Patch FastAndFixedEnumExtensions applied.
[LOG 19:02:44.163] [KSPCommunityFixes] Patch DeltaVHideWhenDisabled applied.
[LOG 19:02:44.169] [KSPCommunityFixes] Patch BlockMapViewPartClick applied.
[LOG 19:02:44.173] [KSPCommunityFixes] Patch PAWItemsOrder applied.
[LOG 19:02:44.234] [KSPCommunityFixes] Patch BetterEditorUndoRedo applied.
[LOG 19:02:44.247] [KSPCommunityFixes] Patch AutostrutActions applied.
[LOG 19:02:44.247] [KSPCommunityFixes] Patch DisableNewGameIntro not applied (not enabled in Settings.cfg)
[LOG 19:02:44.284] [KSPCommunityFixes] Patch MinorPerfTweaks applied.
[LOG 19:02:44.389] [KSPCommunityFixes] Patch MemoryLeaks applied.
[LOG 19:02:44.396] [KSPCommunityFixes] Patch LowerMinPhysicsDTPerFrame applied.
[LOG 19:02:44.401] [KSPCommunityFixes] Patch LocalizerPerf applied.
[LOG 19:02:44.403] [KSPCommunityFixes] Patch IMGUIOptimization applied.
[LOG 19:02:44.422] [KSPCommunityFixes] Patch FloatingOriginPerf applied.
[LOG 19:02:44.487] [KSPCommunityFixes] Patch FlightIntegratorPerf applied.
[LOG 19:02:44.492] [KSPCommunityFixes] Patch FasterPartFindTransform applied.
[LOG 19:02:44.507] [KSPCommunityFixes] Patch FasterEditorPartList applied.
[LOG 19:02:44.508] [KSPCommunityFixes] Patch ExpansionBundlePreload applied.
[LOG 19:02:44.522] [KSPCommunityFixes] Patch DragCubeGeneration applied.
[LOG 19:02:44.526] [KSPCommunityFixes] Patch DisableMapUpdateInFlight applied.
[LOG 19:02:44.527] [KSPCommunityFixes] Patch DisableHiddenPortraits applied.
[LOG 19:02:44.529] [KSPCommunityFixes] Patch DisableManeuverTool applied.
[LOG 19:02:44.553] [KSPCommunityFixes] Patch CraftBrowserOptimisations applied.
[LOG 19:02:44.556] [KSPCommunityFixes] Patch CommNetThrottling applied.
[LOG 19:02:44.561] [KSPCommunityFixes] Patch FairingMouseOverPersistence applied.
[LOG 19:02:44.581] [KSPCommunityFixes] Patch OptionalMakingHistoryDLCFeatures applied.
[LOG 19:02:44.584] [KSPCommunityFixes] Patch ResourceLockActions applied.
[LOG 19:02:44.592] [KSPCommunityFixes] Patch ShowContractFinishDates applied.
[LOG 19:02:44.602] [KSPCommunityFixes] Patch TargetParentBody applied.
[LOG 19:02:44.627] [KSPCommunityFixes] Patch ToolbarShowHide applied.
[LOG 19:02:44.630] [KSPCommunityFixes] Patch ContractProgressEnumCache applied.
[LOG 19:02:44.648] [KSPCommunityFixes] Patch ActiveRadiatorPerf applied.
[LOG 19:02:44.659] [KSPCommunityFixes] Patch CargoBayPerf applied.
[LOG 19:02:44.669] [KSPCommunityFixes] Patch CollisionEnhancerFastUpdate applied.
[LOG 19:02:44.675] [KSPCommunityFixes] Patch CollisionManagerFastUpdate applied.
[LOG 19:02:44.680] [KSPCommunityFixes] Patch AsteroidAndCometDrillCache applied.
[LOG 19:02:44.695] [KSPCommunityFixes] Patch TweakableWheelsAutostrut applied.
[LOG 19:02:44.728] [KSPCommunityFixes] Patch PatchSettings applied.
[LOG 19:02:44.777] [KSPCommunityFixes] Patch UpgradeBugs applied.
[LOG 19:02:44.777] [KSPCommunityFixes] Patch PartTooltipUpgradesApplyToSubstituteParts not applied (not enabled in Settings.cfg)
[LOG 19:02:44.855] [ModuleManager] Calling ConfigNodePerf.ModuleManagerPostLoad()
[LOG 19:02:44.856] [ModuleManager] Post patch ran in 1.705s
[LOG 19:02:44.880] PartLoader: Creating part database
[LOG 19:02:44.881] PartLoader: Compiling Part 'Squad/Parts/Aero/aerodynamicNoseCone/aerodynamicNoseCone/noseCone'
[LOG 19:02:44.903] EffectList: Created 15 effect types
[LOG 19:02:45.009] PartLoader: Part 'Squad/Parts/Aero/aerodynamicNoseCone/aerodynamicNoseCone/noseCone' has no database record. Creating.
[LOG 19:02:45.010] [DragCubeSystem]: Drag cubes not found or cannot be read for part Part. Generating New drag cubes.
[LOG 19:02:45.010] [KSPCF/DragCubeGeneration] Creating drag cubes for part 'noseCone'
[LOG 19:02:45.052] PartLoader: Compiling Part 'Squad/Parts/Aero/airbrake/Airbrake/airbrake1'
[LOG 19:02:45.078] PartLoader: Part 'Squad/Parts/Aero/airbrake/Airbrake/airbrake1' has no database record. Creating.
[LOG 19:02:45.078] [DragCubeSystem]: Drag cubes not found or cannot be read for part Part. Generating New drag cubes.
[LOG 19:02:45.079] [KSPCF/DragCubeGeneration] Creating drag cubes for part 'airbrake1'
[LOG 19:02:45.121] PartLoader: Compiling Part 'Squad/Parts/Aero/airIntakeRadialXM-G50/airIntakeRadialXM-G50/airScoop'
[LOG 19:02:45.138] PartLoader: Part 'Squad/Parts/Aero/airIntakeRadialXM-G50/airIntakeRadialXM-G50/airScoop' has no database record. Creating.
[LOG 19:02:45.139] [DragCubeSystem]: Drag cubes not found or cannot be read for part Part. Generating New drag cubes.
[LOG 19:02:45.139] [KSPCF/DragCubeGeneration] Creating drag cubes for part 'airScoop'
[LOG 19:02:45.150] PartLoader: Compiling Part 'Squad/Parts/Aero/airlinerWings/ControlSurface/airlinerCtrlSrf'
[LOG 19:02:45.168] PartLoader: Part 'Squad/Parts/Aero/airlinerWings/ControlSurface/airlinerCtrlSrf' has no database record. Creating.
[LOG 19:02:45.168] [DragCubeSystem]: Drag cubes not found or cannot be read for part Part. Generating New drag cubes.
[LOG 19:02:45.168] [KSPCF/DragCubeGeneration] Creating drag cubes for part 'airlinerCtrlSrf'
[LOG 19:02:45.203] PartLoader: Compiling Part 'Squad/Parts/Aero/airlinerWings/MainWing/airlinerMainWing'
[LOG 19:02:45.217] PartLoader: Part 'Squad/Parts/Aero/airlinerWings/MainWing/airlinerMainWing' has no database record. Creating.
[LOG 19:02:45.217] [DragCubeSystem]: Drag cubes not found or cannot be read for part Part. Generating New drag cubes.
[LOG 19:02:45.217] [KSPCF/DragCubeGeneration] Creating drag cubes for part 'airlinerMainWing'
[LOG 19:02:45.222] PartLoader: Compiling Part 'Squad/Parts/Aero/airlinerWings/TailFin/airlinerTailFin'
[LOG 19:02:45.236] PartLoader: Part 'Squad/Parts/Aero/airlinerWings/TailFin/airlinerTailFin' has no database record. Creating.
[LOG 19:02:45.236] [DragCubeSystem]: Drag cubes not found or cannot be read for part Part. Generating New drag cubes.
[LOG 19:02:45.236] [KSPCF/DragCubeGeneration] Creating drag cubes for part 'airlinerTailFin'
[LOG 19:02:45.265] PartLoader: Compiling Part 'Squad/Parts/Aero/airplaneFins/advancedCanard/AdvancedCanard'
[LOG 19:02:45.270] PartLoader: Part 'Squad/Parts/Aero/airplaneFins/advancedCanard/AdvancedCanard' has no database record. Creating.
[LOG 19:02:45.270] [DragCubeSystem]: Drag cubes not found or cannot be read for part Part. Generating New drag cubes.
[LOG 19:02:45.270] [KSPCF/DragCubeGeneration] Creating drag cubes for part 'AdvancedCanard'
[LOG 19:02:45.305] PartLoader: Compiling Part 'Squad/Parts/Aero/airplaneFins/standardCanard/CanardController'
[LOG 19:02:45.310] PartLoader: Part 'Squad/Parts/Aero/airplaneFins/standardCanard/CanardController' has no database record. Creating.
[LOG 19:02:45.310] [DragCubeSystem]: Drag cubes not found or cannot be read for part Part. Generating New drag cubes.
[LOG 19:02:45.310] [KSPCF/DragCubeGeneration] Creating drag cubes for part 'CanardController'
[LOG 19:02:45.328] PartLoader: Compiling Part 'Squad/Parts/Aero/airplaneFins/sweptWing/sweptWing'
[LOG 19:02:45.332] PartLoader: Part 'Squad/Parts/Aero/airplaneFins/sweptWing/sweptWing' has no database record. Creating.
[LOG 19:02:45.332] [DragCubeSystem]: Drag cubes not found or cannot be read for part Part. Generating New drag cubes.
[LOG 19:02:45.332] [KSPCF/DragCubeGeneration] Creating drag cubes for part 'sweptWing'
[LOG 19:02:45.337] PartLoader: Compiling Part 'Squad/Parts/Aero/airplaneFins/tailfin/tailfin'
[LOG 19:02:45.342] PartLoader: Part 'Squad/Parts/Aero/airplaneFins/tailfin/tailfin' has no database record. Creating.
[LOG 19:02:45.342] [DragCubeSystem]: Drag cubes not found or cannot be read for part Part. Generating New drag cubes.
[LOG 19:02:45.342] [KSPCF/DragCubeGeneration] Creating drag cubes for part 'tailfin'
[LOG 19:02:45.359] PartLoader: Compiling Part 'Squad/Parts/Aero/basicFin/basicFin/basicFin'
[LOG 19:02:45.364] PartLoader: Part 'Squad/Parts/Aero/basicFin/basicFin/basicFin' has no database record. Creating.
[LOG 19:02:45.364] [DragCubeSystem]: Drag cubes not found or cannot be read for part Part. Generating New drag cubes.
[LOG 19:02:45.364] [KSPCF/DragCubeGeneration] Creating drag cubes for part 'basicFin'
[LOG 19:02:45.369] PartLoader: Compiling Part 'Squad/Parts/Aero/circularIntake/circularIntake/CircularIntake'
[LOG 19:02:45.379] PartLoader: Part 'Squad/Parts/Aero/circularIntake/circularIntake/CircularIntake' has no database record. Creating.
[LOG 19:02:45.380] PartLoader: Compiling Part 'Squad/Parts/Aero/circularIntake/intakeShockCone/shockConeIntake'
[LOG 19:02:45.384] PartLoader: Part 'Squad/Parts/Aero/circularIntake/intakeShockCone/shockConeIntake' has no database record. Creating.
[LOG 19:02:45.385] PartLoader: Compiling Part 'Squad/Parts/Aero/cones/avionicsNoseCone/avionicsNoseCone'
[LOG 19:02:45.397] PartLoader: Part 'Squad/Parts/Aero/cones/avionicsNoseCone/avionicsNoseCone' has no database record. Creating.
[LOG 19:02:45.397] [DragCubeSystem]: Drag cubes not found or cannot be read for part Part. Generating New drag cubes.
[LOG 19:02:45.398] [KSPCF/DragCubeGeneration] Creating drag cubes for part 'avionicsNoseCone'
[LOG 19:02:45.406] PartLoader: Compiling Part 'Squad/Parts/Aero/cones/ConeA/pointyNoseConeA'
[LOG 19:02:45.411] PartLoader: Part 'Squad/Parts/Aero/cones/ConeA/pointyNoseConeA' has no database record. Creating.
[LOG 19:02:45.411] [DragCubeSystem]: Drag cubes not found or cannot be read for part Part. Generating New drag cubes.
[LOG 19:02:45.411] [KSPCF/DragCubeGeneration] Creating drag cubes for part 'pointyNoseConeA'
[LOG 19:02:45.416] PartLoader: Compiling Part 'Squad/Parts/Aero/cones/ConeB/pointyNoseConeB'
[LOG 19:02:45.421] PartLoader: Part 'Squad/Parts/Aero/cones/ConeB/pointyNoseConeB' has no database record. Creating.
[LOG 19:02:45.421] [DragCubeSystem]: Drag cubes not found or cannot be read for part Part. Generating New drag cubes.
[LOG 19:02:45.421] [KSPCF/DragCubeGeneration] Creating drag cubes for part 'pointyNoseConeB'
[LOG 19:02:45.427] PartLoader: Compiling Part 'Squad/Parts/Aero/cones/noseConeAdapter/noseConeAdapter'
[LOG 19:02:45.431] PartLoader: Part 'Squad/Parts/Aero/cones/noseConeAdapter/noseConeAdapter' has no database record. Creating.
[LOG 19:02:45.432] [DragCubeSystem]: Drag cubes not found or cannot be read for part Part. Generating New drag cubes.
[LOG 19:02:45.432] [KSPCF/DragCubeGeneration] Creating drag cubes for part 'noseConeAdapter'
[LOG 19:02:45.437] PartLoader: Compiling Part 'Squad/Parts/Aero/cones/protectiveRocketNoseMk7_v2/rocketNoseCone_v2'
[LOG 19:02:45.442] PartLoader: Part 'Squad/Parts/Aero/cones/protectiveRocketNoseMk7_v2/rocketNoseCone_v2' has no database record. Creating.
[LOG 19:02:45.442] [DragCubeSystem]: Drag cubes not found or cannot be read for part Part. Generating New drag cubes.
[LOG 19:02:45.442] [KSPCF/DragCubeGeneration] Creating drag cubes for part 'rocketNoseCone.v2'
[LOG 19:02:45.448] PartLoader: Compiling Part 'Squad/Parts/Aero/cones/protectiveRocketNoseMk7_v3/rocketNoseCone_v3'
[LOG 19:02:45.452] PartLoader: Part 'Squad/Parts/Aero/cones/protectiveRocketNoseMk7_v3/rocketNoseCone_v3' has no database record. Creating.
[LOG 19:02:45.452] [DragCubeSystem]: Drag cubes not found or cannot be read for part Part. Generating New drag cubes.
[LOG 19:02:45.453] [KSPCF/DragCubeGeneration] Creating drag cubes for part 'rocketNoseCone.v3'
[LOG 19:02:45.458] PartLoader: Compiling Part 'Squad/Parts/Aero/cones/rocketNoseCone_size3/rocketNoseConeSize3'
[LOG 19:02:45.462] PartLoader: Part 'Squad/Parts/Aero/cones/rocketNoseCone_size3/rocketNoseConeSize3' has no database record. Creating.
[LOG 19:02:45.463] [DragCubeSystem]: Drag cubes not found or cannot be read for part Part. Generating New drag cubes.
[LOG 19:02:45.463] [KSPCF/DragCubeGeneration] Creating drag cubes for part 'rocketNoseConeSize3'
[LOG 19:02:45.469] PartLoader: Compiling Part 'Squad/Parts/Aero/cones/smallNoseCone/standardNoseCone'
[LOG 19:02:45.472] PartLoader: Part 'Squad/Parts/Aero/cones/smallNoseCone/standardNoseCone' has no database record. Creating.
[LOG 19:02:45.472] [DragCubeSystem]: Drag cubes not found or cannot be read for part Part. Generating New drag cubes.
[LOG 19:02:45.472] [KSPCF/DragCubeGeneration] Creating drag cubes for part 'standardNoseCone'
[LOG 19:02:45.478] PartLoader: Compiling Part 'Squad/Parts/Aero/cones/tailConnectorA/airplaneTail'
[LOG 19:02:45.482] PartLoader: Part 'Squad/Parts/Aero/cones/tailConnectorA/airplaneTail' has no database record. Creating.
[LOG 19:02:45.482] [DragCubeSystem]: Drag cubes not found or cannot be read for part Part. Generating New drag cubes.
[LOG 19:02:45.482] [KSPCF/DragCubeGeneration] Creating drag cubes for part 'airplaneTail'
[LOG 19:02:45.487] PartLoader: Compiling Part 'Squad/Parts/Aero/cones/tailConnectorB/airplaneTailB'
[LOG 19:02:45.491] PartLoader: Part 'Squad/Parts/Aero/cones/tailConnectorB/airplaneTailB' has no database record. Creating.
[LOG 19:02:45.491] [DragCubeSystem]: Drag cubes not found or cannot be read for part Part. Generating New drag cubes.
[LOG 19:02:45.491] [KSPCF/DragCubeGeneration] Creating drag cubes for part 'airplaneTailB'
[LOG 19:02:45.496] PartLoader: Compiling Part 'Squad/Parts/Aero/fairings/fairingSize1/fairingSize1'
[LOG 19:02:45.545] PartLoader: Part 'Squad/Parts/Aero/fairings/fairingSize1/fairingSize1' has no database record. Creating.
[LOG 19:02:45.545] [DragCubeSystem]: Drag cubes not found or cannot be read for part Part. Generating New drag cubes.
[LOG 19:02:45.545] [KSPCF/DragCubeGeneration] Creating drag cubes for part 'fairingSize1'
[LOG 19:02:45.551] PartLoader: Compiling Part 'Squad/Parts/Aero/fairings/fairingSize2/fairingSize2'
[LOG 19:02:45.566] PartLoader: Part 'Squad/Parts/Aero/fairings/fairingSize2/fairingSize2' has no database record. Creating.
[LOG 19:02:45.566] [DragCubeSystem]: Drag cubes not found or cannot be read for part Part. Generating New drag cubes.
[LOG 19:02:45.566] [KSPCF/DragCubeGeneration] Creating drag cubes for part 'fairingSize2'
[LOG 19:02:45.571] PartLoader: Compiling Part 'Squad/Parts/Aero/fairings/fairingSize3/fairingSize3'
[LOG 19:02:45.587] PartLoader: Part 'Squad/Parts/Aero/fairings/fairingSize3/fairingSize3' has no database record. Creating.
[LOG 19:02:45.588] [DragCubeSystem]: Drag cubes not found or cannot be read for part Part. Generating New drag cubes.
[LOG 19:02:45.588] [KSPCF/DragCubeGeneration] Creating drag cubes for part 'fairingSize3'
[LOG 19:02:45.593] PartLoader: Compiling Part 'Squad/Parts/Aero/HeatShield/HeatShield0/HeatShield0'
[LOG 19:02:45.621] PartLoader: Part 'Squad/Parts/Aero/HeatShield/HeatShield0/HeatShield0' has no database record. Creating.
[LOG 19:02:45.621] [DragCubeSystem]: Drag cubes not found or cannot be read for part Part. Generating New drag cubes.
[LOG 19:02:45.621] [KSPCF/DragCubeGeneration] Creating drag cubes for part 'HeatShield0'
[LOG 19:02:45.629] PartLoader: Compiling Part 'Squad/Parts/Aero/HeatShield/HeatShield1/HeatShield1'
[LOG 19:02:45.643] PartLoader: Part 'Squad/Parts/Aero/HeatShield/HeatShield1/HeatShield1' has no database record. Creating.
[LOG 19:02:45.643] [DragCubeSystem]: Drag cubes not found or cannot be read for part Part. Generating New drag cubes.
[LOG 19:02:45.643] [KSPCF/DragCubeGeneration] Creating drag cubes for part 'HeatShield1'
[LOG 19:02:45.658] PartLoader: Compiling Part 'Squad/Parts/Aero/HeatShield/HeatShield2/HeatShield2'
[LOG 19:02:45.663] PartLoader: Part 'Squad/Parts/Aero/HeatShield/HeatShield2/HeatShield2' has no database record. Creating.
[LOG 19:02:45.663] [DragCubeSystem]: Drag cubes not found or cannot be read for part Part. Generating New drag cubes.
[LOG 19:02:45.663] [KSPCF/DragCubeGeneration] Creating drag cubes for part 'HeatShield2'
[LOG 19:02:45.677] PartLoader: Compiling Part 'Squad/Parts/Aero/HeatShield/HeatShield3/HeatShield3'
[LOG 19:02:45.685] PartLoader: Part 'Squad/Parts/Aero/HeatShield/HeatShield3/HeatShield3' has no database record. Creating.
[LOG 19:02:45.685] [DragCubeSystem]: Drag cubes not found or cannot be read for part Part. Generating New drag cubes.
[LOG 19:02:45.685] [KSPCF/DragCubeGeneration] Creating drag cubes for part 'HeatShield3'
[LOG 19:02:45.697] PartLoader: Compiling Part 'Squad/Parts/Aero/InflatableHeatShield/HeatShield/InflatableHeatShield'
[LOG 19:02:45.706] PartLoader: Part 'Squad/Parts/Aero/InflatableHeatShield/HeatShield/InflatableHeatShield' has no database record. Creating.
[LOG 19:02:45.706] [DragCubeSystem]: Drag cubes not found or cannot be read for part Part. Generating New drag cubes.
[LOG 19:02:45.706] [KSPCF/DragCubeGeneration] Creating drag cubes for part 'InflatableHeatShield'
[LOG 19:02:45.721] PartLoader: Compiling Part 'Squad/Parts/Aero/intakeRadialLong/intakeRadialLong/IntakeRadialLong'
[LOG 19:02:45.724] PartLoader: Part 'Squad/Parts/Aero/intakeRadialLong/intakeRadialLong/IntakeRadialLong' has no database record. Creating.
[LOG 19:02:45.724] [DragCubeSystem]: Drag cubes not found or cannot be read for part Part. Generating New drag cubes.
[LOG 19:02:45.724] [KSPCF/DragCubeGeneration] Creating drag cubes for part 'IntakeRadialLong'
[LOG 19:02:45.729] PartLoader: Compiling Part 'Squad/Parts/Aero/miniIntake/SmallIntake/miniIntake'
[LOG 19:02:45.732] PartLoader: Part 'Squad/Parts/Aero/miniIntake/SmallIntake/miniIntake' has no database record. Creating.
[LOG 19:02:45.732] PartLoader: Compiling Part 'Squad/Parts/Aero/ramAirIntake/ramAirIntake/ramAirIntake'
[LOG 19:02:45.735] PartLoader: Part 'Squad/Parts/Aero/ramAirIntake/ramAirIntake/ramAirIntake' has no database record. Creating.
[LOG 19:02:45.735] PartLoader: Compiling Part 'Squad/Parts/Aero/shuttleWings/delta/wingShuttleDelta'
[LOG 19:02:45.738] PartLoader: Part 'Squad/Parts/Aero/shuttleWings/delta/wingShuttleDelta' has no database record. Creating.
[LOG 19:02:45.738] [DragCubeSystem]: Drag cubes not found or cannot be read for part Part. Generating New drag cubes.
[LOG 19:02:45.738] [KSPCF/DragCubeGeneration] Creating drag cubes for part 'wingShuttleDelta'
[LOG 19:02:45.742] PartLoader: Compiling Part 'Squad/Parts/Aero/shuttleWings/elevon1/wingShuttleElevon1'
[LOG 19:02:45.745] PartLoader: Part 'Squad/Parts/Aero/shuttleWings/elevon1/wingShuttleElevon1' has no database record. Creating.
[LOG 19:02:45.745] [DragCubeSystem]: Drag cubes not found or cannot be read for part Part. Generating New drag cubes.
[LOG 19:02:45.746] [KSPCF/DragCubeGeneration] Creating drag cubes for part 'wingShuttleElevon1'
[LOG 19:02:45.761] PartLoader: Compiling Part 'Squad/Parts/Aero/shuttleWings/elevon2/wingShuttleElevon2'
[LOG 19:02:45.765] PartLoader: Part 'Squad/Parts/Aero/shuttleWings/elevon2/wingShuttleElevon2' has no database record. Creating.
[LOG 19:02:45.765] [DragCubeSystem]: Drag cubes not found or cannot be read for part Part. Generating New drag cubes.
[LOG 19:02:45.765] [KSPCF/DragCubeGeneration] Creating drag cubes for part 'wingShuttleElevon2'
[LOG 19:02:45.781] PartLoader: Compiling Part 'Squad/Parts/Aero/shuttleWings/rudder/wingShuttleRudder'
[LOG 19:02:45.786] PartLoader: Part 'Squad/Parts/Aero/shuttleWings/rudder/wingShuttleRudder' has no database record. Creating.
[LOG 19:02:45.786] [DragCubeSystem]: Drag cubes not found or cannot be read for part Part. Generating New drag cubes.
[LOG 19:02:45.786] [KSPCF/DragCubeGeneration] Creating drag cubes for part 'wingShuttleRudder'
[LOG 19:02:45.802] PartLoader: Compiling Part 'Squad/Parts/Aero/shuttleWings/strake/wingShuttleStrake'
[LOG 19:02:45.806] PartLoader: Part 'Squad/Parts/Aero/shuttleWings/strake/wingShuttleStrake' has no database record. Creating.
[LOG 19:02:45.806] [DragCubeSystem]: Drag cubes not found or cannot be read for part Part. Generating New drag cubes.
[LOG 19:02:45.806] [KSPCF/DragCubeGeneration] Creating drag cubes for part 'wingShuttleStrake'
[LOG 19:02:45.811] PartLoader: Compiling Part 'Squad/Parts/Aero/wingletAV-R8/wingletAV-R8/R8winglet'
[LOG 19:02:45.817] PartLoader: Part 'Squad/Parts/Aero/wingletAV-R8/wingletAV-R8/R8winglet' has no database record. Creating.
[LOG 19:02:45.817] [DragCubeSystem]: Drag cubes not found or cannot be read for part Part. Generating New drag cubes.
[LOG 19:02:45.817] [KSPCF/DragCubeGeneration] Creating drag cubes for part 'R8winglet'
[LOG 19:02:45.833] PartLoader: Compiling Part 'Squad/Parts/Aero/wingletAV-T1/wingletAV-T1/winglet'
[LOG 19:02:45.836] PartLoader: Part 'Squad/Parts/Aero/wingletAV-T1/wingletAV-T1/winglet' has no database record. Creating.
[LOG 19:02:45.836] [DragCubeSystem]: Drag cubes not found or cannot be read for part Part. Generating New drag cubes.
[LOG 19:02:45.836] [KSPCF/DragCubeGeneration] Creating drag cubes for part 'winglet'
[LOG 19:02:45.840] PartLoader: Compiling Part 'Squad/Parts/Aero/wingletDeltaDeluxe/wingletDeltaDeluxe/winglet3'
[LOG 19:02:45.846] PartLoader: Part 'Squad/Parts/Aero/wingletDeltaDeluxe/wingletDeltaDeluxe/winglet3' has no database record. Creating.
[LOG 19:02:45.846] [DragCubeSystem]: Drag cubes not found or cannot be read for part Part. Generating New drag cubes.
[LOG 19:02:45.846] [KSPCF/DragCubeGeneration] Creating drag cubes for part 'winglet3'
[LOG 19:02:45.862] PartLoader: Compiling Part 'Squad/Parts/Aero/wings/connector1/wingConnector'
[LOG 19:02:45.867] PartLoader: Part 'Squad/Parts/Aero/wings/connector1/wingConnector' has no database record. Creating.
[LOG 19:02:45.867] [DragCubeSystem]: Drag cubes not found or cannot be read for part Part. Generating New drag cubes.
[LOG 19:02:45.867] [KSPCF/DragCubeGeneration] Creating drag cubes for part 'wingConnector'
[LOG 19:02:45.870] PartLoader: Compiling Part 'Squad/Parts/Aero/wings/connector2/wingConnector2'
[LOG 19:02:45.873] PartLoader: Part 'Squad/Parts/Aero/wings/connector2/wingConnector2' has no database record. Creating.
[LOG 19:02:45.873] [DragCubeSystem]: Drag cubes not found or cannot be read for part Part. Generating New drag cubes.
[LOG 19:02:45.873] [KSPCF/DragCubeGeneration] Creating drag cubes for part 'wingConnector2'
[LOG 19:02:45.877] PartLoader: Compiling Part 'Squad/Parts/Aero/wings/connector3/wingConnector3'
[LOG 19:02:45.881] PartLoader: Part 'Squad/Parts/Aero/wings/connector3/wingConnector3' has no database record. Creating.
[LOG 19:02:45.881] [DragCubeSystem]: Drag cubes not found or cannot be read for part Part. Generating New drag cubes.
[LOG 19:02:45.881] [KSPCF/DragCubeGeneration] Creating drag cubes for part 'wingConnector3'
[LOG 19:02:45.885] PartLoader: Compiling Part 'Squad/Parts/Aero/wings/connector4/wingConnector4'
[LOG 19:02:45.889] PartLoader: Part 'Squad/Parts/Aero/wings/connector4/wingConnector4' has no database record. Creating.
[LOG 19:02:45.890] [DragCubeSystem]: Drag cubes not found or cannot be read for part Part. Generating New drag cubes.
[LOG 19:02:45.890] [KSPCF/DragCubeGeneration] Creating drag cubes for part 'wingConnector4'
[LOG 19:02:45.895] PartLoader: Compiling Part 'Squad/Parts/Aero/wings/connector5/wingConnector5'
[LOG 19:02:45.899] PartLoader: Part 'Squad/Parts/Aero/wings/connector5/wingConnector5' has no database record. Creating.
[LOG 19:02:45.899] [DragCubeSystem]: Drag cubes not found or cannot be read for part Part. Generating New drag cubes.
[LOG 19:02:45.899] [KSPCF/DragCubeGeneration] Creating drag cubes for part 'wingConnector5'
[LOG 19:02:45.903] PartLoader: Compiling Part 'Squad/Parts/Aero/wings/delta/deltaWing'
[LOG 19:02:45.905] PartLoader: Part 'Squad/Parts/Aero/wings/delta/deltaWing' has no database record. Creating.
[LOG 19:02:45.906] [DragCubeSystem]: Drag cubes not found or cannot be read for part Part. Generating New drag cubes.
[LOG 19:02:45.906] [KSPCF/DragCubeGeneration] Creating drag cubes for part 'deltaWing'
[LOG 19:02:45.909] PartLoader: Compiling Part 'Squad/Parts/Aero/wings/delta_small/delta_small'
[LOG 19:02:45.913] PartLoader: Part 'Squad/Parts/Aero/wings/delta_small/delta_small' has no database record. Creating.
[LOG 19:02:45.913] [DragCubeSystem]: Drag cubes not found or cannot be read for part Part. Generating New drag cubes.
[LOG 19:02:45.913] [KSPCF/DragCubeGeneration] Creating drag cubes for part 'delta.small'
[LOG 19:02:45.917] PartLoader: Compiling Part 'Squad/Parts/Aero/wings/elevon1/StandardCtrlSrf'
[LOG 19:02:45.923] PartLoader: Part 'Squad/Parts/Aero/wings/elevon1/StandardCtrlSrf' has no database record. Creating.
[LOG 19:02:45.923] [DragCubeSystem]: Drag cubes not found or cannot be read for part Part. Generating New drag cubes.
[LOG 19:02:45.923] [KSPCF/DragCubeGeneration] Creating drag cubes for part 'StandardCtrlSrf'
[LOG 19:02:45.939] PartLoader: Compiling Part 'Squad/Parts/Aero/wings/elevon2/elevon2'
[LOG 19:02:45.945] PartLoader: Part 'Squad/Parts/Aero/wings/elevon2/elevon2' has no database record. Creating.
[LOG 19:02:45.945] [DragCubeSystem]: Drag cubes not found or cannot be read for part Part. Generating New drag cubes.
[LOG 19:02:45.945] [KSPCF/DragCubeGeneration] Creating drag cubes for part 'elevon2'
[LOG 19:02:45.960] PartLoader: Compiling Part 'Squad/Parts/Aero/wings/elevon3/elevon3'
[LOG 19:02:45.965] PartLoader: Part 'Squad/Parts/Aero/wings/elevon3/elevon3' has no database record. Creating.
[LOG 19:02:45.965] [DragCubeSystem]: Drag cubes not found or cannot be read for part Part. Generating New drag cubes.
[LOG 19:02:45.965] [KSPCF/DragCubeGeneration] Creating drag cubes for part 'elevon3'
[LOG 19:02:45.980] PartLoader: Compiling Part 'Squad/Parts/Aero/wings/elevon4/smallCtrlSrf'
[LOG 19:02:45.985] PartLoader: Part 'Squad/Parts/Aero/wings/elevon4/smallCtrlSrf' has no database record. Creating.
[LOG 19:02:45.985] [DragCubeSystem]: Drag cubes not found or cannot be read for part Part. Generating New drag cubes.
[LOG 19:02:45.985] [KSPCF/DragCubeGeneration] Creating drag cubes for part 'smallCtrlSrf'
[LOG 19:02:46.002] PartLoader: Compiling Part 'Squad/Parts/Aero/wings/elevon5/elevon5'
[LOG 19:02:46.008] PartLoader: Part 'Squad/Parts/Aero/wings/elevon5/elevon5' has no database record. Creating.
[LOG 19:02:46.008] [DragCubeSystem]: Drag cubes not found or cannot be read for part Part. Generating New drag cubes.
[LOG 19:02:46.008] [KSPCF/DragCubeGeneration] Creating drag cubes for part 'elevon5'
[LOG 19:02:46.024] PartLoader: Compiling Part 'Squad/Parts/Aero/wings/strake/wingStrake'
[LOG 19:02:46.028] PartLoader: Part 'Squad/Parts/Aero/wings/strake/wingStrake' has no database record. Creating.
[LOG 19:02:46.028] [DragCubeSystem]: Drag cubes not found or cannot be read for part Part. Generating New drag cubes.
[LOG 19:02:46.028] [KSPCF/DragCubeGeneration] Creating drag cubes for part 'wingStrake'
[LOG 19:02:46.032] PartLoader: Compiling Part 'Squad/Parts/Aero/wings/structural1/structuralWing'
[LOG 19:02:46.036] PartLoader: Part 'Squad/Parts/Aero/wings/structural1/structuralWing' has no database record. Creating.
[LOG 19:02:46.036] [DragCubeSystem]: Drag cubes not found or cannot be read for part Part. Generating New drag cubes.
[LOG 19:02:46.036] [KSPCF/DragCubeGeneration] Creating drag cubes for part 'structuralWing'
[LOG 19:02:46.040] PartLoader: Compiling Part 'Squad/Parts/Aero/wings/structural2/structuralWing2'
[LOG 19:02:46.044] PartLoader: Part 'Squad/Parts/Aero/wings/structural2/structuralWing2' has no database record. Creating.
[LOG 19:02:46.044] [DragCubeSystem]: Drag cubes not found or cannot be read for part Part. Generating New drag cubes.
[LOG 19:02:46.044] [KSPCF/DragCubeGeneration] Creating drag cubes for part 'structuralWing2'
[LOG 19:02:46.048] PartLoader: Compiling Part 'Squad/Parts/Aero/wings/structural3/structuralWing3'
[LOG 19:02:46.051] PartLoader: Part 'Squad/Parts/Aero/wings/structural3/structuralWing3' has no database record. Creating.
[LOG 19:02:46.051] [DragCubeSystem]: Drag cubes not found or cannot be read for part Part. Generating New drag cubes.
[LOG 19:02:46.051] [KSPCF/DragCubeGeneration] Creating drag cubes for part 'structuralWing3'
[LOG 19:02:46.055] PartLoader: Compiling Part 'Squad/Parts/Aero/wings/structural4/structuralWing4'
[LOG 19:02:46.058] PartLoader: Part 'Squad/Parts/Aero/wings/structural4/structuralWing4' has no database record. Creating.
[LOG 19:02:46.059] [DragCubeSystem]: Drag cubes not found or cannot be read for part Part. Generating New drag cubes.
[LOG 19:02:46.059] [KSPCF/DragCubeGeneration] Creating drag cubes for part 'structuralWing4'
[LOG 19:02:46.063] PartLoader: Compiling Part 'Squad/Parts/Aero/wings/swept1/sweptWing1'
[LOG 19:02:46.067] PartLoader: Part 'Squad/Parts/Aero/wings/swept1/sweptWing1' has no database record. Creating.
[LOG 19:02:46.067] [DragCubeSystem]: Drag cubes not found or cannot be read for part Part. Generating New drag cubes.
[LOG 19:02:46.067] [KSPCF/DragCubeGeneration] Creating drag cubes for part 'sweptWing1'
[LOG 19:02:46.071] PartLoader: Compiling Part 'Squad/Parts/Aero/wings/swept2/sweptWing2'
[LOG 19:02:46.074] PartLoader: Part 'Squad/Parts/Aero/wings/swept2/sweptWing2' has no database record. Creating.
[LOG 19:02:46.074] [DragCubeSystem]: Drag cubes not found or cannot be read for part Part. Generating New drag cubes.
[LOG 19:02:46.074] [KSPCF/DragCubeGeneration] Creating drag cubes for part 'sweptWing2'
[LOG 19:02:46.078] PartLoader: Compiling Part 'Squad/Parts/Cargo/CargoContainers/cargoContainer/cargoContainer'
[WRN 19:02:46.080] [Part]: Cannot have ModuleCargoPart and ModuleInventoryPart on same Part [cargoContainer'. Removed ModuleCargoPart
[LOG 19:02:46.092] PartLoader: Part 'Squad/Parts/Cargo/CargoContainers/cargoContainer/cargoContainer' has no database record. Creating.
[LOG 19:02:46.092] [DragCubeSystem]: Drag cubes not found or cannot be read for part Part. Generating New drag cubes.
[LOG 19:02:46.092] [KSPCF/DragCubeGeneration] Creating drag cubes for part 'cargoContainer'
[LOG 19:02:46.098] PartLoader: Compiling Part 'Squad/Parts/Cargo/CargoContainers/smallCargoContainer/smallCargoContainer'
[WRN 19:02:46.100] [Part]: Cannot have ModuleCargoPart and ModuleInventoryPart on same Part [smallCargoContainer'. Removed ModuleCargoPart
[LOG 19:02:46.102] PartLoader: Part 'Squad/Parts/Cargo/CargoContainers/smallCargoContainer/smallCargoContainer' has no database record. Creating.
[LOG 19:02:46.102] [DragCubeSystem]: Drag cubes not found or cannot be read for part Part. Generating New drag cubes.
[LOG 19:02:46.102] [KSPCF/DragCubeGeneration] Creating drag cubes for part 'smallCargoContainer'
[LOG 19:02:46.107] PartLoader: Compiling Part 'Squad/Parts/Cargo/Cylinder/Cylinder/evaCylinder'
[LOG 19:02:46.111] PartLoader: Part 'Squad/Parts/Cargo/Cylinder/Cylinder/evaCylinder' has no database record. Creating.
[LOG 19:02:46.111] [DragCubeSystem]: Drag cubes not found or cannot be read for part Part. Generating New drag cubes.
[LOG 19:02:46.111] [KSPCF/DragCubeGeneration] Creating drag cubes for part 'evaCylinder'
[LOG 19:02:46.115] PartLoader: Compiling Part 'Squad/Parts/Cargo/GroundAnchor/groundAnchor/groundAnchor'
[LOG 19:02:46.137] PartLoader: Part 'Squad/Parts/Cargo/GroundAnchor/groundAnchor/groundAnchor' has no database record. Creating.
[LOG 19:02:46.137] [DragCubeSystem]: Drag cubes not found or cannot be read for part Part. Generating New drag cubes.
[LOG 19:02:46.137] [KSPCF/DragCubeGeneration] Creating drag cubes for part 'groundAnchor'
[LOG 19:02:46.150] PartLoader: Compiling Part 'Squad/Parts/Cargo/Jetpack/Jetpack/evaJetpack'
[LOG 19:02:46.154] PartLoader: Part 'Squad/Parts/Cargo/Jetpack/Jetpack/evaJetpack' has no database record. Creating.
[LOG 19:02:46.154] [DragCubeSystem]: Drag cubes not found or cannot be read for part Part. Generating New drag cubes.
[LOG 19:02:46.154] [KSPCF/DragCubeGeneration] Creating drag cubes for part 'evaJetpack'
[LOG 19:02:46.159] PartLoader: Compiling Part 'Squad/Parts/Cargo/Parachute/Parachute/evaChute'
[LOG 19:02:46.162] PartLoader: Part 'Squad/Parts/Cargo/Parachute/Parachute/evaChute' has no database record. Creating.
[LOG 19:02:46.162] [DragCubeSystem]: Drag cubes not found or cannot be read for part Part. Generating New drag cubes.
[LOG 19:02:46.162] [KSPCF/DragCubeGeneration] Creating drag cubes for part 'evaChute'
[LOG 19:02:46.166] PartLoader: Compiling Part 'Squad/Parts/Cargo/RepairKit/RepairKit/evaRepairKit'
[LOG 19:02:46.171] PartLoader: Part 'Squad/Parts/Cargo/RepairKit/RepairKit/evaRepairKit' has no database record. Creating.
[LOG 19:02:46.171] [DragCubeSystem]: Drag cubes not found or cannot be read for part Part. Generating New drag cubes.
[LOG 19:02:46.171] [KSPCF/DragCubeGeneration] Creating drag cubes for part 'evaRepairKit'
[LOG 19:02:46.176] PartLoader: Compiling Part 'Squad/Parts/Cargo/ScienceKit/evaScienceKit/evaScienceKit'
[LOG 19:02:46.179] PartLoader: Part 'Squad/Parts/Cargo/ScienceKit/evaScienceKit/evaScienceKit' has no database record. Creating.
[LOG 19:02:46.179] [DragCubeSystem]: Drag cubes not found or cannot be read for part Part. Generating New drag cubes.
[LOG 19:02:46.179] [KSPCF/DragCubeGeneration] Creating drag cubes for part 'evaScienceKit'
[LOG 19:02:46.184] PartLoader: Compiling Part 'Squad/Parts/Cargo/StorageUnits/CargoStorageUnit/CargoStorageUnit'
[WRN 19:02:46.185] [Part]: Cannot have ModuleCargoPart and ModuleInventoryPart on same Part [CargoStorageUnit'. Removed ModuleCargoPart
[LOG 19:02:46.187] PartLoader: Part 'Squad/Parts/Cargo/StorageUnits/CargoStorageUnit/CargoStorageUnit' has no database record. Creating.
[LOG 19:02:46.187] [DragCubeSystem]: Drag cubes not found or cannot be read for part Part. Generating New drag cubes.
[LOG 19:02:46.187] [KSPCF/DragCubeGeneration] Creating drag cubes for part 'CargoStorageUnit'
[LOG 19:02:46.195] PartLoader: Compiling Part 'Squad/Parts/Cargo/StorageUnits/ConformalStorageUnit/ConformalStorageUnit'
[WRN 19:02:46.198] [Part]: Cannot have ModuleCargoPart and ModuleInventoryPart on same Part [ConformalStorageUnit'. Removed ModuleCargoPart
[LOG 19:02:46.200] PartLoader: Part 'Squad/Parts/Cargo/StorageUnits/ConformalStorageUnit/ConformalStorageUnit' has no database record. Creating.
[LOG 19:02:46.200] [DragCubeSystem]: Drag cubes not found or cannot be read for part Part. Generating New drag cubes.
[LOG 19:02:46.200] [KSPCF/DragCubeGeneration] Creating drag cubes for part 'ConformalStorageUnit'
[LOG 19:02:46.204] PartLoader: Compiling Part 'Squad/Parts/Command/advancedSasModuleLarge/advSasModuleLarge/asasmodule1-2'
[LOG 19:02:46.214] PartLoader: Part 'Squad/Parts/Command/advancedSasModuleLarge/advSasModuleLarge/asasmodule1-2' has no database record. Creating.
[LOG 19:02:46.215] PartLoader: Compiling Part 'Squad/Parts/Command/cupola/cupola/cupola'
[LOG 19:02:46.241] PartLoader: Part 'Squad/Parts/Command/cupola/cupola/cupola' has no database record. Creating.
[LOG 19:02:46.242] [DragCubeSystem]: Drag cubes not found or cannot be read for part Part. Generating New drag cubes.
[LOG 19:02:46.242] [KSPCF/DragCubeGeneration] Creating drag cubes for part 'cupola'
[LOG 19:02:46.252] PartLoader: Compiling Part 'Squad/Parts/Command/externalCommandSeat/externalCommandSeat/seatExternalCmd'
[LOG 19:02:46.262] PartLoader: Part 'Squad/Parts/Command/externalCommandSeat/externalCommandSeat/seatExternalCmd' has no database record. Creating.
[LOG 19:02:46.262] [DragCubeSystem]: Drag cubes not found or cannot be read for part Part. Generating New drag cubes.
[LOG 19:02:46.262] [KSPCF/DragCubeGeneration] Creating drag cubes for part 'seatExternalCmd'
[LOG 19:02:46.267] PartLoader: Compiling Part 'Squad/Parts/Command/hitchhikerStorageContainer/hitchikerStorageContainer/crewCabin'
[LOG 19:02:46.272] PartLoader: Part 'Squad/Parts/Command/hitchhikerStorageContainer/hitchikerStorageContainer/crewCabin' has no database record. Creating.
[LOG 19:02:46.272] [DragCubeSystem]: Drag cubes not found or cannot be read for part Part. Generating New drag cubes.
[LOG 19:02:46.272] [KSPCF/DragCubeGeneration] Creating drag cubes for part 'crewCabin'
[LOG 19:02:46.279] PartLoader: Compiling Part 'Squad/Parts/Command/inlineAdvancedStabilizer/inlineAdvancedStabilizer/advSasModule'
[LOG 19:02:46.284] PartLoader: Part 'Squad/Parts/Command/inlineAdvancedStabilizer/inlineAdvancedStabilizer/advSasModule' has no database record. Creating.
[LOG 19:02:46.284] [DragCubeSystem]: Drag cubes not found or cannot be read for part Part. Generating New drag cubes.
[LOG 19:02:46.284] [KSPCF/DragCubeGeneration] Creating drag cubes for part 'advSasModule'
[LOG 19:02:46.288] PartLoader: Compiling Part 'Squad/Parts/Command/inlineReactionWheel/inlineReactionWheel/sasModule'
[LOG 19:02:46.293] PartLoader: Part 'Squad/Parts/Command/inlineReactionWheel/inlineReactionWheel/sasModule' has no database record. Creating.
[LOG 19:02:46.293] [DragCubeSystem]: Drag cubes not found or cannot be read for part Part. Generating New drag cubes.
[LOG 19:02:46.293] [KSPCF/DragCubeGeneration] Creating drag cubes for part 'sasModule'
[LOG 19:02:46.298] PartLoader: Compiling Part 'Squad/Parts/Command/Mk1-3Pod/mk1-3/mk1-3pod'
[LOG 19:02:46.333] PartLoader: Part 'Squad/Parts/Command/Mk1-3Pod/mk1-3/mk1-3pod' has no database record. Creating.
[LOG 19:02:46.333] [DragCubeSystem]: Drag cubes not found or cannot be read for part Part. Generating New drag cubes.
[LOG 19:02:46.333] [KSPCF/DragCubeGeneration] Creating drag cubes for part 'mk1-3pod'
[LOG 19:02:46.342] PartLoader: Compiling Part 'Squad/Parts/Command/mk1Cockpits/mk1Cockpit/Mark1Cockpit'
[WRN 19:02:46.347] [Part]: Cannot have ModuleCargoPart and ModuleInventoryPart on same Part [Mark1Cockpit'. Removed ModuleCargoPart
[LOG 19:02:46.352] PartLoader: Part 'Squad/Parts/Command/mk1Cockpits/mk1Cockpit/Mark1Cockpit' has no database record. Creating.
[LOG 19:02:46.352] [DragCubeSystem]: Drag cubes not found or cannot be read for part Part. Generating New drag cubes.
[LOG 19:02:46.352] [KSPCF/DragCubeGeneration] Creating drag cubes for part 'Mark1Cockpit'
[LOG 19:02:46.360] PartLoader: Compiling Part 'Squad/Parts/Command/mk1Cockpits/mk1CrewCabin/MK1CrewCabin'
[WRN 19:02:46.363] [Part]: Cannot have ModuleCargoPart and ModuleInventoryPart on same Part [MK1CrewCabin'. Removed ModuleCargoPart
[LOG 19:02:46.368] PartLoader: Part 'Squad/Parts/Command/mk1Cockpits/mk1CrewCabin/MK1CrewCabin' has no database record. Creating.
[LOG 19:02:46.368] [DragCubeSystem]: Drag cubes not found or cannot be read for part Part. Generating New drag cubes.
[LOG 19:02:46.368] [KSPCF/DragCubeGeneration] Creating drag cubes for part 'MK1CrewCabin'
[LOG 19:02:46.374] PartLoader: Compiling Part 'Squad/Parts/Command/mk1Cockpits/mk1InlineCockpit/Mark2Cockpit'
[WRN 19:02:46.379] [Part]: Cannot have ModuleCargoPart and ModuleInventoryPart on same Part [Mark2Cockpit'. Removed ModuleCargoPart
[LOG 19:02:46.385] PartLoader: Part 'Squad/Parts/Command/mk1Cockpits/mk1InlineCockpit/Mark2Cockpit' has no database record. Creating.
[LOG 19:02:46.385] [DragCubeSystem]: Drag cubes not found or cannot be read for part Part. Generating New drag cubes.
[LOG 19:02:46.385] [KSPCF/DragCubeGeneration] Creating drag cubes for part 'Mark2Cockpit'
[LOG 19:02:46.390] PartLoader: Compiling Part 'Squad/Parts/Command/mk1LanderCan/mk1LanderCan/landerCabinSmall'
[WRN 19:02:46.393] [Part]: Cannot have ModuleCargoPart and ModuleInventoryPart on same Part [landerCabinSmall'. Removed ModuleCargoPart
[LOG 19:02:46.396] PartLoader: Part 'Squad/Parts/Command/mk1LanderCan/mk1LanderCan/landerCabinSmall' has no database record. Creating.
[LOG 19:02:46.396] [DragCubeSystem]: Drag cubes not found or cannot be read for part Part. Generating New drag cubes.
[LOG 19:02:46.396] [KSPCF/DragCubeGeneration] Creating drag cubes for part 'landerCabinSmall'
[LOG 19:02:46.402] PartLoader: Compiling Part 'Squad/Parts/Command/mk1pod_v2/mk1Pod_v2/mk1pod_v2'
[WRN 19:02:46.406] [Part]: Cannot have ModuleCargoPart and ModuleInventoryPart on same Part [mk1pod.v2'. Removed ModuleCargoPart
[LOG 19:02:46.411] PartLoader: Part 'Squad/Parts/Command/mk1pod_v2/mk1Pod_v2/mk1pod_v2' has no database record. Creating.
[LOG 19:02:46.411] [DragCubeSystem]: Drag cubes not found or cannot be read for part Part. Generating New drag cubes.
[LOG 19:02:46.411] [KSPCF/DragCubeGeneration] Creating drag cubes for part 'mk1pod.v2'
[LOG 19:02:46.417] PartLoader: Compiling Part 'Squad/Parts/Command/mk2CockpitInline/mk2CockpitInline/mk2Cockpit_Inline'
[WRN 19:02:46.424] [Part]: Cannot have ModuleCargoPart and ModuleInventoryPart on same Part [mk2Cockpit.Inline'. Removed ModuleCargoPart
[LOG 19:02:46.427] PartLoader: Part 'Squad/Parts/Command/mk2CockpitInline/mk2CockpitInline/mk2Cockpit_Inline' has no database record. Creating.
[LOG 19:02:46.427] [DragCubeSystem]: Drag cubes not found or cannot be read for part Part. Generating New drag cubes.
[LOG 19:02:46.427] [KSPCF/DragCubeGeneration] Creating drag cubes for part 'mk2Cockpit.Inline'
[LOG 19:02:46.433] PartLoader: Compiling Part 'Squad/Parts/Command/mk2CockpitStandard/mk2CockpitStandard/mk2Cockpit_Standard'
[WRN 19:02:46.436] [Part]: Cannot have ModuleCargoPart and ModuleInventoryPart on same Part [mk2Cockpit.Standard'. Removed ModuleCargoPart
[LOG 19:02:46.439] PartLoader: Part 'Squad/Parts/Command/mk2CockpitStandard/mk2CockpitStandard/mk2Cockpit_Standard' has no database record. Creating.
[LOG 19:02:46.439] [DragCubeSystem]: Drag cubes not found or cannot be read for part Part. Generating New drag cubes.
[LOG 19:02:46.439] [KSPCF/DragCubeGeneration] Creating drag cubes for part 'mk2Cockpit.Standard'
[LOG 19:02:46.447] PartLoader: Compiling Part 'Squad/Parts/Command/mk2DroneCore/mk2Dronecore/mk2DroneCore'
[LOG 19:02:46.452] PartLoader: Part 'Squad/Parts/Command/mk2DroneCore/mk2Dronecore/mk2DroneCore' has no database record. Creating.
[LOG 19:02:46.453] PartLoader: Compiling Part 'Squad/Parts/Command/mk2LanderCan/mk2LanderCan/mk2LanderCabin'
[WRN 19:02:46.456] [Part]: Cannot have ModuleCargoPart and ModuleInventoryPart on same Part [mk2LanderCabin'. Removed ModuleCargoPart
[LOG 19:02:46.460] PartLoader: Part 'Squad/Parts/Command/mk2LanderCan/mk2LanderCan/mk2LanderCabin' has no database record. Creating.
[LOG 19:02:46.460] [DragCubeSystem]: Drag cubes not found or cannot be read for part Part. Generating New drag cubes.
[LOG 19:02:46.460] [KSPCF/DragCubeGeneration] Creating drag cubes for part 'mk2LanderCabin'
[LOG 19:02:46.465] PartLoader: Compiling Part 'Squad/Parts/Command/mk2LanderCan_v2/mk2LanderCan_v2/mk2LanderCabin_v2'
[WRN 19:02:46.469] [Part]: Cannot have ModuleCargoPart and ModuleInventoryPart on same Part [mk2LanderCabin.v2'. Removed ModuleCargoPart
[LOG 19:02:46.476] PartLoader: Part 'Squad/Parts/Command/mk2LanderCan_v2/mk2LanderCan_v2/mk2LanderCabin_v2' has no database record. Creating.
[LOG 19:02:46.476] [DragCubeSystem]: Drag cubes not found or cannot be read for part Part. Generating New drag cubes.
[LOG 19:02:46.476] [KSPCF/DragCubeGeneration] Creating drag cubes for part 'mk2LanderCabin.v2'
[LOG 19:02:46.487] PartLoader: Compiling Part 'Squad/Parts/Command/mk3CockpitShuttle/mk3CockpitShuttle/mk3Cockpit_Shuttle'
[LOG 19:02:46.496] PartLoader: Part 'Squad/Parts/Command/mk3CockpitShuttle/mk3CockpitShuttle/mk3Cockpit_Shuttle' has no database record. Creating.
[LOG 19:02:46.496] [DragCubeSystem]: Drag cubes not found or cannot be read for part Part. Generating New drag cubes.
[LOG 19:02:46.496] [KSPCF/DragCubeGeneration] Creating drag cubes for part 'mk3Cockpit.Shuttle'
[LOG 19:02:46.502] PartLoader: Compiling Part 'Squad/Parts/Command/MpoProbe/MpoProbe/MpoProbe'
[LOG 19:02:46.509] PartLoader: Part 'Squad/Parts/Command/MpoProbe/MpoProbe/MpoProbe' has no database record. Creating.
[LOG 19:02:46.509] [DragCubeSystem]: Drag cubes not found or cannot be read for part Part. Generating New drag cubes.
[LOG 19:02:46.509] [KSPCF/DragCubeGeneration] Creating drag cubes for part 'MpoProbe'
[LOG 19:02:46.525] PartLoader: Compiling Part 'Squad/Parts/Command/MtmStage/MTM_Stage/MtmStage'
[LOG 19:02:46.530] PartLoader: Part 'Squad/Parts/Command/MtmStage/MTM_Stage/MtmStage' has no database record. Creating.
[LOG 19:02:46.531] [DragCubeSystem]: Drag cubes not found or cannot be read for part Part. Generating New drag cubes.
[LOG 19:02:46.531] [KSPCF/DragCubeGeneration] Creating drag cubes for part 'MtmStage'
[LOG 19:02:46.536] PartLoader: Compiling Part 'Squad/Parts/Command/probeCoreCube/probeCoreCube/probeCoreCube'
[LOG 19:02:46.541] PartLoader: Part 'Squad/Parts/Command/probeCoreCube/probeCoreCube/probeCoreCube' has no database record. Creating.
[LOG 19:02:46.542] PartLoader: Compiling Part 'Squad/Parts/Command/probeCoreHex/probeCoreHex/probeCoreHex'
[LOG 19:02:46.546] PartLoader: Part 'Squad/Parts/Command/probeCoreHex/probeCoreHex/probeCoreHex' has no database record. Creating.
[LOG 19:02:46.546] [DragCubeSystem]: Drag cubes not found or cannot be read for part Part. Generating New drag cubes.
[LOG 19:02:46.546] [KSPCF/DragCubeGeneration] Creating drag cubes for part 'probeCoreHex'
[LOG 19:02:46.553] PartLoader: Compiling Part 'Squad/Parts/Command/probeCoreHex_v2/probeCoreHex_v2/probeCoreHex_v2'
[LOG 19:02:46.561] PartLoader: Part 'Squad/Parts/Command/probeCoreHex_v2/probeCoreHex_v2/probeCoreHex_v2' has no database record. Creating.
[LOG 19:02:46.561] [DragCubeSystem]: Drag cubes not found or cannot be read for part Part. Generating New drag cubes.
[LOG 19:02:46.561] [KSPCF/DragCubeGeneration] Creating drag cubes for part 'probeCoreHex.v2'
[LOG 19:02:46.566] PartLoader: Compiling Part 'Squad/Parts/Command/probeCoreOcto2_v2/probeCoreOcto2_v2/probeCoreOcto2_v2'
[LOG 19:02:46.572] PartLoader: Part 'Squad/Parts/Command/probeCoreOcto2_v2/probeCoreOcto2_v2/probeCoreOcto2_v2' has no database record. Creating.
[LOG 19:02:46.572] [DragCubeSystem]: Drag cubes not found or cannot be read for part Part. Generating New drag cubes.
[LOG 19:02:46.572] [KSPCF/DragCubeGeneration] Creating drag cubes for part 'probeCoreOcto2.v2'
[LOG 19:02:46.578] PartLoader: Compiling Part 'Squad/Parts/Command/probeCoreOcto_v2/probeCoreOcto_v2/probeCoreOcto_v2'
[LOG 19:02:46.586] PartLoader: Part 'Squad/Parts/Command/probeCoreOcto_v2/probeCoreOcto_v2/probeCoreOcto_v2' has no database record. Creating.
[LOG 19:02:46.586] [DragCubeSystem]: Drag cubes not found or cannot be read for part Part. Generating New drag cubes.
[LOG 19:02:46.586] [KSPCF/DragCubeGeneration] Creating drag cubes for part 'probeCoreOcto.v2'
[LOG 19:02:46.593] PartLoader: Compiling Part 'Squad/Parts/Command/probeRoverBody/probeRoverBody/roverBody'
[LOG 19:02:46.600] PartLoader: Part 'Squad/Parts/Command/probeRoverBody/probeRoverBody/roverBody' has no database record. Creating.
[LOG 19:02:46.600] [DragCubeSystem]: Drag cubes not found or cannot be read for part Part. Generating New drag cubes.
[LOG 19:02:46.600] [KSPCF/DragCubeGeneration] Creating drag cubes for part 'roverBody'
[LOG 19:02:46.605] PartLoader: Compiling Part 'Squad/Parts/Command/probeRoverBody_v2/probeRoverBody_v2/roverBody_v2'
[LOG 19:02:46.611] PartLoader: Part 'Squad/Parts/Command/probeRoverBody_v2/probeRoverBody_v2/roverBody_v2' has no database record. Creating.
[LOG 19:02:46.611] [DragCubeSystem]: Drag cubes not found or cannot be read for part Part. Generating New drag cubes.
[LOG 19:02:46.611] [KSPCF/DragCubeGeneration] Creating drag cubes for part 'roverBody.v2'
[LOG 19:02:46.629] PartLoader: Compiling Part 'Squad/Parts/Command/probeStackLarge/probeStackLarge/probeStackLarge'
[LOG 19:02:46.637] PartLoader: Part 'Squad/Parts/Command/probeStackLarge/probeStackLarge/probeStackLarge' has no database record. Creating.
[LOG 19:02:46.637] [DragCubeSystem]: Drag cubes not found or cannot be read for part Part. Generating New drag cubes.
[LOG 19:02:46.637] [KSPCF/DragCubeGeneration] Creating drag cubes for part 'probeStackLarge'
[LOG 19:02:46.642] PartLoader: Compiling Part 'Squad/Parts/Command/probeStackSmall/probeStackSmall/probeStackSmall'
[LOG 19:02:46.648] PartLoader: Part 'Squad/Parts/Command/probeStackSmall/probeStackSmall/probeStackSmall' has no database record. Creating.
[LOG 19:02:46.648] [DragCubeSystem]: Drag cubes not found or cannot be read for part Part. Generating New drag cubes.
[LOG 19:02:46.648] [KSPCF/DragCubeGeneration] Creating drag cubes for part 'probeStackSmall'
[LOG 19:02:46.653] PartLoader: Compiling Part 'Squad/Parts/Command/probeStackSphere_v2/probeStackSphere_v2/probeCoreSphere_v2'
[LOG 19:02:46.659] PartLoader: Part 'Squad/Parts/Command/probeStackSphere_v2/probeStackSphere_v2/probeCoreSphere_v2' has no database record. Creating.
[LOG 19:02:46.661] PartLoader: Compiling Part 'Squad/Parts/CompoundParts/FuelLine/fuelLine/fuelLine'
[LOG 19:02:46.689] PartLoader: Part 'Squad/Parts/CompoundParts/FuelLine/fuelLine/fuelLine' has no database record. Creating.
[LOG 19:02:46.689] [DragCubeSystem]: Drag cubes not found or cannot be read for part CompoundPart. Generating New drag cubes.
[LOG 19:02:46.689] [KSPCF/DragCubeGeneration] Creating drag cubes for part 'fuelLine'
[LOG 19:02:46.693] PartLoader: Compiling Part 'Squad/Parts/CompoundParts/strutConnector/strutConnector/strutConnector'
[LOG 19:02:46.700] PartLoader: Part 'Squad/Parts/CompoundParts/strutConnector/strutConnector/strutConnector' has no database record. Creating.
[LOG 19:02:46.700] [DragCubeSystem]: Drag cubes not found or cannot be read for part CompoundPart. Generating New drag cubes.
[LOG 19:02:46.701] [KSPCF/DragCubeGeneration] Creating drag cubes for part 'strutConnector'
[LOG 19:02:46.705] PartLoader: Compiling Part 'Squad/Parts/Coupling/Decoupler_0/Decoupler_0'
[LOG 19:02:46.713] PartLoader: Part 'Squad/Parts/Coupling/Decoupler_0/Decoupler_0' has no database record. Creating.
[LOG 19:02:46.714] PartLoader: Compiling Part 'Squad/Parts/Coupling/Decoupler_1/Decoupler_1'
[LOG 19:02:46.719] PartLoader: Part 'Squad/Parts/Coupling/Decoupler_1/Decoupler_1' has no database record. Creating.
[LOG 19:02:46.720] PartLoader: Compiling Part 'Squad/Parts/Coupling/Decoupler_2/Decoupler_2'
[LOG 19:02:46.724] PartLoader: Part 'Squad/Parts/Coupling/Decoupler_2/Decoupler_2' has no database record. Creating.
[LOG 19:02:46.724] PartLoader: Compiling Part 'Squad/Parts/Coupling/Decoupler_3/Decoupler_3'
[LOG 19:02:46.728] PartLoader: Part 'Squad/Parts/Coupling/Decoupler_3/Decoupler_3' has no database record. Creating.
[LOG 19:02:46.729] PartLoader: Compiling Part 'Squad/Parts/Coupling/Separator_0/Separator_0'
[LOG 19:02:46.733] PartLoader: Part 'Squad/Parts/Coupling/Separator_0/Separator_0' has no database record. Creating.
[LOG 19:02:46.734] PartLoader: Compiling Part 'Squad/Parts/Coupling/Separator_1/Separator_1'
[LOG 19:02:46.738] PartLoader: Part 'Squad/Parts/Coupling/Separator_1/Separator_1' has no database record. Creating.
[LOG 19:02:46.738] PartLoader: Compiling Part 'Squad/Parts/Coupling/Separator_2/Separator_2'
[LOG 19:02:46.743] PartLoader: Part 'Squad/Parts/Coupling/Separator_2/Separator_2' has no database record. Creating.
[LOG 19:02:46.743] PartLoader: Compiling Part 'Squad/Parts/Coupling/Separator_3/Separator_3'
[LOG 19:02:46.747] PartLoader: Part 'Squad/Parts/Coupling/Separator_3/Separator_3' has no database record. Creating.
[LOG 19:02:46.747] PartLoader: Compiling Part 'Squad/Parts/Electrical/10CSolarPanels/OX-10C/solarPanelOX10C'
[LOG 19:02:46.757] PartLoader: Part 'Squad/Parts/Electrical/10CSolarPanels/OX-10C/solarPanelOX10C' has no database record. Creating.
[LOG 19:02:46.757] [DragCubeSystem]: Drag cubes not found or cannot be read for part Part. Generating New drag cubes.
[LOG 19:02:46.758] [KSPCF/DragCubeGeneration] Creating drag cubes for part 'solarPanelOX10C'
[LOG 19:02:46.776] PartLoader: Compiling Part 'Squad/Parts/Electrical/10CSolarPanels/SP-10C/solarPanelSP10C'
[LOG 19:02:46.783] PartLoader: Part 'Squad/Parts/Electrical/10CSolarPanels/SP-10C/solarPanelSP10C' has no database record. Creating.
[LOG 19:02:46.783] [DragCubeSystem]: Drag cubes not found or cannot be read for part Part. Generating New drag cubes.
[LOG 19:02:46.783] [KSPCF/DragCubeGeneration] Creating drag cubes for part 'solarPanelSP10C'
[LOG 19:02:46.801] PartLoader: Compiling Part 'Squad/Parts/Electrical/10LSolarPanels/OX-10L/solarPanelOX10L'
[LOG 19:02:46.806] PartLoader: Part 'Squad/Parts/Electrical/10LSolarPanels/OX-10L/solarPanelOX10L' has no database record. Creating.
[LOG 19:02:46.807] [DragCubeSystem]: Drag cubes not found or cannot be read for part Part. Generating New drag cubes.
[LOG 19:02:46.807] [KSPCF/DragCubeGeneration] Creating drag cubes for part 'solarPanelOX10L'
[LOG 19:02:46.823] PartLoader: Compiling Part 'Squad/Parts/Electrical/10LSolarPanels/SP-10L/solarPanelSP10L'
[LOG 19:02:46.828] PartLoader: Part 'Squad/Parts/Electrical/10LSolarPanels/SP-10L/solarPanelSP10L' has no database record. Creating.
[LOG 19:02:46.829] [DragCubeSystem]: Drag cubes not found or cannot be read for part Part. Generating New drag cubes.
[LOG 19:02:46.829] [KSPCF/DragCubeGeneration] Creating drag cubes for part 'solarPanelSP10L'
[LOG 19:02:46.844] PartLoader: Compiling Part 'Squad/Parts/Electrical/1x6ShroudSolarPanels/1x6ShroudSolarPanels/solarPanels2'
[LOG 19:02:46.849] PartLoader: Part 'Squad/Parts/Electrical/1x6ShroudSolarPanels/1x6ShroudSolarPanels/solarPanels2' has no database record. Creating.
[LOG 19:02:46.849] [DragCubeSystem]: Drag cubes not found or cannot be read for part Part. Generating New drag cubes.
[LOG 19:02:46.849] [KSPCF/DragCubeGeneration] Creating drag cubes for part 'solarPanels2'
[LOG 19:02:46.864] PartLoader: Compiling Part 'Squad/Parts/Electrical/1x6SolarPanels/1x6SolarPanels/solarPanels4'
[LOG 19:02:46.868] PartLoader: Part 'Squad/Parts/Electrical/1x6SolarPanels/1x6SolarPanels/solarPanels4' has no database record. Creating.
[LOG 19:02:46.868] [DragCubeSystem]: Drag cubes not found or cannot be read for part Part. Generating New drag cubes.
[LOG 19:02:46.868] [KSPCF/DragCubeGeneration] Creating drag cubes for part 'solarPanels4'
[LOG 19:02:46.882] PartLoader: Compiling Part 'Squad/Parts/Electrical/3x2ShroudSolarPanels/3x2ShroudSolarPanels/solarPanels1'
[LOG 19:02:46.886] PartLoader: Part 'Squad/Parts/Electrical/3x2ShroudSolarPanels/3x2ShroudSolarPanels/solarPanels1' has no database record. Creating.
[LOG 19:02:46.886] [DragCubeSystem]: Drag cubes not found or cannot be read for part Part. Generating New drag cubes.
[LOG 19:02:46.886] [KSPCF/DragCubeGeneration] Creating drag cubes for part 'solarPanels1'
[LOG 19:02:46.901] PartLoader: Compiling Part 'Squad/Parts/Electrical/3x2SolarPanels/3x2SolarPanels/solarPanels3'
[LOG 19:02:46.907] PartLoader: Part 'Squad/Parts/Electrical/3x2SolarPanels/3x2SolarPanels/solarPanels3' has no database record. Creating.
[LOG 19:02:46.907] [DragCubeSystem]: Drag cubes not found or cannot be read for part Part. Generating New drag cubes.
[LOG 19:02:46.907] [KSPCF/DragCubeGeneration] Creating drag cubes for part 'solarPanels3'
[LOG 19:02:46.922] PartLoader: Compiling Part 'Squad/Parts/Electrical/gigantorXlSolarArray/gigantorXlSolarArray/largeSolarPanel'
[LOG 19:02:46.925] PartLoader: Part 'Squad/Parts/Electrical/gigantorXlSolarArray/gigantorXlSolarArray/largeSolarPanel' has no database record. Creating.
[LOG 19:02:46.925] [DragCubeSystem]: Drag cubes not found or cannot be read for part Part. Generating New drag cubes.
[LOG 19:02:46.925] [KSPCF/DragCubeGeneration] Creating drag cubes for part 'largeSolarPanel'
[LOG 19:02:46.940] PartLoader: Compiling Part 'Squad/Parts/Electrical/radialFlatSolarPanel/radialFlatSolarPanel/solarPanels5'
[LOG 19:02:46.943] PartLoader: Part 'Squad/Parts/Electrical/radialFlatSolarPanel/radialFlatSolarPanel/solarPanels5' has no database record. Creating.
[LOG 19:02:46.943] [DragCubeSystem]: Drag cubes not found or cannot be read for part Part. Generating New drag cubes.
[LOG 19:02:46.943] [KSPCF/DragCubeGeneration] Creating drag cubes for part 'solarPanels5'
[LOG 19:02:46.949] PartLoader: Compiling Part 'Squad/Parts/Electrical/RTG/RTG/rtg'
[LOG 19:02:46.959] PartLoader: Part 'Squad/Parts/Electrical/RTG/RTG/rtg' has no database record. Creating.
[LOG 19:02:46.959] [DragCubeSystem]: Drag cubes not found or cannot be read for part Part. Generating New drag cubes.
[LOG 19:02:46.959] [KSPCF/DragCubeGeneration] Creating drag cubes for part 'rtg'
[LOG 19:02:46.965] PartLoader: Compiling Part 'Squad/Parts/Electrical/z-100Battery/z-100Battery/batteryPack'
[LOG 19:02:46.967] PartLoader: Part 'Squad/Parts/Electrical/z-100Battery/z-100Battery/batteryPack' has no database record. Creating.
[LOG 19:02:46.968] [DragCubeSystem]: Drag cubes not found or cannot be read for part Part. Generating New drag cubes.
[LOG 19:02:46.968] [KSPCF/DragCubeGeneration] Creating drag cubes for part 'batteryPack'
[LOG 19:02:46.971] PartLoader: Compiling Part 'Squad/Parts/Electrical/z-1kBattery/z-1kBattery/batteryBank'
[LOG 19:02:46.974] PartLoader: Part 'Squad/Parts/Electrical/z-1kBattery/z-1kBattery/batteryBank' has no database record. Creating.
[LOG 19:02:46.974] [DragCubeSystem]: Drag cubes not found or cannot be read for part Part. Generating New drag cubes.
[LOG 19:02:46.974] [KSPCF/DragCubeGeneration] Creating drag cubes for part 'batteryBank'
[LOG 19:02:46.979] PartLoader: Compiling Part 'Squad/Parts/Electrical/z-200Battery/z-200Battery/batteryBankMini'
[LOG 19:02:46.982] PartLoader: Part 'Squad/Parts/Electrical/z-200Battery/z-200Battery/batteryBankMini' has no database record. Creating.
[LOG 19:02:46.982] [DragCubeSystem]: Drag cubes not found or cannot be read for part Part. Generating New drag cubes.
[LOG 19:02:46.982] [KSPCF/DragCubeGeneration] Creating drag cubes for part 'batteryBankMini'
[LOG 19:02:46.986] PartLoader: Compiling Part 'Squad/Parts/Electrical/z-400Battery/z-400Battery/ksp_r_largeBatteryPack'
[LOG 19:02:46.988] PartLoader: Part 'Squad/Parts/Electrical/z-400Battery/z-400Battery/ksp_r_largeBatteryPack' has no database record. Creating.
[LOG 19:02:46.988] [DragCubeSystem]: Drag cubes not found or cannot be read for part Part. Generating New drag cubes.
[LOG 19:02:46.988] [KSPCF/DragCubeGeneration] Creating drag cubes for part 'ksp.r.largeBatteryPack'
[LOG 19:02:46.992] PartLoader: Compiling Part 'Squad/Parts/Electrical/z-4kBattery/z-4kBattery/batteryBankLarge'
[LOG 19:02:46.995] PartLoader: Part 'Squad/Parts/Electrical/z-4kBattery/z-4kBattery/batteryBankLarge' has no database record. Creating.
[LOG 19:02:46.995] [DragCubeSystem]: Drag cubes not found or cannot be read for part Part. Generating New drag cubes.
[LOG 19:02:46.995] [KSPCF/DragCubeGeneration] Creating drag cubes for part 'batteryBankLarge'
[LOG 19:02:46.999] PartLoader: Compiling Part 'Squad/Parts/Engine/ionEngine/ionEngine/ionEngine'
[LOG 19:02:47.015] PartLoader: Part 'Squad/Parts/Engine/ionEngine/ionEngine/ionEngine' has no database record. Creating.
[LOG 19:02:47.015] [DragCubeSystem]: Drag cubes not found or cannot be read for part Part. Generating New drag cubes.
[LOG 19:02:47.015] [KSPCF/DragCubeGeneration] Creating drag cubes for part 'ionEngine'
[LOG 19:02:47.021] PartLoader: Compiling Part 'Squad/Parts/Engine/jetEngines/jetEngineAfterburning/turboJet'
[LOG 19:02:47.050] PartLoader: Part 'Squad/Parts/Engine/jetEngines/jetEngineAfterburning/turboJet' has no database record. Creating.
[LOG 19:02:47.050] [DragCubeSystem]: Drag cubes not found or cannot be read for part Part. Generating New drag cubes.
[LOG 19:02:47.050] [KSPCF/DragCubeGeneration] Creating drag cubes for part 'turboJet'
[LOG 19:02:47.057] PartLoader: Compiling Part 'Squad/Parts/Engine/jetEngines/jetEngineBasic/JetEngine'
[LOG 19:02:47.065] PartLoader: Part 'Squad/Parts/Engine/jetEngines/jetEngineBasic/JetEngine' has no database record. Creating.
[LOG 19:02:47.065] [DragCubeSystem]: Drag cubes not found or cannot be read for part Part. Generating New drag cubes.
[LOG 19:02:47.065] [KSPCF/DragCubeGeneration] Creating drag cubes for part 'JetEngine'
[LOG 19:02:47.078] PartLoader: Compiling Part 'Squad/Parts/Engine/jetEngines/jetEngineBig/turboFanSize2'
[LOG 19:02:47.093] PartLoader: Part 'Squad/Parts/Engine/jetEngines/jetEngineBig/turboFanSize2' has no database record. Creating.
[LOG 19:02:47.093] [DragCubeSystem]: Drag cubes not found or cannot be read for part Part. Generating New drag cubes.
[LOG 19:02:47.093] [KSPCF/DragCubeGeneration] Creating drag cubes for part 'turboFanSize2'
[LOG 19:02:47.108] PartLoader: Compiling Part 'Squad/Parts/Engine/jetEngines/jetEngineTurbo/turboFanEngine'
[LOG 19:02:47.117] PartLoader: Part 'Squad/Parts/Engine/jetEngines/jetEngineTurbo/turboFanEngine' has no database record. Creating.
[LOG 19:02:47.117] [DragCubeSystem]: Drag cubes not found or cannot be read for part Part. Generating New drag cubes.
[LOG 19:02:47.117] [KSPCF/DragCubeGeneration] Creating drag cubes for part 'turboFanEngine'
[LOG 19:02:47.123] PartLoader: Compiling Part 'Squad/Parts/Engine/liquidEngine24-77/liquidEngine24-77/smallRadialEngine'
[LOG 19:02:47.132] PartLoader: Part 'Squad/Parts/Engine/liquidEngine24-77/liquidEngine24-77/smallRadialEngine' has no database record. Creating.
[LOG 19:02:47.133] [DragCubeSystem]: Drag cubes not found or cannot be read for part Part. Generating New drag cubes.
[LOG 19:02:47.133] [KSPCF/DragCubeGeneration] Creating drag cubes for part 'smallRadialEngine'
[LOG 19:02:47.139] PartLoader: Compiling Part 'Squad/Parts/Engine/liquidEngine24-77_v2/liquidEngine24-77_v2/smallRadialEngine_v2'
[LOG 19:02:47.146] PartLoader: Part 'Squad/Parts/Engine/liquidEngine24-77_v2/liquidEngine24-77_v2/smallRadialEngine_v2' has no database record. Creating.
[LOG 19:02:47.147] [DragCubeSystem]: Drag cubes not found or cannot be read for part Part. Generating New drag cubes.
[LOG 19:02:47.147] [KSPCF/DragCubeGeneration] Creating drag cubes for part 'smallRadialEngine.v2'
[LOG 19:02:47.151] PartLoader: Compiling Part 'Squad/Parts/Engine/liquidEngine48-7S_v2/liquidEngine48-7S_v2/liquidEngineMini_v2'
[LOG 19:02:47.159] PartLoader: Part 'Squad/Parts/Engine/liquidEngine48-7S_v2/liquidEngine48-7S_v2/liquidEngineMini_v2' has no database record. Creating.
[LOG 19:02:47.159] [DragCubeSystem]: Drag cubes not found or cannot be read for part Part. Generating New drag cubes.
[LOG 19:02:47.159] [KSPCF/DragCubeGeneration] Creating drag cubes for part 'liquidEngineMini.v2'
[LOG 19:02:47.188] PartLoader: Compiling Part 'Squad/Parts/Engine/liquidEngineAerospike/liquidEngineAerospike/toroidalAerospike'
[LOG 19:02:47.204] PartLoader: Part 'Squad/Parts/Engine/liquidEngineAerospike/liquidEngineAerospike/toroidalAerospike' has no database record. Creating.
[LOG 19:02:47.204] [DragCubeSystem]: Drag cubes not found or cannot be read for part Part. Generating New drag cubes.
[LOG 19:02:47.204] [KSPCF/DragCubeGeneration] Creating drag cubes for part 'toroidalAerospike'
[LOG 19:02:47.221] PartLoader: Compiling Part 'Squad/Parts/Engine/liquidEngineLV-1_v2/liquidEngineLV-1R _v2/radialEngineMini_v2'
[LOG 19:02:47.233] PartLoader: Part 'Squad/Parts/Engine/liquidEngineLV-1_v2/liquidEngineLV-1R _v2/radialEngineMini_v2' has no database record. Creating.
[LOG 19:02:47.233] [DragCubeSystem]: Drag cubes not found or cannot be read for part Part. Generating New drag cubes.
[LOG 19:02:47.233] [KSPCF/DragCubeGeneration] Creating drag cubes for part 'radialEngineMini.v2'
[LOG 19:02:47.247] PartLoader: Compiling Part 'Squad/Parts/Engine/liquidEngineLV-1_v2/liquidEngineLV-1_v2/microEngine_v2'
[LOG 19:02:47.254] PartLoader: Part 'Squad/Parts/Engine/liquidEngineLV-1_v2/liquidEngineLV-1_v2/microEngine_v2' has no database record. Creating.
[LOG 19:02:47.254] [DragCubeSystem]: Drag cubes not found or cannot be read for part Part. Generating New drag cubes.
[LOG 19:02:47.254] [KSPCF/DragCubeGeneration] Creating drag cubes for part 'microEngine.v2'
[LOG 19:02:47.267] PartLoader: Compiling Part 'Squad/Parts/Engine/liquidEngineLV-909_v2/liquidEngineLV-909_v2/liquidEngine3_v2'
[LOG 19:02:47.276] PartLoader: Part 'Squad/Parts/Engine/liquidEngineLV-909_v2/liquidEngineLV-909_v2/liquidEngine3_v2' has no database record. Creating.
[LOG 19:02:47.276] [DragCubeSystem]: Drag cubes not found or cannot be read for part Part. Generating New drag cubes.
[LOG 19:02:47.276] [KSPCF/DragCubeGeneration] Creating drag cubes for part 'liquidEngine3.v2'
[LOG 19:02:47.304] PartLoader: Compiling Part 'Squad/Parts/Engine/liquidEngineLV-N/liquidEngineLV-N/nuclearEngine'
[LOG 19:02:47.311] PartLoader: Part 'Squad/Parts/Engine/liquidEngineLV-N/liquidEngineLV-N/nuclearEngine' has no database record. Creating.
[LOG 19:02:47.311] [DragCubeSystem]: Drag cubes not found or cannot be read for part Part. Generating New drag cubes.
[LOG 19:02:47.311] [KSPCF/DragCubeGeneration] Part 'nuclearEngine' has defined a procedural drag cube setup
[LOG 19:02:47.312] PartLoader: Compiling Part 'Squad/Parts/Engine/liquidEngineLV-T30/liquidEngineLV-T30/liquidEngine'
[LOG 19:02:47.318] PartLoader: Part 'Squad/Parts/Engine/liquidEngineLV-T30/liquidEngineLV-T30/liquidEngine' has no database record. Creating.
[LOG 19:02:47.318] [DragCubeSystem]: Drag cubes not found or cannot be read for part Part. Generating New drag cubes.
[LOG 19:02:47.318] [KSPCF/DragCubeGeneration] Creating drag cubes for part 'liquidEngine'
[LOG 19:02:47.331] PartLoader: Compiling Part 'Squad/Parts/Engine/liquidEngineLV-T30_v2/liquidEngineLV-T30_v2/liquidEngine_v2'
[LOG 19:02:47.338] PartLoader: Part 'Squad/Parts/Engine/liquidEngineLV-T30_v2/liquidEngineLV-T30_v2/liquidEngine_v2' has no database record. Creating.
[LOG 19:02:47.339] PartLoader: Compiling Part 'Squad/Parts/Engine/liquidEngineLV-T45/liquidEngineLV-T45/liquidEngine2'
[LOG 19:02:47.346] PartLoader: Part 'Squad/Parts/Engine/liquidEngineLV-T45/liquidEngineLV-T45/liquidEngine2' has no database record. Creating.
[LOG 19:02:47.346] [DragCubeSystem]: Drag cubes not found or cannot be read for part Part. Generating New drag cubes.
[LOG 19:02:47.346] [KSPCF/DragCubeGeneration] Creating drag cubes for part 'liquidEngine2'
[LOG 19:02:47.360] PartLoader: Compiling Part 'Squad/Parts/Engine/liquidEngineLV-T45_v2/liquidEngineLV-T45_v2/liquidEngine2_v2'
[LOG 19:02:47.369] PartLoader: Part 'Squad/Parts/Engine/liquidEngineLV-T45_v2/liquidEngineLV-T45_v2/liquidEngine2_v2' has no database record. Creating.
[LOG 19:02:47.370] PartLoader: Compiling Part 'Squad/Parts/Engine/liquidEngineMainsail_v2/liquidEngineMainsail_v2/liquidEngineMainsail_v2'
[LOG 19:02:47.380] PartLoader: Part 'Squad/Parts/Engine/liquidEngineMainsail_v2/liquidEngineMainsail_v2/liquidEngineMainsail_v2' has no database record. Creating.
[LOG 19:02:47.380] [DragCubeSystem]: Drag cubes not found or cannot be read for part Part. Generating New drag cubes.
[LOG 19:02:47.380] [KSPCF/DragCubeGeneration] Creating drag cubes for part 'liquidEngineMainsail.v2'
[LOG 19:02:47.410] PartLoader: Compiling Part 'Squad/Parts/Engine/liquidEngineMk55/liquidEngineMk55/radialLiquidEngine1-2'
[LOG 19:02:47.417] PartLoader: Part 'Squad/Parts/Engine/liquidEngineMk55/liquidEngineMk55/radialLiquidEngine1-2' has no database record. Creating.
[LOG 19:02:47.417] [DragCubeSystem]: Drag cubes not found or cannot be read for part Part. Generating New drag cubes.
[LOG 19:02:47.417] [KSPCF/DragCubeGeneration] Creating drag cubes for part 'radialLiquidEngine1-2'
[LOG 19:02:47.421] PartLoader: Compiling Part 'Squad/Parts/Engine/liquidEnginePoodle_v2/liquidEnginePoodle_v2/liquidEngine2-2_v2'
[LOG 19:02:47.430] PartLoader: Part 'Squad/Parts/Engine/liquidEnginePoodle_v2/liquidEnginePoodle_v2/liquidEngine2-2_v2' has no database record. Creating.
[LOG 19:02:47.432] PartLoader: Compiling Part 'Squad/Parts/Engine/liquidEngineSkipper_v2/skipperLiquidEngine_v2/engineLargeSkipper_v2'
[LOG 19:02:47.441] PartLoader: Part 'Squad/Parts/Engine/liquidEngineSkipper_v2/skipperLiquidEngine_v2/engineLargeSkipper_v2' has no database record. Creating.
[LOG 19:02:47.441] [DragCubeSystem]: Drag cubes not found or cannot be read for part Part. Generating New drag cubes.
[LOG 19:02:47.441] [KSPCF/DragCubeGeneration] Creating drag cubes for part 'engineLargeSkipper.v2'
[LOG 19:02:47.485] PartLoader: Compiling Part 'Squad/Parts/Engine/liquidEngineSSME/SSME/SSME'
[LOG 19:02:47.501] PartLoader: Part 'Squad/Parts/Engine/liquidEngineSSME/SSME/SSME' has no database record. Creating.
[LOG 19:02:47.501] [DragCubeSystem]: Drag cubes not found or cannot be read for part Part. Generating New drag cubes.
[LOG 19:02:47.501] [KSPCF/DragCubeGeneration] Creating drag cubes for part 'SSME'
[LOG 19:02:47.514] PartLoader: Compiling Part 'Squad/Parts/Engine/MassiveSRB/part/MassiveBooster'
[LOG 19:02:47.522] PartLoader: Part 'Squad/Parts/Engine/MassiveSRB/part/MassiveBooster' has no database record. Creating.
[LOG 19:02:47.522] [DragCubeSystem]: Drag cubes not found or cannot be read for part Part. Generating New drag cubes.
[LOG 19:02:47.522] [KSPCF/DragCubeGeneration] Creating drag cubes for part 'MassiveBooster'
[LOG 19:02:47.526] PartLoader: Compiling Part 'Squad/Parts/Engine/miniJet/SmallJetEngine/miniJetEngine'
[LOG 19:02:47.533] PartLoader: Part 'Squad/Parts/Engine/miniJet/SmallJetEngine/miniJetEngine' has no database record. Creating.
[LOG 19:02:47.533] [DragCubeSystem]: Drag cubes not found or cannot be read for part Part. Generating New drag cubes.
[LOG 19:02:47.533] [KSPCF/DragCubeGeneration] Creating drag cubes for part 'miniJetEngine'
[LOG 19:02:47.538] PartLoader: Compiling Part 'Squad/Parts/Engine/OMSEngine/omsEngine/omsEngine'
[LOG 19:02:47.545] PartLoader: Part 'Squad/Parts/Engine/OMSEngine/omsEngine/omsEngine' has no database record. Creating.
[LOG 19:02:47.545] [DragCubeSystem]: Drag cubes not found or cannot be read for part Part. Generating New drag cubes.
[LOG 19:02:47.545] [KSPCF/DragCubeGeneration] Creating drag cubes for part 'omsEngine'
[LOG 19:02:47.550] PartLoader: Compiling Part 'Squad/Parts/Engine/rapierEngine/rapierEngine/RAPIER'
[LOG 19:02:47.561] PartLoader: Part 'Squad/Parts/Engine/rapierEngine/rapierEngine/RAPIER' has no database record. Creating.
[LOG 19:02:47.561] [DragCubeSystem]: Drag cubes not found or cannot be read for part Part. Generating New drag cubes.
[LOG 19:02:47.561] [KSPCF/DragCubeGeneration] Creating drag cubes for part 'RAPIER'
[LOG 19:02:47.567] PartLoader: Compiling Part 'Squad/Parts/Engine/Size1_SRBs/solidBoosterRT-10_v2/solidBooster_v2'
[LOG 19:02:47.574] PartLoader: Part 'Squad/Parts/Engine/Size1_SRBs/solidBoosterRT-10_v2/solidBooster_v2' has no database record. Creating.
[LOG 19:02:47.575] [DragCubeSystem]: Drag cubes not found or cannot be read for part Part. Generating New drag cubes.
[LOG 19:02:47.575] [KSPCF/DragCubeGeneration] Creating drag cubes for part 'solidBooster.v2'
[LOG 19:02:47.587] PartLoader: Compiling Part 'Squad/Parts/Engine/Size1_SRBs/solidBoosterRT-5_v2/solidBooster_sm_v2'
[LOG 19:02:47.593] PartLoader: Part 'Squad/Parts/Engine/Size1_SRBs/solidBoosterRT-5_v2/solidBooster_sm_v2' has no database record. Creating.
[LOG 19:02:47.593] [DragCubeSystem]: Drag cubes not found or cannot be read for part Part. Generating New drag cubes.
[LOG 19:02:47.593] [KSPCF/DragCubeGeneration] Creating drag cubes for part 'solidBooster.sm.v2'
[LOG 19:02:47.607] PartLoader: Compiling Part 'Squad/Parts/Engine/Size2LFB/part/Size2LFB'
[LOG 19:02:47.614] PartLoader: Part 'Squad/Parts/Engine/Size2LFB/part/Size2LFB' has no database record. Creating.
[LOG 19:02:47.614] [DragCubeSystem]: Drag cubes not found or cannot be read for part Part. Generating New drag cubes.
[LOG 19:02:47.614] [KSPCF/DragCubeGeneration] Creating drag cubes for part 'Size2LFB'
[LOG 19:02:47.620] PartLoader: Compiling Part 'Squad/Parts/Engine/Size2LFB_v2/part/Size2LFB_v2'
[LOG 19:02:47.627] PartLoader: Part 'Squad/Parts/Engine/Size2LFB_v2/part/Size2LFB_v2' has no database record. Creating.
[LOG 19:02:47.627] [DragCubeSystem]: Drag cubes not found or cannot be read for part Part. Generating New drag cubes.
[LOG 19:02:47.627] [KSPCF/DragCubeGeneration] Creating drag cubes for part 'Size2LFB.v2'
[LOG 19:02:47.632] PartLoader: Compiling Part 'Squad/Parts/Engine/Size3AdvancedEngine/part/Size3AdvancedEngine'
[LOG 19:02:47.646] PartLoader: Part 'Squad/Parts/Engine/Size3AdvancedEngine/part/Size3AdvancedEngine' has no database record. Creating.
[LOG 19:02:47.646] [DragCubeSystem]: Drag cubes not found or cannot be read for part Part. Generating New drag cubes.
[LOG 19:02:47.646] [KSPCF/DragCubeGeneration] Creating drag cubes for part 'Size3AdvancedEngine'
[LOG 19:02:47.660] PartLoader: Compiling Part 'Squad/Parts/Engine/Size3EngineCluster/part/Size3EngineCluster'
[LOG 19:02:47.667] PartLoader: Part 'Squad/Parts/Engine/Size3EngineCluster/part/Size3EngineCluster' has no database record. Creating.
[LOG 19:02:47.667] [DragCubeSystem]: Drag cubes not found or cannot be read for part Part. Generating New drag cubes.
[LOG 19:02:47.667] [KSPCF/DragCubeGeneration] Creating drag cubes for part 'Size3EngineCluster'
[LOG 19:02:47.673] PartLoader: Compiling Part 'Squad/Parts/Engine/solidBoosterBACC/solidBoosterBACC/solidBooster1-1'
[LOG 19:02:47.679] PartLoader: Part 'Squad/Parts/Engine/solidBoosterBACC/solidBoosterBACC/solidBooster1-1' has no database record. Creating.
[LOG 19:02:47.679] [DragCubeSystem]: Drag cubes not found or cannot be read for part Part. Generating New drag cubes.
[LOG 19:02:47.679] [KSPCF/DragCubeGeneration] Creating drag cubes for part 'solidBooster1-1'
[LOG 19:02:47.684] PartLoader: Compiling Part 'Squad/Parts/Engine/solidBoosterS2-17/solidBoosterS2-17/Thoroughbred'
[LOG 19:02:47.692] PartLoader: Part 'Squad/Parts/Engine/solidBoosterS2-17/solidBoosterS2-17/Thoroughbred' has no database record. Creating.
[LOG 19:02:47.692] [DragCubeSystem]: Drag cubes not found or cannot be read for part Part. Generating New drag cubes.
[LOG 19:02:47.693] [KSPCF/DragCubeGeneration] Creating drag cubes for part 'Thoroughbred'
[LOG 19:02:47.698] PartLoader: Compiling Part 'Squad/Parts/Engine/solidBoosterS2-33/solidBoosterS2-33/Clydesdale'
[LOG 19:02:47.704] PartLoader: Part 'Squad/Parts/Engine/solidBoosterS2-33/solidBoosterS2-33/Clydesdale' has no database record. Creating.
[LOG 19:02:47.704] [DragCubeSystem]: Drag cubes not found or cannot be read for part Part. Generating New drag cubes.
[LOG 19:02:47.704] [KSPCF/DragCubeGeneration] Creating drag cubes for part 'Clydesdale'
[LOG 19:02:47.709] PartLoader: Compiling Part 'Squad/Parts/Engine/solidBoosterSep/solidBoosterSep/sepMotor1'
[LOG 19:02:47.712] [ModuleCargoPart]: Setting stackableQuantity to 1 as sepMotor1 contains resources
[LOG 19:02:47.714] PartLoader: Part 'Squad/Parts/Engine/solidBoosterSep/solidBoosterSep/sepMotor1' has no database record. Creating.
[LOG 19:02:47.714] [DragCubeSystem]: Drag cubes not found or cannot be read for part Part. Generating New drag cubes.
[LOG 19:02:47.714] [KSPCF/DragCubeGeneration] Creating drag cubes for part 'sepMotor1'
[LOG 19:02:47.718] PartLoader: Compiling Part 'Squad/Parts/Engine/SolidBoostersF/SolidBoosterF3S0/Shrimp'
[LOG 19:02:47.724] PartLoader: Part 'Squad/Parts/Engine/SolidBoostersF/SolidBoosterF3S0/Shrimp' has no database record. Creating.
[LOG 19:02:47.724] [DragCubeSystem]: Drag cubes not found or cannot be read for part Part. Generating New drag cubes.
[LOG 19:02:47.724] [KSPCF/DragCubeGeneration] Creating drag cubes for part 'Shrimp'
[LOG 19:02:47.730] PartLoader: Compiling Part 'Squad/Parts/Engine/SolidBoostersF/SolidBoosterFM1/Mite'
[LOG 19:02:47.739] PartLoader: Part 'Squad/Parts/Engine/SolidBoostersF/SolidBoosterFM1/Mite' has no database record. Creating.
[LOG 19:02:47.739] [DragCubeSystem]: Drag cubes not found or cannot be read for part Part. Generating New drag cubes.
[LOG 19:02:47.739] [KSPCF/DragCubeGeneration] Creating drag cubes for part 'Mite'
[LOG 19:02:47.744] PartLoader: Compiling Part 'Squad/Parts/FuelTank/adapterTanks/Mk3-Mk2/adapterMk3-Mk2'
[LOG 19:02:47.746] PartLoader: Part 'Squad/Parts/FuelTank/adapterTanks/Mk3-Mk2/adapterMk3-Mk2' has no database record. Creating.
[LOG 19:02:47.746] [DragCubeSystem]: Drag cubes not found or cannot be read for part Part. Generating New drag cubes.
[LOG 19:02:47.746] [KSPCF/DragCubeGeneration] Creating drag cubes for part 'adapterMk3-Mk2'
[LOG 19:02:47.750] PartLoader: Compiling Part 'Squad/Parts/FuelTank/adapterTanks/Mk3-ShuttleAdapter/adapterEngines'
[LOG 19:02:47.753] PartLoader: Part 'Squad/Parts/FuelTank/adapterTanks/Mk3-ShuttleAdapter/adapterEngines' has no database record. Creating.
[LOG 19:02:47.753] [DragCubeSystem]: Drag cubes not found or cannot be read for part Part. Generating New drag cubes.
[LOG 19:02:47.753] [KSPCF/DragCubeGeneration] Creating drag cubes for part 'adapterEngines'
[LOG 19:02:47.756] PartLoader: Compiling Part 'Squad/Parts/FuelTank/adapterTanks/Mk3-Size2/adapterMk3-Size2'
[LOG 19:02:47.758] PartLoader: Part 'Squad/Parts/FuelTank/adapterTanks/Mk3-Size2/adapterMk3-Size2' has no database record. Creating.
[LOG 19:02:47.758] [DragCubeSystem]: Drag cubes not found or cannot be read for part Part. Generating New drag cubes.
[LOG 19:02:47.758] [KSPCF/DragCubeGeneration] Creating drag cubes for part 'adapterMk3-Size2'
[LOG 19:02:47.763] PartLoader: Compiling Part 'Squad/Parts/FuelTank/adapterTanks/Mk3-Size2Slant/adapterMk3-Size2Slant'
[LOG 19:02:47.766] PartLoader: Part 'Squad/Parts/FuelTank/adapterTanks/Mk3-Size2Slant/adapterMk3-Size2Slant' has no database record. Creating.
[LOG 19:02:47.766] [DragCubeSystem]: Drag cubes not found or cannot be read for part Part. Generating New drag cubes.
[LOG 19:02:47.766] [KSPCF/DragCubeGeneration] Creating drag cubes for part 'adapterMk3-Size2Slant'
[LOG 19:02:47.770] PartLoader: Compiling Part 'Squad/Parts/FuelTank/adapterTanks/Size2-Mk2/adapterSize2-Mk2'
[LOG 19:02:47.772] PartLoader: Part 'Squad/Parts/FuelTank/adapterTanks/Size2-Mk2/adapterSize2-Mk2' has no database record. Creating.
[LOG 19:02:47.772] [DragCubeSystem]: Drag cubes not found or cannot be read for part Part. Generating New drag cubes.
[LOG 19:02:47.772] [KSPCF/DragCubeGeneration] Creating drag cubes for part 'adapterSize2-Mk2'
[LOG 19:02:47.776] PartLoader: Compiling Part 'Squad/Parts/FuelTank/adapterTanks/Size2-Size1/adapterSize2-Size1'
[LOG 19:02:47.779] PartLoader: Part 'Squad/Parts/FuelTank/adapterTanks/Size2-Size1/adapterSize2-Size1' has no database record. Creating.
[LOG 19:02:47.779] [DragCubeSystem]: Drag cubes not found or cannot be read for part Part. Generating New drag cubes.
[LOG 19:02:47.779] [KSPCF/DragCubeGeneration] Creating drag cubes for part 'adapterSize2-Size1'
[LOG 19:02:47.783] PartLoader: Compiling Part 'Squad/Parts/FuelTank/adapterTanks/Size2-Size1Slant/adapterSize2-Size1Slant'
[LOG 19:02:47.785] PartLoader: Part 'Squad/Parts/FuelTank/adapterTanks/Size2-Size1Slant/adapterSize2-Size1Slant' has no database record. Creating.
[LOG 19:02:47.785] [DragCubeSystem]: Drag cubes not found or cannot be read for part Part. Generating New drag cubes.
[LOG 19:02:47.785] [KSPCF/DragCubeGeneration] Creating drag cubes for part 'adapterSize2-Size1Slant'
[LOG 19:02:47.790] PartLoader: Compiling Part 'Squad/Parts/FuelTank/adapterTanks/Size3-Mk3/adapterSize3-Mk3'
[LOG 19:02:47.792] PartLoader: Part 'Squad/Parts/FuelTank/adapterTanks/Size3-Mk3/adapterSize3-Mk3' has no database record. Creating.
[LOG 19:02:47.792] [DragCubeSystem]: Drag cubes not found or cannot be read for part Part. Generating New drag cubes.
[LOG 19:02:47.792] [KSPCF/DragCubeGeneration] Creating drag cubes for part 'adapterSize3-Mk3'
[LOG 19:02:47.798] PartLoader: Compiling Part 'Squad/Parts/FuelTank/drainTankFTE-1/ReleaseValve/ReleaseValve'
[LOG 19:02:47.808] PartLoader: Part 'Squad/Parts/FuelTank/drainTankFTE-1/ReleaseValve/ReleaseValve' has no database record. Creating.
[LOG 19:02:47.808] [DragCubeSystem]: Drag cubes not found or cannot be read for part Part. Generating New drag cubes.
[LOG 19:02:47.808] [KSPCF/DragCubeGeneration] Creating drag cubes for part 'ReleaseValve'
[LOG 19:02:47.812] PartLoader: Compiling Part 'Squad/Parts/FuelTank/FoilTanks/RadialTank_Capsule/externalTankCapsule'
[LOG 19:02:47.815] PartLoader: Part 'Squad/Parts/FuelTank/FoilTanks/RadialTank_Capsule/externalTankCapsule' has no database record. Creating.
[LOG 19:02:47.815] [DragCubeSystem]: Drag cubes not found or cannot be read for part Part. Generating New drag cubes.
[LOG 19:02:47.815] [KSPCF/DragCubeGeneration] Creating drag cubes for part 'externalTankCapsule'
[LOG 19:02:47.820] PartLoader: Compiling Part 'Squad/Parts/FuelTank/FoilTanks/RadialTank_Round/externalTankRound'
[LOG 19:02:47.822] PartLoader: Part 'Squad/Parts/FuelTank/FoilTanks/RadialTank_Round/externalTankRound' has no database record. Creating.
[LOG 19:02:47.822] [DragCubeSystem]: Drag cubes not found or cannot be read for part Part. Generating New drag cubes.
[LOG 19:02:47.823] [KSPCF/DragCubeGeneration] Creating drag cubes for part 'externalTankRound'
[LOG 19:02:47.827] PartLoader: Compiling Part 'Squad/Parts/FuelTank/FoilTanks/ToroidTank/externalTankToroid'
[LOG 19:02:47.833] PartLoader: Part 'Squad/Parts/FuelTank/FoilTanks/ToroidTank/externalTankToroid' has no database record. Creating.
[LOG 19:02:47.833] [DragCubeSystem]: Drag cubes not found or cannot be read for part Part. Generating New drag cubes.
[LOG 19:02:47.833] [KSPCF/DragCubeGeneration] Creating drag cubes for part 'externalTankToroid'
[LOG 19:02:47.838] PartLoader: Compiling Part 'Squad/Parts/FuelTank/fuelTankOscarB/fuelTankOscarB/miniFuelTank'
[LOG 19:02:47.840] PartLoader: Part 'Squad/Parts/FuelTank/fuelTankOscarB/fuelTankOscarB/miniFuelTank' has no database record. Creating.
[LOG 19:02:47.840] [DragCubeSystem]: Drag cubes not found or cannot be read for part Part. Generating New drag cubes.
[LOG 19:02:47.841] [KSPCF/DragCubeGeneration] Creating drag cubes for part 'miniFuelTank'
[LOG 19:02:47.845] PartLoader: Compiling Part 'Squad/Parts/FuelTank/miniFuselage/miniFuselage/miniFuselage'
[LOG 19:02:47.848] PartLoader: Part 'Squad/Parts/FuelTank/miniFuselage/miniFuselage/miniFuselage' has no database record. Creating.
[LOG 19:02:47.848] [DragCubeSystem]: Drag cubes not found or cannot be read for part Part. Generating New drag cubes.
[LOG 19:02:47.848] [KSPCF/DragCubeGeneration] Creating drag cubes for part 'miniFuselage'
[LOG 19:02:47.852] PartLoader: Compiling Part 'Squad/Parts/FuelTank/mk2Adapters/bicoupler/mk2_1m_Bicoupler'
[LOG 19:02:47.855] PartLoader: Part 'Squad/Parts/FuelTank/mk2Adapters/bicoupler/mk2_1m_Bicoupler' has no database record. Creating.
[LOG 19:02:47.855] [DragCubeSystem]: Drag cubes not found or cannot be read for part Part. Generating New drag cubes.
[LOG 19:02:47.855] [KSPCF/DragCubeGeneration] Creating drag cubes for part 'mk2.1m.Bicoupler'
[LOG 19:02:47.861] PartLoader: Compiling Part 'Squad/Parts/FuelTank/mk2Adapters/long/mk2_1m_AdapterLong'
[LOG 19:02:47.863] PartLoader: Part 'Squad/Parts/FuelTank/mk2Adapters/long/mk2_1m_AdapterLong' has no database record. Creating.
[LOG 19:02:47.863] [DragCubeSystem]: Drag cubes not found or cannot be read for part Part. Generating New drag cubes.
[LOG 19:02:47.863] [KSPCF/DragCubeGeneration] Creating drag cubes for part 'mk2.1m.AdapterLong'
[LOG 19:02:47.869] PartLoader: Compiling Part 'Squad/Parts/FuelTank/mk2Adapters/standard/mk2SpacePlaneAdapter'
[LOG 19:02:47.874] PartLoader: Part 'Squad/Parts/FuelTank/mk2Adapters/standard/mk2SpacePlaneAdapter' has no database record. Creating.
[LOG 19:02:47.874] [DragCubeSystem]: Drag cubes not found or cannot be read for part Part. Generating New drag cubes.
[LOG 19:02:47.874] [KSPCF/DragCubeGeneration] Creating drag cubes for part 'mk2SpacePlaneAdapter'
[LOG 19:02:47.879] PartLoader: Compiling Part 'Squad/Parts/FuelTank/mk2FuselageLong/LFO_long/mk2FuselageLongLFO'
[LOG 19:02:47.881] PartLoader: Part 'Squad/Parts/FuelTank/mk2FuselageLong/LFO_long/mk2FuselageLongLFO' has no database record. Creating.
[LOG 19:02:47.881] [DragCubeSystem]: Drag cubes not found or cannot be read for part Part. Generating New drag cubes.
[LOG 19:02:47.881] [KSPCF/DragCubeGeneration] Creating drag cubes for part 'mk2FuselageLongLFO'
[LOG 19:02:47.886] PartLoader: Compiling Part 'Squad/Parts/FuelTank/mk2FuselageLong/L_long/mk2Fuselage'
[LOG 19:02:47.888] PartLoader: Part 'Squad/Parts/FuelTank/mk2FuselageLong/L_long/mk2Fuselage' has no database record. Creating.
[LOG 19:02:47.888] [DragCubeSystem]: Drag cubes not found or cannot be read for part Part. Generating New drag cubes.
[LOG 19:02:47.888] [KSPCF/DragCubeGeneration] Creating drag cubes for part 'mk2Fuselage'
[LOG 19:02:47.893] PartLoader: Compiling Part 'Squad/Parts/FuelTank/mk2FuselageShort/LFO_short/mk2FuselageShortLFO'
[LOG 19:02:47.896] PartLoader: Part 'Squad/Parts/FuelTank/mk2FuselageShort/LFO_short/mk2FuselageShortLFO' has no database record. Creating.
[LOG 19:02:47.896] [DragCubeSystem]: Drag cubes not found or cannot be read for part Part. Generating New drag cubes.
[LOG 19:02:47.896] [KSPCF/DragCubeGeneration] Creating drag cubes for part 'mk2FuselageShortLFO'
[LOG 19:02:47.900] PartLoader: Compiling Part 'Squad/Parts/FuelTank/mk2FuselageShort/L_short/mk2FuselageShortLiquid'
[LOG 19:02:47.904] PartLoader: Part 'Squad/Parts/FuelTank/mk2FuselageShort/L_short/mk2FuselageShortLiquid' has no database record. Creating.
[LOG 19:02:47.904] [DragCubeSystem]: Drag cubes not found or cannot be read for part Part. Generating New drag cubes.
[LOG 19:02:47.905] [KSPCF/DragCubeGeneration] Creating drag cubes for part 'mk2FuselageShortLiquid'
[LOG 19:02:47.909] PartLoader: Compiling Part 'Squad/Parts/FuelTank/mk2FuselageShort/Mono_short/mk2FuselageShortMono'
[LOG 19:02:47.912] PartLoader: Part 'Squad/Parts/FuelTank/mk2FuselageShort/Mono_short/mk2FuselageShortMono' has no database record. Creating.
[LOG 19:02:47.912] [DragCubeSystem]: Drag cubes not found or cannot be read for part Part. Generating New drag cubes.
[LOG 19:02:47.912] [KSPCF/DragCubeGeneration] Creating drag cubes for part 'mk2FuselageShortMono'
[LOG 19:02:47.916] PartLoader: Compiling Part 'Squad/Parts/FuelTank/mk3Fuselage/CREW/mk3CrewCabin'
[LOG 19:02:47.921] PartLoader: Part 'Squad/Parts/FuelTank/mk3Fuselage/CREW/mk3CrewCabin' has no database record. Creating.
[LOG 19:02:47.921] [DragCubeSystem]: Drag cubes not found or cannot be read for part Part. Generating New drag cubes.
[LOG 19:02:47.921] [KSPCF/DragCubeGeneration] Creating drag cubes for part 'mk3CrewCabin'
[LOG 19:02:47.926] PartLoader: Compiling Part 'Squad/Parts/FuelTank/mk3Fuselage/LFO_100/mk3FuselageLFO_100'
[LOG 19:02:47.928] PartLoader: Part 'Squad/Parts/FuelTank/mk3Fuselage/LFO_100/mk3FuselageLFO_100' has no database record. Creating.
[LOG 19:02:47.928] [DragCubeSystem]: Drag cubes not found or cannot be read for part Part. Generating New drag cubes.
[LOG 19:02:47.928] [KSPCF/DragCubeGeneration] Creating drag cubes for part 'mk3FuselageLFO.100'
[LOG 19:02:47.933] PartLoader: Compiling Part 'Squad/Parts/FuelTank/mk3Fuselage/LFO_25/mk3FuselageLFO_25'
[LOG 19:02:47.935] PartLoader: Part 'Squad/Parts/FuelTank/mk3Fuselage/LFO_25/mk3FuselageLFO_25' has no database record. Creating.
[LOG 19:02:47.935] [DragCubeSystem]: Drag cubes not found or cannot be read for part Part. Generating New drag cubes.
[LOG 19:02:47.935] [KSPCF/DragCubeGeneration] Creating drag cubes for part 'mk3FuselageLFO.25'
[LOG 19:02:47.941] PartLoader: Compiling Part 'Squad/Parts/FuelTank/mk3Fuselage/LFO_50/mk3FuselageLFO_50'
[LOG 19:02:47.943] PartLoader: Part 'Squad/Parts/FuelTank/mk3Fuselage/LFO_50/mk3FuselageLFO_50' has no database record. Creating.
[LOG 19:02:47.943] [DragCubeSystem]: Drag cubes not found or cannot be read for part Part. Generating New drag cubes.
[LOG 19:02:47.943] [KSPCF/DragCubeGeneration] Creating drag cubes for part 'mk3FuselageLFO.50'
[LOG 19:02:47.948] PartLoader: Compiling Part 'Squad/Parts/FuelTank/mk3Fuselage/LF_100/mk3FuselageLF_100'
[LOG 19:02:47.950] PartLoader: Part 'Squad/Parts/FuelTank/mk3Fuselage/LF_100/mk3FuselageLF_100' has no database record. Creating.
[LOG 19:02:47.950] [DragCubeSystem]: Drag cubes not found or cannot be read for part Part. Generating New drag cubes.
[LOG 19:02:47.950] [KSPCF/DragCubeGeneration] Creating drag cubes for part 'mk3FuselageLF.100'
[LOG 19:02:47.954] PartLoader: Compiling Part 'Squad/Parts/FuelTank/mk3Fuselage/LF_25/mk3FuselageLF_25'
[LOG 19:02:47.956] PartLoader: Part 'Squad/Parts/FuelTank/mk3Fuselage/LF_25/mk3FuselageLF_25' has no database record. Creating.
[LOG 19:02:47.956] [DragCubeSystem]: Drag cubes not found or cannot be read for part Part. Generating New drag cubes.
[LOG 19:02:47.957] [KSPCF/DragCubeGeneration] Creating drag cubes for part 'mk3FuselageLF.25'
[LOG 19:02:47.961] PartLoader: Compiling Part 'Squad/Parts/FuelTank/mk3Fuselage/LF_50/mk3FuselageLF_50'
[LOG 19:02:47.963] PartLoader: Part 'Squad/Parts/FuelTank/mk3Fuselage/LF_50/mk3FuselageLF_50' has no database record. Creating.
[LOG 19:02:47.963] [DragCubeSystem]: Drag cubes not found or cannot be read for part Part. Generating New drag cubes.
[LOG 19:02:47.963] [KSPCF/DragCubeGeneration] Creating drag cubes for part 'mk3FuselageLF.50'
[LOG 19:02:47.967] PartLoader: Compiling Part 'Squad/Parts/FuelTank/mk3Fuselage/MONO/mk3FuselageMONO'
[LOG 19:02:47.969] PartLoader: Part 'Squad/Parts/FuelTank/mk3Fuselage/MONO/mk3FuselageMONO' has no database record. Creating.
[LOG 19:02:47.969] [DragCubeSystem]: Drag cubes not found or cannot be read for part Part. Generating New drag cubes.
[LOG 19:02:47.969] [KSPCF/DragCubeGeneration] Creating drag cubes for part 'mk3FuselageMONO'
[LOG 19:02:47.974] PartLoader: Compiling Part 'Squad/Parts/FuelTank/RCSFuelTankR1/RCSFuelTankR1/RCSTank1-2'
[LOG 19:02:47.977] PartLoader: Part 'Squad/Parts/FuelTank/RCSFuelTankR1/RCSFuelTankR1/RCSTank1-2' has no database record. Creating.
[LOG 19:02:47.977] [DragCubeSystem]: Drag cubes not found or cannot be read for part Part. Generating New drag cubes.
[LOG 19:02:47.977] [KSPCF/DragCubeGeneration] Creating drag cubes for part 'RCSTank1-2'
[LOG 19:02:47.982] PartLoader: Compiling Part 'Squad/Parts/FuelTank/RCSFuelTankR10/RCSFuelTankR10/rcsTankMini'
[LOG 19:02:47.985] PartLoader: Part 'Squad/Parts/FuelTank/RCSFuelTankR10/RCSFuelTankR10/rcsTankMini' has no database record. Creating.
[LOG 19:02:47.985] [DragCubeSystem]: Drag cubes not found or cannot be read for part Part. Generating New drag cubes.
[LOG 19:02:47.985] [KSPCF/DragCubeGeneration] Creating drag cubes for part 'rcsTankMini'
[LOG 19:02:47.989] PartLoader: Compiling Part 'Squad/Parts/FuelTank/RCSFuelTankR25/RCSFuelTankR25/RCSFuelTank'
[LOG 19:02:47.992] PartLoader: Part 'Squad/Parts/FuelTank/RCSFuelTankR25/RCSFuelTankR25/RCSFuelTank' has no database record. Creating.
[LOG 19:02:47.992] [DragCubeSystem]: Drag cubes not found or cannot be read for part Part. Generating New drag cubes.
[LOG 19:02:47.992] [KSPCF/DragCubeGeneration] Creating drag cubes for part 'RCSFuelTank'
[LOG 19:02:47.996] PartLoader: Compiling Part 'Squad/Parts/FuelTank/RCSTankRadial/radialRCSTank/radialRCSTank'
[LOG 19:02:47.999] PartLoader: Part 'Squad/Parts/FuelTank/RCSTankRadial/radialRCSTank/radialRCSTank' has no database record. Creating.
[LOG 19:02:47.999] [DragCubeSystem]: Drag cubes not found or cannot be read for part Part. Generating New drag cubes.
[LOG 19:02:47.999] [KSPCF/DragCubeGeneration] Creating drag cubes for part 'radialRCSTank'
[LOG 19:02:48.004] PartLoader: Compiling Part 'Squad/Parts/FuelTank/RCStankRadialLong/RCSTankRadialLong/rcsTankRadialLong'
[LOG 19:02:48.007] PartLoader: Part 'Squad/Parts/FuelTank/RCStankRadialLong/RCSTankRadialLong/rcsTankRadialLong' has no database record. Creating.
[LOG 19:02:48.007] [DragCubeSystem]: Drag cubes not found or cannot be read for part Part. Generating New drag cubes.
[LOG 19:02:48.008] [KSPCF/DragCubeGeneration] Creating drag cubes for part 'rcsTankRadialLong'
[LOG 19:02:48.011] PartLoader: Compiling Part 'Squad/Parts/FuelTank/RockomaxTanks/Rockomax16/Rockomax16_BW'
[LOG 19:02:48.014] PartLoader: Part 'Squad/Parts/FuelTank/RockomaxTanks/Rockomax16/Rockomax16_BW' has no database record. Creating.
[LOG 19:02:48.014] [DragCubeSystem]: Drag cubes not found or cannot be read for part Part. Generating New drag cubes.
[LOG 19:02:48.014] [KSPCF/DragCubeGeneration] Creating drag cubes for part 'Rockomax16.BW'
[LOG 19:02:48.018] PartLoader: Compiling Part 'Squad/Parts/FuelTank/RockomaxTanks/Rockomax32/Rockomax32_BW'
[LOG 19:02:48.021] PartLoader: Part 'Squad/Parts/FuelTank/RockomaxTanks/Rockomax32/Rockomax32_BW' has no database record. Creating.
[LOG 19:02:48.021] [DragCubeSystem]: Drag cubes not found or cannot be read for part Part. Generating New drag cubes.
[LOG 19:02:48.021] [KSPCF/DragCubeGeneration] Creating drag cubes for part 'Rockomax32.BW'
[LOG 19:02:48.035] PartLoader: Compiling Part 'Squad/Parts/FuelTank/RockomaxTanks/Rockomax64/Rockomax64_BW'
[LOG 19:02:48.038] PartLoader: Part 'Squad/Parts/FuelTank/RockomaxTanks/Rockomax64/Rockomax64_BW' has no database record. Creating.
[LOG 19:02:48.038] [DragCubeSystem]: Drag cubes not found or cannot be read for part Part. Generating New drag cubes.
[LOG 19:02:48.038] [KSPCF/DragCubeGeneration] Creating drag cubes for part 'Rockomax64.BW'
[LOG 19:02:48.048] PartLoader: Compiling Part 'Squad/Parts/FuelTank/RockomaxTanks/Rockomax8/Rockomax8BW'
[LOG 19:02:48.052] PartLoader: Part 'Squad/Parts/FuelTank/RockomaxTanks/Rockomax8/Rockomax8BW' has no database record. Creating.
[LOG 19:02:48.052] [DragCubeSystem]: Drag cubes not found or cannot be read for part Part. Generating New drag cubes.
[LOG 19:02:48.052] [KSPCF/DragCubeGeneration] Creating drag cubes for part 'Rockomax8BW'
[LOG 19:02:48.063] PartLoader: Compiling Part 'Squad/Parts/FuelTank/Size1_Tanks/fuelTankT100/fuelTankSmallFlat'
[LOG 19:02:48.067] PartLoader: Part 'Squad/Parts/FuelTank/Size1_Tanks/fuelTankT100/fuelTankSmallFlat' has no database record. Creating.
[LOG 19:02:48.067] [DragCubeSystem]: Drag cubes not found or cannot be read for part Part. Generating New drag cubes.
[LOG 19:02:48.067] [KSPCF/DragCubeGeneration] Creating drag cubes for part 'fuelTankSmallFlat'
[LOG 19:02:48.072] PartLoader: Compiling Part 'Squad/Parts/FuelTank/Size1_Tanks/fuelTankT200/fuelTankSmall'
[LOG 19:02:48.076] PartLoader: Part 'Squad/Parts/FuelTank/Size1_Tanks/fuelTankT200/fuelTankSmall' has no database record. Creating.
[LOG 19:02:48.077] [DragCubeSystem]: Drag cubes not found or cannot be read for part Part. Generating New drag cubes.
[LOG 19:02:48.077] [KSPCF/DragCubeGeneration] Creating drag cubes for part 'fuelTankSmall'
[LOG 19:02:48.082] PartLoader: Compiling Part 'Squad/Parts/FuelTank/Size1_Tanks/fuelTankT400/fuelTank'
[LOG 19:02:48.085] PartLoader: Part 'Squad/Parts/FuelTank/Size1_Tanks/fuelTankT400/fuelTank' has no database record. Creating.
[LOG 19:02:48.086] [DragCubeSystem]: Drag cubes not found or cannot be read for part Part. Generating New drag cubes.
[LOG 19:02:48.086] [KSPCF/DragCubeGeneration] Creating drag cubes for part 'fuelTank'
[LOG 19:02:48.090] PartLoader: Compiling Part 'Squad/Parts/FuelTank/Size1_Tanks/fuelTankT800/fuelTank_long'
[LOG 19:02:48.093] PartLoader: Part 'Squad/Parts/FuelTank/Size1_Tanks/fuelTankT800/fuelTank_long' has no database record. Creating.
[LOG 19:02:48.093] [DragCubeSystem]: Drag cubes not found or cannot be read for part Part. Generating New drag cubes.
[LOG 19:02:48.093] [KSPCF/DragCubeGeneration] Creating drag cubes for part 'fuelTank.long'
[LOG 19:02:48.098] PartLoader: Compiling Part 'Squad/Parts/FuelTank/Size3Tanks/large/Size3LargeTank'
[LOG 19:02:48.102] PartLoader: Part 'Squad/Parts/FuelTank/Size3Tanks/large/Size3LargeTank' has no database record. Creating.
[LOG 19:02:48.102] [DragCubeSystem]: Drag cubes not found or cannot be read for part Part. Generating New drag cubes.
[LOG 19:02:48.102] [KSPCF/DragCubeGeneration] Creating drag cubes for part 'Size3LargeTank'
[LOG 19:02:48.106] PartLoader: Compiling Part 'Squad/Parts/FuelTank/Size3Tanks/medium/Size3MediumTank'
[LOG 19:02:48.108] PartLoader: Part 'Squad/Parts/FuelTank/Size3Tanks/medium/Size3MediumTank' has no database record. Creating.
[LOG 19:02:48.108] [DragCubeSystem]: Drag cubes not found or cannot be read for part Part. Generating New drag cubes.
[LOG 19:02:48.108] [KSPCF/DragCubeGeneration] Creating drag cubes for part 'Size3MediumTank'
[LOG 19:02:48.112] PartLoader: Compiling Part 'Squad/Parts/FuelTank/Size3Tanks/small/Size3SmallTank'
[LOG 19:02:48.115] PartLoader: Part 'Squad/Parts/FuelTank/Size3Tanks/small/Size3SmallTank' has no database record. Creating.
[LOG 19:02:48.115] [DragCubeSystem]: Drag cubes not found or cannot be read for part Part. Generating New drag cubes.
[LOG 19:02:48.115] [KSPCF/DragCubeGeneration] Creating drag cubes for part 'Size3SmallTank'
[LOG 19:02:48.119] PartLoader: Compiling Part 'Squad/Parts/FuelTank/xenonTank/xenonTank/xenonTank'
[LOG 19:02:48.121] PartLoader: Part 'Squad/Parts/FuelTank/xenonTank/xenonTank/xenonTank' has no database record. Creating.
[LOG 19:02:48.121] [DragCubeSystem]: Drag cubes not found or cannot be read for part Part. Generating New drag cubes.
[LOG 19:02:48.121] [KSPCF/DragCubeGeneration] Creating drag cubes for part 'xenonTank'
[LOG 19:02:48.125] PartLoader: Compiling Part 'Squad/Parts/FuelTank/xenonTankLarge/xenonTankLarge/xenonTankLarge'
[LOG 19:02:48.129] PartLoader: Part 'Squad/Parts/FuelTank/xenonTankLarge/xenonTankLarge/xenonTankLarge' has no database record. Creating.
[LOG 19:02:48.129] [DragCubeSystem]: Drag cubes not found or cannot be read for part Part. Generating New drag cubes.
[LOG 19:02:48.129] [KSPCF/DragCubeGeneration] Creating drag cubes for part 'xenonTankLarge'
[LOG 19:02:48.133] PartLoader: Compiling Part 'Squad/Parts/FuelTank/xenonTankRadial/xenonTankRadial/xenonTankRadial'
[LOG 19:02:48.136] PartLoader: Part 'Squad/Parts/FuelTank/xenonTankRadial/xenonTankRadial/xenonTankRadial' has no database record. Creating.
[LOG 19:02:48.136] [DragCubeSystem]: Drag cubes not found or cannot be read for part Part. Generating New drag cubes.
[LOG 19:02:48.136] [KSPCF/DragCubeGeneration] Creating drag cubes for part 'xenonTankRadial'
[LOG 19:02:48.140] PartLoader: Compiling Part 'Squad/Parts/Misc/AsteroidDay/CamSat/InfraredTelescope'
[LOG 19:02:48.146] PartLoader: Part 'Squad/Parts/Misc/AsteroidDay/CamSat/InfraredTelescope' has no database record. Creating.
[LOG 19:02:48.146] [DragCubeSystem]: Drag cubes not found or cannot be read for part Part. Generating New drag cubes.
[LOG 19:02:48.146] [KSPCF/DragCubeGeneration] Creating drag cubes for part 'InfraredTelescope'
[LOG 19:02:48.150] PartLoader: Compiling Part 'Squad/Parts/Misc/AsteroidDay/HECS2/HECS2_ProbeCore'
[LOG 19:02:48.155] PartLoader: Part 'Squad/Parts/Misc/AsteroidDay/HECS2/HECS2_ProbeCore' has no database record. Creating.
[LOG 19:02:48.155] [DragCubeSystem]: Drag cubes not found or cannot be read for part Part. Generating New drag cubes.
[LOG 19:02:48.155] [KSPCF/DragCubeGeneration] Creating drag cubes for part 'HECS2.ProbeCore'
[LOG 19:02:48.160] PartLoader: Compiling Part 'Squad/Parts/Misc/AsteroidDay/HighGainAntenna/HighGainAntenna'
[LOG 19:02:48.168] PartLoader: Part 'Squad/Parts/Misc/AsteroidDay/HighGainAntenna/HighGainAntenna' has no database record. Creating.
[LOG 19:02:48.168] [DragCubeSystem]: Drag cubes not found or cannot be read for part Part. Generating New drag cubes.
[LOG 19:02:48.168] [KSPCF/DragCubeGeneration] Creating drag cubes for part 'HighGainAntenna'
[LOG 19:02:48.179] PartLoader: Compiling Part 'Squad/Parts/Misc/AsteroidDay/LgRadialSolar/LgRadialSolarPanel'
[LOG 19:02:48.182] PartLoader: Part 'Squad/Parts/Misc/AsteroidDay/LgRadialSolar/LgRadialSolarPanel' has no database record. Creating.
[LOG 19:02:48.183] [DragCubeSystem]: Drag cubes not found or cannot be read for part Part. Generating New drag cubes.
[LOG 19:02:48.183] [KSPCF/DragCubeGeneration] Creating drag cubes for part 'LgRadialSolarPanel'
[LOG 19:02:48.188] PartLoader: Compiling Part 'Squad/Parts/Misc/PotatoComet/part/PotatoComet'
[LOG 19:02:48.199] PartLoader: Part 'Squad/Parts/Misc/PotatoComet/part/PotatoComet' has no database record. Creating.
[LOG 19:02:48.199] PartLoader: Compiling Part 'Squad/Parts/Misc/PotatoRoid/part/PotatoRoid'
[LOG 19:02:48.210] PartLoader: Part 'Squad/Parts/Misc/PotatoRoid/part/PotatoRoid' has no database record. Creating.
[LOG 19:02:48.210] PartLoader: Compiling Part 'Squad/Parts/Prebuilt/flag/flag'
[LOG 19:02:48.213] PartLoader: Compiling Part 'Squad/Parts/Prebuilt/kerbalEVA/kerbalEVA'
[LOG 19:02:48.230] PartLoader: Compiling Part 'Squad/Parts/Prebuilt/kerbalEVAfemale/kerbalEVAfemale'
[LOG 19:02:48.236] PartLoader: Compiling Part 'Squad/Parts/Prebuilt/kerbalEVASlimSuit/kerbalEVASlimSuit'
[LOG 19:02:48.241] PartLoader: Compiling Part 'Squad/Parts/Prebuilt/kerbalEVASlimSuitFemale/kerbalEVASlimSuitFemale'
[LOG 19:02:48.247] PartLoader: Compiling Part 'Squad/Parts/Resources/FuelCell/FuelCell/FuelCell'
[LOG 19:02:48.255] PartLoader: Part 'Squad/Parts/Resources/FuelCell/FuelCell/FuelCell' has no database record. Creating.
[LOG 19:02:48.255] [DragCubeSystem]: Drag cubes not found or cannot be read for part Part. Generating New drag cubes.
[LOG 19:02:48.255] [KSPCF/DragCubeGeneration] Creating drag cubes for part 'FuelCell'
[LOG 19:02:48.260] PartLoader: Compiling Part 'Squad/Parts/Resources/FuelCell/FuelCellArray/FuelCellArray'
[LOG 19:02:48.264] PartLoader: Part 'Squad/Parts/Resources/FuelCell/FuelCellArray/FuelCellArray' has no database record. Creating.
[LOG 19:02:48.264] [DragCubeSystem]: Drag cubes not found or cannot be read for part Part. Generating New drag cubes.
[LOG 19:02:48.264] [KSPCF/DragCubeGeneration] Creating drag cubes for part 'FuelCellArray'
[LOG 19:02:48.268] PartLoader: Compiling Part 'Squad/Parts/Resources/ISRU/ISRU/ISRU'
[LOG 19:02:48.276] PartLoader: Part 'Squad/Parts/Resources/ISRU/ISRU/ISRU' has no database record. Creating.
[LOG 19:02:48.276] [DragCubeSystem]: Drag cubes not found or cannot be read for part Part. Generating New drag cubes.
[LOG 19:02:48.276] [KSPCF/DragCubeGeneration] Creating drag cubes for part 'ISRU'
[LOG 19:02:48.289] PartLoader: Compiling Part 'Squad/Parts/Resources/LargeTank/LargeTank/LargeTank'
[LOG 19:02:48.294] PartLoader: Part 'Squad/Parts/Resources/LargeTank/LargeTank/LargeTank' has no database record. Creating.
[LOG 19:02:48.294] [DragCubeSystem]: Drag cubes not found or cannot be read for part Part. Generating New drag cubes.
[LOG 19:02:48.294] [KSPCF/DragCubeGeneration] Creating drag cubes for part 'LargeTank'
[LOG 19:02:48.298] PartLoader: Compiling Part 'Squad/Parts/Resources/MiniDrill/MiniDrill/MiniDrill'
[LOG 19:02:48.315] PartLoader: Part 'Squad/Parts/Resources/MiniDrill/MiniDrill/MiniDrill' has no database record. Creating.
[LOG 19:02:48.315] [DragCubeSystem]: Drag cubes not found or cannot be read for part Part. Generating New drag cubes.
[LOG 19:02:48.315] [KSPCF/DragCubeGeneration] Creating drag cubes for part 'MiniDrill'
[LOG 19:02:48.337] PartLoader: Compiling Part 'Squad/Parts/Resources/MiniISRU/MiniISRU/MiniISRU'
[LOG 19:02:48.342] PartLoader: Part 'Squad/Parts/Resources/MiniISRU/MiniISRU/MiniISRU' has no database record. Creating.
[LOG 19:02:48.342] [DragCubeSystem]: Drag cubes not found or cannot be read for part Part. Generating New drag cubes.
[LOG 19:02:48.342] [KSPCF/DragCubeGeneration] Creating drag cubes for part 'MiniISRU'
[LOG 19:02:48.347] PartLoader: Compiling Part 'Squad/Parts/Resources/OrbitalScanner/OrbitalScanner/OrbitalScanner'
[LOG 19:02:48.356] PartLoader: Part 'Squad/Parts/Resources/OrbitalScanner/OrbitalScanner/OrbitalScanner' has no database record. Creating.
[LOG 19:02:48.356] [DragCubeSystem]: Drag cubes not found or cannot be read for part Part. Generating New drag cubes.
[LOG 19:02:48.356] [KSPCF/DragCubeGeneration] Creating drag cubes for part 'OrbitalScanner'
[LOG 19:02:48.367] PartLoader: Compiling Part 'Squad/Parts/Resources/RadialDrill/RadialDrill/RadialDrill'
[LOG 19:02:48.374] PartLoader: Part 'Squad/Parts/Resources/RadialDrill/RadialDrill/RadialDrill' has no database record. Creating.
[LOG 19:02:48.374] [DragCubeSystem]: Drag cubes not found or cannot be read for part Part. Generating New drag cubes.
[LOG 19:02:48.374] [KSPCF/DragCubeGeneration] Creating drag cubes for part 'RadialDrill'
[LOG 19:02:48.398] PartLoader: Compiling Part 'Squad/Parts/Resources/RadialTank/RadialTank/RadialOreTank'
[LOG 19:02:48.401] PartLoader: Part 'Squad/Parts/Resources/RadialTank/RadialTank/RadialOreTank' has no database record. Creating.
[LOG 19:02:48.401] [DragCubeSystem]: Drag cubes not found or cannot be read for part Part. Generating New drag cubes.
[LOG 19:02:48.401] [KSPCF/DragCubeGeneration] Creating drag cubes for part 'RadialOreTank'
[LOG 19:02:48.405] PartLoader: Compiling Part 'Squad/Parts/Resources/SmallTank/SmallTank/SmallTank'
[LOG 19:02:48.408] PartLoader: Part 'Squad/Parts/Resources/SmallTank/SmallTank/SmallTank' has no database record. Creating.
[LOG 19:02:48.408] [DragCubeSystem]: Drag cubes not found or cannot be read for part Part. Generating New drag cubes.
[LOG 19:02:48.408] [KSPCF/DragCubeGeneration] Creating drag cubes for part 'SmallTank'
[LOG 19:02:48.412] PartLoader: Compiling Part 'Squad/Parts/Resources/SurfaceScanner/SurfaceScanner/SurfaceScanner'
[LOG 19:02:48.425] PartLoader: Part 'Squad/Parts/Resources/SurfaceScanner/SurfaceScanner/SurfaceScanner' has no database record. Creating.
[LOG 19:02:48.425] [DragCubeSystem]: Drag cubes not found or cannot be read for part Part. Generating New drag cubes.
[LOG 19:02:48.425] [KSPCF/DragCubeGeneration] Creating drag cubes for part 'SurfaceScanner'
[LOG 19:02:48.430] PartLoader: Compiling Part 'Squad/Parts/Resources/SurveyScanner/SurveyScanner/SurveyScanner'
[LOG 19:02:48.439] PartLoader: Part 'Squad/Parts/Resources/SurveyScanner/SurveyScanner/SurveyScanner' has no database record. Creating.
[LOG 19:02:48.439] [DragCubeSystem]: Drag cubes not found or cannot be read for part Part. Generating New drag cubes.
[LOG 19:02:48.439] [KSPCF/DragCubeGeneration] Creating drag cubes for part 'SurveyScanner'
[LOG 19:02:48.451] PartLoader: Compiling Part 'Squad/Parts/Science/AtmosphereSensor/sensorAtmosphere/sensorAtmosphere'
[LOG 19:02:48.454] PartLoader: Part 'Squad/Parts/Science/AtmosphereSensor/sensorAtmosphere/sensorAtmosphere' has no database record. Creating.
[LOG 19:02:48.454] [DragCubeSystem]: Drag cubes not found or cannot be read for part Part. Generating New drag cubes.
[LOG 19:02:48.454] [KSPCF/DragCubeGeneration] Creating drag cubes for part 'sensorAtmosphere'
[LOG 19:02:48.458] PartLoader: Compiling Part 'Squad/Parts/Science/GooExperiment/gooExperiment/GooExperiment'
[LOG 19:02:48.462] PartLoader: Part 'Squad/Parts/Science/GooExperiment/gooExperiment/GooExperiment' has no database record. Creating.
[LOG 19:02:48.462] [DragCubeSystem]: Drag cubes not found or cannot be read for part Part. Generating New drag cubes.
[LOG 19:02:48.462] [KSPCF/DragCubeGeneration] Creating drag cubes for part 'GooExperiment'
[LOG 19:02:48.473] PartLoader: Compiling Part 'Squad/Parts/Science/LargeCrewedLab/largeCrewedLab/Large_Crewed_Lab'
[LOG 19:02:48.492] PartLoader: Part 'Squad/Parts/Science/LargeCrewedLab/largeCrewedLab/Large_Crewed_Lab' has no database record. Creating.
[LOG 19:02:48.492] [DragCubeSystem]: Drag cubes not found or cannot be read for part Part. Generating New drag cubes.
[LOG 19:02:48.492] [KSPCF/DragCubeGeneration] Creating drag cubes for part 'Large.Crewed.Lab'
[LOG 19:02:48.497] PartLoader: Compiling Part 'Squad/Parts/Science/Magnetometer/Magnetometer/Magnetometer'
[LOG 19:02:48.506] PartLoader: Part 'Squad/Parts/Science/Magnetometer/Magnetometer/Magnetometer' has no database record. Creating.
[LOG 19:02:48.506] [DragCubeSystem]: Drag cubes not found or cannot be read for part Part. Generating New drag cubes.
[LOG 19:02:48.506] [KSPCF/DragCubeGeneration] Creating drag cubes for part 'Magnetometer'
[LOG 19:02:48.527] PartLoader: Compiling Part 'Squad/Parts/Science/MaterialBay/materialBay/science_module'
[LOG 19:02:48.533] PartLoader: Part 'Squad/Parts/Science/MaterialBay/materialBay/science_module' has no database record. Creating.
[LOG 19:02:48.533] [DragCubeSystem]: Drag cubes not found or cannot be read for part Part. Generating New drag cubes.
[LOG 19:02:48.533] [KSPCF/DragCubeGeneration] Creating drag cubes for part 'science.module'
[LOG 19:02:48.552] PartLoader: Compiling Part 'Squad/Parts/Science/ScienceBox/ScienceBox/ScienceBox'
[LOG 19:02:48.556] PartLoader: Part 'Squad/Parts/Science/ScienceBox/ScienceBox/ScienceBox' has no database record. Creating.
[LOG 19:02:48.556] [DragCubeSystem]: Drag cubes not found or cannot be read for part Part. Generating New drag cubes.
[LOG 19:02:48.556] [KSPCF/DragCubeGeneration] Creating drag cubes for part 'ScienceBox'
[LOG 19:02:48.560] PartLoader: Compiling Part 'Squad/Parts/Science/sensorAccelerometer/sensorAccelerometer/sensorAccelerometer'
[LOG 19:02:48.568] PartLoader: Part 'Squad/Parts/Science/sensorAccelerometer/sensorAccelerometer/sensorAccelerometer' has no database record. Creating.
[LOG 19:02:48.568] [DragCubeSystem]: Drag cubes not found or cannot be read for part Part. Generating New drag cubes.
[LOG 19:02:48.568] [KSPCF/DragCubeGeneration] Creating drag cubes for part 'sensorAccelerometer'
[LOG 19:02:48.573] PartLoader: Compiling Part 'Squad/Parts/Science/sensorBarometer/sensorBarometer/sensorBarometer'
[LOG 19:02:48.588] PartLoader: Part 'Squad/Parts/Science/sensorBarometer/sensorBarometer/sensorBarometer' has no database record. Creating.
[LOG 19:02:48.588] [DragCubeSystem]: Drag cubes not found or cannot be read for part Part. Generating New drag cubes.
[LOG 19:02:48.588] [KSPCF/DragCubeGeneration] Creating drag cubes for part 'sensorBarometer'
[LOG 19:02:48.592] PartLoader: Compiling Part 'Squad/Parts/Science/sensorGravimeter/sensorGravimeter/sensorGravimeter'
[LOG 19:02:48.595] PartLoader: Part 'Squad/Parts/Science/sensorGravimeter/sensorGravimeter/sensorGravimeter' has no database record. Creating.
[LOG 19:02:48.595] [DragCubeSystem]: Drag cubes not found or cannot be read for part Part. Generating New drag cubes.
[LOG 19:02:48.596] [KSPCF/DragCubeGeneration] Creating drag cubes for part 'sensorGravimeter'
[LOG 19:02:48.600] PartLoader: Compiling Part 'Squad/Parts/Science/sensorThermometer/sensorThermometer/sensorThermometer'
[LOG 19:02:48.604] PartLoader: Part 'Squad/Parts/Science/sensorThermometer/sensorThermometer/sensorThermometer' has no database record. Creating.
[LOG 19:02:48.604] [DragCubeSystem]: Drag cubes not found or cannot be read for part Part. Generating New drag cubes.
[LOG 19:02:48.604] [KSPCF/DragCubeGeneration] Creating drag cubes for part 'sensorThermometer'
[LOG 19:02:48.608] PartLoader: Compiling Part 'Squad/Parts/Structural/FLAdapters/adapterSmallMiniShort/adapterSmallMiniShort'
[LOG 19:02:48.611] PartLoader: Part 'Squad/Parts/Structural/FLAdapters/adapterSmallMiniShort/adapterSmallMiniShort' has no database record. Creating.
[LOG 19:02:48.611] [DragCubeSystem]: Drag cubes not found or cannot be read for part Part. Generating New drag cubes.
[LOG 19:02:48.611] [KSPCF/DragCubeGeneration] Creating drag cubes for part 'adapterSmallMiniShort'
[LOG 19:02:48.616] PartLoader: Compiling Part 'Squad/Parts/Structural/FLAdapters/adapterSmallMiniTall/adapterSmallMiniTall'
[LOG 19:02:48.619] PartLoader: Part 'Squad/Parts/Structural/FLAdapters/adapterSmallMiniTall/adapterSmallMiniTall' has no database record. Creating.
[LOG 19:02:48.619] [DragCubeSystem]: Drag cubes not found or cannot be read for part Part. Generating New drag cubes.
[LOG 19:02:48.619] [KSPCF/DragCubeGeneration] Creating drag cubes for part 'adapterSmallMiniTall'
[LOG 19:02:48.623] PartLoader: Compiling Part 'Squad/Parts/Structural/mk1Parts/engineBodyRadial/radialEngineBody'
[LOG 19:02:48.626] PartLoader: Part 'Squad/Parts/Structural/mk1Parts/engineBodyRadial/radialEngineBody' has no database record. Creating.
[LOG 19:02:48.626] [DragCubeSystem]: Drag cubes not found or cannot be read for part Part. Generating New drag cubes.
[LOG 19:02:48.626] [KSPCF/DragCubeGeneration] Creating drag cubes for part 'radialEngineBody'
[LOG 19:02:48.631] PartLoader: Compiling Part 'Squad/Parts/Structural/mk1Parts/engineNacelle/nacelleBody'
[LOG 19:02:48.634] PartLoader: Part 'Squad/Parts/Structural/mk1Parts/engineNacelle/nacelleBody' has no database record. Creating.
[LOG 19:02:48.634] [DragCubeSystem]: Drag cubes not found or cannot be read for part Part. Generating New drag cubes.
[LOG 19:02:48.634] [KSPCF/DragCubeGeneration] Creating drag cubes for part 'nacelleBody'
[LOG 19:02:48.639] PartLoader: Compiling Part 'Squad/Parts/Structural/mk1Parts/mk1Fuselage/MK1Fuselage'
[LOG 19:02:48.641] PartLoader: Part 'Squad/Parts/Structural/mk1Parts/mk1Fuselage/MK1Fuselage' has no database record. Creating.
[LOG 19:02:48.641] [DragCubeSystem]: Drag cubes not found or cannot be read for part Part. Generating New drag cubes.
[LOG 19:02:48.641] [KSPCF/DragCubeGeneration] Creating drag cubes for part 'MK1Fuselage'
[LOG 19:02:48.645] PartLoader: Compiling Part 'Squad/Parts/Structural/mk1Parts/mk1FuselageIntake/MK1IntakeFuselage'
[LOG 19:02:48.649] PartLoader: Part 'Squad/Parts/Structural/mk1Parts/mk1FuselageIntake/MK1IntakeFuselage' has no database record. Creating.
[LOG 19:02:48.649] [DragCubeSystem]: Drag cubes not found or cannot be read for part Part. Generating New drag cubes.
[LOG 19:02:48.649] [KSPCF/DragCubeGeneration] Creating drag cubes for part 'MK1IntakeFuselage'
[LOG 19:02:48.654] PartLoader: Compiling Part 'Squad/Parts/Structural/mk1Parts/mk1Structural/Mk1FuselageStructural'
[LOG 19:02:48.657] PartLoader: Part 'Squad/Parts/Structural/mk1Parts/mk1Structural/Mk1FuselageStructural' has no database record. Creating.
[LOG 19:02:48.657] PartLoader: Compiling Part 'Squad/Parts/Structural/Size3To2Adapter_v2/Size2to3_v2/Size3To2Adapter_v2'
[LOG 19:02:48.659] PartLoader: Part 'Squad/Parts/Structural/Size3To2Adapter_v2/Size2to3_v2/Size3To2Adapter_v2' has no database record. Creating.
[LOG 19:02:48.659] PartLoader: Compiling Part 'Squad/Parts/Structural/stackAdapters/adapterLargeSmallBi/adapterLargeSmallBi'
[LOG 19:02:48.662] PartLoader: Part 'Squad/Parts/Structural/stackAdapters/adapterLargeSmallBi/adapterLargeSmallBi' has no database record. Creating.
[LOG 19:02:48.662] [DragCubeSystem]: Drag cubes not found or cannot be read for part Part. Generating New drag cubes.
[LOG 19:02:48.662] [KSPCF/DragCubeGeneration] Creating drag cubes for part 'adapterLargeSmallBi'
[LOG 19:02:48.666] PartLoader: Compiling Part 'Squad/Parts/Structural/stackAdapters/adapterLargeSmallQuad/adapterLargeSmallQuad'
[LOG 19:02:48.669] PartLoader: Part 'Squad/Parts/Structural/stackAdapters/adapterLargeSmallQuad/adapterLargeSmallQuad' has no database record. Creating.
[LOG 19:02:48.669] [DragCubeSystem]: Drag cubes not found or cannot be read for part Part. Generating New drag cubes.
[LOG 19:02:48.669] [KSPCF/DragCubeGeneration] Creating drag cubes for part 'adapterLargeSmallQuad'
[LOG 19:02:48.673] PartLoader: Compiling Part 'Squad/Parts/Structural/stackAdapters/adapterLargeSmallTri/adapterLargeSmallTri'
[LOG 19:02:48.676] PartLoader: Part 'Squad/Parts/Structural/stackAdapters/adapterLargeSmallTri/adapterLargeSmallTri' has no database record. Creating.
[LOG 19:02:48.676] [DragCubeSystem]: Drag cubes not found or cannot be read for part Part. Generating New drag cubes.
[LOG 19:02:48.676] [KSPCF/DragCubeGeneration] Creating drag cubes for part 'adapterLargeSmallTri'
[LOG 19:02:48.680] PartLoader: Compiling Part 'Squad/Parts/Structural/stationHub/stationHub/stationHub'
[LOG 19:02:48.683] PartLoader: Part 'Squad/Parts/Structural/stationHub/stationHub/stationHub' has no database record. Creating.
[LOG 19:02:48.684] [DragCubeSystem]: Drag cubes not found or cannot be read for part Part. Generating New drag cubes.
[LOG 19:02:48.684] [KSPCF/DragCubeGeneration] Creating drag cubes for part 'stationHub'
[LOG 19:02:48.688] PartLoader: Compiling Part 'Squad/Parts/Structural/structuralIBeam200/structuralIBeam200/structuralIBeam2'
[LOG 19:02:48.690] PartLoader: Part 'Squad/Parts/Structural/structuralIBeam200/structuralIBeam200/structuralIBeam2' has no database record. Creating.
[LOG 19:02:48.690] [DragCubeSystem]: Drag cubes not found or cannot be read for part Part. Generating New drag cubes.
[LOG 19:02:48.690] [KSPCF/DragCubeGeneration] Creating drag cubes for part 'structuralIBeam2'
[LOG 19:02:48.694] PartLoader: Compiling Part 'Squad/Parts/Structural/structuralIBeam200Pocket/structuralIBeam200Pocket/structuralIBeam3'
[LOG 19:02:48.696] PartLoader: Part 'Squad/Parts/Structural/structuralIBeam200Pocket/structuralIBeam200Pocket/structuralIBeam3' has no database record. Creating.
[LOG 19:02:48.697] [DragCubeSystem]: Drag cubes not found or cannot be read for part Part. Generating New drag cubes.
[LOG 19:02:48.697] [KSPCF/DragCubeGeneration] Creating drag cubes for part 'structuralIBeam3'
[LOG 19:02:48.700] PartLoader: Compiling Part 'Squad/Parts/Structural/structuralIBeam650/structuralIBeam650/structuralIBeam1'
[LOG 19:02:48.703] PartLoader: Part 'Squad/Parts/Structural/structuralIBeam650/structuralIBeam650/structuralIBeam1' has no database record. Creating.
[LOG 19:02:48.703] [DragCubeSystem]: Drag cubes not found or cannot be read for part Part. Generating New drag cubes.
[LOG 19:02:48.703] [KSPCF/DragCubeGeneration] Creating drag cubes for part 'structuralIBeam1'
[LOG 19:02:48.707] PartLoader: Compiling Part 'Squad/Parts/Structural/structuralMicronode/structuralMicronode/structuralMiniNode'
[LOG 19:02:48.710] PartLoader: Part 'Squad/Parts/Structural/structuralMicronode/structuralMicronode/structuralMiniNode' has no database record. Creating.
[LOG 19:02:48.710] [DragCubeSystem]: Drag cubes not found or cannot be read for part Part. Generating New drag cubes.
[LOG 19:02:48.710] [KSPCF/DragCubeGeneration] Creating drag cubes for part 'structuralMiniNode'
[LOG 19:02:48.714] PartLoader: Compiling Part 'Squad/Parts/Structural/structuralPanel1x1/structuralPanel1x1/structuralPanel1'
[LOG 19:02:48.718] PartLoader: Part 'Squad/Parts/Structural/structuralPanel1x1/structuralPanel1x1/structuralPanel1' has no database record. Creating.
[LOG 19:02:48.718] [DragCubeSystem]: Drag cubes not found or cannot be read for part Part. Generating New drag cubes.
[LOG 19:02:48.718] [KSPCF/DragCubeGeneration] Creating drag cubes for part 'structuralPanel1'
[LOG 19:02:48.722] PartLoader: Compiling Part 'Squad/Parts/Structural/structuralPanel2x2/structuralPanel2x2/structuralPanel2'
[LOG 19:02:48.724] PartLoader: Part 'Squad/Parts/Structural/structuralPanel2x2/structuralPanel2x2/structuralPanel2' has no database record. Creating.
[LOG 19:02:48.724] [DragCubeSystem]: Drag cubes not found or cannot be read for part Part. Generating New drag cubes.
[LOG 19:02:48.724] [KSPCF/DragCubeGeneration] Creating drag cubes for part 'structuralPanel2'
[LOG 19:02:48.728] PartLoader: Compiling Part 'Squad/Parts/Structural/structuralPylons/smallHardpoint/smallHardpoint'
[LOG 19:02:48.732] PartLoader: Part 'Squad/Parts/Structural/structuralPylons/smallHardpoint/smallHardpoint' has no database record. Creating.
[LOG 19:02:48.732] [DragCubeSystem]: Drag cubes not found or cannot be read for part Part. Generating New drag cubes.
[LOG 19:02:48.732] [KSPCF/DragCubeGeneration] Creating drag cubes for part 'smallHardpoint'
[LOG 19:02:48.736] PartLoader: Compiling Part 'Squad/Parts/Structural/structuralPylons/structuralPylon/structuralPylon'
[LOG 19:02:48.741] PartLoader: Part 'Squad/Parts/Structural/structuralPylons/structuralPylon/structuralPylon' has no database record. Creating.
[LOG 19:02:48.741] [DragCubeSystem]: Drag cubes not found or cannot be read for part Part. Generating New drag cubes.
[LOG 19:02:48.741] [KSPCF/DragCubeGeneration] Creating drag cubes for part 'structuralPylon'
[LOG 19:02:48.744] PartLoader: Compiling Part 'Squad/Parts/Structural/strutCubicOcto/strutCubicOcto/strutCube'
[LOG 19:02:48.747] PartLoader: Part 'Squad/Parts/Structural/strutCubicOcto/strutCubicOcto/strutCube' has no database record. Creating.
[LOG 19:02:48.747] [DragCubeSystem]: Drag cubes not found or cannot be read for part Part. Generating New drag cubes.
[LOG 19:02:48.747] [KSPCF/DragCubeGeneration] Creating drag cubes for part 'strutCube'
[LOG 19:02:48.752] PartLoader: Compiling Part 'Squad/Parts/Structural/strutOcto/strutOcto/strutOcto'
[LOG 19:02:48.755] PartLoader: Part 'Squad/Parts/Structural/strutOcto/strutOcto/strutOcto' has no database record. Creating.
[LOG 19:02:48.755] [DragCubeSystem]: Drag cubes not found or cannot be read for part Part. Generating New drag cubes.
[LOG 19:02:48.755] [KSPCF/DragCubeGeneration] Creating drag cubes for part 'strutOcto'
[LOG 19:02:48.759] PartLoader: Compiling Part 'Squad/Parts/Structural/trussGirderAdapter/trussGirderAdapter/trussAdapter'
[LOG 19:02:48.761] PartLoader: Part 'Squad/Parts/Structural/trussGirderAdapter/trussGirderAdapter/trussAdapter' has no database record. Creating.
[LOG 19:02:48.761] [DragCubeSystem]: Drag cubes not found or cannot be read for part Part. Generating New drag cubes.
[LOG 19:02:48.761] [KSPCF/DragCubeGeneration] Creating drag cubes for part 'trussAdapter'
[LOG 19:02:48.766] PartLoader: Compiling Part 'Squad/Parts/Structural/trussGirderL/trussGirderL/trussPiece1x'
[LOG 19:02:48.768] PartLoader: Part 'Squad/Parts/Structural/trussGirderL/trussGirderL/trussPiece1x' has no database record. Creating.
[LOG 19:02:48.768] [DragCubeSystem]: Drag cubes not found or cannot be read for part Part. Generating New drag cubes.
[LOG 19:02:48.768] [KSPCF/DragCubeGeneration] Creating drag cubes for part 'trussPiece1x'
[LOG 19:02:48.772] PartLoader: Compiling Part 'Squad/Parts/Structural/trussGirderXL/trussGirderXL/trussPiece3x'
[LOG 19:02:48.775] PartLoader: Part 'Squad/Parts/Structural/trussGirderXL/trussGirderXL/trussPiece3x' has no database record. Creating.
[LOG 19:02:48.775] [DragCubeSystem]: Drag cubes not found or cannot be read for part Part. Generating New drag cubes.
[LOG 19:02:48.775] [KSPCF/DragCubeGeneration] Creating drag cubes for part 'trussPiece3x'
[LOG 19:02:48.778] PartLoader: Compiling Part 'Squad/Parts/Thermal/FoldingRadiators/foldingRadLarge/foldingRadLarge'
[LOG 19:02:48.790] PartLoader: Part 'Squad/Parts/Thermal/FoldingRadiators/foldingRadLarge/foldingRadLarge' has no database record. Creating.
[LOG 19:02:48.792] PartLoader: Compiling Part 'Squad/Parts/Thermal/FoldingRadiators/foldingRadMed/foldingRadMed'
[LOG 19:02:48.796] PartLoader: Part 'Squad/Parts/Thermal/FoldingRadiators/foldingRadMed/foldingRadMed' has no database record. Creating.
[LOG 19:02:48.797] PartLoader: Compiling Part 'Squad/Parts/Thermal/FoldingRadiators/foldingRadSmall/foldingRadSmall'
[LOG 19:02:48.801] PartLoader: Part 'Squad/Parts/Thermal/FoldingRadiators/foldingRadSmall/foldingRadSmall' has no database record. Creating.
[LOG 19:02:48.802] PartLoader: Compiling Part 'Squad/Parts/Thermal/RadiatorPanels/radPanelEdge/radPanelEdge'
[LOG 19:02:48.805] PartLoader: Part 'Squad/Parts/Thermal/RadiatorPanels/radPanelEdge/radPanelEdge' has no database record. Creating.
[LOG 19:02:48.805] [DragCubeSystem]: Drag cubes not found or cannot be read for part Part. Generating New drag cubes.
[LOG 19:02:48.805] [KSPCF/DragCubeGeneration] Creating drag cubes for part 'radPanelEdge'
[LOG 19:02:48.810] PartLoader: Compiling Part 'Squad/Parts/Thermal/RadiatorPanels/radPanelLg/radPanelLg'
[LOG 19:02:48.815] PartLoader: Part 'Squad/Parts/Thermal/RadiatorPanels/radPanelLg/radPanelLg' has no database record. Creating.
[LOG 19:02:48.815] [DragCubeSystem]: Drag cubes not found or cannot be read for part Part. Generating New drag cubes.
[LOG 19:02:48.815] [KSPCF/DragCubeGeneration] Creating drag cubes for part 'radPanelLg'
[LOG 19:02:48.819] PartLoader: Compiling Part 'Squad/Parts/Thermal/RadiatorPanels/radPanelSm/radPanelSm'
[LOG 19:02:48.822] PartLoader: Part 'Squad/Parts/Thermal/RadiatorPanels/radPanelSm/radPanelSm' has no database record. Creating.
[LOG 19:02:48.822] [DragCubeSystem]: Drag cubes not found or cannot be read for part Part. Generating New drag cubes.
[LOG 19:02:48.822] [KSPCF/DragCubeGeneration] Creating drag cubes for part 'radPanelSm'
[LOG 19:02:48.826] PartLoader: Compiling Part 'Squad/Parts/Utility/commDish88-88/commDish88-88/commDish'
[LOG 19:02:48.832] PartLoader: Part 'Squad/Parts/Utility/commDish88-88/commDish88-88/commDish' has no database record. Creating.
[LOG 19:02:48.832] [DragCubeSystem]: Drag cubes not found or cannot be read for part Part. Generating New drag cubes.
[LOG 19:02:48.832] [KSPCF/DragCubeGeneration] Creating drag cubes for part 'commDish'
[LOG 19:02:48.852] PartLoader: Compiling Part 'Squad/Parts/Utility/commsAntennaDTS-M1/commsAntennaDTS-M1/mediumDishAntenna'
[LOG 19:02:48.859] PartLoader: Part 'Squad/Parts/Utility/commsAntennaDTS-M1/commsAntennaDTS-M1/mediumDishAntenna' has no database record. Creating.
[LOG 19:02:48.859] [DragCubeSystem]: Drag cubes not found or cannot be read for part Part. Generating New drag cubes.
[LOG 19:02:48.859] [KSPCF/DragCubeGeneration] Creating drag cubes for part 'mediumDishAntenna'
[LOG 19:02:48.871] PartLoader: Compiling Part 'Squad/Parts/Utility/commsDish16/commsAntenna16/longAntenna'
[LOG 19:02:48.875] PartLoader: Part 'Squad/Parts/Utility/commsDish16/commsAntenna16/longAntenna' has no database record. Creating.
[LOG 19:02:48.875] [DragCubeSystem]: Drag cubes not found or cannot be read for part Part. Generating New drag cubes.
[LOG 19:02:48.875] [KSPCF/DragCubeGeneration] Creating drag cubes for part 'longAntenna'
[LOG 19:02:48.886] PartLoader: Compiling Part 'Squad/Parts/Utility/decouplerRadialHDM/decouplerRadialHDM/radialDecoupler1-2'
[LOG 19:02:48.893] PartLoader: Part 'Squad/Parts/Utility/decouplerRadialHDM/decouplerRadialHDM/radialDecoupler1-2' has no database record. Creating.
[LOG 19:02:48.893] [DragCubeSystem]: Drag cubes not found or cannot be read for part Part. Generating New drag cubes.
[LOG 19:02:48.893] [KSPCF/DragCubeGeneration] Creating drag cubes for part 'radialDecoupler1-2'
[LOG 19:02:48.897] PartLoader: Compiling Part 'Squad/Parts/Utility/decouplerRadialTT-38K/decouplerRadialTT-38K/radialDecoupler'
[LOG 19:02:48.901] PartLoader: Part 'Squad/Parts/Utility/decouplerRadialTT-38K/decouplerRadialTT-38K/radialDecoupler' has no database record. Creating.
[LOG 19:02:48.901] [DragCubeSystem]: Drag cubes not found or cannot be read for part Part. Generating New drag cubes.
[LOG 19:02:48.901] [KSPCF/DragCubeGeneration] Creating drag cubes for part 'radialDecoupler'
[LOG 19:02:48.905] PartLoader: Compiling Part 'Squad/Parts/Utility/decouplerRadialTT-70/decouplerRadialTT-70/radialDecoupler2'
[LOG 19:02:48.909] PartLoader: Part 'Squad/Parts/Utility/decouplerRadialTT-70/decouplerRadialTT-70/radialDecoupler2' has no database record. Creating.
[LOG 19:02:48.909] [DragCubeSystem]: Drag cubes not found or cannot be read for part Part. Generating New drag cubes.
[LOG 19:02:48.909] [KSPCF/DragCubeGeneration] Creating drag cubes for part 'radialDecoupler2'
[LOG 19:02:48.913] PartLoader: Compiling Part 'Squad/Parts/Utility/DirectAntennas/C16S/SurfAntenna'
[LOG 19:02:48.917] PartLoader: Part 'Squad/Parts/Utility/DirectAntennas/C16S/SurfAntenna' has no database record. Creating.
[LOG 19:02:48.917] [DragCubeSystem]: Drag cubes not found or cannot be read for part Part. Generating New drag cubes.
[LOG 19:02:48.917] [KSPCF/DragCubeGeneration] Creating drag cubes for part 'SurfAntenna'
[LOG 19:02:48.921] PartLoader: Compiling Part 'Squad/Parts/Utility/DirectAntennas/HG-5/HighGainAntenna5'
[LOG 19:02:48.925] PartLoader: Part 'Squad/Parts/Utility/DirectAntennas/HG-5/HighGainAntenna5' has no database record. Creating.
[LOG 19:02:48.925] [DragCubeSystem]: Drag cubes not found or cannot be read for part Part. Generating New drag cubes.
[LOG 19:02:48.925] [KSPCF/DragCubeGeneration] Creating drag cubes for part 'HighGainAntenna5'
[LOG 19:02:48.936] PartLoader: Compiling Part 'Squad/Parts/Utility/DirectAntennas/HG-5_v2/HighGainAntenna5_v2'
[LOG 19:02:48.941] PartLoader: Part 'Squad/Parts/Utility/DirectAntennas/HG-5_v2/HighGainAntenna5_v2' has no database record. Creating.
[LOG 19:02:48.941] [DragCubeSystem]: Drag cubes not found or cannot be read for part Part. Generating New drag cubes.
[LOG 19:02:48.941] [KSPCF/DragCubeGeneration] Creating drag cubes for part 'HighGainAntenna5.v2'
[LOG 19:02:48.952] PartLoader: Compiling Part 'Squad/Parts/Utility/dockingPort/dockingPort/dockingPort2'
[LOG 19:02:48.962] PartLoader: Part 'Squad/Parts/Utility/dockingPort/dockingPort/dockingPort2' has no database record. Creating.
[LOG 19:02:48.962] [DragCubeSystem]: Drag cubes not found or cannot be read for part Part. Generating New drag cubes.
[LOG 19:02:48.962] [KSPCF/DragCubeGeneration] Creating drag cubes for part 'dockingPort2'
[LOG 19:02:48.968] PartLoader: Compiling Part 'Squad/Parts/Utility/dockingPortInline/dockingPortInline/dockingPortLateral'
[LOG 19:02:48.973] PartLoader: Part 'Squad/Parts/Utility/dockingPortInline/dockingPortInline/dockingPortLateral' has no database record. Creating.
[LOG 19:02:48.973] [DragCubeSystem]: Drag cubes not found or cannot be read for part Part. Generating New drag cubes.
[LOG 19:02:48.973] [KSPCF/DragCubeGeneration] Creating drag cubes for part 'dockingPortLateral'
[LOG 19:02:48.986] PartLoader: Compiling Part 'Squad/Parts/Utility/dockingPortJr/dockingPortJr/dockingPort3'
[LOG 19:02:48.990] PartLoader: Part 'Squad/Parts/Utility/dockingPortJr/dockingPortJr/dockingPort3' has no database record. Creating.
[LOG 19:02:48.990] [DragCubeSystem]: Drag cubes not found or cannot be read for part Part. Generating New drag cubes.
[LOG 19:02:48.990] [KSPCF/DragCubeGeneration] Creating drag cubes for part 'dockingPort3'
[LOG 19:02:48.994] PartLoader: Compiling Part 'Squad/Parts/Utility/dockingPortShielded/dockingPortShielded/dockingPort1'
[LOG 19:02:49.000] PartLoader: Part 'Squad/Parts/Utility/dockingPortShielded/dockingPortShielded/dockingPort1' has no database record. Creating.
[LOG 19:02:49.000] [DragCubeSystem]: Drag cubes not found or cannot be read for part Part. Generating New drag cubes.
[LOG 19:02:49.000] [KSPCF/DragCubeGeneration] Creating drag cubes for part 'dockingPort1'
[LOG 19:02:49.011] PartLoader: Compiling Part 'Squad/Parts/Utility/dockingPortSr/dockingPortSr/dockingPortLarge'
[LOG 19:02:49.016] PartLoader: Part 'Squad/Parts/Utility/dockingPortSr/dockingPortSr/dockingPortLarge' has no database record. Creating.
[LOG 19:02:49.017] [DragCubeSystem]: Drag cubes not found or cannot be read for part Part. Generating New drag cubes.
[LOG 19:02:49.017] [KSPCF/DragCubeGeneration] Creating drag cubes for part 'dockingPortLarge'
[LOG 19:02:49.022] PartLoader: Compiling Part 'Squad/Parts/Utility/Fireworks/fireworksLauncherBig/fireworksLauncherBig'
[LOG 19:02:49.039] PartLoader: Part 'Squad/Parts/Utility/Fireworks/fireworksLauncherBig/fireworksLauncherBig' has no database record. Creating.
[LOG 19:02:49.039] [DragCubeSystem]: Drag cubes not found or cannot be read for part Part. Generating New drag cubes.
[LOG 19:02:49.039] [KSPCF/DragCubeGeneration] Creating drag cubes for part 'fireworksLauncherBig'
[LOG 19:02:49.044] PartLoader: Compiling Part 'Squad/Parts/Utility/Fireworks/fireworksLauncherSmall/fireworksLauncherSmall'
[LOG 19:02:49.051] PartLoader: Part 'Squad/Parts/Utility/Fireworks/fireworksLauncherSmall/fireworksLauncherSmall' has no database record. Creating.
[LOG 19:02:49.051] [DragCubeSystem]: Drag cubes not found or cannot be read for part Part. Generating New drag cubes.
[LOG 19:02:49.051] [KSPCF/DragCubeGeneration] Creating drag cubes for part 'fireworksLauncherSmall'
[LOG 19:02:49.055] PartLoader: Compiling Part 'Squad/Parts/Utility/flags/flagFlat/flagFlat/flagPartFlat'
[LOG 19:02:49.064] PartLoader: Part 'Squad/Parts/Utility/flags/flagFlat/flagFlat/flagPartFlat' has no database record. Creating.
[LOG 19:02:49.064] [DragCubeSystem]: Drag cubes not found or cannot be read for part Part. Generating New drag cubes.
[LOG 19:02:49.064] [KSPCF/DragCubeGeneration] Creating drag cubes for part 'flagPartFlat'
[LOG 19:02:49.068] PartLoader: Compiling Part 'Squad/Parts/Utility/flags/flagSize0/flagSize0/flagPartSize0'
[LOG 19:02:49.073] PartLoader: Part 'Squad/Parts/Utility/flags/flagSize0/flagSize0/flagPartSize0' has no database record. Creating.
[LOG 19:02:49.073] [DragCubeSystem]: Drag cubes not found or cannot be read for part Part. Generating New drag cubes.
[LOG 19:02:49.073] [KSPCF/DragCubeGeneration] Creating drag cubes for part 'flagPartSize0'
[LOG 19:02:49.078] PartLoader: Compiling Part 'Squad/Parts/Utility/flags/flagSize1/flagSize1/flagPartSize1'
[LOG 19:02:49.083] PartLoader: Part 'Squad/Parts/Utility/flags/flagSize1/flagSize1/flagPartSize1' has no database record. Creating.
[LOG 19:02:49.083] [DragCubeSystem]: Drag cubes not found or cannot be read for part Part. Generating New drag cubes.
[LOG 19:02:49.083] [KSPCF/DragCubeGeneration] Creating drag cubes for part 'flagPartSize1'
[LOG 19:02:49.089] PartLoader: Compiling Part 'Squad/Parts/Utility/flags/flagSize2/flagSize2/flagPartSize2'
[LOG 19:02:49.096] PartLoader: Part 'Squad/Parts/Utility/flags/flagSize2/flagSize2/flagPartSize2' has no database record. Creating.
[LOG 19:02:49.096] [DragCubeSystem]: Drag cubes not found or cannot be read for part Part. Generating New drag cubes.
[LOG 19:02:49.096] [KSPCF/DragCubeGeneration] Creating drag cubes for part 'flagPartSize2'
[LOG 19:02:49.100] PartLoader: Compiling Part 'Squad/Parts/Utility/flags/flagSize3/flagSize3/flagPartSize3'
[LOG 19:02:49.105] PartLoader: Part 'Squad/Parts/Utility/flags/flagSize3/flagSize3/flagPartSize3' has no database record. Creating.
[LOG 19:02:49.105] [DragCubeSystem]: Drag cubes not found or cannot be read for part Part. Generating New drag cubes.
[LOG 19:02:49.105] [KSPCF/DragCubeGeneration] Creating drag cubes for part 'flagPartSize3'
[LOG 19:02:49.109] PartLoader: Compiling Part 'Squad/Parts/Utility/GrapplingDevice/part/GrapplingDevice'
[LOG 19:02:49.122] PartLoader: Part 'Squad/Parts/Utility/GrapplingDevice/part/GrapplingDevice' has no database record. Creating.
[LOG 19:02:49.122] [DragCubeSystem]: Drag cubes not found or cannot be read for part Part. Generating New drag cubes.
[LOG 19:02:49.122] [KSPCF/DragCubeGeneration] Creating drag cubes for part 'GrapplingDevice'
[LOG 19:02:49.141] PartLoader: Compiling Part 'Squad/Parts/Utility/ladderRadial/ladderRadial/ladder1'
[LOG 19:02:49.143] PartLoader: Part 'Squad/Parts/Utility/ladderRadial/ladderRadial/ladder1' has no database record. Creating.
[LOG 19:02:49.143] [DragCubeSystem]: Drag cubes not found or cannot be read for part Part. Generating New drag cubes.
[LOG 19:02:49.143] [KSPCF/DragCubeGeneration] Creating drag cubes for part 'ladder1'
[LOG 19:02:49.147] PartLoader: Compiling Part 'Squad/Parts/Utility/ladderTelescopic/ladderTelescopic/telescopicLadder'
[LOG 19:02:49.153] PartLoader: Part 'Squad/Parts/Utility/ladderTelescopic/ladderTelescopic/telescopicLadder' has no database record. Creating.
[LOG 19:02:49.153] [DragCubeSystem]: Drag cubes not found or cannot be read for part Part. Generating New drag cubes.
[LOG 19:02:49.154] [KSPCF/DragCubeGeneration] Creating drag cubes for part 'telescopicLadder'
[LOG 19:02:49.165] PartLoader: Compiling Part 'Squad/Parts/Utility/ladderTelescopicBay/ladderTelescopicBay/telescopicLadderBay'
[LOG 19:02:49.178] PartLoader: Part 'Squad/Parts/Utility/ladderTelescopicBay/ladderTelescopicBay/telescopicLadderBay' has no database record. Creating.
[LOG 19:02:49.179] [DragCubeSystem]: Drag cubes not found or cannot be read for part Part. Generating New drag cubes.
[LOG 19:02:49.179] [KSPCF/DragCubeGeneration] Creating drag cubes for part 'telescopicLadderBay'
[LOG 19:02:49.192] PartLoader: Compiling Part 'Squad/Parts/Utility/landingLegLT-1/landingLegLT-1/landingLeg1'
[LOG 19:02:49.218] PartLoader: Part 'Squad/Parts/Utility/landingLegLT-1/landingLegLT-1/landingLeg1' has no database record. Creating.
[LOG 19:02:49.218] [DragCubeSystem]: Drag cubes not found or cannot be read for part Part. Generating New drag cubes.
[LOG 19:02:49.218] [KSPCF/DragCubeGeneration] Creating drag cubes for part 'landingLeg1'
[LOG 19:02:49.230] PartLoader: Compiling Part 'Squad/Parts/Utility/landingLegLT-2/landingLegLT-2/landingLeg1-2'
[LOG 19:02:49.237] PartLoader: Part 'Squad/Parts/Utility/landingLegLT-2/landingLegLT-2/landingLeg1-2' has no database record. Creating.
[LOG 19:02:49.237] [DragCubeSystem]: Drag cubes not found or cannot be read for part Part. Generating New drag cubes.
[LOG 19:02:49.237] [KSPCF/DragCubeGeneration] Creating drag cubes for part 'landingLeg1-2'
[LOG 19:02:49.248] PartLoader: Compiling Part 'Squad/Parts/Utility/landingLegLT-5/landingLegLT-5/miniLandingLeg'
[LOG 19:02:49.258] PartLoader: Part 'Squad/Parts/Utility/landingLegLT-5/landingLegLT-5/miniLandingLeg' has no database record. Creating.
[LOG 19:02:49.258] [DragCubeSystem]: Drag cubes not found or cannot be read for part Part. Generating New drag cubes.
[LOG 19:02:49.258] [KSPCF/DragCubeGeneration] Creating drag cubes for part 'miniLandingLeg'
[LOG 19:02:49.271] PartLoader: Compiling Part 'Squad/Parts/Utility/launchClamp1/launchClamp1/launchClamp1'
[LOG 19:02:49.278] PartLoader: Part 'Squad/Parts/Utility/launchClamp1/launchClamp1/launchClamp1' has no database record. Creating.
[LOG 19:02:49.279] [DragCubeSystem]: Drag cubes not found or cannot be read for part Part. Generating New drag cubes.
[LOG 19:02:49.279] [KSPCF/DragCubeGeneration] Creating drag cubes for part 'launchClamp1'
[LOG 19:02:49.283] PartLoader: Compiling Part 'Squad/Parts/Utility/launchEscapeSystem/part/LaunchEscapeSystem'
[LOG 19:02:49.289] PartLoader: Part 'Squad/Parts/Utility/launchEscapeSystem/part/LaunchEscapeSystem' has no database record. Creating.
[LOG 19:02:49.289] [DragCubeSystem]: Drag cubes not found or cannot be read for part Part. Generating New drag cubes.
[LOG 19:02:49.289] [KSPCF/DragCubeGeneration] Creating drag cubes for part 'LaunchEscapeSystem'
[LOG 19:02:49.294] PartLoader: Compiling Part 'Squad/Parts/Utility/Lights/domeLight1/domeLight1'
[LOG 19:02:49.298] PartLoader: Part 'Squad/Parts/Utility/Lights/domeLight1/domeLight1' has no database record. Creating.
[LOG 19:02:49.298] [DragCubeSystem]: Drag cubes not found or cannot be read for part Part. Generating New drag cubes.
[LOG 19:02:49.298] [KSPCF/DragCubeGeneration] Creating drag cubes for part 'domeLight1'
[LOG 19:02:49.304] PartLoader: Compiling Part 'Squad/Parts/Utility/Lights/groundLight1/groundLight1'
[LOG 19:02:49.308] PartLoader: Part 'Squad/Parts/Utility/Lights/groundLight1/groundLight1' has no database record. Creating.
[LOG 19:02:49.308] [DragCubeSystem]: Drag cubes not found or cannot be read for part Part. Generating New drag cubes.
[LOG 19:02:49.308] [KSPCF/DragCubeGeneration] Creating drag cubes for part 'groundLight1'
[LOG 19:02:49.313] PartLoader: Compiling Part 'Squad/Parts/Utility/Lights/groundLight2/groundLight2'
[LOG 19:02:49.317] PartLoader: Part 'Squad/Parts/Utility/Lights/groundLight2/groundLight2' has no database record. Creating.
[LOG 19:02:49.317] [DragCubeSystem]: Drag cubes not found or cannot be read for part Part. Generating New drag cubes.
[LOG 19:02:49.317] [KSPCF/DragCubeGeneration] Creating drag cubes for part 'groundLight2'
[LOG 19:02:49.321] PartLoader: Compiling Part 'Squad/Parts/Utility/Lights/navLight1/navLight1'
[LOG 19:02:49.325] PartLoader: Part 'Squad/Parts/Utility/Lights/navLight1/navLight1' has no database record. Creating.
[LOG 19:02:49.325] [DragCubeSystem]: Drag cubes not found or cannot be read for part Part. Generating New drag cubes.
[LOG 19:02:49.325] [KSPCF/DragCubeGeneration] Creating drag cubes for part 'navLight1'
[LOG 19:02:49.329] PartLoader: Compiling Part 'Squad/Parts/Utility/Lights/spotLight1/spotLight3'
[LOG 19:02:49.333] PartLoader: Part 'Squad/Parts/Utility/Lights/spotLight1/spotLight3' has no database record. Creating.
[LOG 19:02:49.333] [DragCubeSystem]: Drag cubes not found or cannot be read for part Part. Generating New drag cubes.
[LOG 19:02:49.334] [KSPCF/DragCubeGeneration] Creating drag cubes for part 'spotLight3'
[LOG 19:02:49.339] PartLoader: Compiling Part 'Squad/Parts/Utility/Lights/stripLight1/stripLight1'
[LOG 19:02:49.343] PartLoader: Part 'Squad/Parts/Utility/Lights/stripLight1/stripLight1' has no database record. Creating.
[LOG 19:02:49.343] [DragCubeSystem]: Drag cubes not found or cannot be read for part Part. Generating New drag cubes.
[LOG 19:02:49.343] [KSPCF/DragCubeGeneration] Creating drag cubes for part 'stripLight1'
[LOG 19:02:49.348] PartLoader: Compiling Part 'Squad/Parts/Utility/linearVernorRCS/linearRCS/linearRcs'
[LOG 19:02:49.357] PartLoader: Part 'Squad/Parts/Utility/linearVernorRCS/linearRCS/linearRcs' has no database record. Creating.
[LOG 19:02:49.357] [DragCubeSystem]: Drag cubes not found or cannot be read for part Part. Generating New drag cubes.
[LOG 19:02:49.357] [KSPCF/DragCubeGeneration] Creating drag cubes for part 'linearRcs'
[LOG 19:02:49.362] PartLoader: Compiling Part 'Squad/Parts/Utility/linearVernorRCS/vernorEngine/vernierEngine'
[LOG 19:02:49.367] PartLoader: Part 'Squad/Parts/Utility/linearVernorRCS/vernorEngine/vernierEngine' has no database record. Creating.
[LOG 19:02:49.367] [DragCubeSystem]: Drag cubes not found or cannot be read for part Part. Generating New drag cubes.
[LOG 19:02:49.367] [KSPCF/DragCubeGeneration] Creating drag cubes for part 'vernierEngine'
[LOG 19:02:49.372] PartLoader: Compiling Part 'Squad/Parts/Utility/mk2CargoBay/BayL/mk2CargoBayL'
[LOG 19:02:49.376] PartLoader: Part 'Squad/Parts/Utility/mk2CargoBay/BayL/mk2CargoBayL' has no database record. Creating.
[LOG 19:02:49.377] PartLoader: Compiling Part 'Squad/Parts/Utility/mk2CargoBay/BayS/mk2CargoBayS'
[LOG 19:02:49.380] PartLoader: Part 'Squad/Parts/Utility/mk2CargoBay/BayS/mk2CargoBayS' has no database record. Creating.
[LOG 19:02:49.380] PartLoader: Compiling Part 'Squad/Parts/Utility/mk2CrewCabin/mk2CrewCabin/mk2CrewCabin'
[WRN 19:02:49.383] [Part]: Cannot have ModuleCargoPart and ModuleInventoryPart on same Part [mk2CrewCabin'. Removed ModuleCargoPart
[LOG 19:02:49.385] PartLoader: Part 'Squad/Parts/Utility/mk2CrewCabin/mk2CrewCabin/mk2CrewCabin' has no database record. Creating.
[LOG 19:02:49.385] [DragCubeSystem]: Drag cubes not found or cannot be read for part Part. Generating New drag cubes.
[LOG 19:02:49.385] [KSPCF/DragCubeGeneration] Creating drag cubes for part 'mk2CrewCabin'
[LOG 19:02:49.390] PartLoader: Compiling Part 'Squad/Parts/Utility/mk2DockingPort/mk2DockingPort/mk2DockingPort'
[LOG 19:02:49.396] PartLoader: Part 'Squad/Parts/Utility/mk2DockingPort/mk2DockingPort/mk2DockingPort' has no database record. Creating.
[LOG 19:02:49.396] PartLoader: Compiling Part 'Squad/Parts/Utility/mk3CargoBay/long/mk3CargoBayL'
[LOG 19:02:49.400] PartLoader: Part 'Squad/Parts/Utility/mk3CargoBay/long/mk3CargoBayL' has no database record. Creating.
[LOG 19:02:49.400] PartLoader: Compiling Part 'Squad/Parts/Utility/mk3CargoBay/medium/mk3CargoBayM'
[LOG 19:02:49.403] PartLoader: Part 'Squad/Parts/Utility/mk3CargoBay/medium/mk3CargoBayM' has no database record. Creating.
[LOG 19:02:49.403] PartLoader: Compiling Part 'Squad/Parts/Utility/mk3CargoBay/ramp/mk3CargoRamp'
[LOG 19:02:49.406] PartLoader: Part 'Squad/Parts/Utility/mk3CargoBay/ramp/mk3CargoRamp' has no database record. Creating.
[LOG 19:02:49.406] PartLoader: Compiling Part 'Squad/Parts/Utility/mk3CargoBay/short/mk3CargoBayS'
[LOG 19:02:49.410] PartLoader: Part 'Squad/Parts/Utility/mk3CargoBay/short/mk3CargoBayS' has no database record. Creating.
[LOG 19:02:49.410] PartLoader: Compiling Part 'Squad/Parts/Utility/parachuteMk1/parachuteMk1/parachuteSingle'
[LOG 19:02:49.420] PartLoader: Part 'Squad/Parts/Utility/parachuteMk1/parachuteMk1/parachuteSingle' has no database record. Creating.
[LOG 19:02:49.420] [DragCubeSystem]: Drag cubes not found or cannot be read for part Part. Generating New drag cubes.
[LOG 19:02:49.420] [KSPCF/DragCubeGeneration] Creating drag cubes for part 'parachuteSingle'
[LOG 19:02:49.436] PartLoader: Compiling Part 'Squad/Parts/Utility/parachuteMk12-R/parachuteMk12-R/radialDrogue'
[LOG 19:02:49.440] PartLoader: Part 'Squad/Parts/Utility/parachuteMk12-R/parachuteMk12-R/radialDrogue' has no database record. Creating.
[LOG 19:02:49.440] [DragCubeSystem]: Drag cubes not found or cannot be read for part Part. Generating New drag cubes.
[LOG 19:02:49.440] [KSPCF/DragCubeGeneration] Creating drag cubes for part 'radialDrogue'
[LOG 19:02:49.454] PartLoader: Compiling Part 'Squad/Parts/Utility/parachuteMk16-XL/parachuteMk16-XL/parachuteLarge'
[LOG 19:02:49.458] PartLoader: Part 'Squad/Parts/Utility/parachuteMk16-XL/parachuteMk16-XL/parachuteLarge' has no database record. Creating.
[LOG 19:02:49.458] [DragCubeSystem]: Drag cubes not found or cannot be read for part Part. Generating New drag cubes.
[LOG 19:02:49.458] [KSPCF/DragCubeGeneration] Creating drag cubes for part 'parachuteLarge'
[LOG 19:02:49.472] PartLoader: Compiling Part 'Squad/Parts/Utility/parachuteMk2-R/parachuteMk2-R/parachuteRadial'
[LOG 19:02:49.476] PartLoader: Part 'Squad/Parts/Utility/parachuteMk2-R/parachuteMk2-R/parachuteRadial' has no database record. Creating.
[LOG 19:02:49.476] [DragCubeSystem]: Drag cubes not found or cannot be read for part Part. Generating New drag cubes.
[LOG 19:02:49.477] [KSPCF/DragCubeGeneration] Creating drag cubes for part 'parachuteRadial'
[LOG 19:02:49.491] PartLoader: Compiling Part 'Squad/Parts/Utility/parachuteMk25/parachuteMk25/parachuteDrogue'
[LOG 19:02:49.495] PartLoader: Part 'Squad/Parts/Utility/parachuteMk25/parachuteMk25/parachuteDrogue' has no database record. Creating.
[LOG 19:02:49.495] [DragCubeSystem]: Drag cubes not found or cannot be read for part Part. Generating New drag cubes.
[LOG 19:02:49.495] [KSPCF/DragCubeGeneration] Creating drag cubes for part 'parachuteDrogue'
[LOG 19:02:49.509] PartLoader: Compiling Part 'Squad/Parts/Utility/radialAttachmentPoint/radialAttachmentPoint/stackPoint1'
[LOG 19:02:49.512] PartLoader: Part 'Squad/Parts/Utility/radialAttachmentPoint/radialAttachmentPoint/stackPoint1' has no database record. Creating.
[LOG 19:02:49.512] [DragCubeSystem]: Drag cubes not found or cannot be read for part Part. Generating New drag cubes.
[LOG 19:02:49.512] [KSPCF/DragCubeGeneration] Creating drag cubes for part 'stackPoint1'
[LOG 19:02:49.516] PartLoader: Compiling Part 'Squad/Parts/Utility/rcsBlockRV-105_v2/rcsBlockRV-105/RCSBlock_v2'
[LOG 19:02:49.523] PartLoader: Part 'Squad/Parts/Utility/rcsBlockRV-105_v2/rcsBlockRV-105/RCSBlock_v2' has no database record. Creating.
[LOG 19:02:49.523] [DragCubeSystem]: Drag cubes not found or cannot be read for part Part. Generating New drag cubes.
[LOG 19:02:49.523] [KSPCF/DragCubeGeneration] Creating drag cubes for part 'RCSBlock.v2'
[LOG 19:02:49.546] PartLoader: Compiling Part 'Squad/Parts/Utility/rcsBlockRV-105_v2/RCSblock_01_small/RCSblock_01_small'
[LOG 19:02:49.552] PartLoader: Part 'Squad/Parts/Utility/rcsBlockRV-105_v2/RCSblock_01_small/RCSblock_01_small' has no database record. Creating.
[LOG 19:02:49.552] [DragCubeSystem]: Drag cubes not found or cannot be read for part Part. Generating New drag cubes.
[LOG 19:02:49.552] [KSPCF/DragCubeGeneration] Creating drag cubes for part 'RCSblock.01.small'
[LOG 19:02:49.574] PartLoader: Compiling Part 'Squad/Parts/Utility/rcsSmallLinear/RCSLinearSmall/RCSLinearSmall'
[LOG 19:02:49.579] PartLoader: Part 'Squad/Parts/Utility/rcsSmallLinear/RCSLinearSmall/RCSLinearSmall' has no database record. Creating.
[LOG 19:02:49.579] [DragCubeSystem]: Drag cubes not found or cannot be read for part Part. Generating New drag cubes.
[LOG 19:02:49.580] [KSPCF/DragCubeGeneration] Creating drag cubes for part 'RCSLinearSmall'
[LOG 19:02:49.590] PartLoader: Compiling Part 'Squad/Parts/Utility/RelayAntennas/RA-100/RelayAntenna100'
[LOG 19:02:49.594] PartLoader: Part 'Squad/Parts/Utility/RelayAntennas/RA-100/RelayAntenna100' has no database record. Creating.
[LOG 19:02:49.594] [DragCubeSystem]: Drag cubes not found or cannot be read for part Part. Generating New drag cubes.
[LOG 19:02:49.594] [KSPCF/DragCubeGeneration] Creating drag cubes for part 'RelayAntenna100'
[LOG 19:02:49.598] PartLoader: Compiling Part 'Squad/Parts/Utility/RelayAntennas/RA-5/RelayAntenna5'
[LOG 19:02:49.602] PartLoader: Part 'Squad/Parts/Utility/RelayAntennas/RA-5/RelayAntenna5' has no database record. Creating.
[LOG 19:02:49.602] [DragCubeSystem]: Drag cubes not found or cannot be read for part Part. Generating New drag cubes.
[LOG 19:02:49.602] [KSPCF/DragCubeGeneration] Creating drag cubes for part 'RelayAntenna5'
[LOG 19:02:49.606] PartLoader: Compiling Part 'Squad/Parts/Utility/RelayAntennas/RA-50/RelayAntenna50'
[LOG 19:02:49.609] PartLoader: Part 'Squad/Parts/Utility/RelayAntennas/RA-50/RelayAntenna50' has no database record. Creating.
[LOG 19:02:49.609] [DragCubeSystem]: Drag cubes not found or cannot be read for part Part. Generating New drag cubes.
[LOG 19:02:49.609] [KSPCF/DragCubeGeneration] Creating drag cubes for part 'RelayAntenna50'
[LOG 19:02:49.613] PartLoader: Compiling Part 'Squad/Parts/Utility/rockomaxAdapters/largeAdapter/largeAdapter'
[LOG 19:02:49.616] PartLoader: Part 'Squad/Parts/Utility/rockomaxAdapters/largeAdapter/largeAdapter' has no database record. Creating.
[LOG 19:02:49.616] [DragCubeSystem]: Drag cubes not found or cannot be read for part Part. Generating New drag cubes.
[LOG 19:02:49.616] [KSPCF/DragCubeGeneration] Creating drag cubes for part 'largeAdapter'
[LOG 19:02:49.620] PartLoader: Compiling Part 'Squad/Parts/Utility/rockomaxAdapters/largeAdapterShort/largeAdapter2'
[LOG 19:02:49.623] PartLoader: Part 'Squad/Parts/Utility/rockomaxAdapters/largeAdapterShort/largeAdapter2' has no database record. Creating.
[LOG 19:02:49.623] [DragCubeSystem]: Drag cubes not found or cannot be read for part Part. Generating New drag cubes.
[LOG 19:02:49.624] [KSPCF/DragCubeGeneration] Creating drag cubes for part 'largeAdapter2'
[LOG 19:02:49.627] PartLoader: Compiling Part 'Squad/Parts/Utility/ServiceBay_v2/ServiceBay_125_v2/ServiceBay_125_v2'
[LOG 19:02:49.632] PartLoader: Part 'Squad/Parts/Utility/ServiceBay_v2/ServiceBay_125_v2/ServiceBay_125_v2' has no database record. Creating.
[LOG 19:02:49.632] [DragCubeSystem]: Drag cubes not found or cannot be read for part Part. Generating New drag cubes.
[LOG 19:02:49.632] [KSPCF/DragCubeGeneration] Creating drag cubes for part 'ServiceBay.125.v2'
[LOG 19:02:49.643] PartLoader: Compiling Part 'Squad/Parts/Utility/ServiceBay_v2/ServiceBay_250_v2/ServiceBay_250_v2'
[LOG 19:02:49.647] PartLoader: Part 'Squad/Parts/Utility/ServiceBay_v2/ServiceBay_250_v2/ServiceBay_250_v2' has no database record. Creating.
[LOG 19:02:49.647] [DragCubeSystem]: Drag cubes not found or cannot be read for part Part. Generating New drag cubes.
[LOG 19:02:49.647] [KSPCF/DragCubeGeneration] Creating drag cubes for part 'ServiceBay.250.v2'
[LOG 19:02:49.658] PartLoader: Compiling Part 'Squad/Parts/Utility/smallClaw/smallClaw/smallClaw'
[LOG 19:02:49.666] PartLoader: Part 'Squad/Parts/Utility/smallClaw/smallClaw/smallClaw' has no database record. Creating.
[LOG 19:02:49.666] [DragCubeSystem]: Drag cubes not found or cannot be read for part Part. Generating New drag cubes.
[LOG 19:02:49.666] [KSPCF/DragCubeGeneration] Creating drag cubes for part 'smallClaw'
[LOG 19:02:49.682] PartLoader: Compiling Part 'Squad/Parts/Utility/spotLightMk1/spotLightMk1/spotLight1'
[LOG 19:02:49.685] PartLoader: Part 'Squad/Parts/Utility/spotLightMk1/spotLightMk1/spotLight1' has no database record. Creating.
[LOG 19:02:49.685] [DragCubeSystem]: Drag cubes not found or cannot be read for part Part. Generating New drag cubes.
[LOG 19:02:49.685] [KSPCF/DragCubeGeneration] Creating drag cubes for part 'spotLight1'
[LOG 19:02:49.689] PartLoader: Compiling Part 'Squad/Parts/Utility/spotLightMk1_v2/spotLightMk1_v2/spotLight1_v2'
[LOG 19:02:49.693] PartLoader: Part 'Squad/Parts/Utility/spotLightMk1_v2/spotLightMk1_v2/spotLight1_v2' has no database record. Creating.
[LOG 19:02:49.693] [DragCubeSystem]: Drag cubes not found or cannot be read for part Part. Generating New drag cubes.
[LOG 19:02:49.693] [KSPCF/DragCubeGeneration] Creating drag cubes for part 'spotLight1.v2'
[LOG 19:02:49.698] PartLoader: Compiling Part 'Squad/Parts/Utility/spotLightMk2/spotLightMk2/spotLight2'
[LOG 19:02:49.701] PartLoader: Part 'Squad/Parts/Utility/spotLightMk2/spotLightMk2/spotLight2' has no database record. Creating.
[LOG 19:02:49.701] [DragCubeSystem]: Drag cubes not found or cannot be read for part Part. Generating New drag cubes.
[LOG 19:02:49.701] [KSPCF/DragCubeGeneration] Creating drag cubes for part 'spotLight2'
[LOG 19:02:49.705] PartLoader: Compiling Part 'Squad/Parts/Utility/spotLightMk2_v2/spotLightMk2_v2/spotLight2_v2'
[LOG 19:02:49.709] PartLoader: Part 'Squad/Parts/Utility/spotLightMk2_v2/spotLightMk2_v2/spotLight2_v2' has no database record. Creating.
[LOG 19:02:49.709] [DragCubeSystem]: Drag cubes not found or cannot be read for part Part. Generating New drag cubes.
[LOG 19:02:49.709] [KSPCF/DragCubeGeneration] Creating drag cubes for part 'spotLight2.v2'
[LOG 19:02:49.714] PartLoader: Compiling Part 'Squad/Parts/Utility/stackCouplers/stackBiCoupler_v2/stackBiCoupler_v2'
[LOG 19:02:49.717] PartLoader: Part 'Squad/Parts/Utility/stackCouplers/stackBiCoupler_v2/stackBiCoupler_v2' has no database record. Creating.
[LOG 19:02:49.717] [DragCubeSystem]: Drag cubes not found or cannot be read for part Part. Generating New drag cubes.
[LOG 19:02:49.717] [KSPCF/DragCubeGeneration] Creating drag cubes for part 'stackBiCoupler.v2'
[LOG 19:02:49.720] PartLoader: Compiling Part 'Squad/Parts/Utility/stackCouplers/stackQuadCoupler/stackQuadCoupler'
[LOG 19:02:49.723] PartLoader: Part 'Squad/Parts/Utility/stackCouplers/stackQuadCoupler/stackQuadCoupler' has no database record. Creating.
[LOG 19:02:49.723] [DragCubeSystem]: Drag cubes not found or cannot be read for part Part. Generating New drag cubes.
[LOG 19:02:49.724] [KSPCF/DragCubeGeneration] Creating drag cubes for part 'stackQuadCoupler'
[LOG 19:02:49.727] PartLoader: Compiling Part 'Squad/Parts/Utility/stackCouplers/stackTriCoupler_v2/stackTriCoupler_v2'
[LOG 19:02:49.730] PartLoader: Part 'Squad/Parts/Utility/stackCouplers/stackTriCoupler_v2/stackTriCoupler_v2' has no database record. Creating.
[LOG 19:02:49.730] [DragCubeSystem]: Drag cubes not found or cannot be read for part Part. Generating New drag cubes.
[LOG 19:02:49.730] [KSPCF/DragCubeGeneration] Creating drag cubes for part 'stackTriCoupler.v2'
[LOG 19:02:49.734] PartLoader: Compiling Part 'Squad/Parts/Wheel/LandingGear/GearExtraLarge/GearLarge'
[LOG 19:02:49.752] PartLoader: Part 'Squad/Parts/Wheel/LandingGear/GearExtraLarge/GearLarge' has no database record. Creating.
[LOG 19:02:49.752] [DragCubeSystem]: Drag cubes not found or cannot be read for part Part. Generating New drag cubes.
[LOG 19:02:49.752] [KSPCF/DragCubeGeneration] Creating drag cubes for part 'GearLarge'
[LOG 19:02:49.775] PartLoader: Compiling Part 'Squad/Parts/Wheel/LandingGear/GearFixed/GearFixed'
[LOG 19:02:49.781] PartLoader: Part 'Squad/Parts/Wheel/LandingGear/GearFixed/GearFixed' has no database record. Creating.
[LOG 19:02:49.781] [DragCubeSystem]: Drag cubes not found or cannot be read for part Part. Generating New drag cubes.
[LOG 19:02:49.781] [KSPCF/DragCubeGeneration] Creating drag cubes for part 'GearFixed'
[LOG 19:02:49.785] PartLoader: Compiling Part 'Squad/Parts/Wheel/LandingGear/GearFree/GearFree'
[LOG 19:02:49.796] PartLoader: Part 'Squad/Parts/Wheel/LandingGear/GearFree/GearFree' has no database record. Creating.
[LOG 19:02:49.796] [DragCubeSystem]: Drag cubes not found or cannot be read for part Part. Generating New drag cubes.
[LOG 19:02:49.796] [KSPCF/DragCubeGeneration] Creating drag cubes for part 'GearFree'
[LOG 19:02:49.800] PartLoader: Compiling Part 'Squad/Parts/Wheel/LandingGear/GearLarge/GearMedium'
[LOG 19:02:49.817] PartLoader: Part 'Squad/Parts/Wheel/LandingGear/GearLarge/GearMedium' has no database record. Creating.
[LOG 19:02:49.817] [DragCubeSystem]: Drag cubes not found or cannot be read for part Part. Generating New drag cubes.
[LOG 19:02:49.817] [KSPCF/DragCubeGeneration] Creating drag cubes for part 'GearMedium'
[LOG 19:02:49.838] PartLoader: Compiling Part 'Squad/Parts/Wheel/LandingGear/GearMedium/GearSmall'
[LOG 19:02:49.849] PartLoader: Part 'Squad/Parts/Wheel/LandingGear/GearMedium/GearSmall' has no database record. Creating.
[LOG 19:02:49.849] [DragCubeSystem]: Drag cubes not found or cannot be read for part Part. Generating New drag cubes.
[LOG 19:02:49.849] [KSPCF/DragCubeGeneration] Creating drag cubes for part 'GearSmall'
[LOG 19:02:49.863] PartLoader: Compiling Part 'Squad/Parts/Wheel/LandingGear/GearSmall/SmallGearBay'
[LOG 19:02:49.873] PartLoader: Part 'Squad/Parts/Wheel/LandingGear/GearSmall/SmallGearBay' has no database record. Creating.
[LOG 19:02:49.873] [DragCubeSystem]: Drag cubes not found or cannot be read for part Part. Generating New drag cubes.
[LOG 19:02:49.873] [KSPCF/DragCubeGeneration] Creating drag cubes for part 'SmallGearBay'
[LOG 19:02:49.888] PartLoader: Compiling Part 'Squad/Parts/Wheel/roverWheelM1/roverWheelM1/roverWheel1'
[LOG 19:02:49.898] PartLoader: Part 'Squad/Parts/Wheel/roverWheelM1/roverWheelM1/roverWheel1' has no database record. Creating.
[LOG 19:02:49.898] [DragCubeSystem]: Drag cubes not found or cannot be read for part Part. Generating New drag cubes.
[LOG 19:02:49.898] [KSPCF/DragCubeGeneration] Creating drag cubes for part 'roverWheel1'
[LOG 19:02:49.904] PartLoader: Compiling Part 'Squad/Parts/Wheel/roverWheelS2/roverWheelS2/roverWheel2'
[LOG 19:02:49.911] PartLoader: Part 'Squad/Parts/Wheel/roverWheelS2/roverWheelS2/roverWheel2' has no database record. Creating.
[LOG 19:02:49.911] [DragCubeSystem]: Drag cubes not found or cannot be read for part Part. Generating New drag cubes.
[LOG 19:02:49.911] [KSPCF/DragCubeGeneration] Creating drag cubes for part 'roverWheel2'
[LOG 19:02:49.917] PartLoader: Compiling Part 'Squad/Parts/Wheel/roverWheelTR-2L/roverWheelTR-2L/wheelMed'
[LOG 19:02:49.925] PartLoader: Part 'Squad/Parts/Wheel/roverWheelTR-2L/roverWheelTR-2L/wheelMed' has no database record. Creating.
[LOG 19:02:49.925] [DragCubeSystem]: Drag cubes not found or cannot be read for part Part. Generating New drag cubes.
[LOG 19:02:49.925] [KSPCF/DragCubeGeneration] Creating drag cubes for part 'wheelMed'
[LOG 19:02:49.930] PartLoader: Compiling Part 'Squad/Parts/Wheel/roverWheelXL3/roverWheelXL3/roverWheel3'
[LOG 19:02:49.939] PartLoader: Part 'Squad/Parts/Wheel/roverWheelXL3/roverWheelXL3/roverWheel3' has no database record. Creating.
[LOG 19:02:49.939] [DragCubeSystem]: Drag cubes not found or cannot be read for part Part. Generating New drag cubes.
[LOG 19:02:49.939] [KSPCF/DragCubeGeneration] Creating drag cubes for part 'roverWheel3'
[LOG 19:02:49.944] PartLoader: Compiling Part 'SquadExpansion/MakingHistory/Parts/Aero/protectiveRocketNoseMk16/rocketNoseCone_size4/rocketNoseConeSize4'
[LOG 19:02:49.946] PartLoader: Part 'SquadExpansion/MakingHistory/Parts/Aero/protectiveRocketNoseMk16/rocketNoseCone_size4/rocketNoseConeSize4' has no database record. Creating.
[LOG 19:02:49.946] [DragCubeSystem]: Drag cubes not found or cannot be read for part Part. Generating New drag cubes.
[LOG 19:02:49.946] [KSPCF/DragCubeGeneration] Creating drag cubes for part 'rocketNoseConeSize4'
[LOG 19:02:49.951] PartLoader: Compiling Part 'SquadExpansion/MakingHistory/Parts/Aero/protectiveRocketNoseMk5A/Size_1_5_Cone/Size_1_5_Cone'
[LOG 19:02:49.954] PartLoader: Part 'SquadExpansion/MakingHistory/Parts/Aero/protectiveRocketNoseMk5A/Size_1_5_Cone/Size_1_5_Cone' has no database record. Creating.
[LOG 19:02:49.954] [DragCubeSystem]: Drag cubes not found or cannot be read for part Part. Generating New drag cubes.
[LOG 19:02:49.954] [KSPCF/DragCubeGeneration] Creating drag cubes for part 'Size.1.5.Cone'
[LOG 19:02:49.960] PartLoader: Compiling Part 'SquadExpansion/MakingHistory/Parts/Coupling/Decoupler_1p5/Decoupler_1p5'
[LOG 19:02:49.966] PartLoader: Part 'SquadExpansion/MakingHistory/Parts/Coupling/Decoupler_1p5/Decoupler_1p5' has no database record. Creating.
[LOG 19:02:49.967] PartLoader: Compiling Part 'SquadExpansion/MakingHistory/Parts/Coupling/Decoupler_4/Decoupler_4'
[LOG 19:02:49.971] PartLoader: Part 'SquadExpansion/MakingHistory/Parts/Coupling/Decoupler_4/Decoupler_4' has no database record. Creating.
[LOG 19:02:49.971] PartLoader: Compiling Part 'SquadExpansion/MakingHistory/Parts/Coupling/EnginePlate_1p5/EnginePlate1p5'
[LOG 19:02:49.981] PartLoader: Part 'SquadExpansion/MakingHistory/Parts/Coupling/EnginePlate_1p5/EnginePlate1p5' has no database record. Creating.
[LOG 19:02:49.981] [DragCubeSystem]: Drag cubes not found or cannot be read for part Part. Generating New drag cubes.
[LOG 19:02:49.981] [KSPCF/DragCubeGeneration] Part 'EnginePlate1p5' has defined a procedural drag cube setup
[LOG 19:02:49.981] PartLoader: Compiling Part 'SquadExpansion/MakingHistory/Parts/Coupling/EnginePlate_2/EnginePlate2'
[LOG 19:02:49.986] PartLoader: Part 'SquadExpansion/MakingHistory/Parts/Coupling/EnginePlate_2/EnginePlate2' has no database record. Creating.
[LOG 19:02:49.987] [DragCubeSystem]: Drag cubes not found or cannot be read for part Part. Generating New drag cubes.
[LOG 19:02:49.987] [KSPCF/DragCubeGeneration] Part 'EnginePlate2' has defined a procedural drag cube setup
[LOG 19:02:49.987] PartLoader: Compiling Part 'SquadExpansion/MakingHistory/Parts/Coupling/EnginePlate_3/EnginePlate3'
[LOG 19:02:49.993] PartLoader: Part 'SquadExpansion/MakingHistory/Parts/Coupling/EnginePlate_3/EnginePlate3' has no database record. Creating.
[LOG 19:02:49.993] [DragCubeSystem]: Drag cubes not found or cannot be read for part Part. Generating New drag cubes.
[LOG 19:02:49.993] [KSPCF/DragCubeGeneration] Part 'EnginePlate3' has defined a procedural drag cube setup
[LOG 19:02:49.994] PartLoader: Compiling Part 'SquadExpansion/MakingHistory/Parts/Coupling/EnginePlate_4/EnginePlate4'
[LOG 19:02:49.999] PartLoader: Part 'SquadExpansion/MakingHistory/Parts/Coupling/EnginePlate_4/EnginePlate4' has no database record. Creating.
[LOG 19:02:49.999] [DragCubeSystem]: Drag cubes not found or cannot be read for part Part. Generating New drag cubes.
[LOG 19:02:50.000] [KSPCF/DragCubeGeneration] Part 'EnginePlate4' has defined a procedural drag cube setup
[LOG 19:02:50.000] PartLoader: Compiling Part 'SquadExpansion/MakingHistory/Parts/Coupling/EnginePlate_5/EnginePlate5'
[LOG 19:02:50.005] PartLoader: Part 'SquadExpansion/MakingHistory/Parts/Coupling/EnginePlate_5/EnginePlate5' has no database record. Creating.
[LOG 19:02:50.005] [DragCubeSystem]: Drag cubes not found or cannot be read for part Part. Generating New drag cubes.
[LOG 19:02:50.005] [KSPCF/DragCubeGeneration] Part 'EnginePlate5' has defined a procedural drag cube setup
[LOG 19:02:50.006] PartLoader: Compiling Part 'SquadExpansion/MakingHistory/Parts/Coupling/InflatableAirlock/InflatableAirlock'
[LOG 19:02:50.010] PartLoader: Part 'SquadExpansion/MakingHistory/Parts/Coupling/InflatableAirlock/InflatableAirlock' has no database record. Creating.
[LOG 19:02:50.010] [DragCubeSystem]: Drag cubes not found or cannot be read for part Part. Generating New drag cubes.
[LOG 19:02:50.010] [KSPCF/DragCubeGeneration] Creating drag cubes for part 'InflatableAirlock'
[LOG 19:02:50.021] PartLoader: Compiling Part 'SquadExpansion/MakingHistory/Parts/Coupling/Separator_1p5/Separator_1p5'
[LOG 19:02:50.026] PartLoader: Part 'SquadExpansion/MakingHistory/Parts/Coupling/Separator_1p5/Separator_1p5' has no database record. Creating.
[LOG 19:02:50.026] PartLoader: Compiling Part 'SquadExpansion/MakingHistory/Parts/Coupling/Separator_4/Separator_4'
[LOG 19:02:50.030] PartLoader: Part 'SquadExpansion/MakingHistory/Parts/Coupling/Separator_4/Separator_4' has no database record. Creating.
[LOG 19:02:50.030] PartLoader: Compiling Part 'SquadExpansion/MakingHistory/Parts/Coupling/Size1p5_Strut_Decoupler/Size1p5_Strut_Decoupler'
[LOG 19:02:50.035] PartLoader: Part 'SquadExpansion/MakingHistory/Parts/Coupling/Size1p5_Strut_Decoupler/Size1p5_Strut_Decoupler' has no database record. Creating.
[LOG 19:02:50.035] PartLoader: Compiling Part 'SquadExpansion/MakingHistory/Parts/Engine/LiquidEngineKE-1/LiquidEngineKE-1'
[LOG 19:02:50.043] PartLoader: Part 'SquadExpansion/MakingHistory/Parts/Engine/LiquidEngineKE-1/LiquidEngineKE-1' has no database record. Creating.
[LOG 19:02:50.043] [DragCubeSystem]: Drag cubes not found or cannot be read for part Part. Generating New drag cubes.
[LOG 19:02:50.043] [KSPCF/DragCubeGeneration] Creating drag cubes for part 'LiquidEngineKE-1'
[LOG 19:02:50.070] PartLoader: Compiling Part 'SquadExpansion/MakingHistory/Parts/Engine/LiquidEngineLV-T91/LiquidEngineLV-T91'
[LOG 19:02:50.078] PartLoader: Part 'SquadExpansion/MakingHistory/Parts/Engine/LiquidEngineLV-T91/LiquidEngineLV-T91' has no database record. Creating.
[LOG 19:02:50.078] [DragCubeSystem]: Drag cubes not found or cannot be read for part Part. Generating New drag cubes.
[LOG 19:02:50.078] [KSPCF/DragCubeGeneration] Creating drag cubes for part 'LiquidEngineLV-T91'
[LOG 19:02:50.100] PartLoader: Compiling Part 'SquadExpansion/MakingHistory/Parts/Engine/LiquidEngineLV-TX87/LiquidEngineLV-TX87'
[LOG 19:02:50.108] PartLoader: Part 'SquadExpansion/MakingHistory/Parts/Engine/LiquidEngineLV-TX87/LiquidEngineLV-TX87' has no database record. Creating.
[LOG 19:02:50.109] [DragCubeSystem]: Drag cubes not found or cannot be read for part Part. Generating New drag cubes.
[LOG 19:02:50.109] [KSPCF/DragCubeGeneration] Creating drag cubes for part 'LiquidEngineLV-TX87'
[LOG 19:02:50.133] PartLoader: Compiling Part 'SquadExpansion/MakingHistory/Parts/Engine/LiquidEngineRE-I2/LiquidEngineRE-I2'
[LOG 19:02:50.147] PartLoader: Part 'SquadExpansion/MakingHistory/Parts/Engine/LiquidEngineRE-I2/LiquidEngineRE-I2' has no database record. Creating.
[LOG 19:02:50.147] [DragCubeSystem]: Drag cubes not found or cannot be read for part Part. Generating New drag cubes.
[LOG 19:02:50.147] [KSPCF/DragCubeGeneration] Creating drag cubes for part 'LiquidEngineRE-I2'
[LOG 19:02:50.171] PartLoader: Compiling Part 'SquadExpansion/MakingHistory/Parts/Engine/LiquidEngineRE-J10/LiquidEngineRE-J10'
[LOG 19:02:50.179] PartLoader: Part 'SquadExpansion/MakingHistory/Parts/Engine/LiquidEngineRE-J10/LiquidEngineRE-J10' has no database record. Creating.
[LOG 19:02:50.179] [DragCubeSystem]: Drag cubes not found or cannot be read for part Part. Generating New drag cubes.
[LOG 19:02:50.179] [KSPCF/DragCubeGeneration] Creating drag cubes for part 'LiquidEngineRE-J10'
[LOG 19:02:50.201] PartLoader: Compiling Part 'SquadExpansion/MakingHistory/Parts/Engine/LiquidEngineRK-7/LiquidEngineRK-7'
[LOG 19:02:50.211] PartLoader: Part 'SquadExpansion/MakingHistory/Parts/Engine/LiquidEngineRK-7/LiquidEngineRK-7' has no database record. Creating.
[LOG 19:02:50.211] [DragCubeSystem]: Drag cubes not found or cannot be read for part Part. Generating New drag cubes.
[LOG 19:02:50.211] [KSPCF/DragCubeGeneration] Creating drag cubes for part 'LiquidEngineRK-7'
[LOG 19:02:50.242] PartLoader: Compiling Part 'SquadExpansion/MakingHistory/Parts/Engine/LiquidEngineRV-1/LiquidEngineRV-1'
[LOG 19:02:50.247] PartLoader: Part 'SquadExpansion/MakingHistory/Parts/Engine/LiquidEngineRV-1/LiquidEngineRV-1' has no database record. Creating.
[LOG 19:02:50.248] [DragCubeSystem]: Drag cubes not found or cannot be read for part Part. Generating New drag cubes.
[LOG 19:02:50.248] [KSPCF/DragCubeGeneration] Creating drag cubes for part 'LiquidEngineRV-1'
[LOG 19:02:50.254] PartLoader: Compiling Part 'SquadExpansion/MakingHistory/Parts/Engine/solidBoosterTHK/solidBoosterTHK/Pollux'
[LOG 19:02:50.259] PartLoader: Part 'SquadExpansion/MakingHistory/Parts/Engine/solidBoosterTHK/solidBoosterTHK/Pollux' has no database record. Creating.
[LOG 19:02:50.259] [DragCubeSystem]: Drag cubes not found or cannot be read for part Part. Generating New drag cubes.
[LOG 19:02:50.259] [KSPCF/DragCubeGeneration] Creating drag cubes for part 'Pollux'
[LOG 19:02:50.264] PartLoader: Compiling Part 'SquadExpansion/MakingHistory/Parts/FuelTank/MonoPropMini/monopropMiniSphere'
[LOG 19:02:50.266] PartLoader: Part 'SquadExpansion/MakingHistory/Parts/FuelTank/MonoPropMini/monopropMiniSphere' has no database record. Creating.
[LOG 19:02:50.267] [DragCubeSystem]: Drag cubes not found or cannot be read for part Part. Generating New drag cubes.
[LOG 19:02:50.267] [KSPCF/DragCubeGeneration] Creating drag cubes for part 'monopropMiniSphere'
[LOG 19:02:50.272] PartLoader: Compiling Part 'SquadExpansion/MakingHistory/Parts/FuelTank/Size1p5_Monoprop/Size1p5_Monoprop'
[LOG 19:02:50.275] PartLoader: Part 'SquadExpansion/MakingHistory/Parts/FuelTank/Size1p5_Monoprop/Size1p5_Monoprop' has no database record. Creating.
[LOG 19:02:50.275] [DragCubeSystem]: Drag cubes not found or cannot be read for part Part. Generating New drag cubes.
[LOG 19:02:50.275] [KSPCF/DragCubeGeneration] Creating drag cubes for part 'Size1p5.Monoprop'
[LOG 19:02:50.281] PartLoader: Compiling Part 'SquadExpansion/MakingHistory/Parts/FuelTank/Size1p5_Size0_Adapter_01/Size1p5_Size0_Adapter_01'
[LOG 19:02:50.284] PartLoader: Part 'SquadExpansion/MakingHistory/Parts/FuelTank/Size1p5_Size0_Adapter_01/Size1p5_Size0_Adapter_01' has no database record. Creating.
[LOG 19:02:50.284] [DragCubeSystem]: Drag cubes not found or cannot be read for part Part. Generating New drag cubes.
[LOG 19:02:50.284] [KSPCF/DragCubeGeneration] Creating drag cubes for part 'Size1p5.Size0.Adapter.01'
[LOG 19:02:50.289] PartLoader: Compiling Part 'SquadExpansion/MakingHistory/Parts/FuelTank/Size1p5_Size1_Adapter_01/Size1p5_Size1_Adapter_01'
[LOG 19:02:50.292] PartLoader: Part 'SquadExpansion/MakingHistory/Parts/FuelTank/Size1p5_Size1_Adapter_01/Size1p5_Size1_Adapter_01' has no database record. Creating.
[LOG 19:02:50.292] [DragCubeSystem]: Drag cubes not found or cannot be read for part Part. Generating New drag cubes.
[LOG 19:02:50.292] [KSPCF/DragCubeGeneration] Creating drag cubes for part 'Size1p5.Size1.Adapter.01'
[LOG 19:02:50.297] PartLoader: Compiling Part 'SquadExpansion/MakingHistory/Parts/FuelTank/Size1p5_Size1_Adapter_02/Size1p5_Size1_Adapter_02'
[LOG 19:02:50.299] PartLoader: Part 'SquadExpansion/MakingHistory/Parts/FuelTank/Size1p5_Size1_Adapter_02/Size1p5_Size1_Adapter_02' has no database record. Creating.
[LOG 19:02:50.300] [DragCubeSystem]: Drag cubes not found or cannot be read for part Part. Generating New drag cubes.
[LOG 19:02:50.300] [KSPCF/DragCubeGeneration] Creating drag cubes for part 'Size1p5.Size1.Adapter.02'
[LOG 19:02:50.304] PartLoader: Compiling Part 'SquadExpansion/MakingHistory/Parts/FuelTank/Size1p5_Size2_Adapter_01/Size1p5_Size2_Adapter_01'
[LOG 19:02:50.308] PartLoader: Part 'SquadExpansion/MakingHistory/Parts/FuelTank/Size1p5_Size2_Adapter_01/Size1p5_Size2_Adapter_01' has no database record. Creating.
[LOG 19:02:50.308] [DragCubeSystem]: Drag cubes not found or cannot be read for part Part. Generating New drag cubes.
[LOG 19:02:50.308] [KSPCF/DragCubeGeneration] Creating drag cubes for part 'Size1p5.Size2.Adapter.01'
[LOG 19:02:50.312] PartLoader: Compiling Part 'SquadExpansion/MakingHistory/Parts/FuelTank/Size1p5_Tank_01/Size1p5_Tank_01'
[LOG 19:02:50.316] PartLoader: Part 'SquadExpansion/MakingHistory/Parts/FuelTank/Size1p5_Tank_01/Size1p5_Tank_01' has no database record. Creating.
[LOG 19:02:50.316] [DragCubeSystem]: Drag cubes not found or cannot be read for part Part. Generating New drag cubes.
[LOG 19:02:50.316] [KSPCF/DragCubeGeneration] Creating drag cubes for part 'Size1p5.Tank.01'
[LOG 19:02:50.320] PartLoader: Compiling Part 'SquadExpansion/MakingHistory/Parts/FuelTank/Size1p5_Tank_02/Size1p5_Tank_02'
[LOG 19:02:50.324] PartLoader: Part 'SquadExpansion/MakingHistory/Parts/FuelTank/Size1p5_Tank_02/Size1p5_Tank_02' has no database record. Creating.
[LOG 19:02:50.324] [DragCubeSystem]: Drag cubes not found or cannot be read for part Part. Generating New drag cubes.
[LOG 19:02:50.324] [KSPCF/DragCubeGeneration] Creating drag cubes for part 'Size1p5.Tank.02'
[LOG 19:02:50.328] PartLoader: Compiling Part 'SquadExpansion/MakingHistory/Parts/FuelTank/Size1p5_Tank_03/Size1p5_Tank_03'
[LOG 19:02:50.331] PartLoader: Part 'SquadExpansion/MakingHistory/Parts/FuelTank/Size1p5_Tank_03/Size1p5_Tank_03' has no database record. Creating.
[LOG 19:02:50.331] [DragCubeSystem]: Drag cubes not found or cannot be read for part Part. Generating New drag cubes.
[LOG 19:02:50.331] [KSPCF/DragCubeGeneration] Creating drag cubes for part 'Size1p5.Tank.03'
[LOG 19:02:50.336] PartLoader: Compiling Part 'SquadExpansion/MakingHistory/Parts/FuelTank/Size1p5_Tank_04/Size1p5_Tank_04'
[LOG 19:02:50.339] PartLoader: Part 'SquadExpansion/MakingHistory/Parts/FuelTank/Size1p5_Tank_04/Size1p5_Tank_04' has no database record. Creating.
[LOG 19:02:50.339] [DragCubeSystem]: Drag cubes not found or cannot be read for part Part. Generating New drag cubes.
[LOG 19:02:50.339] [KSPCF/DragCubeGeneration] Creating drag cubes for part 'Size1p5.Tank.04'
[LOG 19:02:50.345] PartLoader: Compiling Part 'SquadExpansion/MakingHistory/Parts/FuelTank/Size1p5_Tank_05/Size1p5_Tank_05'
[LOG 19:02:50.350] PartLoader: Part 'SquadExpansion/MakingHistory/Parts/FuelTank/Size1p5_Tank_05/Size1p5_Tank_05' has no database record. Creating.
[LOG 19:02:50.350] [DragCubeSystem]: Drag cubes not found or cannot be read for part Part. Generating New drag cubes.
[LOG 19:02:50.350] [KSPCF/DragCubeGeneration] Creating drag cubes for part 'Size1p5.Tank.05'
[LOG 19:02:50.356] PartLoader: Compiling Part 'SquadExpansion/MakingHistory/Parts/FuelTank/Size3_Size4_Adapter_01/Size3_Size4_Adapter_01'
[LOG 19:02:50.359] PartLoader: Part 'SquadExpansion/MakingHistory/Parts/FuelTank/Size3_Size4_Adapter_01/Size3_Size4_Adapter_01' has no database record. Creating.
[LOG 19:02:50.359] [DragCubeSystem]: Drag cubes not found or cannot be read for part Part. Generating New drag cubes.
[LOG 19:02:50.359] [KSPCF/DragCubeGeneration] Creating drag cubes for part 'Size3.Size4.Adapter.01'
[LOG 19:02:50.363] PartLoader: Compiling Part 'SquadExpansion/MakingHistory/Parts/FuelTank/Size4_EngineAdapter_01/Size4_EngineAdapter_01'
[LOG 19:02:50.366] PartLoader: Part 'SquadExpansion/MakingHistory/Parts/FuelTank/Size4_EngineAdapter_01/Size4_EngineAdapter_01' has no database record. Creating.
[LOG 19:02:50.366] [DragCubeSystem]: Drag cubes not found or cannot be read for part Part. Generating New drag cubes.
[LOG 19:02:50.366] [KSPCF/DragCubeGeneration] Creating drag cubes for part 'Size4.EngineAdapter.01'
[LOG 19:02:50.370] PartLoader: Compiling Part 'SquadExpansion/MakingHistory/Parts/FuelTank/Size4_Tank_01/Size4_Tank_01'
[LOG 19:02:50.373] PartLoader: Part 'SquadExpansion/MakingHistory/Parts/FuelTank/Size4_Tank_01/Size4_Tank_01' has no database record. Creating.
[LOG 19:02:50.373] [DragCubeSystem]: Drag cubes not found or cannot be read for part Part. Generating New drag cubes.
[LOG 19:02:50.373] [KSPCF/DragCubeGeneration] Creating drag cubes for part 'Size4.Tank.01'
[LOG 19:02:50.379] PartLoader: Compiling Part 'SquadExpansion/MakingHistory/Parts/FuelTank/Size4_Tank_02/Size4_Tank_02'
[LOG 19:02:50.383] PartLoader: Part 'SquadExpansion/MakingHistory/Parts/FuelTank/Size4_Tank_02/Size4_Tank_02' has no database record. Creating.
[LOG 19:02:50.383] [DragCubeSystem]: Drag cubes not found or cannot be read for part Part. Generating New drag cubes.
[LOG 19:02:50.383] [KSPCF/DragCubeGeneration] Creating drag cubes for part 'Size4.Tank.02'
[LOG 19:02:50.388] PartLoader: Compiling Part 'SquadExpansion/MakingHistory/Parts/FuelTank/Size4_Tank_03/Size4_Tank_03'
[LOG 19:02:50.390] PartLoader: Part 'SquadExpansion/MakingHistory/Parts/FuelTank/Size4_Tank_03/Size4_Tank_03' has no database record. Creating.
[LOG 19:02:50.390] [DragCubeSystem]: Drag cubes not found or cannot be read for part Part. Generating New drag cubes.
[LOG 19:02:50.390] [KSPCF/DragCubeGeneration] Creating drag cubes for part 'Size4.Tank.03'
[LOG 19:02:50.395] PartLoader: Compiling Part 'SquadExpansion/MakingHistory/Parts/FuelTank/Size4_Tank_04/Size4_Tank_04'
[LOG 19:02:50.397] PartLoader: Part 'SquadExpansion/MakingHistory/Parts/FuelTank/Size4_Tank_04/Size4_Tank_04' has no database record. Creating.
[LOG 19:02:50.397] [DragCubeSystem]: Drag cubes not found or cannot be read for part Part. Generating New drag cubes.
[LOG 19:02:50.397] [KSPCF/DragCubeGeneration] Creating drag cubes for part 'Size4.Tank.04'
[LOG 19:02:50.401] PartLoader: Compiling Part 'SquadExpansion/MakingHistory/Parts/Ground/RoverWheel/roverWheelM1-F'
[LOG 19:02:50.409] PartLoader: Part 'SquadExpansion/MakingHistory/Parts/Ground/RoverWheel/roverWheelM1-F' has no database record. Creating.
[LOG 19:02:50.410] [DragCubeSystem]: Drag cubes not found or cannot be read for part Part. Generating New drag cubes.
[LOG 19:02:50.410] [KSPCF/DragCubeGeneration] Creating drag cubes for part 'roverWheelM1-F'
[LOG 19:02:50.422] PartLoader: Compiling Part 'SquadExpansion/MakingHistory/Parts/Payload/fairingSize1p5/fairingSize1p5'
[LOG 19:02:50.432] PartLoader: Part 'SquadExpansion/MakingHistory/Parts/Payload/fairingSize1p5/fairingSize1p5' has no database record. Creating.
[LOG 19:02:50.432] [DragCubeSystem]: Drag cubes not found or cannot be read for part Part. Generating New drag cubes.
[LOG 19:02:50.432] [KSPCF/DragCubeGeneration] Creating drag cubes for part 'fairingSize1p5'
[LOG 19:02:50.436] PartLoader: Compiling Part 'SquadExpansion/MakingHistory/Parts/Payload/fairingSize4/fairingSize4'
[LOG 19:02:50.444] PartLoader: Part 'SquadExpansion/MakingHistory/Parts/Payload/fairingSize4/fairingSize4' has no database record. Creating.
[LOG 19:02:50.444] [DragCubeSystem]: Drag cubes not found or cannot be read for part Part. Generating New drag cubes.
[LOG 19:02:50.444] [KSPCF/DragCubeGeneration] Creating drag cubes for part 'fairingSize4'
[LOG 19:02:50.448] PartLoader: Compiling Part 'SquadExpansion/MakingHistory/Parts/Payload/Size1to0ServiceModule/Size1to0ServiceModule'
[LOG 19:02:50.457] PartLoader: Part 'SquadExpansion/MakingHistory/Parts/Payload/Size1to0ServiceModule/Size1to0ServiceModule' has no database record. Creating.
[LOG 19:02:50.457] [DragCubeSystem]: Drag cubes not found or cannot be read for part Part. Generating New drag cubes.
[LOG 19:02:50.457] [KSPCF/DragCubeGeneration] Part 'Size1to0ServiceModule' has defined a procedural drag cube setup
[LOG 19:02:50.457] PartLoader: Compiling Part 'SquadExpansion/MakingHistory/Parts/Payload/SM18/ServiceModule18'
[LOG 19:02:50.464] PartLoader: Part 'SquadExpansion/MakingHistory/Parts/Payload/SM18/ServiceModule18' has no database record. Creating.
[LOG 19:02:50.464] [DragCubeSystem]: Drag cubes not found or cannot be read for part Part. Generating New drag cubes.
[LOG 19:02:50.464] [KSPCF/DragCubeGeneration] Part 'ServiceModule18' has defined a procedural drag cube setup
[LOG 19:02:50.464] PartLoader: Compiling Part 'SquadExpansion/MakingHistory/Parts/Payload/SM25/ServiceModule25'
[LOG 19:02:50.469] PartLoader: Part 'SquadExpansion/MakingHistory/Parts/Payload/SM25/ServiceModule25' has no database record. Creating.
[LOG 19:02:50.469] [DragCubeSystem]: Drag cubes not found or cannot be read for part Part. Generating New drag cubes.
[LOG 19:02:50.469] [KSPCF/DragCubeGeneration] Part 'ServiceModule25' has defined a procedural drag cube setup
[LOG 19:02:50.470] PartLoader: Compiling Part 'SquadExpansion/MakingHistory/Parts/Pods/KV1Pod/kv1Pod'
[WRN 19:02:50.473] [Part]: Cannot have ModuleCargoPart and ModuleInventoryPart on same Part [kv1Pod'. Removed ModuleCargoPart
[LOG 19:02:50.479] PartLoader: Part 'SquadExpansion/MakingHistory/Parts/Pods/KV1Pod/kv1Pod' has no database record. Creating.
[LOG 19:02:50.480] PartLoader: Compiling Part 'SquadExpansion/MakingHistory/Parts/Pods/KV2Pod/kv2Pod'
[WRN 19:02:50.484] [Part]: Cannot have ModuleCargoPart and ModuleInventoryPart on same Part [kv2Pod'. Removed ModuleCargoPart
[LOG 19:02:50.488] PartLoader: Part 'SquadExpansion/MakingHistory/Parts/Pods/KV2Pod/kv2Pod' has no database record. Creating.
[LOG 19:02:50.489] PartLoader: Compiling Part 'SquadExpansion/MakingHistory/Parts/Pods/KV3Pod/kv3Pod'
[WRN 19:02:50.493] [Part]: Cannot have ModuleCargoPart and ModuleInventoryPart on same Part [kv3Pod'. Removed ModuleCargoPart
[LOG 19:02:50.496] PartLoader: Part 'SquadExpansion/MakingHistory/Parts/Pods/KV3Pod/kv3Pod' has no database record. Creating.
[LOG 19:02:50.498] PartLoader: Compiling Part 'SquadExpansion/MakingHistory/Parts/Pods/Mk2Pod/Mk2Pod'
[WRN 19:02:50.501] [Part]: Cannot have ModuleCargoPart and ModuleInventoryPart on same Part [Mk2Pod'. Removed ModuleCargoPart
[LOG 19:02:50.505] PartLoader: Part 'SquadExpansion/MakingHistory/Parts/Pods/Mk2Pod/Mk2Pod' has no database record. Creating.
[LOG 19:02:50.505] [DragCubeSystem]: Drag cubes not found or cannot be read for part Part. Generating New drag cubes.
[LOG 19:02:50.505] [KSPCF/DragCubeGeneration] Creating drag cubes for part 'Mk2Pod'
[LOG 19:02:50.510] PartLoader: Compiling Part 'SquadExpansion/MakingHistory/Parts/Pods/Size1_5_Lander/MEMLander'
[WRN 19:02:50.515] [Part]: Cannot add ModuleCargoPart as this Part 'MEMLander' already has a ModuleInventoryPart PartModule and they are mutually exclusive.
[LOG 19:02:50.519] PartLoader: Part 'SquadExpansion/MakingHistory/Parts/Pods/Size1_5_Lander/MEMLander' has no database record. Creating.
[LOG 19:02:50.519] [DragCubeSystem]: Drag cubes not found or cannot be read for part Part. Generating New drag cubes.
[LOG 19:02:50.519] [KSPCF/DragCubeGeneration] Creating drag cubes for part 'MEMLander'
[LOG 19:02:50.525] PartLoader: Compiling Part 'SquadExpansion/MakingHistory/Parts/Prebuilt/kerbalEVAfemaleVintage/kerbalEVAfemaleVintage'
[LOG 19:02:50.531] PartLoader: Compiling Part 'SquadExpansion/MakingHistory/Parts/Prebuilt/kerbalEVAVintage/kerbalEVAVintage'
[LOG 19:02:50.537] PartLoader: Compiling Part 'SquadExpansion/MakingHistory/Parts/Structural/EquiTriangle0/EquiTriangle0'
[LOG 19:02:50.543] PartLoader: Part 'SquadExpansion/MakingHistory/Parts/Structural/EquiTriangle0/EquiTriangle0' has no database record. Creating.
[LOG 19:02:50.543] [DragCubeSystem]: Drag cubes not found or cannot be read for part Part. Generating New drag cubes.
[LOG 19:02:50.543] [KSPCF/DragCubeGeneration] Creating drag cubes for part 'EquiTriangle0'
[LOG 19:02:50.547] PartLoader: Compiling Part 'SquadExpansion/MakingHistory/Parts/Structural/EquiTriangle1/EquiTriangle1'
[LOG 19:02:50.550] PartLoader: Part 'SquadExpansion/MakingHistory/Parts/Structural/EquiTriangle1/EquiTriangle1' has no database record. Creating.
[LOG 19:02:50.550] [DragCubeSystem]: Drag cubes not found or cannot be read for part Part. Generating New drag cubes.
[LOG 19:02:50.550] [KSPCF/DragCubeGeneration] Creating drag cubes for part 'EquiTriangle1'
[LOG 19:02:50.554] PartLoader: Compiling Part 'SquadExpansion/MakingHistory/Parts/Structural/EquiTriangle1p5/EquiTriangle1p5'
[LOG 19:02:50.557] PartLoader: Part 'SquadExpansion/MakingHistory/Parts/Structural/EquiTriangle1p5/EquiTriangle1p5' has no database record. Creating.
[LOG 19:02:50.558] [DragCubeSystem]: Drag cubes not found or cannot be read for part Part. Generating New drag cubes.
[LOG 19:02:50.558] [KSPCF/DragCubeGeneration] Creating drag cubes for part 'EquiTriangle1p5'
[LOG 19:02:50.561] PartLoader: Compiling Part 'SquadExpansion/MakingHistory/Parts/Structural/EquiTriangle2/EquiTriangle2'
[LOG 19:02:50.565] PartLoader: Part 'SquadExpansion/MakingHistory/Parts/Structural/EquiTriangle2/EquiTriangle2' has no database record. Creating.
[LOG 19:02:50.565] [DragCubeSystem]: Drag cubes not found or cannot be read for part Part. Generating New drag cubes.
[LOG 19:02:50.565] [KSPCF/DragCubeGeneration] Creating drag cubes for part 'EquiTriangle2'
[LOG 19:02:50.568] PartLoader: Compiling Part 'SquadExpansion/MakingHistory/Parts/Structural/Panel0/Panel0'
[LOG 19:02:50.572] PartLoader: Part 'SquadExpansion/MakingHistory/Parts/Structural/Panel0/Panel0' has no database record. Creating.
[LOG 19:02:50.572] [DragCubeSystem]: Drag cubes not found or cannot be read for part Part. Generating New drag cubes.
[LOG 19:02:50.572] [KSPCF/DragCubeGeneration] Creating drag cubes for part 'Panel0'
[LOG 19:02:50.577] PartLoader: Compiling Part 'SquadExpansion/MakingHistory/Parts/Structural/Panel1/Panel1'
[LOG 19:02:50.580] PartLoader: Part 'SquadExpansion/MakingHistory/Parts/Structural/Panel1/Panel1' has no database record. Creating.
[LOG 19:02:50.580] [DragCubeSystem]: Drag cubes not found or cannot be read for part Part. Generating New drag cubes.
[LOG 19:02:50.580] [KSPCF/DragCubeGeneration] Creating drag cubes for part 'Panel1'
[LOG 19:02:50.584] PartLoader: Compiling Part 'SquadExpansion/MakingHistory/Parts/Structural/Panel1p5/Panel1p5'
[LOG 19:02:50.588] PartLoader: Part 'SquadExpansion/MakingHistory/Parts/Structural/Panel1p5/Panel1p5' has no database record. Creating.
[LOG 19:02:50.588] [DragCubeSystem]: Drag cubes not found or cannot be read for part Part. Generating New drag cubes.
[LOG 19:02:50.588] [KSPCF/DragCubeGeneration] Creating drag cubes for part 'Panel1p5'
[LOG 19:02:50.592] PartLoader: Compiling Part 'SquadExpansion/MakingHistory/Parts/Structural/Panel2/Panel2'
[LOG 19:02:50.595] PartLoader: Part 'SquadExpansion/MakingHistory/Parts/Structural/Panel2/Panel2' has no database record. Creating.
[LOG 19:02:50.595] [DragCubeSystem]: Drag cubes not found or cannot be read for part Part. Generating New drag cubes.
[LOG 19:02:50.595] [KSPCF/DragCubeGeneration] Creating drag cubes for part 'Panel2'
[LOG 19:02:50.599] PartLoader: Compiling Part 'SquadExpansion/MakingHistory/Parts/Structural/Triangle0/Triangle0'
[LOG 19:02:50.603] PartLoader: Part 'SquadExpansion/MakingHistory/Parts/Structural/Triangle0/Triangle0' has no database record. Creating.
[LOG 19:02:50.603] [DragCubeSystem]: Drag cubes not found or cannot be read for part Part. Generating New drag cubes.
[LOG 19:02:50.603] [KSPCF/DragCubeGeneration] Creating drag cubes for part 'Triangle0'
[LOG 19:02:50.607] PartLoader: Compiling Part 'SquadExpansion/MakingHistory/Parts/Structural/Triangle1/Triangle1'
[LOG 19:02:50.611] PartLoader: Part 'SquadExpansion/MakingHistory/Parts/Structural/Triangle1/Triangle1' has no database record. Creating.
[LOG 19:02:50.612] [DragCubeSystem]: Drag cubes not found or cannot be read for part Part. Generating New drag cubes.
[LOG 19:02:50.612] [KSPCF/DragCubeGeneration] Creating drag cubes for part 'Triangle1'
[LOG 19:02:50.616] PartLoader: Compiling Part 'SquadExpansion/MakingHistory/Parts/Structural/Triangle1p5/Triangle1p5'
[LOG 19:02:50.619] PartLoader: Part 'SquadExpansion/MakingHistory/Parts/Structural/Triangle1p5/Triangle1p5' has no database record. Creating.
[LOG 19:02:50.619] [DragCubeSystem]: Drag cubes not found or cannot be read for part Part. Generating New drag cubes.
[LOG 19:02:50.619] [KSPCF/DragCubeGeneration] Creating drag cubes for part 'Triangle1p5'
[LOG 19:02:50.623] PartLoader: Compiling Part 'SquadExpansion/MakingHistory/Parts/Structural/Triangle2/Triangle2'
[LOG 19:02:50.627] PartLoader: Part 'SquadExpansion/MakingHistory/Parts/Structural/Triangle2/Triangle2' has no database record. Creating.
[LOG 19:02:50.627] [DragCubeSystem]: Drag cubes not found or cannot be read for part Part. Generating New drag cubes.
[LOG 19:02:50.627] [KSPCF/DragCubeGeneration] Creating drag cubes for part 'Triangle2'
[LOG 19:02:50.630] PartLoader: Compiling Part 'SquadExpansion/MakingHistory/Parts/Structural/Tube1/Tube1'
[LOG 19:02:50.634] PartLoader: Part 'SquadExpansion/MakingHistory/Parts/Structural/Tube1/Tube1' has no database record. Creating.
[LOG 19:02:50.635] PartLoader: Compiling Part 'SquadExpansion/MakingHistory/Parts/Structural/Tube1p5/Tube1p5'
[LOG 19:02:50.639] PartLoader: Part 'SquadExpansion/MakingHistory/Parts/Structural/Tube1p5/Tube1p5' has no database record. Creating.
[LOG 19:02:50.639] PartLoader: Compiling Part 'SquadExpansion/MakingHistory/Parts/Structural/Tube2/Tube2'
[LOG 19:02:50.643] PartLoader: Part 'SquadExpansion/MakingHistory/Parts/Structural/Tube2/Tube2' has no database record. Creating.
[LOG 19:02:50.643] PartLoader: Compiling Part 'SquadExpansion/MakingHistory/Parts/Structural/Tube3/Tube3'
[LOG 19:02:50.646] PartLoader: Part 'SquadExpansion/MakingHistory/Parts/Structural/Tube3/Tube3' has no database record. Creating.
[LOG 19:02:50.646] PartLoader: Compiling Part 'SquadExpansion/MakingHistory/Parts/Structural/Tube4/Tube4'
[LOG 19:02:50.649] PartLoader: Part 'SquadExpansion/MakingHistory/Parts/Structural/Tube4/Tube4' has no database record. Creating.
[LOG 19:02:50.650] PartLoader: Compiling Part 'SquadExpansion/MakingHistory/Parts/Thermal/HeatShield1p5/HeatShield1p5'
[LOG 19:02:50.656] PartLoader: Part 'SquadExpansion/MakingHistory/Parts/Thermal/HeatShield1p5/HeatShield1p5' has no database record. Creating.
[LOG 19:02:50.656] [DragCubeSystem]: Drag cubes not found or cannot be read for part Part. Generating New drag cubes.
[LOG 19:02:50.656] [KSPCF/DragCubeGeneration] Creating drag cubes for part 'HeatShield1p5'
[LOG 19:02:50.668] PartLoader: Compiling Part 'SquadExpansion/MakingHistory/Parts/Utility/flags/flagSize1p5/flagSize1p5/flagPartSize1p5'
[LOG 19:02:50.673] PartLoader: Part 'SquadExpansion/MakingHistory/Parts/Utility/flags/flagSize1p5/flagSize1p5/flagPartSize1p5' has no database record. Creating.
[LOG 19:02:50.673] [DragCubeSystem]: Drag cubes not found or cannot be read for part Part. Generating New drag cubes.
[LOG 19:02:50.673] [KSPCF/DragCubeGeneration] Creating drag cubes for part 'flagPartSize1p5'
[LOG 19:02:50.677] PartLoader: Compiling Part 'SquadExpansion/MakingHistory/Parts/Utility/flags/flagSize4/flagSize4/flagPartSize4'
[LOG 19:02:50.681] PartLoader: Part 'SquadExpansion/MakingHistory/Parts/Utility/flags/flagSize4/flagSize4/flagPartSize4' has no database record. Creating.
[LOG 19:02:50.681] [DragCubeSystem]: Drag cubes not found or cannot be read for part Part. Generating New drag cubes.
[LOG 19:02:50.681] [KSPCF/DragCubeGeneration] Creating drag cubes for part 'flagPartSize4'
[LOG 19:02:50.685] PartLoader: Compiling Part 'SquadExpansion/Serenity/Parts/Aero/FanShroud_01/FanShroud_01'
[LOG 19:02:50.689] PartLoader: Part 'SquadExpansion/Serenity/Parts/Aero/FanShroud_01/FanShroud_01' has no database record. Creating.
[LOG 19:02:50.689] [DragCubeSystem]: Drag cubes not found or cannot be read for part Part. Generating New drag cubes.
[LOG 19:02:50.689] [KSPCF/DragCubeGeneration] Creating drag cubes for part 'FanShroud.01'
[LOG 19:02:50.693] PartLoader: Compiling Part 'SquadExpansion/Serenity/Parts/Aero/FanShroud_02/FanShroud_02'
[LOG 19:02:50.696] PartLoader: Part 'SquadExpansion/Serenity/Parts/Aero/FanShroud_02/FanShroud_02' has no database record. Creating.
[LOG 19:02:50.696] [DragCubeSystem]: Drag cubes not found or cannot be read for part Part. Generating New drag cubes.
[LOG 19:02:50.697] [KSPCF/DragCubeGeneration] Creating drag cubes for part 'FanShroud.02'
[LOG 19:02:50.701] PartLoader: Compiling Part 'SquadExpansion/Serenity/Parts/Aero/FanShroud_03/FanShroud_03'
[LOG 19:02:50.704] PartLoader: Part 'SquadExpansion/Serenity/Parts/Aero/FanShroud_03/FanShroud_03' has no database record. Creating.
[LOG 19:02:50.704] [DragCubeSystem]: Drag cubes not found or cannot be read for part Part. Generating New drag cubes.
[LOG 19:02:50.704] [KSPCF/DragCubeGeneration] Creating drag cubes for part 'FanShroud.03'
[LOG 19:02:50.708] PartLoader: Compiling Part 'SquadExpansion/Serenity/Parts/Aero/noseconeTiny/noseconeTiny'
[LOG 19:02:50.711] PartLoader: Part 'SquadExpansion/Serenity/Parts/Aero/noseconeTiny/noseconeTiny' has no database record. Creating.
[LOG 19:02:50.711] [DragCubeSystem]: Drag cubes not found or cannot be read for part Part. Generating New drag cubes.
[LOG 19:02:50.711] [KSPCF/DragCubeGeneration] Creating drag cubes for part 'noseconeTiny'
[LOG 19:02:50.716] PartLoader: Compiling Part 'SquadExpansion/Serenity/Parts/Aero/noseconeVS/noseconeVS'
[LOG 19:02:50.719] PartLoader: Part 'SquadExpansion/Serenity/Parts/Aero/noseconeVS/noseconeVS' has no database record. Creating.
[LOG 19:02:50.720] [DragCubeSystem]: Drag cubes not found or cannot be read for part Part. Generating New drag cubes.
[LOG 19:02:50.720] [KSPCF/DragCubeGeneration] Creating drag cubes for part 'noseconeVS'
[LOG 19:02:50.724] PartLoader: Compiling Part 'SquadExpansion/Serenity/Parts/DeployedScience/centralStation/DeployedCentralStation'
[LOG 19:02:50.734] PartLoader: Part 'SquadExpansion/Serenity/Parts/DeployedScience/centralStation/DeployedCentralStation' has no database record. Creating.
[LOG 19:02:50.734] [DragCubeSystem]: Drag cubes not found or cannot be read for part Part. Generating New drag cubes.
[LOG 19:02:50.734] [KSPCF/DragCubeGeneration] Creating drag cubes for part 'DeployedCentralStation'
[LOG 19:02:50.756] PartLoader: Compiling Part 'SquadExpansion/Serenity/Parts/DeployedScience/gooObservation/DeployedGoExOb'
[LOG 19:02:50.765] PartLoader: Part 'SquadExpansion/Serenity/Parts/DeployedScience/gooObservation/DeployedGoExOb' has no database record. Creating.
[LOG 19:02:50.765] [DragCubeSystem]: Drag cubes not found or cannot be read for part Part. Generating New drag cubes.
[LOG 19:02:50.765] [KSPCF/DragCubeGeneration] Creating drag cubes for part 'DeployedGoExOb'
[LOG 19:02:50.788] PartLoader: Compiling Part 'SquadExpansion/Serenity/Parts/DeployedScience/ionCollector/DeployedIONExp'
[LOG 19:02:50.792] PartLoader: Part 'SquadExpansion/Serenity/Parts/DeployedScience/ionCollector/DeployedIONExp' has no database record. Creating.
[LOG 19:02:50.792] [DragCubeSystem]: Drag cubes not found or cannot be read for part Part. Generating New drag cubes.
[LOG 19:02:50.792] [KSPCF/DragCubeGeneration] Creating drag cubes for part 'DeployedIONExp'
[LOG 19:02:50.804] PartLoader: Compiling Part 'SquadExpansion/Serenity/Parts/DeployedScience/rtg/DeployedRTG'
[LOG 19:02:50.812] PartLoader: Part 'SquadExpansion/Serenity/Parts/DeployedScience/rtg/DeployedRTG' has no database record. Creating.
[LOG 19:02:50.812] [DragCubeSystem]: Drag cubes not found or cannot be read for part Part. Generating New drag cubes.
[LOG 19:02:50.812] [KSPCF/DragCubeGeneration] Creating drag cubes for part 'DeployedRTG'
[LOG 19:02:50.825] PartLoader: Compiling Part 'SquadExpansion/Serenity/Parts/DeployedScience/satDish/DeployedSatDish'
[LOG 19:02:50.834] PartLoader: Part 'SquadExpansion/Serenity/Parts/DeployedScience/satDish/DeployedSatDish' has no database record. Creating.
[LOG 19:02:50.834] [DragCubeSystem]: Drag cubes not found or cannot be read for part Part. Generating New drag cubes.
[LOG 19:02:50.834] [KSPCF/DragCubeGeneration] Creating drag cubes for part 'DeployedSatDish'
[LOG 19:02:50.849] PartLoader: Compiling Part 'SquadExpansion/Serenity/Parts/DeployedScience/seismicSensor/DeployedSeismicSensor'
[LOG 19:02:50.854] PartLoader: Part 'SquadExpansion/Serenity/Parts/DeployedScience/seismicSensor/DeployedSeismicSensor' has no database record. Creating.
[LOG 19:02:50.854] [DragCubeSystem]: Drag cubes not found or cannot be read for part Part. Generating New drag cubes.
[LOG 19:02:50.854] [KSPCF/DragCubeGeneration] Creating drag cubes for part 'DeployedSeismicSensor'
[LOG 19:02:50.866] PartLoader: Compiling Part 'SquadExpansion/Serenity/Parts/DeployedScience/solarPanel/DeployedSolarPanel'
[LOG 19:02:50.871] PartLoader: Part 'SquadExpansion/Serenity/Parts/DeployedScience/solarPanel/DeployedSolarPanel' has no database record. Creating.
[LOG 19:02:50.871] [DragCubeSystem]: Drag cubes not found or cannot be read for part Part. Generating New drag cubes.
[LOG 19:02:50.871] [KSPCF/DragCubeGeneration] Creating drag cubes for part 'DeployedSolarPanel'
[LOG 19:02:50.885] PartLoader: Compiling Part 'SquadExpansion/Serenity/Parts/DeployedScience/weatherStation/DeployedWeatherStn'
[LOG 19:02:50.890] PartLoader: Part 'SquadExpansion/Serenity/Parts/DeployedScience/weatherStation/DeployedWeatherStn' has no database record. Creating.
[LOG 19:02:50.890] [DragCubeSystem]: Drag cubes not found or cannot be read for part Part. Generating New drag cubes.
[LOG 19:02:50.890] [KSPCF/DragCubeGeneration] Creating drag cubes for part 'DeployedWeatherStn'
[LOG 19:02:50.912] PartLoader: Compiling Part 'SquadExpansion/Serenity/Parts/Prebuilt/kerbalEVA/kerbalEVA'
[LOG 19:02:50.914] PartLoader: Compiling Part 'SquadExpansion/Serenity/Parts/Prebuilt/kerbalEVAfemale/kerbalEVAfemale'
[LOG 19:02:50.916] PartLoader: Compiling Part 'SquadExpansion/Serenity/Parts/Prebuilt/kerbalEVAfemaleFuture/kerbalEVAfemaleFuture'
[LOG 19:02:50.922] PartLoader: Compiling Part 'SquadExpansion/Serenity/Parts/Prebuilt/kerbalEVAfemaleVintage/kerbalEVAfemaleVintage'
[LOG 19:02:50.924] PartLoader: Compiling Part 'SquadExpansion/Serenity/Parts/Prebuilt/kerbalEVAFuture/kerbalEVAFuture'
[LOG 19:02:50.930] PartLoader: Compiling Part 'SquadExpansion/Serenity/Parts/Prebuilt/kerbalEVASlimSuit/kerbalEVASlimSuit'
[LOG 19:02:50.932] PartLoader: Compiling Part 'SquadExpansion/Serenity/Parts/Prebuilt/kerbalEVASlimSuitFemale/kerbalEVASlimSuitFemale'
[LOG 19:02:50.933] PartLoader: Compiling Part 'SquadExpansion/Serenity/Parts/Prebuilt/kerbalEVAVintage/kerbalEVAVintage'
[LOG 19:02:50.935] PartLoader: Compiling Part 'SquadExpansion/Serenity/Parts/Propellers/largeFanBlade/largeFanBlade'
[LOG 19:02:50.939] PartLoader: Part 'SquadExpansion/Serenity/Parts/Propellers/largeFanBlade/largeFanBlade' has no database record. Creating.
[LOG 19:02:50.939] [DragCubeSystem]: Drag cubes not found or cannot be read for part Part. Generating New drag cubes.
[LOG 19:02:50.939] [KSPCF/DragCubeGeneration] Creating drag cubes for part 'largeFanBlade'
[LOG 19:02:50.953] PartLoader: Compiling Part 'SquadExpansion/Serenity/Parts/Propellers/largeHeliBlade/largeHeliBlade'
[LOG 19:02:50.958] PartLoader: Part 'SquadExpansion/Serenity/Parts/Propellers/largeHeliBlade/largeHeliBlade' has no database record. Creating.
[LOG 19:02:50.958] [DragCubeSystem]: Drag cubes not found or cannot be read for part Part. Generating New drag cubes.
[LOG 19:02:50.958] [KSPCF/DragCubeGeneration] Creating drag cubes for part 'largeHeliBlade'
[LOG 19:02:50.971] PartLoader: Compiling Part 'SquadExpansion/Serenity/Parts/Propellers/largePropeller/largePropeller'
[LOG 19:02:50.978] PartLoader: Part 'SquadExpansion/Serenity/Parts/Propellers/largePropeller/largePropeller' has no database record. Creating.
[LOG 19:02:50.978] [DragCubeSystem]: Drag cubes not found or cannot be read for part Part. Generating New drag cubes.
[LOG 19:02:50.978] [KSPCF/DragCubeGeneration] Creating drag cubes for part 'largePropeller'
[LOG 19:02:51.001] PartLoader: Compiling Part 'SquadExpansion/Serenity/Parts/Propellers/mediumFanBlade/mediumFanBlade'
[LOG 19:02:51.007] PartLoader: Part 'SquadExpansion/Serenity/Parts/Propellers/mediumFanBlade/mediumFanBlade' has no database record. Creating.
[LOG 19:02:51.007] [DragCubeSystem]: Drag cubes not found or cannot be read for part Part. Generating New drag cubes.
[LOG 19:02:51.007] [KSPCF/DragCubeGeneration] Creating drag cubes for part 'mediumFanBlade'
[LOG 19:02:51.031] PartLoader: Compiling Part 'SquadExpansion/Serenity/Parts/Propellers/mediumHeliBlade/mediumHeliBlade'
[LOG 19:02:51.038] PartLoader: Part 'SquadExpansion/Serenity/Parts/Propellers/mediumHeliBlade/mediumHeliBlade' has no database record. Creating.
[LOG 19:02:51.038] [DragCubeSystem]: Drag cubes not found or cannot be read for part Part. Generating New drag cubes.
[LOG 19:02:51.038] [KSPCF/DragCubeGeneration] Creating drag cubes for part 'mediumHeliBlade'
[LOG 19:02:51.063] PartLoader: Compiling Part 'SquadExpansion/Serenity/Parts/Propellers/mediumPropeller/mediumPropeller'
[LOG 19:02:51.068] PartLoader: Part 'SquadExpansion/Serenity/Parts/Propellers/mediumPropeller/mediumPropeller' has no database record. Creating.
[LOG 19:02:51.068] [DragCubeSystem]: Drag cubes not found or cannot be read for part Part. Generating New drag cubes.
[LOG 19:02:51.068] [KSPCF/DragCubeGeneration] Creating drag cubes for part 'mediumPropeller'
[LOG 19:02:51.083] PartLoader: Compiling Part 'SquadExpansion/Serenity/Parts/Propellers/smallFanBlade/smallFanBlade'
[LOG 19:02:51.087] PartLoader: Part 'SquadExpansion/Serenity/Parts/Propellers/smallFanBlade/smallFanBlade' has no database record. Creating.
[LOG 19:02:51.087] [DragCubeSystem]: Drag cubes not found or cannot be read for part Part. Generating New drag cubes.
[LOG 19:02:51.087] [KSPCF/DragCubeGeneration] Creating drag cubes for part 'smallFanBlade'
[LOG 19:02:51.102] PartLoader: Compiling Part 'SquadExpansion/Serenity/Parts/Propellers/smallHeliBlade/smallHeliBlade'
[LOG 19:02:51.107] PartLoader: Part 'SquadExpansion/Serenity/Parts/Propellers/smallHeliBlade/smallHeliBlade' has no database record. Creating.
[LOG 19:02:51.107] [DragCubeSystem]: Drag cubes not found or cannot be read for part Part. Generating New drag cubes.
[LOG 19:02:51.107] [KSPCF/DragCubeGeneration] Creating drag cubes for part 'smallHeliBlade'
[LOG 19:02:51.122] PartLoader: Compiling Part 'SquadExpansion/Serenity/Parts/Propellers/smallPropeller/smallPropeller'
[LOG 19:02:51.126] PartLoader: Part 'SquadExpansion/Serenity/Parts/Propellers/smallPropeller/smallPropeller' has no database record. Creating.
[LOG 19:02:51.127] [DragCubeSystem]: Drag cubes not found or cannot be read for part Part. Generating New drag cubes.
[LOG 19:02:51.127] [KSPCF/DragCubeGeneration] Creating drag cubes for part 'smallPropeller'
[LOG 19:02:51.142] PartLoader: Compiling Part 'SquadExpansion/Serenity/Parts/Robotics/hinge_01/hinge_01'
[LOG 19:02:51.159] PartLoader: Part 'SquadExpansion/Serenity/Parts/Robotics/hinge_01/hinge_01' has no database record. Creating.
[LOG 19:02:51.159] [DragCubeSystem]: Drag cubes not found or cannot be read for part Part. Generating New drag cubes.
[LOG 19:02:51.159] [KSPCF/DragCubeGeneration] Creating drag cubes for part 'hinge.01'
[LOG 19:02:51.165] PartLoader: Compiling Part 'SquadExpansion/Serenity/Parts/Robotics/hinge_01_s/hinge_01_s'
[LOG 19:02:51.170] PartLoader: Part 'SquadExpansion/Serenity/Parts/Robotics/hinge_01_s/hinge_01_s' has no database record. Creating.
[LOG 19:02:51.170] [DragCubeSystem]: Drag cubes not found or cannot be read for part Part. Generating New drag cubes.
[LOG 19:02:51.170] [KSPCF/DragCubeGeneration] Creating drag cubes for part 'hinge.01.s'
[LOG 19:02:51.177] PartLoader: Compiling Part 'SquadExpansion/Serenity/Parts/Robotics/hinge_03/hinge_03'
[LOG 19:02:51.183] PartLoader: Part 'SquadExpansion/Serenity/Parts/Robotics/hinge_03/hinge_03' has no database record. Creating.
[LOG 19:02:51.184] PartLoader: Compiling Part 'SquadExpansion/Serenity/Parts/Robotics/hinge_03_s/hinge_03_s'
[LOG 19:02:51.189] PartLoader: Part 'SquadExpansion/Serenity/Parts/Robotics/hinge_03_s/hinge_03_s' has no database record. Creating.
[LOG 19:02:51.190] PartLoader: Compiling Part 'SquadExpansion/Serenity/Parts/Robotics/hinge_04/hinge_04'
[LOG 19:02:51.196] PartLoader: Part 'SquadExpansion/Serenity/Parts/Robotics/hinge_04/hinge_04' has no database record. Creating.
[LOG 19:02:51.197] PartLoader: Compiling Part 'SquadExpansion/Serenity/Parts/Robotics/piston_01/piston_01'
[LOG 19:02:51.206] PartLoader: Part 'SquadExpansion/Serenity/Parts/Robotics/piston_01/piston_01' has no database record. Creating.
[LOG 19:02:51.207] PartLoader: Compiling Part 'SquadExpansion/Serenity/Parts/Robotics/piston_02/piston_02'
[LOG 19:02:51.212] PartLoader: Part 'SquadExpansion/Serenity/Parts/Robotics/piston_02/piston_02' has no database record. Creating.
[LOG 19:02:51.213] PartLoader: Compiling Part 'SquadExpansion/Serenity/Parts/Robotics/piston_03/piston_03'
[LOG 19:02:51.218] PartLoader: Part 'SquadExpansion/Serenity/Parts/Robotics/piston_03/piston_03' has no database record. Creating.
[LOG 19:02:51.219] PartLoader: Compiling Part 'SquadExpansion/Serenity/Parts/Robotics/piston_04/piston_04'
[LOG 19:02:51.224] PartLoader: Part 'SquadExpansion/Serenity/Parts/Robotics/piston_04/piston_04' has no database record. Creating.
[LOG 19:02:51.225] PartLoader: Compiling Part 'SquadExpansion/Serenity/Parts/Robotics/RotorEngine_02/RotorEngine_02'
[LOG 19:02:51.236] PartLoader: Part 'SquadExpansion/Serenity/Parts/Robotics/RotorEngine_02/RotorEngine_02' has no database record. Creating.
[LOG 19:02:51.236] [DragCubeSystem]: Drag cubes not found or cannot be read for part Part. Generating New drag cubes.
[LOG 19:02:51.236] [KSPCF/DragCubeGeneration] Creating drag cubes for part 'RotorEngine.02'
[LOG 19:02:51.242] PartLoader: Compiling Part 'SquadExpansion/Serenity/Parts/Robotics/RotorEngine_03/RotorEngine_03'
[LOG 19:02:51.247] PartLoader: Part 'SquadExpansion/Serenity/Parts/Robotics/RotorEngine_03/RotorEngine_03' has no database record. Creating.
[LOG 19:02:51.247] [DragCubeSystem]: Drag cubes not found or cannot be read for part Part. Generating New drag cubes.
[LOG 19:02:51.247] [KSPCF/DragCubeGeneration] Creating drag cubes for part 'RotorEngine.03'
[LOG 19:02:51.252] PartLoader: Compiling Part 'SquadExpansion/Serenity/Parts/Robotics/rotor_01/rotor_01'
[LOG 19:02:51.258] PartLoader: Part 'SquadExpansion/Serenity/Parts/Robotics/rotor_01/rotor_01' has no database record. Creating.
[LOG 19:02:51.258] [DragCubeSystem]: Drag cubes not found or cannot be read for part Part. Generating New drag cubes.
[LOG 19:02:51.258] [KSPCF/DragCubeGeneration] Creating drag cubes for part 'rotor.01'
[LOG 19:02:51.263] PartLoader: Compiling Part 'SquadExpansion/Serenity/Parts/Robotics/rotor_01s/rotor_01s'
[LOG 19:02:51.270] PartLoader: Part 'SquadExpansion/Serenity/Parts/Robotics/rotor_01s/rotor_01s' has no database record. Creating.
[LOG 19:02:51.270] [DragCubeSystem]: Drag cubes not found or cannot be read for part Part. Generating New drag cubes.
[LOG 19:02:51.271] [KSPCF/DragCubeGeneration] Creating drag cubes for part 'rotor.01s'
[LOG 19:02:51.275] PartLoader: Compiling Part 'SquadExpansion/Serenity/Parts/Robotics/rotor_02/rotor_02'
[LOG 19:02:51.281] PartLoader: Part 'SquadExpansion/Serenity/Parts/Robotics/rotor_02/rotor_02' has no database record. Creating.
[LOG 19:02:51.281] [DragCubeSystem]: Drag cubes not found or cannot be read for part Part. Generating New drag cubes.
[LOG 19:02:51.281] [KSPCF/DragCubeGeneration] Creating drag cubes for part 'rotor.02'
[LOG 19:02:51.286] PartLoader: Compiling Part 'SquadExpansion/Serenity/Parts/Robotics/rotor_02s/rotor_02s'
[LOG 19:02:51.293] PartLoader: Part 'SquadExpansion/Serenity/Parts/Robotics/rotor_02s/rotor_02s' has no database record. Creating.
[LOG 19:02:51.293] [DragCubeSystem]: Drag cubes not found or cannot be read for part Part. Generating New drag cubes.
[LOG 19:02:51.293] [KSPCF/DragCubeGeneration] Creating drag cubes for part 'rotor.02s'
[LOG 19:02:51.297] PartLoader: Compiling Part 'SquadExpansion/Serenity/Parts/Robotics/rotor_03/rotor_03'
[LOG 19:02:51.304] PartLoader: Part 'SquadExpansion/Serenity/Parts/Robotics/rotor_03/rotor_03' has no database record. Creating.
[LOG 19:02:51.304] [DragCubeSystem]: Drag cubes not found or cannot be read for part Part. Generating New drag cubes.
[LOG 19:02:51.305] [KSPCF/DragCubeGeneration] Creating drag cubes for part 'rotor.03'
[LOG 19:02:51.310] PartLoader: Compiling Part 'SquadExpansion/Serenity/Parts/Robotics/rotor_03s/rotor_03s'
[LOG 19:02:51.316] PartLoader: Part 'SquadExpansion/Serenity/Parts/Robotics/rotor_03s/rotor_03s' has no database record. Creating.
[LOG 19:02:51.316] [DragCubeSystem]: Drag cubes not found or cannot be read for part Part. Generating New drag cubes.
[LOG 19:02:51.316] [KSPCF/DragCubeGeneration] Creating drag cubes for part 'rotor.03s'
[LOG 19:02:51.320] PartLoader: Compiling Part 'SquadExpansion/Serenity/Parts/Robotics/rotoServo_00/rotoServo_00'
[LOG 19:02:51.331] PartLoader: Part 'SquadExpansion/Serenity/Parts/Robotics/rotoServo_00/rotoServo_00' has no database record. Creating.
[LOG 19:02:51.332] [DragCubeSystem]: Drag cubes not found or cannot be read for part Part. Generating New drag cubes.
[LOG 19:02:51.332] [KSPCF/DragCubeGeneration] Creating drag cubes for part 'rotoServo.00'
[LOG 19:02:51.337] PartLoader: Compiling Part 'SquadExpansion/Serenity/Parts/Robotics/rotoServo_02/rotoServo_02'
[LOG 19:02:51.344] PartLoader: Part 'SquadExpansion/Serenity/Parts/Robotics/rotoServo_02/rotoServo_02' has no database record. Creating.
[LOG 19:02:51.344] [DragCubeSystem]: Drag cubes not found or cannot be read for part Part. Generating New drag cubes.
[LOG 19:02:51.344] [KSPCF/DragCubeGeneration] Creating drag cubes for part 'rotoServo.02'
[LOG 19:02:51.350] PartLoader: Compiling Part 'SquadExpansion/Serenity/Parts/Robotics/rotoServo_03/rotoServo_03'
[LOG 19:02:51.359] PartLoader: Part 'SquadExpansion/Serenity/Parts/Robotics/rotoServo_03/rotoServo_03' has no database record. Creating.
[LOG 19:02:51.359] [DragCubeSystem]: Drag cubes not found or cannot be read for part Part. Generating New drag cubes.
[LOG 19:02:51.359] [KSPCF/DragCubeGeneration] Creating drag cubes for part 'rotoServo.03'
[LOG 19:02:51.365] PartLoader: Compiling Part 'SquadExpansion/Serenity/Parts/Robotics/rotoServo_04/rotoServo_04'
[LOG 19:02:51.371] PartLoader: Part 'SquadExpansion/Serenity/Parts/Robotics/rotoServo_04/rotoServo_04' has no database record. Creating.
[LOG 19:02:51.371] [DragCubeSystem]: Drag cubes not found or cannot be read for part Part. Generating New drag cubes.
[LOG 19:02:51.371] [KSPCF/DragCubeGeneration] Creating drag cubes for part 'rotoServo.04'
[LOG 19:02:51.375] PartLoader: Compiling Part 'SquadExpansion/Serenity/Parts/Robotics/Controllers/KAL1000/controller1000'
[LOG 19:02:51.387] PartLoader: Part 'SquadExpansion/Serenity/Parts/Robotics/Controllers/KAL1000/controller1000' has no database record. Creating.
[LOG 19:02:51.387] [DragCubeSystem]: Drag cubes not found or cannot be read for part Part. Generating New drag cubes.
[LOG 19:02:51.387] [KSPCF/DragCubeGeneration] Creating drag cubes for part 'controller1000'
[LOG 19:02:51.392] PartLoader: Compiling Part 'SquadExpansion/Serenity/Parts/Science/RobotArmScanner/RobotArmScanner_S1/RobotArmScanner_S1'
[LOG 19:02:51.408] PartLoader: Part 'SquadExpansion/Serenity/Parts/Science/RobotArmScanner/RobotArmScanner_S1/RobotArmScanner_S1' has no database record. Creating.
[LOG 19:02:51.408] [DragCubeSystem]: Drag cubes not found or cannot be read for part Part. Generating New drag cubes.
[LOG 19:02:51.408] [KSPCF/DragCubeGeneration] Creating drag cubes for part 'RobotArmScanner.S1'
[LOG 19:02:51.426] PartLoader: Compiling Part 'SquadExpansion/Serenity/Parts/Science/RobotArmScanner/RobotArmScanner_S2/RobotArmScanner_S2'
[LOG 19:02:51.433] PartLoader: Part 'SquadExpansion/Serenity/Parts/Science/RobotArmScanner/RobotArmScanner_S2/RobotArmScanner_S2' has no database record. Creating.
[LOG 19:02:51.433] [DragCubeSystem]: Drag cubes not found or cannot be read for part Part. Generating New drag cubes.
[LOG 19:02:51.433] [KSPCF/DragCubeGeneration] Creating drag cubes for part 'RobotArmScanner.S2'
[LOG 19:02:51.453] PartLoader: Compiling Part 'SquadExpansion/Serenity/Parts/Science/RobotArmScanner/RobotArmScanner_S3/RobotArmScanner_S3'
[LOG 19:02:51.463] PartLoader: Part 'SquadExpansion/Serenity/Parts/Science/RobotArmScanner/RobotArmScanner_S3/RobotArmScanner_S3' has no database record. Creating.
[LOG 19:02:51.463] [DragCubeSystem]: Drag cubes not found or cannot be read for part Part. Generating New drag cubes.
[LOG 19:02:51.463] [KSPCF/DragCubeGeneration] Creating drag cubes for part 'RobotArmScanner.S3'
[LOG 19:02:51.480] PartLoader: Compiling Part 'SquadExpansion/Serenity/Parts/Structural/gripPads/lGripPad/lGripPad'
[LOG 19:02:51.488] PartLoader: Part 'SquadExpansion/Serenity/Parts/Structural/gripPads/lGripPad/lGripPad' has no database record. Creating.
[LOG 19:02:51.488] [DragCubeSystem]: Drag cubes not found or cannot be read for part Part. Generating New drag cubes.
[LOG 19:02:51.488] [KSPCF/DragCubeGeneration] Creating drag cubes for part 'lGripPad'
[LOG 19:02:51.497] PartLoader: Compiling Part 'SquadExpansion/Serenity/Parts/Structural/gripPads/lGripStrip/lGripStrip'
[LOG 19:02:51.500] PartLoader: Part 'SquadExpansion/Serenity/Parts/Structural/gripPads/lGripStrip/lGripStrip' has no database record. Creating.
[LOG 19:02:51.500] [DragCubeSystem]: Drag cubes not found or cannot be read for part Part. Generating New drag cubes.
[LOG 19:02:51.500] [KSPCF/DragCubeGeneration] Creating drag cubes for part 'lGripStrip'
[LOG 19:02:51.504] PartLoader: Compiling Part 'SquadExpansion/Serenity/Parts/Structural/gripPads/mGripPad/mGripPad'
[LOG 19:02:51.508] PartLoader: Part 'SquadExpansion/Serenity/Parts/Structural/gripPads/mGripPad/mGripPad' has no database record. Creating.
[LOG 19:02:51.508] [DragCubeSystem]: Drag cubes not found or cannot be read for part Part. Generating New drag cubes.
[LOG 19:02:51.508] [KSPCF/DragCubeGeneration] Creating drag cubes for part 'mGripPad'
[LOG 19:02:51.519] PartLoader: Compiling Part 'SquadExpansion/Serenity/Parts/Structural/gripPads/sGripPad/sGripPad'
[LOG 19:02:51.525] PartLoader: Part 'SquadExpansion/Serenity/Parts/Structural/gripPads/sGripPad/sGripPad' has no database record. Creating.
[LOG 19:02:51.525] [DragCubeSystem]: Drag cubes not found or cannot be read for part Part. Generating New drag cubes.
[LOG 19:02:51.525] [KSPCF/DragCubeGeneration] Creating drag cubes for part 'sGripPad'
[LOG 19:02:51.535] PartLoader: Compiling Part 'SquadExpansion/Serenity/Parts/Structural/gripPads/sGripStrip/sGripStrip'
[LOG 19:02:51.538] PartLoader: Part 'SquadExpansion/Serenity/Parts/Structural/gripPads/sGripStrip/sGripStrip' has no database record. Creating.
[LOG 19:02:51.538] [DragCubeSystem]: Drag cubes not found or cannot be read for part Part. Generating New drag cubes.
[LOG 19:02:51.538] [KSPCF/DragCubeGeneration] Creating drag cubes for part 'sGripStrip'
[LOG 19:02:51.543] PartLoader: Compiling Internal Prop 'Squad/Props/AltimeterThreeHands/prop/AltimeterThreeHands'
[LOG 19:02:51.546] PartLoader: Compiling Internal Prop 'Squad/Props/AtmosphereDepth/prop/AtmosphereDepth'
[LOG 19:02:51.548] PartLoader: Compiling Internal Prop 'Squad/Props/AxisIndicator/pitchConfig/AxisIndicatorPitch'
[LOG 19:02:51.549] PartLoader: Compiling Internal Prop 'Squad/Props/AxisIndicator/rollConfig/AxisIndicatorRoll'
[LOG 19:02:51.550] PartLoader: Compiling Internal Prop 'Squad/Props/AxisIndicator/yawConfig/AxisIndicatorYaw'
[LOG 19:02:51.551] PartLoader: Compiling Internal Prop 'Squad/Props/buttonsGeneric/circularButton/genericCircularButton'
[LOG 19:02:51.552] PartLoader: Compiling Internal Prop 'Squad/Props/buttonsGeneric/clusterButtons/genericClusterButtons'
[LOG 19:02:51.553] PartLoader: Compiling Internal Prop 'Squad/Props/buttonsGeneric/clusterButtons2/genericClusterButtons2'
[LOG 19:02:51.553] PartLoader: Compiling Internal Prop 'Squad/Props/buttonsGeneric/clusterKnob/genericClusterKnobs'
[LOG 19:02:51.554] PartLoader: Compiling Internal Prop 'Squad/Props/buttonsGeneric/clusterKnob2/genericClusterKnobs2'
[LOG 19:02:51.554] PartLoader: Compiling Internal Prop 'Squad/Props/buttonsGeneric/clusterMixed/genericClusterMixed'
[LOG 19:02:51.555] PartLoader: Compiling Internal Prop 'Squad/Props/buttonsGeneric/clusterSwitches01/genericClusterSwitches01'
[LOG 19:02:51.556] PartLoader: Compiling Internal Prop 'Squad/Props/buttonsGeneric/clusterSwitches02/genericClusterSwitches02'
[LOG 19:02:51.556] PartLoader: Compiling Internal Prop 'Squad/Props/buttonsGeneric/clusterSwitches03/genericClusterSwitches03'
[LOG 19:02:51.557] PartLoader: Compiling Internal Prop 'Squad/Props/buttonsGeneric/clusterSwitches04/genericClusterSwitches04'
[LOG 19:02:51.557] PartLoader: Compiling Internal Prop 'Squad/Props/buttonsGeneric/clusterSwitches05/genericClusterSwitches05'
[LOG 19:02:51.558] PartLoader: Compiling Internal Prop 'Squad/Props/buttonsGeneric/clusterSwitches06/genericClusterSwitches06'
[LOG 19:02:51.558] PartLoader: Compiling Internal Prop 'Squad/Props/buttonsGeneric/clusterSwitches07/genericClusterSwitches07'
[LOG 19:02:51.559] PartLoader: Compiling Internal Prop 'Squad/Props/buttonsGeneric/directionalKnob/genericDirectionalKnob'
[LOG 19:02:51.559] PartLoader: Compiling Internal Prop 'Squad/Props/buttonsGeneric/directionalKnob2/genericDirectionalKnob2'
[LOG 19:02:51.560] PartLoader: Compiling Internal Prop 'Squad/Props/buttonsGeneric/pullSwitch/genericPullSwitch'
[LOG 19:02:51.560] PartLoader: Compiling Internal Prop 'Squad/Props/buttonsGeneric/squareButton/genericSquareButton'
[LOG 19:02:51.561] PartLoader: Compiling Internal Prop 'Squad/Props/buttonsGeneric/standingSwitch/genericStandingSwitch'
[LOG 19:02:51.561] PartLoader: Compiling Internal Prop 'Squad/Props/buttonsGeneric/switch/genericSwitch'
[LOG 19:02:51.562] PartLoader: Compiling Internal Prop 'Squad/Props/buttonsGeneric/switchWithGuards/genericSwitchWithGuards'
[LOG 19:02:51.563] PartLoader: Compiling Internal Prop 'Squad/Props/ButtonSquare/prop/ButtonSquare'
[LOG 19:02:51.565] PartLoader: Compiling Internal Prop 'Squad/Props/circularButton/prop/circularButton'
[LOG 19:02:51.565] PartLoader: Compiling Internal Prop 'Squad/Props/Compass/prop/Compass'
[LOG 19:02:51.566] PartLoader: Compiling Internal Prop 'Squad/Props/directionalKnob/prop/directionalKnob'
[LOG 19:02:51.567] PartLoader: Compiling Internal Prop 'Squad/Props/directionalKnob2/prop/directionalKnob2'
[LOG 19:02:51.568] PartLoader: Compiling Internal Prop 'Squad/Props/IndicatorPanel/prop/IndicatorPanel'
[LOG 19:02:51.570] PartLoader: Compiling Internal Prop 'Squad/Props/IVANavBall/prop/NavBall'
[LOG 19:02:51.573] PartLoader: Compiling Internal Prop 'Squad/Props/IVANavBallNoBase/prop/NavBallNoBase'
[LOG 19:02:51.573] PartLoader: Compiling Internal Prop 'Squad/Props/ledPanelSpeed/prop/ledPanelSpeed'
[LOG 19:02:51.575] PartLoader: Compiling Internal Prop 'Squad/Props/Monitor/DockingMode/MonitorDockingMode'
[LOG 19:02:51.576] PartLoader: Compiling Internal Prop 'Squad/Props/NavBall/prop/NavBall'
[LOG 19:02:51.576] PartLoader: Compiling Internal Prop 'Squad/Props/PropsGeneric/Button_DockingMode/Button_DockingMode'
[LOG 19:02:51.577] PartLoader: Compiling Internal Prop 'Squad/Props/PropsGeneric/CargoBagA/CargoBagA'
[LOG 19:02:51.577] PartLoader: Compiling Internal Prop 'Squad/Props/PropsGeneric/CargoBagB/CargoBagB'
[LOG 19:02:51.578] PartLoader: Compiling Internal Prop 'Squad/Props/PropsGeneric/CargoBagC/CargoBagC'
[LOG 19:02:51.578] PartLoader: Compiling Internal Prop 'Squad/Props/PropsGeneric/Hatch_Plane/Hatch_Plane'
[LOG 19:02:51.579] PartLoader: Compiling Internal Prop 'Squad/Props/PropsGeneric/Hatch_Plane_Curve90/Hatch_Plane_Curve90'
[LOG 19:02:51.580] PartLoader: Compiling Internal Prop 'Squad/Props/PropsGeneric/Hatch_Plane_Frame/Hatch_Plane_Frame'
[LOG 19:02:51.580] PartLoader: Compiling Internal Prop 'Squad/Props/PropsGeneric/Seat_Passenger/Seat_Passenger'
[LOG 19:02:51.581] PartLoader: Compiling Internal Prop 'Squad/Props/PropsGeneric/Seat_Pilot/Seat_Pilot'
[LOG 19:02:51.581] PartLoader: Compiling Internal Prop 'Squad/Props/PropsGeneric/Seat_Pilot_Helmet/Seat_Pilot_Helmet'
[LOG 19:02:51.582] PartLoader: Compiling Internal Prop 'Squad/Props/PropsGeneric/SideStick/SideStick'
[LOG 19:02:51.582] PartLoader: Compiling Internal Prop 'Squad/Props/pullSwitch/prop/pullSwitch'
[LOG 19:02:51.583] PartLoader: Compiling Internal Prop 'Squad/Props/radarAltitude/prop/RadarAltimeter'
[LOG 19:02:51.585] PartLoader: Compiling Internal Prop 'Squad/Props/squareButton/prop/squareButton'
[LOG 19:02:51.585] PartLoader: Compiling Internal Prop 'Squad/Props/standingSwitch/prop/standingSwitch'
[LOG 19:02:51.586] PartLoader: Compiling Internal Prop 'Squad/Props/switch/prop/switch'
[LOG 19:02:51.586] PartLoader: Compiling Internal Prop 'Squad/Props/switchGuard/prop/switchGuard'
[LOG 19:02:51.587] PartLoader: Compiling Internal Prop 'Squad/Props/switchWithGuards/prop/switchWithGuards'
[LOG 19:02:51.587] PartLoader: Compiling Internal Prop 'Squad/Props/throttle/prop/throttle'
[LOG 19:02:51.589] PartLoader: Compiling Internal Prop 'Squad/Props/VSI/prop/VSI'
[LOG 19:02:51.591] PartLoader: Compiling Internal Space 'Squad/Spaces/crewCabinInternals/internal/crewCabinInternals'
[LOG 19:02:51.598] PartLoader: Compiling Internal Space 'Squad/Spaces/cupolaInternal/internal/cupolaInternal'
[LOG 19:02:51.611] PartLoader: Compiling Internal Space 'Squad/Spaces/GenericSpace1/internal/GenericSpace1'
[LOG 19:02:51.613] PartLoader: Compiling Internal Space 'Squad/Spaces/GenericSpace3/internal/GenericSpace3'
[LOG 19:02:51.615] PartLoader: Compiling Internal Space 'Squad/Spaces/landerCabinInternals/internal/landerCabinInternals'
[LOG 19:02:51.617] PartLoader: Compiling Internal Space 'Squad/Spaces/landerCabinSmallInternal/internal/landerCabinSmallInternal'
[LOG 19:02:51.620] PartLoader: Compiling Internal Space 'Squad/Spaces/LargeCrewedLabInternals/internal/Mobile_Processing_Lab_Int'
[LOG 19:02:51.622] PartLoader: Compiling Internal Space 'Squad/Spaces/Mk1-3/internal/Mk1-3'
[LOG 19:02:51.629] PartLoader: Compiling Internal Space 'Squad/Spaces/mk1CabinInternal/internal/mk1CabinInternal'
[LOG 19:02:51.634] PartLoader: Compiling Internal Space 'Squad/Spaces/mk1CockpitInternal/internal/mk1CockpitInternal'
[LOG 19:02:51.642] PartLoader: Compiling Internal Space 'Squad/Spaces/mk1InlineInternal/internal/mk1InlineInternal'
[LOG 19:02:51.647] PartLoader: Compiling Internal Space 'Squad/Spaces/mk1PodCockpit/internal/mk1PodCockpit'
[LOG 19:02:51.650] PartLoader: Compiling Internal Space 'Squad/Spaces/mk1pod_IVA/mk1pod_Internal/mk1pod_IVA'
[LOG 19:02:51.656] PartLoader: Compiling Internal Space 'Squad/Spaces/mk2CockpitStandardInternal/internal/mk2CockpitStandardInternals'
[LOG 19:02:51.663] PartLoader: Compiling Internal Space 'Squad/Spaces/Mk2CrewCabinInternal/internal_MK2_CrewCab/MK2_CrewCab_Int'
[LOG 19:02:51.668] PartLoader: Compiling Internal Space 'Squad/Spaces/mk2InlineInternal/internal/mk2InlineInternal'
[LOG 19:02:51.679] PartLoader: Compiling Internal Space 'Squad/Spaces/mk2LanderCanInternal/internal/mk2LanderCanInternal'
[LOG 19:02:51.685] PartLoader: Compiling Internal Space 'Squad/Spaces/MK3CockpitInternal/internal_MK3/MK3_Cockpit_Int'
[LOG 19:02:51.697] PartLoader: Compiling Internal Space 'Squad/Spaces/MK3_CrewCab_Int/internal_MK3_CrewCab/MK3_CrewCab_Int'
[LOG 19:02:51.699] InternalSeat: Cannot find portraitCamera of name 'Camera_Left003'
[LOG 19:02:51.706] PartLoader: Compiling Internal Space 'Squad/Spaces/Placeholder/internal/Placeholder'
[LOG 19:02:51.715] PartLoader: Compiling Internal Space 'Squad/Spaces/PodCockpit/internal/PodCockpit'
[LOG 19:02:51.722] PartLoader: Compiling Internal Space 'SquadExpansion/MakingHistory/Spaces/KVPods/Airlock_Internal/Airlock_IVA'
[LOG 19:02:51.723] PartLoader: Compiling Internal Space 'SquadExpansion/MakingHistory/Spaces/KVPods/KV1_Internal/KV1_IVA'
[LOG 19:02:51.726] PartLoader: Compiling Internal Space 'SquadExpansion/MakingHistory/Spaces/KVPods/KV2_Internal/KV2_IVA'
[LOG 19:02:51.731] PartLoader: Compiling Internal Space 'SquadExpansion/MakingHistory/Spaces/KVPods/KV3_Internal/KV3_IVA'
[LOG 19:02:51.736] PartLoader: Compiling Internal Space 'SquadExpansion/MakingHistory/Spaces/MEM/MEM_IVA/MEM_IVA'
[LOG 19:02:51.745] PartLoader: Compiling Internal Space 'SquadExpansion/MakingHistory/Spaces/Mk2Pod/Mk2Pod_Internal/MK2POD_IVA'
[LOG 19:02:52.855] Assets:
[LOG 19:02:52.856] anim_missionsapp_idle.anim
[LOG 19:02:52.856] anim_missionsapp_idle_warning.anim
[LOG 19:02:52.856] anim_missionsapp_warning.anim
[LOG 19:02:52.856] anim_missionssapp.anim
[LOG 19:02:52.856] animcontroller_missionsappmaster.controller
[LOG 19:02:52.856] app_bg.tif
[LOG 19:02:52.856] app_bottom_gray.tif
[LOG 19:02:52.856] app_divider_pulldown_body.tif
[LOG 19:02:52.856] app_divider_pulldown_footer.tif
[LOG 19:02:52.856] app_divider_pulldown_header.tif
[LOG 19:02:52.856] app_divider_pulldown_header_over.tif
[LOG 19:02:52.856] app_header_gray.tif
[LOG 19:02:52.856] app_missions_icon_active.tif
[LOG 19:02:52.856] app_missions_icon_complete.tif
[LOG 19:02:52.856] app_missions_icon_failed.tif
[LOG 19:02:52.856] app_missions_icon_inactive.tif
[LOG 19:02:52.856] spritesheet_missionsapp.tif
[LOG 19:02:52.857] spritesheet_missionsappwarning.tif
[LOG 19:02:52.857] missionbriefingdialog.prefab
[LOG 19:02:52.857] missionbriefingtag.prefab
[LOG 19:02:52.857] awardwidget.prefab
[LOG 19:02:52.857] missionenddialog.prefab
[LOG 19:02:52.857] missionitemwidget.prefab
[LOG 19:02:52.857] missionplaybutton.prefab
[LOG 19:02:52.857] missionplaydialog.prefab
[LOG 19:02:52.857] missionsteamitemwidget.prefab
[LOG 19:02:52.857] missionvalidationdialog.prefab
[LOG 19:02:52.857] validationentry.prefab
[LOG 19:02:52.857] comettoken.fbx
[LOG 19:02:52.857] comettoken.jpg
[LOG 19:02:52.857] placementegizmo_comet.mat
[LOG 19:02:52.857] placementegizmo_comet_tail.mat
[LOG 19:02:52.857] femalevintagepreview.prefab
[LOG 19:02:52.857] malevintagepreview.prefab
[LOG 19:02:52.858] checkpointentrywidget.prefab
[LOG 19:02:52.858] crewmanagementdialog.prefab
[LOG 19:02:52.858] listitem_vesseltitle.prefab
[LOG 19:02:52.858] missionbrowser.prefab
[LOG 19:02:52.858] missioncheckpointbrowser.prefab
[LOG 19:02:52.858] missioncrewlistitem.prefab
[LOG 19:02:52.858] missionentrywidget.prefab
[LOG 19:02:52.858] missiontemplateentrywidget.prefab
[LOG 19:02:52.858] partcategorizerbutton.prefab
[LOG 19:02:52.858] partselectorbrowser.prefab
[LOG 19:02:52.858] partselectorentry.prefab
[LOG 19:02:52.858] gaputil_vesselframe.prefab
[LOG 19:02:52.858] meguiconnector.prefab
[LOG 19:02:52.858] meguinode.prefab
[LOG 19:02:52.858] meguinodecategorybutton.prefab
[LOG 19:02:52.858] meguinodeicon.prefab
[LOG 19:02:52.858] meguinodeicongroup.prefab
[LOG 19:02:52.858] meguiscrollviewitem.prefab
[LOG 19:02:52.858] meiconloaderbasicnode.prefab
[LOG 19:02:52.858] meiconloadergap.prefab
[LOG 19:02:52.858] meiconloadernodecategorizer.prefab
[LOG 19:02:52.859] menodecanvas.prefab
[LOG 19:02:52.859] missioneditorscreen.prefab
[LOG 19:02:52.859] nodelisttooltip.prefab
[LOG 19:02:52.859] nodelisttooltipextinfolistspacer.prefab
[LOG 19:02:52.859] orbitgizmo.prefab
[LOG 19:02:52.859] biomeshighlight.shader
[LOG 19:02:52.859] projector-surfacegizmo.shader
[LOG 19:02:52.859] scaledplanetbiomeshighlight.shader
[LOG 19:02:52.859] sprites-alwaysover.shader
[LOG 19:02:52.859] ui-unlit-infinite.shader
[LOG 19:02:52.859] ui-unlit-solid.shader
[LOG 19:02:52.859] assetgraph_connectionpoint_inputmark.png
[LOG 19:02:52.859] assetgraph_inputbg.png
[LOG 19:02:52.859] boldly.png
[LOG 19:02:52.859] carpool.png
[LOG 19:02:52.859] frugal.png
[LOG 19:02:52.859] homesick.png
[LOG 19:02:52.859] keys.png
[LOG 19:02:52.859] saint.png
[LOG 19:02:52.859] sinner.png
[LOG 19:02:52.860] thespot.png
[LOG 19:02:52.860] timekeeper.png
[LOG 19:02:52.860] helmetbronze.png
[LOG 19:02:52.860] helmetgold.png
[LOG 19:02:52.860] helmetsilver.png
[LOG 19:02:52.860] action-part-resource-drain.png
[LOG 19:02:52.860] change-part-resource-levels.png
[LOG 19:02:52.860] create-asteroid.png
[LOG 19:02:52.860] create-kerbal.png
[LOG 19:02:52.860] create-vessel.png
[LOG 19:02:52.860] crew-assignment.png
[LOG 19:02:52.860] dialog-message.png
[LOG 19:02:52.860] display-message.png
[LOG 19:02:52.860] fail-part.png
[LOG 19:02:52.860] fly-through.png
[LOG 19:02:52.860] funds-recovery.png
[LOG 19:02:52.860] generic-node.png
[LOG 19:02:52.860] go-to.png
[LOG 19:02:52.860] kerbal-boarded.png
[LOG 19:02:52.860] kerbal-recovery.png
[LOG 19:02:52.860] kerbal-rescue.png
[LOG 19:02:52.860] launch-site.png
[LOG 19:02:52.861] leave-soi.png
[LOG 19:02:52.861] orbit.png
[LOG 19:02:52.861] part-explode.png
[LOG 19:02:52.861] plant-flag.png
[LOG 19:02:52.861] reach-soi.png
[LOG 19:02:52.861] repair-part.png
[LOG 19:02:52.861] resource-amount.png
[LOG 19:02:52.861] resource-recovery.png
[LOG 19:02:52.861] science-experiment.png
[LOG 19:02:52.861] score.png
[LOG 19:02:52.861] take-tourist.png
[LOG 19:02:52.861] test-altitude.png
[LOG 19:02:52.861] test-eva.png
[LOG 19:02:52.861] test-grapple.png
[LOG 19:02:52.861] time-of-flight.png
[LOG 19:02:52.861] time-of-mission.png
[LOG 19:02:52.861] time-since-node.png
[LOG 19:02:52.861] vessel-crashed.png
[LOG 19:02:52.861] vessel-crew-count.png
[LOG 19:02:52.861] vessel-explode.png
[LOG 19:02:52.861] vessel-flying.png
[LOG 19:02:52.861] vessel-landed.png
[LOG 19:02:52.861] vessel-mass.png
[LOG 19:02:52.862] vessel-splashed.png
[LOG 19:02:52.862] vessel-stage-activated.png
[LOG 19:02:52.862] vessel-stage.png
[LOG 19:02:52.862] arrange-graph.png
[LOG 19:02:52.862] builderbuttons_briefing.png
[LOG 19:02:52.862] builderbuttons_reset.png
[LOG 19:02:52.862] builderbuttons_trackingstation.png
[LOG 19:02:52.862] frame-graph.png
[LOG 19:02:52.862] lock.png
[LOG 19:02:52.862] maximize.png
[LOG 19:02:52.862] minimize.png
[LOG 19:02:52.862] pin.png
[LOG 19:02:52.862] pin_down.png
[LOG 19:02:52.862] redo.png
[LOG 19:02:52.862] reset.png
[LOG 19:02:52.862] tracking-station.png
[LOG 19:02:52.862] undo.png
[LOG 19:02:52.862] visible-in-gap.png
[LOG 19:02:52.862] location.png
[LOG 19:02:52.862] logic.png
[LOG 19:02:52.862] science.png
[LOG 19:02:52.862] utility.png
[LOG 19:02:52.862] vessel.png
[LOG 19:02:52.862] eye.png
[LOG 19:02:52.862] iconmb.png
[LOG 19:02:52.863] me_btn_generic_normal.tif
[LOG 19:02:52.863] me_button_generic_normal.tif
[LOG 19:02:52.863] nodecat_bg.png
[LOG 19:02:52.863] nodecat_divider.tif
[LOG 19:02:52.863] nodecat_divider_bottom.tif
[LOG 19:02:52.863] pholderwarningicon.png
[LOG 19:02:52.863] reseticon.png
[LOG 19:02:52.863] validityindicator.controller
[LOG 19:02:52.863] validtyinidicatorpulse.anim
[LOG 19:02:52.863] broadorbittoggle button.png
[LOG 19:02:52.863] maneuvertoggle button.png
[LOG 19:02:52.863] orbitalgizmoicons.png
[LOG 19:02:52.863] reset orbit button.png
[LOG 19:02:52.863] nodelabel.prefab
[LOG 19:02:52.863] kerbaleva_female_exp.prefab
[LOG 19:02:52.863] kerbaleva_rd_exp.prefab
[LOG 19:02:52.863] missioneditorevabody.mat
[LOG 19:02:52.863] missioneditorevabodyalternate.mat
[LOG 19:02:52.864] missioneditorevabodybrown.mat
[LOG 19:02:52.864] missioneditorevaeyeballs.mat
[LOG 19:02:52.864] missioneditorevaeyes.mat
[LOG 19:02:52.864] missioneditorevahead.mat
[LOG 19:02:52.864] missioneditorevahelmet.mat
[LOG 19:02:52.864] missioneditorevahelmetred.mat
[LOG 19:02:52.864] missioneditorevajetpack.mat
[LOG 19:02:52.864] missioneditorevalight.mat
[LOG 19:02:52.864] kbevafemalevintage.prefab
[LOG 19:02:52.864] kbevavintage.prefab
[LOG 19:02:52.864] evalight.fbx
[LOG 19:02:52.864] kbeva@new.fbx
[LOG 19:02:52.864] kbeva@newfem.fbx
[LOG 19:02:52.864] mevahelmetlight.fbx
[LOG 19:02:52.864] evajetpackscondary.dds
[LOG 19:02:52.864] evajetpacksecondary_n.dds
[LOG 19:02:52.864] evalight.png
[LOG 19:02:52.864] kerbalmainnrm.dds
[LOG 19:02:52.864] me_suit_difuse_blue.dds
[LOG 19:02:52.864] me_suit_difuse_low_polybrown.dds
[LOG 19:02:52.864] me_suit_difuse_orange.dds
[LOG 19:02:52.865] kerbalfemalevintage.prefab
[LOG 19:02:52.865] kerbalmalevintage.prefab
[LOG 19:02:52.865] evahelmet.mat
[LOG 19:02:52.865] evatexture.mat
[LOG 19:02:52.865] kerbalgirl_06_basecolor.mat
[LOG 19:02:52.865] kerbalhead.mat
[LOG 19:02:52.865] lambert6.mat
[LOG 19:02:52.865] mat_eyeballs.mat
[LOG 19:02:52.865] mat_eyes01.mat
[LOG 19:02:52.865] material #4.mat
[LOG 19:02:52.865] mesh_female_kerbalastronaut01_kerbalgirl_export_15_lambert20.mat
[LOG 19:02:52.865] mesh_female_kerbalastronaut01_kerbalgirl_export_15_lambert21.mat
[LOG 19:02:52.865] kbfemale_iva_mecanim.fbx
[LOG 19:02:52.865] kbiva_mecanim.fbx
[LOG 19:02:52.865] kerbalicon_eva_female_vintage.tif
[LOG 19:02:52.865] kerbalicon_eva_vintage.tif
[LOG 19:02:52.865] kerbalicon_suit_female_vintage.tif
[LOG 19:02:52.866] kerbalicon_suit_orange_female_vintage.tif
[LOG 19:02:52.866] kerbalicon_suit_orange_vintage.tif
[LOG 19:02:52.866] kerbalicon_suit_vintage.tif
[LOG 19:02:52.866] gap_celestialbody_camerasetup.prefab
[LOG 19:02:52.866] gap_celestialbody_collisionsphere.prefab
[LOG 19:02:52.866] gap_celestialbody_surfacegizmo_area.prefab
[LOG 19:02:52.866] gap_celestialbody_surfacegizmo_basic.prefab
[LOG 19:02:52.866] gap_celestialbody_surfacegizmo_icon.prefab
[LOG 19:02:52.866] gap_celestialbody_surfacegizmo_vessel.prefab
[LOG 19:02:52.866] gap_celestialbody_surfacegizmo_volume.prefab
[LOG 19:02:52.866] gap_proceduralasteroid.prefab
[LOG 19:02:52.866] gap_proceduralcomet.prefab
[LOG 19:02:52.866] gapbuttonprefab.prefab
[LOG 19:02:52.866] gapkerbal_femaleveteran.prefab
[LOG 19:02:52.866] gapkerbal_femaleveteran_vintage.prefab
[LOG 19:02:52.866] gapkerbal_male_slimsuit.prefab
[LOG 19:02:52.866] gapkerbal_maleveteran.prefab
[LOG 19:02:52.866] gapkerbal_maleveteran_vintage.prefab
[LOG 19:02:52.866] gapscrollablesidebarbutton.prefab
[LOG 19:02:52.866] gapsidebarbutton.prefab
[LOG 19:02:52.866] gaptoggleprefab.prefab
[LOG 19:02:52.866] gaputil_biselector.prefab
[LOG 19:02:52.866] gaputil_celestialbody.prefab
[LOG 19:02:52.866] vesseldisplay_camerasetup.prefab
[LOG 19:02:52.866] desert_airfield.prefab
[LOG 19:02:52.867] desert_groundobjects.prefab
[LOG 19:02:52.867] desert_launch_site.prefab
[LOG 19:02:52.867] larkes.prefab
[LOG 19:02:52.867] floor bottom.mat
[LOG 19:02:52.867] floor top.mat
[LOG 19:02:52.867] legs.mat
[LOG 19:02:52.867] ramp.mat
[LOG 19:02:52.867] stairs grid lights pivot.mat
[LOG 19:02:52.867] supports 1.mat
[LOG 19:02:52.867] supports 2.mat
[LOG 19:02:52.867] tunnels.mat
[LOG 19:02:52.867] floor bottom.dds
[LOG 19:02:52.867] floor top.dds
[LOG 19:02:52.867] floor top_normal.dds
[LOG 19:02:52.867] legs.dds
[LOG 19:02:52.867] ramp.dds
[LOG 19:02:52.867] stairs grid lights pivot.dds
[LOG 19:02:52.867] supports 1.dds
[LOG 19:02:52.867] supports 2.dds
[LOG 19:02:52.867] tunnels.dds
[LOG 19:02:52.867] diffuse.mat
[LOG 19:02:52.867] floor bottom_base_color.mat
[LOG 19:02:52.867] floor top_base_color.mat
[LOG 19:02:52.867] legs_base_color.mat
[LOG 19:02:52.867] ramp_base_color.mat
[LOG 19:02:52.868] stairs grid lights pivot_base_colormodpsd.mat
[LOG 19:02:52.868] stairs_grid_lights_pivot_base_color.mat
[LOG 19:02:52.868] supports 1_base_color.mat
[LOG 19:02:52.868] supports 2_base_color.mat
[LOG 19:02:52.868] tunnels_base_color.mat
[LOG 19:02:52.868] mobilelaunchpad_19.fbx
[LOG 19:02:52.868] pontoons.fbx
[LOG 19:02:52.868] pontoons_diffuse.dds
[LOG 19:02:52.868] ramp_normal.png
[LOG 19:02:52.868] 1001_base_color.mat
[LOG 19:02:52.868] desert groundtransition.mat
[LOG 19:02:52.868] desert groundtransition_highquality.mat
[LOG 19:02:52.868] desert groundtransition_lowquality.mat
[LOG 19:02:52.868] desert groundtransition_mediumquality.mat
[LOG 19:02:52.868] desert groundtransition_ultraquality.mat
[LOG 19:02:52.868] desert runway sand.mat
[LOG 19:02:52.868] desert runway stone.mat
[LOG 19:02:52.868] mobilelaunchpad.prefab
[LOG 19:02:52.868] woomerang_groundobjects.prefab
[LOG 19:02:52.868] woomerang_launch_site.prefab
[LOG 19:02:52.869] Scenes:
[LOG 19:02:52.869] kspMissionEditor.unity
[LOG 19:03:01.701] Assets:
[LOG 19:03:01.701] appanim_missionsapp.prefab
[LOG 19:03:01.701] cascading_body_missionheader.prefab
[LOG 19:03:01.701] cascading_body_missioninfo.prefab
[LOG 19:03:01.701] cascading_body_missionobjective.prefab
[LOG 19:03:01.701] cascading_body_missionsvesselheader.prefab
[LOG 19:03:01.701] cascading_body_missionsvesselitem.prefab
[LOG 19:03:01.701] cascading_body_settingsbutton.prefab
[LOG 19:03:01.701] cascading_body_settingstoggle.prefab
[LOG 19:03:01.701] missionsapp.prefab
[LOG 19:03:01.701] axislimitline.prefab
[LOG 19:03:01.701] controlleraction.prefab
[LOG 19:03:01.701] controlleraxis.prefab
[LOG 19:03:01.701] controllerwindow.prefab
[LOG 19:03:01.702] curvepanelpoint.prefab
[LOG 19:03:01.702] curvepanelpointaction.prefab
[LOG 19:03:01.702] axis_align_ends.png
[LOG 19:03:01.702] axis_clamp_values.png
[LOG 19:03:01.702] axis_copy.png
[LOG 19:03:01.702] axis_flip_horizontal.png
[LOG 19:03:01.702] axis_flip_vertical.png
[LOG 19:03:01.702] axis_move_down-trackrow.png
[LOG 19:03:01.702] axis_move_down.png
[LOG 19:03:01.702] axis_move_up-trackrow.png
[LOG 19:03:01.702] axis_move_up.png
[LOG 19:03:01.702] axis_paste.png
[LOG 19:03:01.702] axis_preset_flat.png
[LOG 19:03:01.702] axis_preset_sawtooth.png
[LOG 19:03:01.702] axis_preset_sine.png
[LOG 19:03:01.702] axis_preset_square.png
[LOG 19:03:01.702] axis_preset_triangle.png
[LOG 19:03:01.702] axis_select_all.png
[LOG 19:03:01.702] background_squared_inset.png
[LOG 19:03:01.702] close.png
[LOG 19:03:01.702] direction_forward.png
[LOG 19:03:01.702] direction_reverse.png
[LOG 19:03:01.702] edit.png
[LOG 19:03:01.702] fieldlimitline.png
[LOG 19:03:01.702] keyframe_add.png
[LOG 19:03:01.702] keyframe_clamp_value.png
[LOG 19:03:01.702] keyframe_delete.png
[LOG 19:03:01.702] keyframe_linear.png
[LOG 19:03:01.702] keyframe_smooth.png
[LOG 19:03:01.703] keyframe_step_backward.png
[LOG 19:03:01.703] keyframe_step_forward.png
[LOG 19:03:01.703] line.png
[LOG 19:03:01.703] line_dashed.png
[LOG 19:03:01.703] loop_pingpong.png
[LOG 19:03:01.703] loop_playonce.png
[LOG 19:03:01.703] loop_repeat.png
[LOG 19:03:01.703] node.png
[LOG 19:03:01.703] node_circle.png
[LOG 19:03:01.703] node_square.png
[LOG 19:03:01.703] pause.png
[LOG 19:03:01.703] play.png
[LOG 19:03:01.703] pointer.png
[LOG 19:03:01.703] remove-axis.png
[LOG 19:03:01.703] remove_key.png
[LOG 19:03:01.703] resize_icon.png
[LOG 19:03:01.703] sequence_resize_button_states.png
[LOG 19:03:01.703] sequence_resize_maintain.png
[LOG 19:03:01.703] sequence_resize_scale.png
[LOG 19:03:01.703] sequence_speed.png
[LOG 19:03:01.703] tracking_editor_button_states.png
[LOG 19:03:01.703] femalefuturepreview.prefab
[LOG 19:03:01.703] malefuturepreview.prefab
[LOG 19:03:01.703] kbfemale@controlpanel_a.fbx
[LOG 19:03:01.703] kbfemale@controlpanel_b.fbx
[LOG 19:03:01.703] kbfemale@controlpanel_c.fbx
[LOG 19:03:01.703] kbfemale@rocksample.fbx
[LOG 19:03:01.703] hammerfemale.fbx
[LOG 19:03:01.703] hammermale.fbx
[LOG 19:03:01.703] kbeva@controlpanel_a.fbx
[LOG 19:03:01.703] kbeva@controlpanel_b.fbx
[LOG 19:03:01.704] kbeva@controlpanel_c.fbx
[LOG 19:03:01.704] kbeva@rocksample.fbx
[LOG 19:03:01.704] kerbaleva_female_future.prefab
[LOG 19:03:01.704] kerbaleva_rd_future.prefab
[LOG 19:03:01.704] futureevabody.mat
[LOG 19:03:01.704] futureevabodyalternate.mat
[LOG 19:03:01.704] futureevajetpack.mat
[LOG 19:03:01.704] futureevalight.mat
[LOG 19:03:01.704] futurehelmet.mat
[LOG 19:03:01.704] kbevafemalefuture.prefab
[LOG 19:03:01.704] kbevafuture.prefab
[LOG 19:03:01.704] kbeva@new.fbx
[LOG 19:03:01.704] kbeva@newfem.fbx
[LOG 19:03:01.704] mevahelmetlight.fbx
[LOG 19:03:01.704] serenityfemaleeva.fbx
[LOG 19:03:01.704] serenityflares.fbx
[LOG 19:03:01.704] serenitymaleeva.fbx
[LOG 19:03:01.704] evajetpacknrm.dds
[LOG 19:03:01.704] futuresuit_diffuse_orange.dds
[LOG 19:03:01.704] futuresuit_diffuse_whiteblue.dds
[LOG 19:03:01.704] futuresuit_diffuse_whiteorange.dds
[LOG 19:03:01.704] futuresuit_emissive.dds
[LOG 19:03:01.704] futuresuit_evalight.png
[LOG 19:03:01.704] futuresuitmainnrm.dds
[LOG 19:03:01.704] ksp_ig_jetpack_diffuse.jpg
[LOG 19:03:01.704] kerbalfemalefuture.prefab
[LOG 19:03:01.704] kerbalmalefuture.prefab
[LOG 19:03:01.704] futuresuit_diffuse.mat
[LOG 19:03:01.704] serenityfemaleiva.fbx
[LOG 19:03:01.705] serenitymaleiva.fbx
[LOG 19:03:01.705] kerbalicon_eva_female_future.tif
[LOG 19:03:01.705] kerbalicon_eva_future.tif
[LOG 19:03:01.705] kerbalicon_suit_female_future.tif
[LOG 19:03:01.705] kerbalicon_suit_future.tif
[LOG 19:03:01.705] kerbalicon_suit_orange_female_future.tif
[LOG 19:03:01.705] kerbalicon_suit_orange_future.tif
[LOG 19:03:01.705] bottom_emissor.mat
[LOG 19:03:01.705] burst_emissor.mat
[LOG 19:03:01.705] burstprojectiles_emissor.mat
[LOG 19:03:01.705] constantburst_emissor.mat
[LOG 19:03:01.705] snowflakes_emissor.mat
[LOG 19:03:01.705] vapor_emissor.mat
[LOG 19:03:01.705] base_0.mat
[LOG 19:03:01.705] base_1.mat
[LOG 19:03:01.705] base_2.mat
[LOG 19:03:01.705] base_3_1.mat
[LOG 19:03:01.705] base_3_2.mat
[LOG 19:03:01.705] vapor.mat
[LOG 19:03:01.705] burst.png
[LOG 19:03:01.705] cloud2.png
[LOG 19:03:01.705] v1.png
[LOG 19:03:01.705] v2.png
[LOG 19:03:01.705] v3.png
[LOG 19:03:01.705] v5.png
[LOG 19:03:01.705] gapkerbal_female_future.prefab
[LOG 19:03:01.705] gapkerbal_male_future.prefab
[LOG 19:03:01.705] hammerfemale.prefab
[LOG 19:03:01.705] hammermale.prefab
[LOG 19:03:01.705] bopgravelpile.prefab
[LOG 19:03:01.706] bopgravelpile.fbx
[LOG 19:03:01.706] bop_gravel pile_d.mat
[LOG 19:03:01.706] lambert1.mat
[LOG 19:03:01.706] bop_gravel pile_d.png
[LOG 19:03:01.706] bop_gravel pile_d.tga
[LOG 19:03:01.706] bop_gravel pile_n.png
[LOG 19:03:01.706] bop_gravel pile_s.png
[LOG 19:03:01.706] drescrater.prefab
[LOG 19:03:01.706] dresmeteorite.prefab
[LOG 19:03:01.706] drescrater.fbx
[LOG 19:03:01.706] dresmeteorite.fbx
[LOG 19:03:01.706] dres_crater_d.mat
[LOG 19:03:01.706] dres_meteorite_d.mat
[LOG 19:03:01.706] lambert1.mat
[LOG 19:03:01.706] dres_crater_d.tga
[LOG 19:03:01.706] dres_crater_n.png
[LOG 19:03:01.706] dres_meteorite_d.tga
[LOG 19:03:01.706] dres_meteorite_n.png
[LOG 19:03:01.706] dunablueberries.prefab
[LOG 19:03:01.706] dunadune.prefab
[LOG 19:03:01.706] dunameteorite.prefab
[LOG 19:03:01.706] dunastone.prefab
[LOG 19:03:01.706] dunaasteroid.fbx
[LOG 19:03:01.706] dunablueberries.fbx
[LOG 19:03:01.706] dunadune.fbx
[LOG 19:03:01.706] dunastone.fbx
[LOG 19:03:01.706] duna_asteroid_d.mat
[LOG 19:03:01.706] duna_dune_d.mat
[LOG 19:03:01.706] duna_stone_d.mat
[LOG 19:03:01.706] dune_blueberries_d.mat
[LOG 19:03:01.707] lambert1.mat
[LOG 19:03:01.707] duna_asteroid_d.tga
[LOG 19:03:01.707] duna_asteroid_n.png
[LOG 19:03:01.707] duna_dune_d.tga
[LOG 19:03:01.707] duna_dune_n.tga
[LOG 19:03:01.707] duna_stone_d.tga
[LOG 19:03:01.707] duna_stone_n.png
[LOG 19:03:01.707] dune_blueberries_d.tga
[LOG 19:03:01.707] dune_blueberries_n.png
[LOG 19:03:01.707] eelooberg.prefab
[LOG 19:03:01.707] eeloobrownboulder.prefab
[LOG 19:03:01.707] eelooicechunk.prefab
[LOG 19:03:01.707] eelooberg.fbx
[LOG 19:03:01.707] eelooboulder.fbx
[LOG 19:03:01.707] eelooicechunk.fbx
[LOG 19:03:01.707] eeloo_alien_glacier_d.mat
[LOG 19:03:01.707] eeloo_brown_ boulder_d.mat
[LOG 19:03:01.707] eeloo_ice chunk_d.mat
[LOG 19:03:01.707] lambert1.mat
[LOG 19:03:01.707] eeloo_alien_glacier_d.tga
[LOG 19:03:01.707] eeloo_alien_glacier_e.tga
[LOG 19:03:01.707] eeloo_alien_glacier_n.png
[LOG 19:03:01.707] eeloo_brown_ boulder_d.tga
[LOG 19:03:01.707] eeloo_brown_ boulder_n.png
[LOG 19:03:01.707] eeloo_ice chunk_d.tga
[LOG 19:03:01.707] eeloo_ice chunk_e.tga
[LOG 19:03:01.707] eeloo_ice chunk_n.png
[LOG 19:03:01.707] eeloo_ice chunk_s.tga
[LOG 19:03:01.707] evebasaltformation.prefab
[LOG 19:03:01.707] evepancakedome.prefab
[LOG 19:03:01.708] evevolcanicrock.prefab
[LOG 19:03:01.708] evebasaltformation.fbx
[LOG 19:03:01.708] evepancakeformation.fbx
[LOG 19:03:01.708] evevolcanicrock.fbx
[LOG 19:03:01.708] eve basalt formation_d.mat
[LOG 19:03:01.708] eve pancake formation_d.mat
[LOG 19:03:01.708] eve volcanic rock_d.mat
[LOG 19:03:01.708] lambert1.mat
[LOG 19:03:01.708] eve basalt formation_d.tga
[LOG 19:03:01.708] eve basalt formation_n.tga
[LOG 19:03:01.708] eve pancake formation_d.tga
[LOG 19:03:01.708] eve pancake formation_e.png
[LOG 19:03:01.708] eve pancake formation_n.png
[LOG 19:03:01.708] eve volcanic rock_d.tga
[LOG 19:03:01.708] eve volcanic rock_n.png
[LOG 19:03:01.708] gillyridgeline.fbx
[LOG 19:03:01.708] gilly ridegeline_d.mat
[LOG 19:03:01.708] lambert1.mat
[LOG 19:03:01.708] gillyridgeline.prefab
[LOG 19:03:01.708] gilly ridegeline_d.tga
[LOG 19:03:01.708] gilly ridegeline_n.png
[LOG 19:03:01.708] dunaejecta.prefab
[LOG 19:03:01.708] ikedunaejecta.fbx
[LOG 19:03:01.708] ike_duna_ejecta_mat.mat
[LOG 19:03:01.708] ike duna ejecta_d.tga
[LOG 19:03:01.708] ike duna ejecta_n.png
[LOG 19:03:01.708] kerbinbaobabtree.fbx
[LOG 19:03:01.708] kerbinquartz.fbx
[LOG 19:03:01.708] baobaptree.mat
[LOG 19:03:01.708] kerbin_baobab_tree_d.mat
[LOG 19:03:01.709] kerbin_boabob_tree_d.mat
[LOG 19:03:01.709] kerbin_giant_quartz_d.mat
[LOG 19:03:01.709] lambert1.mat
[LOG 19:03:01.709] lambert2.mat
[LOG 19:03:01.709] kerbinbaobabtree.prefab
[LOG 19:03:01.709] kerbinquartz.prefab
[LOG 19:03:01.709] kerbin_baobab_tree_alpha.png
[LOG 19:03:01.709] kerbin_baobab_tree_d.tga
[LOG 19:03:01.709] kerbin_baobab_tree_n.png
[LOG 19:03:01.709] kerbin_giant_quartz_d.tga
[LOG 19:03:01.709] kerbin_giant_quartz_e.tga
[LOG 19:03:01.709] kerbin_giant_quartz_n.tga
[LOG 19:03:01.709] kerbin_giant_quartz_s.tga
[LOG 19:03:01.709] laytheboulder.fbx
[LOG 19:03:01.709] laythegeyser.fbx
[LOG 19:03:01.709] laythestone.fbx
[LOG 19:03:01.709] lambert1.mat
[LOG 19:03:01.709] laythe_boulder_d.mat
[LOG 19:03:01.709] laythe_geyser_d.mat
[LOG 19:03:01.709] laythe_stone_d.mat
[LOG 19:03:01.709] laytheboulder.prefab
[LOG 19:03:01.709] laythegeyser.prefab
[LOG 19:03:01.709] laythestone.prefab
[LOG 19:03:01.709] laythe_boulder_d.tga
[LOG 19:03:01.709] laythe_boulder_n.png
[LOG 19:03:01.709] laythe_geyser_d.tga
[LOG 19:03:01.709] laythe_geyser_n.png
[LOG 19:03:01.709] laythe_stone_d.tga
[LOG 19:03:01.709] laythe_stone_n.png
[LOG 19:03:01.709] greensandstone.fbx
[LOG 19:03:01.710] lambert1.mat
[LOG 19:03:01.710] minmus_green_sandstone_d.mat
[LOG 19:03:01.710] minmus_olivine_formation_d.mat
[LOG 19:03:01.710] minmusolivineformation.fbx
[LOG 19:03:01.710] minmus_greensandstone.prefab
[LOG 19:03:01.710] minmus_olivineformation.prefab
[LOG 19:03:01.710] minmus_green_sandstone_d.tga
[LOG 19:03:01.710] minmus_green_sandstone_n.png
[LOG 19:03:01.710] minmus_olivine_formation_d.tga
[LOG 19:03:01.710] minmus_olivine_formation_n.png
[LOG 19:03:01.710] lambert1.mat
[LOG 19:03:01.710] moho wrinkleridge_d.mat
[LOG 19:03:01.710] moho_stone_d.mat
[LOG 19:03:01.710] mohostone.fbx
[LOG 19:03:01.710] mohowrinkleridge.fbx
[LOG 19:03:01.710] mohostone.prefab
[LOG 19:03:01.710] mohowrinkleridge.prefab
[LOG 19:03:01.710] moho wrinkleridge_d.tga
[LOG 19:03:01.710] moho wrinkleridge_e.png
[LOG 19:03:01.710] moho wrinkleridge_n.png
[LOG 19:03:01.710] moho_stone_d.tga
[LOG 19:03:01.710] moho_stone_n.png
[LOG 19:03:01.710] lambert1.mat
[LOG 19:03:01.710] mun_crater_d.mat
[LOG 19:03:01.710] mun_large_crater_d.mat
[LOG 19:03:01.710] mun_stone_d.mat
[LOG 19:03:01.710] muncrater.fbx
[LOG 19:03:01.710] munlargecrater.fbx
[LOG 19:03:01.710] munstone.fbx
[LOG 19:03:01.710] muncrater.prefab
[LOG 19:03:01.711] munlargecrater.prefab
[LOG 19:03:01.711] munstone.prefab
[LOG 19:03:01.711] mun_crater_d.tga
[LOG 19:03:01.711] mun_crater_n.png
[LOG 19:03:01.711] mun_large_crater_d.tga
[LOG 19:03:01.711] mun_large_crater_n.png
[LOG 19:03:01.711] mun_stone_d.tga
[LOG 19:03:01.711] mun_stone_n.png
[LOG 19:03:01.711] lambert1.mat
[LOG 19:03:01.711] pol_yellowstone_d.mat
[LOG 19:03:01.711] polyellowstone.fbx
[LOG 19:03:01.711] pol_yellowstones.prefab
[LOG 19:03:01.711] pol_yellowstone_d.png
[LOG 19:03:01.711] pol_yellowstone_n.png
[LOG 19:03:01.711] lambert1.mat
[LOG 19:03:01.711] tylo_checkerboard_d.mat
[LOG 19:03:01.711] tylo_dark boulder_d.mat
[LOG 19:03:01.711] tylo_light_d.mat
[LOG 19:03:01.711] tyloboulder.fbx
[LOG 19:03:01.711] tylocheckerboard.fbx
[LOG 19:03:01.711] tylolightstone.fbx
[LOG 19:03:01.711] tylo_ checkerboard_n.png
[LOG 19:03:01.711] tylo_checkerboard_d.png
[LOG 19:03:01.711] tylo_dark boulder_d.tga
[LOG 19:03:01.711] tylo_dark boulder_n.png
[LOG 19:03:01.711] tylo_light_d.tga
[LOG 19:03:01.711] tylo_light_n.png
[LOG 19:03:01.711] tylocheckerboard.prefab
[LOG 19:03:01.711] tylodarkboulder.prefab
[LOG 19:03:01.711] tylolightstone.prefab
[LOG 19:03:01.712] cryovolcano_d.mat
[LOG 19:03:01.712] lambert1.mat
[LOG 19:03:01.712] vallicechunk_d.mat
[LOG 19:03:01.712] vallstone_d.mat
[LOG 19:03:01.712] vall_cryovolcano.fbx
[LOG 19:03:01.712] vall_icechunk.fbx
[LOG 19:03:01.712] vall_stone.fbx
[LOG 19:03:01.712] cryovolcano_d.tga
[LOG 19:03:01.712] cryovolcano_e.png
[LOG 19:03:01.712] cryovolcano_n.jpg
[LOG 19:03:01.712] cryovolcano_s.jpg
[LOG 19:03:01.712] vallicechunk_d.jpg
[LOG 19:03:01.712] vallicechunk_e.jpg
[LOG 19:03:01.712] vallicechunk_n.jpg
[LOG 19:03:01.712] vallicechunk_s.jpg
[LOG 19:03:01.712] vallstone_d.jpg
[LOG 19:03:01.712] vallstone_e.jpg
[LOG 19:03:01.712] vallstone_n.jpg
[LOG 19:03:01.712] vallstone_s.jpg
[LOG 19:03:01.712] vallcryovolcano.prefab
[LOG 19:03:01.712] vallicechunk.prefab
[LOG 19:03:01.712] vallstone.prefab
[LOG 19:03:01.712] vfx_spark.mat
[LOG 19:03:01.712] vfx_welding_flare.mat
[LOG 19:03:01.712] cometdustmaterial.mat
[LOG 19:03:01.712] cometgeysermat.mat
[LOG 19:03:01.720] GetTypesOfModulesImplementingInterface2: Found 69 types with IPartModuleAdjuster interface in 9 assemblies.
[LOG 19:03:01.727] GetSubclassesOfParentClass: Found 0 types with ModuleActiveRadiator parent in 9 assemblies.
[LOG 19:03:01.734] GetSubclassesOfParentClass: Found 0 types with ModuleAlternator parent in 9 assemblies.
[LOG 19:03:01.740] GetSubclassesOfParentClass: Found 1 types with ModuleControlSurface parent in 9 assemblies.
[LOG 19:03:01.746] GetSubclassesOfParentClass: Found 0 types with ModuleDataTransmitter parent in 9 assemblies.
[LOG 19:03:01.752] GetSubclassesOfParentClass: Found 0 types with ModuleDeployableSolarPanel parent in 9 assemblies.
[LOG 19:03:01.758] GetSubclassesOfParentClass: Found 1 types with ModuleEngines parent in 9 assemblies.
[LOG 19:03:01.764] GetSubclassesOfParentClass: Found 0 types with ModuleGenerator parent in 9 assemblies.
[LOG 19:03:01.770] GetSubclassesOfParentClass: Found 0 types with ModuleGimbal parent in 9 assemblies.
[LOG 19:03:01.776] GetSubclassesOfParentClass: Found 2 types with ModuleLiftingSurface parent in 9 assemblies.
[LOG 19:03:01.782] GetSubclassesOfParentClass: Found 0 types with ModuleLight parent in 9 assemblies.
[LOG 19:03:01.788] GetSubclassesOfParentClass: Found 0 types with ModuleReactionWheel parent in 9 assemblies.
[LOG 19:03:01.794] GetSubclassesOfParentClass: Found 0 types with ModuleSAS parent in 9 assemblies.
[LOG 19:03:01.800] GetSubclassesOfParentClass: Found 0 types with ModuleWheelBrakes parent in 9 assemblies.
[LOG 19:03:01.806] GetSubclassesOfParentClass: Found 1 types with ModuleWheelMotor parent in 9 assemblies.
[LOG 19:03:01.806] GetSubclassesOfParentClass: Using cached results for ModuleActiveRadiator
[LOG 19:03:01.812] GetSubclassesOfParentClass: Found 0 types with ModuleAnchoredDecoupler parent in 9 assemblies.
[LOG 19:03:01.818] GetSubclassesOfParentClass: Found 0 types with ModuleCargoBay parent in 9 assemblies.
[LOG 19:03:01.818] GetSubclassesOfParentClass: Using cached results for ModuleControlSurface
[LOG 19:03:01.818] GetSubclassesOfParentClass: Using cached results for ModuleDataTransmitter
[LOG 19:03:01.824] GetSubclassesOfParentClass: Found 0 types with ModuleDecouple parent in 9 assemblies.
[LOG 19:03:01.830] GetSubclassesOfParentClass: Found 4 types with ModuleDeployablePart parent in 9 assemblies.
[LOG 19:03:01.836] GetSubclassesOfParentClass: Found 0 types with ModuleDockingNode parent in 9 assemblies.
[LOG 19:03:01.836] GetSubclassesOfParentClass: Using cached results for ModuleEngines
[LOG 19:03:01.842] GetSubclassesOfParentClass: Found 0 types with CModuleFuelLine parent in 9 assemblies.
[LOG 19:03:01.848] GetSubclassesOfParentClass: Found 0 types with ModuleGPS parent in 9 assemblies.
[LOG 19:03:01.854] GetSubclassesOfParentClass: Found 0 types with ModuleGrappleNode parent in 9 assemblies.
[LOG 19:03:01.854] GetSubclassesOfParentClass: Using cached results for ModuleGrappleNode
[LOG 19:03:01.860] GetSubclassesOfParentClass: Found 0 types with ModuleKerbNetAccess parent in 9 assemblies.
[LOG 19:03:01.861] GetSubclassesOfParentClass: Using cached results for ModuleLight
[LOG 19:03:01.861] GetSubclassesOfParentClass: Using cached results for ModuleLight
[LOG 19:03:01.867] GetSubclassesOfParentClass: Found 0 types with ModuleProbeControlPoint parent in 9 assemblies.
[LOG 19:03:01.873] GetSubclassesOfParentClass: Found 1 types with ModuleRCS parent in 9 assemblies.
[LOG 19:03:01.873] GetSubclassesOfParentClass: Using cached results for ModuleRCS
[LOG 19:03:01.873] GetSubclassesOfParentClass: Using cached results for ModuleReactionWheel
[LOG 19:03:01.873] GetSubclassesOfParentClass: Using cached results for ModuleReactionWheel
[LOG 19:03:01.879] GetSubclassesOfParentClass: Found 0 types with ModuleResourceIntake parent in 9 assemblies.
[LOG 19:03:01.885] GetSubclassesOfParentClass: Found 0 types with ModuleScienceExperiment parent in 9 assemblies.
[LOG 19:03:01.891] GetSubclassesOfParentClass: Found 0 types with ModuleToggleCrossfeed parent in 9 assemblies.
[LOG 19:03:01.897] GetSubclassesOfParentClass: Found 0 types with ModuleWheelDeployment parent in 9 assemblies.
[LOG 19:03:01.934] ExpansionsLoader: Expansions loaded in 10.114s
[LOG 19:03:01.934] Loading Systems: Elapsed time is 26.0572s
[LOG 19:03:05.171] [AddonLoader]: Instantiating addon 'KSPCFFastLoaderPSystemSetup' from assembly 'KSPCommunityFixes'
[LOG 19:03:05.487] [Agent]: Found 19 agent mentality types
[LOG 19:03:05.489] [AgentList]: 31 agents parsed and loaded.
[LOG 19:03:05.525] [UIMasterController]: HideUI
[LOG 19:03:05.612] [CelestialBody]: Kerbin's solar day length is 1d, 0h, 0m long. sidereal day length is 5h, 59m, 9s long
[LOG 19:03:05.856] [TerrainPrecisionFix] Kerbin: terrain placed in double precision (first quad corrected by 16.50 mm)
[LOG 19:03:11.318] [UIMasterController]: HideUI
[LOG 19:03:11.325] [HighLogic]: =========================== Scene Change : From LOADING to MAINMENU =====================
[LOG 19:03:11.869] [AddonLoader]: Instantiating addon 'ContractDefs' from assembly 'KSP'
[LOG 19:03:11.896] [AddonLoader]: Instantiating addon 'KSPCFFastLoaderReport' from assembly 'KSPCommunityFixes'
[LOG 19:03:11.924] [UIMasterController]: ShowUI
[LOG 19:03:12.184] [GameParameters]: Loaded custom parameter class CommNetParams.
[LOG 19:03:12.223] [GameParameters]: Loaded custom parameter class MissionParamsGeneral.
[LOG 19:03:12.223] [GameParameters]: Loaded custom parameter class MissionParamsFacilities.
[LOG 19:03:12.224] [GameParameters]: Loaded custom parameter class MissionParamsExtras.
[LOG 19:03:12.224] [GameParameters]: Loaded custom parameter class AdvancedParams.
[LOG 19:03:12.245] [ReflectionUtil]: Found 40 types with UpgradeModule attribute in 9 assemblies.
[LOG 19:03:12.262] [KSPCF:FastLoader] Intel(R) Core(TM) i7-4790K CPU @ 4.00GHz | 32687 MB | NVIDIA GeForce GTX 1060 6GB (6029 MB)
Total loading time to main menu : 39.766s
- Configs and assemblies loaded in 4.997s
- Configs reload done in 1.095s
- Configs translated in 0.016s
- 2331 assets loaded in 3.344s :
  - 86 audio assets (79.689 MiB) in 0.584s, 136.349 MiB/s
  - 1618 texture assets (1.293 GiB) in 2.180s, 607.508 MiB/s
  - 626 model assets (64.41 MiB) in 0.577s, 111.535 MiB/s
- Asset bundles loaded in 0.502s
- GameDatabase (configs, resources, traits, upgrades...) loaded in 0.066s
- Built-in parts copied in 0.021s
- Part and internal configs extracted in 0.001s
- 483 parts and 1927 modules compiled in 6.662s
  - 4.0 modules/part, 13.794 ms/part, 3.457 ms/module
  - PartIcon compilation : 1.069s
- 27 internal spaces and 56 props compiled in 0.210s
- 2 DLC (Making History, Breaking Ground) loaded in 10.140s
- Planetary system loaded in 7.375s
[LOG 19:03:12.262] Texture queries : 1709, slow path : 1 (0.06 %)
[LOG 19:03:12.266] [ModuleManager] Total loading Time = 35.023s
[LOG 19:03:12.302] [ScenarioTypes]: List Created 23 scenario types loaded from 9 loaded assemblies.
[WRN 19:03:12.311] File 'D:/KSP-Dev/KSP_x64_Data/../Missions/MissionScoreInfo.cfg' does not exist
[LOG 19:03:12.314] [ApplicationLauncher] Awake False
[LOG 19:03:12.315] [ApplicationLauncher] SpawnSimpleLayout: VerticalTopDown
[LOG 19:03:12.329] [UiApp] Awake: 
[LOG 19:03:12.329] [ApplicationLauncher] OnSceneLoadedGUIReady: scene MAINMENU ShouldBeVisible() True ShouldBeOnTop() True iIsPositionedAtTop True
[LOG 19:03:12.350] [UIApp] Adding  to Application Launcher
[LOG 19:03:12.353] [ApplicationLauncher] SetHidden: 
[LOG 19:03:12.358] [MessageSystem] OnAppInitialized
[LOG 19:03:12.359] [MessageSystem] Reposition 0.0399314 29230
[LOG 19:03:18.386] [KSPUpgradePipeline]: claude (1.12.5) is up to date.
[LOG 19:03:18.394] [ExperienceSystem]: Found 0 trait types
[LOG 19:03:18.401] [ExperienceSystem]: Found 20 effect types
[LOG 19:03:18.431] [ScenarioTypes]: List Created 23 scenario types loaded from 9 loaded assemblies.
[LOG 19:03:18.451] Game State Saved to saves/claude/persistent
[LOG 19:03:18.461] [MessageSystem] Load Messages
[LOG 19:03:18.464] [UIMasterController]: HideUI
[LOG 19:03:18.465] [HighLogic]: =========================== Scene Change : From MAINMENU to SPACECENTER =====================
[LOG 19:03:18.792] [AddonLoader]: Instantiating addon 'CustomConfigsManager' from assembly 'ModuleManager'
[LOG 19:03:20.301] [RockPrecisionFix] Kerbin: scatter drawn from its terrain quads (first holder was -27.51 mm off)
[LOG 19:03:21.715] [UIMasterController]: ShowUI
[LOG 19:03:22.015] [SceneLoadSpeedBoost] Save loaded from disk in 2ms
[LOG 19:03:22.027] GetSubclassesOfParentClass: Found 7 types with AlarmTypeBase parent in 9 assemblies.
[LOG 19:03:22.035] Loading Depletion Nodes
[LOG 19:03:22.035] DepNodeCount:  0
[LOG 19:03:22.036] Loading Biome Nodes
[LOG 19:03:22.036] BiomeNodeCount:  0
[LOG 19:03:22.036] Loading Planet Nodes
[LOG 19:03:22.036] PlanetNodeCount:  0
[LOG 19:03:22.050] [ScenarioDestructibles]: Loading... 0 objects registered
[LOG 19:03:22.166] [UiApp] Awake: KSPedia
[LOG 19:03:22.166] [UiApp] Awake: Missions App
[LOG 19:03:22.166] [UiApp] Awake: AlarmClock
[LOG 19:03:22.168] [GenericAppFrame] Reposition 0 31453
[LOG 19:03:22.169] [ApplicationLauncher] OnSceneLoadedGUIReady: scene SPACECENTER ShouldBeVisible() True ShouldBeOnTop() False iIsPositionedAtTop True
[LOG 19:03:22.169] [ApplicationLauncher] SpawnSimpleLayout: HorizontalRightLeft
[LOG 19:03:22.171] [ApplicationLauncher] SetVisible: 
[LOG 19:03:22.216] [UIApp] OnDestroy: Contracts
[LOG 19:03:22.223] [MessageSystem] Reposition 0.02 31454
[LOG 19:03:22.224] [GenericAppFrame] Reposition 0.02 31454
[LOG 19:03:22.224] [GenericAppFrame] Reposition 0.02 31454
[LOG 19:03:22.370] [UIApp] Adding AlarmClock to Application Launcher
[LOG 19:03:22.371] [UIApp] Adding Missions App to Application Launcher
[LOG 19:03:22.409] [GenericAppFrame] Reposition 0.1149548 31460
[LOG 19:03:22.412] [MissionsApp] OnAppStarted(): id: -383412
[LOG 19:03:22.413] MissionsApp does not execute in this game mode, destroying this instance
[LOG 19:03:22.413] [UIApp] OnDestroy: Missions App
[LOG 19:03:22.424] [UIApp] Adding KSPedia to Application Launcher
[LOG 19:03:23.387] Game Paused!
[LOG 19:03:23.388] [UIMasterController]: ShowUI
[LOG 19:03:26.802] [KSPUpgradePipeline]: claude (1.12.5) is up to date.
[LOG 19:03:26.811] [ScenarioTypes]: List Created 23 scenario types loaded from 9 loaded assemblies.
[LOG 19:03:26.811] [MessageSystem] Load Messages
[LOG 19:03:26.815] [UIMasterController]: HideUI
[LOG 19:03:26.824] [HighLogic]: =========================== Scene Change : From SPACECENTER to FLIGHT =====================
[LOG 19:03:26.826] Game Unpaused!
[LOG 19:03:27.107] [UIApp] OnDestroy: KSPedia
[LOG 19:03:27.112] [UIApp] OnDestroy: AlarmClock
[LOG 19:03:27.116] [KSPCF:MemoryLeaks] Removed a onPlanetariumTargetChange callback owned by a destroyed Assembly-CSharp:CommNetVessel instance
[LOG 19:03:27.126] [KSPCF:MemoryLeaks] Leaving scene "SpaceCenter", cleaned 5 memory leaks in 0.013s. GameEvents callbacks : 471. Allocated memory : 942.84 MiB (managed heap), 2.188 GiB (unmanaged)
[LOG 19:03:27.136] UICanvasPrefabSpawner FlightUI spawning Flight
[LOG 19:03:27.170] UICanvasPrefabSpawner FlightUI spawning VesselLabels
[LOG 19:03:27.170] [UiApp] Awake: ResourceDisplay
[LOG 19:03:27.255] [AddonLoader]: Instantiating addon 'AeroGUI' from assembly 'KSP'
[LOG 19:03:27.268] [PlanetariumCamera]: Focus: Kerbin
[LOG 19:03:27.269] [UIMasterController]: HideUI
[LOG 19:03:27.563] [UIMasterController]: HideUI
[LOG 19:03:27.563] ------------------- initializing flight mode... ------------------
[LOG 19:03:27.564] GetSubclassesOfParentClass: Using cached results for AlarmTypeBase
[LOG 19:03:27.565] Loading Depletion Nodes
[LOG 19:03:27.565] DepNodeCount:  0
[LOG 19:03:27.565] Loading Biome Nodes
[LOG 19:03:27.565] BiomeNodeCount:  0
[LOG 19:03:27.565] Loading Planet Nodes
[LOG 19:03:27.565] PlanetNodeCount:  0
[LOG 19:03:27.567] [ScenarioDestructibles]: Loading... 0 objects registered
[LOG 19:03:27.592] Target vessel index: 1  vessel count: 3
[LOG 19:03:27.593] [FLIGHT GLOBALS]: Switching To Vessel Vaisseau sans nom ---------------------- 
[LOG 19:03:27.594] setting new dominant body: Mun
FlightGlobals.mainBody: Mun
[LOG 19:03:27.596] Reference Frame: Rotating
[WRN 19:03:27.606] [Part]: Cannot have ModuleCargoPart and ModuleInventoryPart on same Part [Vaisseau sans nom (unloaded)'. Removed ModuleCargoPart
[LOG 19:03:27.627] Camera Mode: AUTO
[LOG 19:03:27.673] [TerrainPrecisionFix] Mun: terrain placed in double precision (first quad corrected by 10.54 mm)
[LOG 19:03:28.143] [RockPrecisionFix] Mun: scatter drawn from its terrain quads (first holder was +3.82 mm off)
[LOG 19:03:31.020] all systems started
[LOG 19:03:31.020] [UIMasterController]: ShowUI
[LOG 19:03:31.144] [AsteroidSpawner]: No new objects this time. (Odds are 1:2)
[LOG 19:03:31.262] [UiApp] Awake: CurrencyWidgetsApp
[LOG 19:03:31.263] [UiApp] Awake: ResourceDisplay
[LOG 19:03:31.263] [UiApp] Awake: KSPedia
[LOG 19:03:31.263] [UiApp] Awake: Missions App
[LOG 19:03:31.263] [UiApp] Awake: DeltaVApp
[LOG 19:03:31.263] [UiApp] Awake: ActionGroupsApp
[LOG 19:03:31.263] [UiApp] Awake: Construction
[LOG 19:03:31.263] [UiApp] Awake: Cargo
[LOG 19:03:31.263] [UiApp] Awake: AlarmClock
[LOG 19:03:31.263] [UiApp] Awake: ManeuverTool
[LOG 19:03:31.263] [ApplicationLauncher] OnSceneLoadedGUIReady: scene FLIGHT ShouldBeVisible() True ShouldBeOnTop() True iIsPositionedAtTop False
[LOG 19:03:31.263] [ApplicationLauncher] SpawnSimpleLayout: VerticalTopDown
[LOG 19:03:31.266] [KnowledgeBase] OnAppLauncherReady 32309
[LOG 19:03:31.281] [UIApp] OnDestroy: Contracts
[LOG 19:03:31.359] [FlightIntegrator]: Reloaded drag cube for zeroed cube root part mk1pod.v2 (Vaisseau sans nom) on vessel Vaisseau sans nom
[LOG 19:03:31.374] [MessageSystem] Reposition 0.02 32310
[LOG 19:03:31.374] [GenericAppFrame] Reposition 0.02 32310
[LOG 19:03:31.374] [GenericAppFrame] Reposition 0.02 32310
[LOG 19:03:31.468] [PlanetariumCamera]: Focus: Vaisseau sans nom
[LOG 19:03:31.492] [UIApp] Adding ResourceDisplay to Application Launcher
[LOG 19:03:31.493] [UIApp] Adding ResourceDisplay to Application Launcher
[LOG 19:03:31.504] [ResourceDisplay] OnAppStarted(): id: -418104
[LOG 19:03:31.504] [GenericAppFrame] Reposition 0.1349965 32314
[LOG 19:03:31.505] [ResourceDisplay] OnAppStarted(): id: 264296
[LOG 19:03:31.505] ResourceDisplay already exist, destroying this instance
[LOG 19:03:31.505] [UIApp] OnDestroy: ResourceDisplay
[LOG 19:03:31.518] [UIApp] Adding AlarmClock to Application Launcher
[LOG 19:03:31.519] [UIApp] Adding ActionGroupsApp to Application Launcher
[LOG 19:03:31.521] [UIApp] Adding Missions App to Application Launcher
[LOG 19:03:31.522] CURRENCY WIDGET False False False
[LOG 19:03:31.523] [UIApp] OnDestroy: CurrencyWidgetsApp
[LOG 19:03:31.543] [GenericAppFrame] Reposition 0.1623107 32316
[LOG 19:03:31.546] [ActionGroupsApp] OnAppStarted(): id: -418128
[LOG 19:03:31.547] [GenericAppFrame] Reposition 0.1623107 32316
[LOG 19:03:31.547] [UIApp] Adding DeltaVApp to Application Launcher
[LOG 19:03:31.549] [MissionsApp] OnAppStarted(): id: -418116
[LOG 19:03:31.549] MissionsApp does not execute in this game mode, destroying this instance
[LOG 19:03:31.549] [UIApp] OnDestroy: Missions App
[LOG 19:03:31.560] [GenericAppFrame] Reposition 0.1909718 32317
[LOG 19:03:31.572] [UIApp] Adding Cargo to Application Launcher
[LOG 19:03:31.573] [UIApp] Adding Construction to Application Launcher
[LOG 19:03:31.574] [UIApp] Adding KSPedia to Application Launcher
[WRN 19:03:31.607] HighlightingSystem : Framebuffer depth data is not available and can't be used to occlude highlighting. Highlighting occluders enabled.
[LOG 19:03:31.620] [UIApp] Adding ManeuverTool to Application Launcher
[LOG 19:03:31.623] [ApplicationLauncher] SetHidden: 
[LOG 19:03:31.644] [GenericAppFrame] Reposition 0.2631368 32320
[LOG 19:03:31.652] [ManeuverTool]: Found 1 transfer types
[LOG 19:03:31.713] Flight State Captured
[LOG 19:03:31.717] Saving Achievements Tree...
[LOG 19:03:31.717] Saving Achievements Tree...
[LOG 19:03:31.717] Saving Achievements Tree...
[LOG 19:03:31.720] [MessageSystem] Save Messages
[LOG 19:03:31.731] Game State Saved as persistent
[LOG 19:03:32.374] Unpacking Vaisseau sans nom
[LOG 19:03:32.386] [UIMasterController]: ShowUI
[LOG 19:03:46.451] [Comet Manager]:Generated Comet Type:short
[LOG 19:03:46.459] [CometSpawner]: New object found near Kerbin
[LOG 19:03:46.537] [CometManager]: Generated Dust Tail Color: #0 = RGBA(0.991, 0.943, 0.743, 0.031)
[LOG 19:03:46.538] [CometManager]: Generated Ion Tail Color: #4 = RGBA(0.000, 0.592, 0.910, 0.451)
[LOG 19:03:59.376] [PQSBench] BENCH reset
[LOG 19:04:01.477] [AsteroidSpawner]: New object found near Kerbin: Ast. SJU-918!
[LOG 19:04:16.498] [AsteroidSpawner]: No new objects this time. (Odds are 1:2)
[LOG 19:04:31.530] [AsteroidSpawner]: New object found near Kerbin: Ast. NXV-216!
[LOG 19:05:16.593] [AsteroidSpawner]: No new objects this time. (Odds are 1:2)
[LOG 19:05:46.606] [AsteroidSpawner]: New object found near Kerbin: Ast. RMU-477!
[LOG 19:06:01.611] [AsteroidSpawner]: No new objects this time. (Odds are 1:2)
[LOG 19:06:16.630] [AsteroidSpawner]: No new objects this time. (Odds are 1:2)
[LOG 19:06:29.502] [PQSBench] BENCH begin;mode=Counters;vertexPlacementPatchedBy=com.github.lhervier.ksp.terrainprecisionfix;quadBuildPatchedBy=com.github.lhervier.ksp.pqsbench+com.github.lhervier.ksp.terrainprecisionfix
[LOG 19:06:29.503] [PQSBench] BENCH machine;cpu=Intel(R) Core(TM) i7-4790K CPU @ 4.00GHz;logicalCores=8;memoryMb=32687;gpu=NVIDIA GeForce GTX 1060 6GB;os=Windows 10  (10.0.0) 64bit
[LOG 19:06:29.503] [PQSBench] BENCH run;save=claude (SANDBOX);vessel=Vaisseau sans nom;body=Mun;terrainPreset=High;terrainPresetIndex=2;verticesPerQuad=225;utStart=54.68;utEnd=204.64;utSpan=149.96;realSeconds=150.12;altitudeStart=5000.0;altitude=4999.9;speed=554.4
[LOG 19:06:29.504] [PQSBench] BENCH sphere;name=Mun;radius=200000;minLevel=2;maxLevel=9;highestLevelUnder=6250;subdivisionOffAbove=20000000;maxAnglePerSample=9.204E-005;speedCapAt60Fps=1104
[LOG 19:06:29.505] [PQSBench] BENCH colliders;name=Mun;maxLevelOffset=0;lowestLevelWithCollider=9
[LOG 19:06:29.506] [PQSBench] BENCH counters;samples=148
[LOG 19:06:29.506] [PQSBench] BENCH;sample;ut;utSpan;realSeconds;frames;fps;altitude;speed;quads;topLevelQuads;vertices;buildMs;topLevelBuildMs;updateMs;subdivisionAvg;subdivisionMax;speedLevelCap;maxLevel
[LOG 19:06:29.506] [PQSBench] BENCH;0;54.68;1.000;1.023;96;93.9;5000.0;554.4;54;16;12150;143.791;43.492;223.145;7.59;9;8;9
[LOG 19:06:29.506] [PQSBench] BENCH;1;55.68;1.000;0.995;101;101.5;5000.0;554.4;32;16;7200;86.183;44.200;163.266;8.25;9;9;9
[LOG 19:06:29.506] [PQSBench] BENCH;2;56.68;1.000;0.999;106;106.1;5000.0;554.4;18;16;4050;49.306;43.917;128.779;8.78;9;9;9
[LOG 19:06:29.506] [PQSBench] BENCH;3;57.68;1.000;1.001;98;97.9;5000.0;554.4;42;16;9450;111.814;43.493;191.693;7.76;9;9;9
[LOG 19:06:29.506] [PQSBench] BENCH;4;58.68;1.000;1.002;110;109.8;5000.0;554.4;18;8;4050;48.548;22.092;123.799;7.00;9;9;9
[LOG 19:06:29.506] [PQSBench] BENCH;5;59.68;1.000;0.997;107;107.3;4999.9;554.4;24;8;5400;63.773;21.671;139.279;8.00;9;9;9
[LOG 19:06:29.506] [PQSBench] BENCH;6;60.68;1.000;1.022;111;108.6;4999.9;554.4;28;8;6300;74.443;21.772;155.236;7.57;9;9;9
[LOG 19:06:29.506] [PQSBench] BENCH;7;61.68;1.000;1.004;105;104.6;4999.9;554.4;36;8;8100;94.785;21.851;171.045;7.67;9;9;9
[LOG 19:06:29.506] [PQSBench] BENCH;8;62.68;1.000;1.000;110;110.0;4999.9;554.4;26;8;5850;68.946;21.591;146.601;7.92;9;9;9
[LOG 19:06:29.506] [PQSBench] BENCH;9;63.68;1.020;1.020;120;117.6;4999.9;554.4;10;8;2250;26.990;21.725;106.563;8.60;9;9;9
[LOG 19:06:29.506] [PQSBench] BENCH;10;64.70;1.020;1.017;113;111.1;4999.9;554.4;28;16;6300;75.068;43.196;160.482;8.43;9;9;9
[LOG 19:06:29.506] [PQSBench] BENCH;11;65.72;1.020;1.019;122;119.8;4999.9;554.4;10;0;2250;26.278;0.000;103.785;7.80;8;9;9
[LOG 19:06:29.506] [PQSBench] BENCH;12;66.74;1.020;1.039;116;111.7;4999.9;554.4;28;8;6300;74.757;21.811;149.449;7.57;9;9;9
[LOG 19:06:29.506] [PQSBench] BENCH;13;67.76;1.020;1.007;117;116.2;4999.9;554.4;18;8;4050;47.836;21.572;131.018;7.89;9;9;9
[LOG 19:06:29.506] [PQSBench] BENCH;14;68.78;1.020;1.015;120;118.2;4999.9;554.4;26;16;5850;69.567;43.303;155.353;8.54;9;9;9
[LOG 19:06:29.506] [PQSBench] BENCH;15;69.80;1.020;1.022;115;112.5;4999.9;554.4;44;8;9900;116.515;21.634;197.047;7.36;9;8;9
[LOG 19:06:29.506] [PQSBench] BENCH;16;70.82;1.020;1.019;125;122.7;4999.9;554.4;18;8;4050;48.519;21.797;133.311;7.89;9;9;9
[LOG 19:06:29.506] [PQSBench] BENCH;17;71.84;1.020;1.022;121;118.4;4999.9;554.4;34;16;7650;90.968;43.576;177.019;7.71;9;9;9
[LOG 19:06:29.507] [PQSBench] BENCH;18;72.86;1.020;1.017;128;125.9;4999.9;554.4;10;0;2250;26.441;0.000;105.776;6.20;7;9;9
[LOG 19:06:29.507] [PQSBench] BENCH;19;73.88;1.020;1.026;113;110.1;4999.9;554.4;34;16;7650;90.781;43.104;172.892;8.41;9;9;9
[LOG 19:06:29.507] [PQSBench] BENCH;20;74.90;1.020;1.019;107;105.0;4999.9;554.4;48;16;10800;126.928;43.289;208.577;7.50;9;9;9
[LOG 19:06:29.507] [PQSBench] BENCH;21;75.92;1.020;1.021;128;125.3;4999.9;554.4;10;0;2250;28.427;0.000;109.132;7.80;8;9;9
[LOG 19:06:29.507] [PQSBench] BENCH;22;76.94;1.020;1.037;115;110.9;4999.9;554.4;44;16;9900;116.618;43.128;200.261;7.36;9;9;9
[LOG 19:06:29.507] [PQSBench] BENCH;23;77.96;1.020;1.023;116;113.4;4999.9;554.4;32;16;7200;85.585;43.578;171.862;8.25;9;9;9
[LOG 19:06:29.507] [PQSBench] BENCH;24;78.98;1.020;1.018;113;111.0;4999.9;554.4;37;16;8325;98.502;43.094;181.128;7.46;9;9;9
[LOG 19:06:29.507] [PQSBench] BENCH;25;80.00;1.020;1.017;118;116.0;4999.9;554.4;24;8;5400;63.693;21.851;147.337;7.67;9;9;9
[LOG 19:06:29.507] [PQSBench] BENCH;26;81.02;1.020;1.021;109;106.8;4999.9;554.4;36;8;8100;95.856;21.840;173.446;7.89;9;9;9
[LOG 19:06:29.507] [PQSBench] BENCH;27;82.04;1.020;1.028;104;101.1;4999.9;554.4;32;16;7200;89.360;47.690;171.705;8.00;9;9;9
[LOG 19:06:29.507] [PQSBench] BENCH;28;83.06;1.020;1.018;114;112.0;4999.9;554.4;32;16;7200;86.181;43.471;173.733;7.25;9;9;9
[LOG 19:06:29.507] [PQSBench] BENCH;29;84.08;1.020;1.027;106;103.2;4999.9;554.4;48;8;10800;125.837;21.647;209.195;7.50;9;9;9
[LOG 19:06:29.507] [PQSBench] BENCH;30;85.10;1.020;1.012;120;118.5;4999.9;554.4;8;8;1800;21.455;21.455;106.060;9.00;9;9;9
[LOG 19:06:29.507] [PQSBench] BENCH;31;86.12;1.020;1.024;119;116.2;4999.9;554.4;16;8;3600;43.015;22.159;125.658;8.50;9;9;9
[LOG 19:06:29.507] [PQSBench] BENCH;32;87.14;1.020;1.020;112;109.8;4999.9;554.4;26;8;5850;68.512;21.523;153.865;8.15;9;9;9
[LOG 19:06:29.507] [PQSBench] BENCH;33;88.16;1.020;1.020;107;104.9;4999.9;554.4;34;16;7650;90.600;43.305;178.047;7.65;9;9;9
[LOG 19:06:29.507] [PQSBench] BENCH;34;89.18;1.020;1.017;105;103.3;4999.9;554.4;32;24;7200;86.650;65.479;178.636;8.75;9;9;9
[LOG 19:06:29.507] [PQSBench] BENCH;35;90.20;1.020;1.022;111;108.6;4999.9;554.4;24;8;5400;63.184;21.542;146.675;8.00;9;9;9
[LOG 19:06:29.507] [PQSBench] BENCH;36;91.22;1.020;1.021;97;95.0;4999.9;554.4;50;24;11250;134.256;65.344;224.211;7.96;9;8;9
[LOG 19:06:29.507] [PQSBench] BENCH;37;92.24;1.020;1.038;117;112.7;4999.9;554.4;24;16;5400;64.435;43.123;155.264;8.67;9;9;9
[LOG 19:06:29.507] [PQSBench] BENCH;38;93.26;1.020;1.018;118;115.9;4999.9;554.4;10;8;2250;27.665;22.332;115.565;8.40;9;9;9
[LOG 19:06:29.507] [PQSBench] BENCH;39;94.28;1.020;1.021;114;111.6;4999.9;554.4;26;8;5850;69.282;21.898;157.494;8.15;9;9;9
[LOG 19:06:29.507] [PQSBench] BENCH;40;95.30;1.020;1.014;117;115.4;4999.9;554.4;10;8;2250;27.062;21.663;110.212;8.40;9;9;9
[LOG 19:06:29.507] [PQSBench] BENCH;41;96.32;1.020;1.023;111;108.5;4999.9;554.4;26;8;5850;69.158;21.836;154.837;7.85;9;9;9
[LOG 19:06:29.507] [PQSBench] BENCH;42;97.34;1.020;1.023;112;109.5;4999.9;554.4;24;8;5400;64.593;22.147;146.594;6.67;9;9;9
[LOG 19:06:29.508] [PQSBench] BENCH;43;98.36;1.020;1.019;105;103.1;4999.9;554.4;40;8;9000;105.888;21.910;186.785;7.20;9;9;9
[LOG 19:06:29.508] [PQSBench] BENCH;44;99.38;1.020;1.037;114;109.9;4999.9;554.4;26;8;5850;69.208;21.899;156.707;7.23;9;9;9
[LOG 19:06:29.508] [PQSBench] BENCH;45;100.40;1.020;1.017;106;104.2;4999.9;554.4;32;16;7200;85.410;43.373;169.491;7.75;9;9;9
[LOG 19:06:29.508] [PQSBench] BENCH;46;101.42;1.020;1.017;121;119.0;4999.9;554.4;2;0;450;5.387;0.000;87.821;6.00;6;9;9
[LOG 19:06:29.508] [PQSBench] BENCH;47;102.44;1.020;1.037;96;92.6;4999.9;554.4;60;16;13500;160.414;43.617;244.668;6.93;9;8;9
[LOG 19:06:29.508] [PQSBench] BENCH;48;103.46;1.020;1.025;122;119.0;4999.9;554.4;8;8;1800;22.254;22.254;106.382;9.00;9;9;9
[LOG 19:06:29.508] [PQSBench] BENCH;49;104.48;1.020;1.015;110;108.4;4999.9;554.4;26;8;5850;68.640;21.724;152.304;7.85;9;9;9
[LOG 19:06:29.508] [PQSBench] BENCH;50;105.50;1.020;1.019;111;108.9;4999.9;554.4;24;8;5400;63.548;21.651;145.438;7.67;9;9;9
[LOG 19:06:29.508] [PQSBench] BENCH;51;106.52;1.020;1.025;113;110.3;4999.9;554.4;26;8;5850;69.132;21.963;154.630;7.85;9;9;9
[LOG 19:06:29.508] [PQSBench] BENCH;52;107.54;1.020;1.017;114;112.1;4999.9;554.4;16;8;3600;42.683;21.662;126.656;8.00;9;8;9
[LOG 19:06:29.508] [PQSBench] BENCH;53;108.56;1.020;1.023;116;113.4;4999.9;554.4;18;8;4050;47.539;21.514;132.890;8.22;9;9;9
[LOG 19:06:29.508] [PQSBench] BENCH;54;109.58;1.020;1.017;119;117.0;4999.9;554.4;18;8;4050;47.856;21.695;133.468;8.22;9;9;9
[LOG 19:06:29.508] [PQSBench] BENCH;55;110.60;1.020;1.023;117;114.4;4999.9;554.4;18;8;4050;48.274;22.082;134.975;8.22;9;9;9
[LOG 19:06:29.508] [PQSBench] BENCH;56;111.62;1.020;1.019;120;117.8;4999.9;554.4;16;8;3600;43.498;22.436;129.015;7.00;9;9;9
[LOG 19:06:29.508] [PQSBench] BENCH;57;112.64;1.020;1.020;116;113.7;4999.9;554.4;24;8;5400;63.196;21.743;147.490;8.00;9;9;9
[LOG 19:06:29.508] [PQSBench] BENCH;58;113.66;1.020;1.029;118;114.7;4999.9;554.4;26;16;5850;69.189;43.388;158.072;8.46;9;9;9
[LOG 19:06:29.508] [PQSBench] BENCH;59;114.68;1.020;1.012;120;118.6;4999.9;554.4;16;0;3600;42.585;0.000;125.227;6.00;8;9;9
[LOG 19:06:29.508] [PQSBench] BENCH;60;115.70;1.020;1.016;104;102.4;4999.9;554.4;44;16;9900;117.495;43.309;201.217;7.82;9;9;9
[LOG 19:06:29.508] [PQSBench] BENCH;61;116.72;1.020;1.021;123;120.5;4999.9;554.4;8;8;1800;22.042;22.042;107.957;9.00;9;9;9
[LOG 19:06:29.508] [PQSBench] BENCH;62;117.74;1.020;1.025;111;108.3;4999.9;554.4;34;8;7650;89.483;21.473;172.692;7.65;9;9;9
[LOG 19:06:29.508] [PQSBench] BENCH;63;118.76;1.020;1.015;121;119.2;4999.9;554.4;8;8;1800;21.790;21.790;106.501;9.00;9;9;9
[LOG 19:06:29.508] [PQSBench] BENCH;64;119.78;1.020;1.028;117;113.8;4999.9;554.4;28;8;6300;74.061;21.485;158.206;7.00;9;9;9
[LOG 19:06:29.508] [PQSBench] BENCH;65;120.80;1.020;1.018;114;112.0;4999.9;554.4;26;8;5850;68.813;21.599;152.353;7.23;9;9;9
[LOG 19:06:29.508] [PQSBench] BENCH;66;121.82;1.020;1.018;107;105.1;4999.9;554.4;34;8;7650;89.592;21.574;172.766;7.41;9;9;9
[LOG 19:06:29.508] [PQSBench] BENCH;67;122.84;1.020;1.021;126;123.4;4999.9;554.4;10;8;2250;27.043;21.680;112.903;8.40;9;9;9
[LOG 19:06:29.509] [PQSBench] BENCH;68;123.86;1.020;1.035;106;102.4;4999.9;554.4;44;8;9900;116.038;21.749;197.472;6.95;9;9;9
[LOG 19:06:29.509] [PQSBench] BENCH;69;124.88;1.020;1.001;121;120.8;4999.9;554.4;10;8;2250;27.031;21.686;112.749;8.40;9;9;9
[LOG 19:06:29.509] [PQSBench] BENCH;70;125.90;1.020;1.025;115;112.2;4999.9;554.4;26;8;5850;68.756;21.556;153.696;7.85;9;9;9
[LOG 19:06:29.509] [PQSBench] BENCH;71;126.92;1.020;1.017;123;120.9;4999.9;554.4;10;8;2250;27.059;21.801;113.774;8.40;9;9;9
[LOG 19:06:29.509] [PQSBench] BENCH;72;127.94;1.000;0.998;114;114.2;4999.9;554.4;16;8;3600;42.651;22.101;123.486;8.50;9;9;9
[LOG 19:06:29.509] [PQSBench] BENCH;73;128.94;1.000;1.004;119;118.6;4999.9;554.4;12;8;2700;32.586;21.805;117.595;8.00;9;9;9
[LOG 19:06:29.509] [PQSBench] BENCH;74;129.94;1.000;1.000;116;116.0;4999.9;554.4;24;8;5400;63.117;21.739;144.765;8.00;9;9;9
[LOG 19:06:29.509] [PQSBench] BENCH;75;130.94;1.000;0.998;118;118.3;4999.9;554.4;16;8;3600;43.294;22.144;129.004;8.50;9;9;9
[LOG 19:06:29.509] [PQSBench] BENCH;76;131.94;1.000;1.003;124;123.6;4999.9;554.4;8;8;1800;21.954;21.954;104.683;9.00;9;9;9
[LOG 19:06:29.509] [PQSBench] BENCH;77;132.94;1.000;1.000;112;112.0;4999.9;554.4;26;8;5850;68.620;21.465;153.219;7.85;9;9;9
[LOG 19:06:29.509] [PQSBench] BENCH;78;133.94;1.000;0.998;112;112.2;4999.9;554.4;24;8;5400;63.360;21.601;141.351;8.00;9;9;9
[LOG 19:06:29.509] [PQSBench] BENCH;79;134.94;1.000;1.000;112;112.0;4999.9;554.4;22;8;4950;59.658;22.097;143.109;7.55;9;9;9
[LOG 19:06:29.509] [PQSBench] BENCH;80;135.94;1.000;0.999;124;124.1;4999.9;554.4;8;8;1800;21.871;21.871;107.359;9.00;9;9;9
[LOG 19:06:29.509] [PQSBench] BENCH;81;136.94;1.000;1.002;116;115.8;4999.9;554.4;24;8;5400;63.743;21.527;147.802;7.67;9;9;9
[LOG 19:06:29.509] [PQSBench] BENCH;82;137.94;1.000;0.996;120;120.5;4999.9;554.4;8;8;1800;22.464;22.464;104.653;9.00;9;9;9
[LOG 19:06:29.509] [PQSBench] BENCH;83;138.94;1.000;1.003;112;111.7;4999.9;554.4;32;0;7200;84.805;0.000;163.167;6.75;8;9;9
[LOG 19:06:29.509] [PQSBench] BENCH;84;139.94;1.000;0.998;114;114.2;4999.9;554.4;16;16;3600;43.506;43.506;128.199;9.00;9;9;9
[LOG 19:06:29.509] [PQSBench] BENCH;85;140.94;1.000;1.003;109;108.7;4999.9;554.4;30;0;6750;79.252;0.000;156.850;6.20;8;9;9
[LOG 19:06:29.509] [PQSBench] BENCH;86;141.94;1.000;1.000;111;111.0;4999.9;554.4;24;16;5400;65.611;44.207;150.841;8.33;9;9;9
[LOG 19:06:29.509] [PQSBench] BENCH;87;142.94;1.000;1.001;116;115.8;4999.9;554.4;18;0;4050;47.220;0.000;125.372;7.22;8;9;9
[LOG 19:06:29.509] [PQSBench] BENCH;88;143.94;1.000;0.999;111;111.1;4999.9;554.4;32;16;7200;86.030;43.768;170.561;8.00;9;9;9
[LOG 19:06:29.509] [PQSBench] BENCH;89;144.94;1.000;1.003;113;112.7;4999.9;554.4;16;0;3600;42.309;0.000;131.583;6.50;8;9;9
[LOG 19:06:29.509] [PQSBench] BENCH;90;145.94;1.000;1.003;118;117.6;4999.9;554.4;8;8;1800;21.582;21.582;103.600;9.00;9;9;9
[LOG 19:06:29.509] [PQSBench] BENCH;91;146.94;1.000;0.998;118;118.3;4999.9;554.4;10;8;2250;26.951;21.661;108.736;8.40;9;9;9
[LOG 19:06:29.509] [PQSBench] BENCH;92;147.94;1.000;1.001;118;117.9;4999.9;554.4;16;8;3600;42.494;21.663;128.343;8.50;9;9;9
[LOG 19:06:29.509] [PQSBench] BENCH;93;148.94;1.000;0.998;110;110.2;4999.9;554.4;24;8;5400;63.885;21.952;142.282;8.00;9;9;9
[LOG 19:06:29.510] [PQSBench] BENCH;94;149.94;1.000;1.001;120;119.9;4999.9;554.4;8;0;1800;20.769;0.000;98.721;8.00;8;9;9
[LOG 19:06:29.510] [PQSBench] BENCH;95;150.94;1.000;0.998;117;117.2;4999.9;554.4;16;16;3600;43.636;43.636;129.586;9.00;9;9;9
[LOG 19:06:29.510] [PQSBench] BENCH;96;151.94;1.000;0.999;113;113.1;4999.9;554.4;24;0;5400;63.228;0.000;141.362;7.33;8;9;9
[LOG 19:06:29.510] [PQSBench] BENCH;97;152.94;1.000;1.006;118;117.4;4999.9;554.4;24;16;5400;65.756;44.347;151.345;8.67;9;9;9
[LOG 19:06:29.510] [PQSBench] BENCH;98;153.94;1.000;1.010;123;121.8;4999.9;554.4;18;8;4050;47.829;21.665;133.364;8.11;9;9;9
[LOG 19:06:29.510] [PQSBench] BENCH;99;154.94;1.000;0.989;121;122.3;4999.9;554.4;8;8;1800;22.292;22.292;103.587;9.00;9;9;9
[LOG 19:06:29.510] [PQSBench] BENCH;100;155.94;1.000;0.996;124;124.5;4999.9;554.4;8;0;1800;21.363;0.000;100.247;5.00;5;9;9
[LOG 19:06:29.510] [PQSBench] BENCH;101;156.94;1.000;0.999;120;120.1;4999.9;554.4;16;8;3600;42.458;21.648;124.695;8.50;9;9;9
[LOG 19:06:29.510] [PQSBench] BENCH;102;157.94;1.000;1.003;110;109.7;4999.9;554.4;34;8;7650;90.696;21.696;170.188;7.35;9;9;9
[LOG 19:06:29.510] [PQSBench] BENCH;103;158.94;1.000;0.999;119;119.2;4999.9;554.4;16;8;3600;42.347;21.588;123.720;8.50;9;9;9
[LOG 19:06:29.510] [PQSBench] BENCH;104;159.94;1.000;1.005;124;123.4;4999.9;554.4;10;8;2250;27.489;22.062;108.929;8.20;9;9;9
[LOG 19:06:29.510] [PQSBench] BENCH;105;160.94;1.000;0.999;115;115.1;4999.9;554.4;24;8;5400;62.932;21.556;143.953;8.00;9;9;9
[LOG 19:06:29.510] [PQSBench] BENCH;106;161.94;1.000;0.996;111;111.4;4999.9;554.4;32;8;7200;84.037;21.542;159.746;7.50;9;9;9
[LOG 19:06:29.510] [PQSBench] BENCH;107;162.94;1.000;1.001;118;117.8;4999.9;554.4;16;8;3600;42.548;21.701;123.154;8.50;9;9;9
[LOG 19:06:29.510] [PQSBench] BENCH;108;163.94;1.000;1.001;123;122.9;4999.9;554.4;8;8;1800;21.642;21.642;101.865;9.00;9;9;9
[LOG 19:06:29.510] [PQSBench] BENCH;109;164.94;1.000;0.997;114;114.4;4999.9;554.4;24;8;5400;63.721;21.687;144.621;7.67;9;9;9
[LOG 19:06:29.510] [PQSBench] BENCH;110;165.94;1.000;1.000;119;119.0;4999.9;554.4;16;8;3600;42.819;22.038;122.452;8.50;9;9;9
[LOG 19:06:29.510] [PQSBench] BENCH;111;166.94;1.000;1.002;123;122.8;4999.9;554.4;8;0;1800;21.490;0.000;99.920;7.00;7;9;9
[LOG 19:06:29.510] [PQSBench] BENCH;112;167.94;1.000;1.001;118;117.9;4999.9;554.4;16;8;3600;42.198;21.563;120.143;8.50;9;9;9
[LOG 19:06:29.510] [PQSBench] BENCH;113;168.94;1.000;0.997;121;121.4;4999.9;554.4;8;8;1800;21.962;21.962;100.722;9.00;9;9;9
[LOG 19:06:29.510] [PQSBench] BENCH;114;169.94;1.000;1.004;115;114.5;4999.9;554.4;26;8;5850;69.153;21.632;148.146;7.77;9;9;9
[LOG 19:06:29.510] [PQSBench] BENCH;115;170.94;1.000;0.996;113;113.5;4999.9;554.4;24;8;5400;63.987;21.565;141.178;8.00;9;9;9
[LOG 19:06:29.510] [PQSBench] BENCH;116;171.94;1.000;1.004;122;121.5;4999.9;554.4;8;8;1800;21.493;21.493;102.603;9.00;9;9;9
[LOG 19:06:29.510] [PQSBench] BENCH;117;172.94;1.000;1.000;119;118.9;4999.9;554.4;16;8;3600;42.840;21.654;120.937;8.50;9;9;9
[LOG 19:06:29.511] [PQSBench] BENCH;118;173.94;1.000;0.997;126;126.4;4999.9;554.4;2;0;450;5.275;0.000;82.999;5.00;5;9;9
[LOG 19:06:29.511] [PQSBench] BENCH;119;174.94;1.000;1.001;118;117.8;4999.9;554.4;24;8;5400;63.306;21.528;142.339;8.33;9;9;9
[LOG 19:06:29.511] [PQSBench] BENCH;120;175.94;1.000;1.001;120;119.8;4999.9;554.4;10;8;2250;26.890;21.508;105.836;8.20;9;9;9
[LOG 19:06:29.511] [PQSBench] BENCH;121;176.94;1.000;0.997;114;114.3;4999.9;554.4;24;8;5400;62.940;21.494;138.049;8.00;9;9;9
[LOG 19:06:29.511] [PQSBench] BENCH;122;177.94;1.000;1.000;118;118.0;4999.9;554.4;16;8;3600;42.425;21.607;119.144;7.50;9;9;9
[LOG 19:06:29.511] [PQSBench] BENCH;123;178.94;1.000;1.002;116;115.8;4999.9;554.4;20;8;4500;54.566;22.098;132.055;7.40;9;9;9
[LOG 19:06:29.511] [PQSBench] BENCH;124;179.94;1.000;1.018;120;117.9;4999.9;554.4;24;8;5400;63.241;21.691;141.132;8.00;9;9;9
[LOG 19:06:29.511] [PQSBench] BENCH;125;180.94;1.000;0.996;116;116.4;4999.9;554.4;18;8;4050;48.322;21.965;131.187;7.67;9;9;9
[LOG 19:06:29.511] [PQSBench] BENCH;126;181.94;1.000;1.000;123;123.1;4999.9;554.4;16;8;3600;43.476;21.968;120.746;8.50;9;9;9
[LOG 19:06:29.511] [PQSBench] BENCH;127;182.94;1.000;1.001;127;126.9;4999.9;554.4;8;0;1800;21.016;0.000;98.831;6.00;6;9;9
[LOG 19:06:29.511] [PQSBench] BENCH;128;183.94;1.000;1.002;122;121.7;4999.9;554.4;18;8;4050;48.171;21.858;126.444;7.89;9;9;9
[LOG 19:06:29.511] [PQSBench] BENCH;129;184.94;1.000;1.001;119;118.8;4999.9;554.4;16;8;3600;42.958;21.760;122.561;8.50;9;9;9
[LOG 19:06:29.511] [PQSBench] BENCH;130;185.94;1.000;0.997;116;116.4;4999.9;554.4;26;8;5850;70.292;21.770;146.936;6.54;9;9;9
[LOG 19:06:29.511] [PQSBench] BENCH;131;186.94;1.000;1.001;116;115.8;4999.9;554.4;24;8;5400;64.296;21.875;142.655;8.00;9;9;9
[LOG 19:06:29.511] [PQSBench] BENCH;132;187.94;1.000;1.000;131;130.9;4999.9;554.4;0;0;0;0.000;0.000;76.980;0.00;0;-1;0
[LOG 19:06:29.511] [PQSBench] BENCH;133;188.94;1.000;1.001;115;114.9;4999.9;554.4;26;8;5850;69.612;21.945;148.031;6.85;9;9;9
[LOG 19:06:29.511] [PQSBench] BENCH;134;189.94;1.000;0.996;122;122.4;4999.9;554.4;16;8;3600;42.642;21.865;120.699;8.50;9;9;9
[LOG 19:06:29.511] [PQSBench] BENCH;135;190.94;1.000;1.003;117;116.7;4999.9;554.4;26;8;5850;69.016;21.960;145.364;7.46;9;9;9
[LOG 19:06:29.511] [PQSBench] BENCH;136;191.94;1.000;1.000;117;117.0;4999.9;554.4;24;8;5400;64.131;22.151;143.675;7.33;9;9;9
[LOG 19:06:29.511] [PQSBench] BENCH;137;192.94;1.000;1.000;135;135.0;4999.9;554.4;0;0;0;0.000;0.000;79.752;0.00;0;-1;0
[LOG 19:06:29.511] [PQSBench] BENCH;138;193.94;1.000;1.001;130;129.8;4999.9;554.4;8;8;1800;23.162;23.162;105.533;9.00;9;9;9
[LOG 19:06:29.511] [PQSBench] BENCH;139;194.94;1.000;0.998;119;119.3;4999.9;554.4;28;8;6300;74.917;21.547;150.420;6.57;9;9;9
[LOG 19:06:29.511] [PQSBench] BENCH;140;195.94;1.000;1.003;123;122.7;4999.9;554.4;16;8;3600;43.203;21.751;123.613;8.50;9;9;9
[LOG 19:06:29.511] [PQSBench] BENCH;141;196.94;1.000;0.998;132;132.2;4999.9;554.4;16;8;3600;43.232;22.028;124.685;8.50;9;9;9
[LOG 19:06:29.512] [PQSBench] BENCH;142;197.94;1.000;1.000;127;127.1;4999.9;554.4;8;0;1800;20.913;0.000;95.979;7.00;7;9;9
[LOG 19:06:29.512] [PQSBench] BENCH;143;198.94;1.000;1.001;133;132.9;4999.9;554.4;8;8;1800;21.541;21.541;101.490;9.00;9;9;9
[LOG 19:06:29.512] [PQSBench] BENCH;144;199.94;1.000;0.999;117;117.1;4999.9;554.4;26;8;5850;69.086;21.884;145.041;7.46;9;9;9
[LOG 19:06:29.512] [PQSBench] BENCH;145;200.94;1.000;1.000;117;117.0;4999.9;554.4;32;8;7200;84.854;21.979;164.003;7.00;9;9;9
[LOG 19:06:29.512] [PQSBench] BENCH;146;201.94;1.000;0.999;118;118.1;4999.9;554.4;32;8;7200;85.214;22.104;163.442;7.25;9;9;9
[LOG 19:06:29.512] [PQSBench] BENCH;147;202.94;1.000;1.003;126;125.6;4999.9;554.4;10;8;2250;27.001;21.560;107.177;8.20;9;9;9
[LOG 19:06:29.512] [PQSBench] BENCH end
[LOG 19:06:31.654] [AsteroidSpawner]: New object found near Kerbin: Ast. UJK-827!
[LOG 19:06:32.483] Game Paused!
[LOG 19:06:32.484] [UIMasterController]: ShowUI
[LOG 19:06:33.116] Flight State Captured
[LOG 19:06:33.116] Saving Achievements Tree...
[LOG 19:06:33.116] Saving Achievements Tree...
[LOG 19:06:33.116] Saving Achievements Tree...
[LOG 19:06:33.117] [MessageSystem] Save Messages
[LOG 19:06:33.130] Game State Saved to saves/claude/persistent
[LOG 19:06:33.141] [UIMasterController]: HideUI
[LOG 19:06:33.151] [HighLogic]: =========================== Scene Change : From FLIGHT to MAINMENU =====================
[WRN 19:06:33.151] [PQSBench] Flight scene left, the run no longer follows the protocol: the sample it interrupted is dropped and nothing more is recorded. Dump what was (Alt+F8) and start again (Alt+F7)
[LOG 19:06:33.619] [UIApp] OnDestroy: Construction
[LOG 19:06:33.620] KbApp.OnDestroy Planet Info
[LOG 19:06:33.621] [UIApp] OnDestroy: ManeuverTool
[LOG 19:06:33.622] [UIApp] OnDestroy: ActionGroupsApp
[LOG 19:06:33.625] KbApp.OnDestroy Planet Parameters
[LOG 19:06:33.625] KbApp.OnDestroy Unowned Info
[LOG 19:06:33.628] [UIApp] OnDestroy: KSPedia
[LOG 19:06:33.628] KbApp.OnDestroy NullName
[LOG 19:06:33.630] [UIApp] OnDestroy: DeltaVApp
[LOG 19:06:33.630] [UIApp] OnDestroy: AlarmClock
[LOG 19:06:33.630] KbApp.OnDestroy Planet Resources
[LOG 19:06:33.630] KbApp.OnDestroy Vessel Crew
[LOG 19:06:33.631] KbApp.OnDestroy Vessel Info
[LOG 19:06:33.631] [UIApp] OnDestroy: ResourceDisplay
[LOG 19:06:33.631] [UIApp] OnDestroy: Cargo
[LOG 19:06:33.634] [KSPCF:MemoryLeaks] Removed a OnMapExited callback owned by a destroyed Assembly-CSharp:NavBallToggle instance
[LOG 19:06:33.634] [KSPCF:MemoryLeaks] Removed a OnGameSettingsApplied callback owned by a destroyed Assembly-CSharp:VesselAutopilotUI instance
[LOG 19:06:33.634] [KSPCF:MemoryLeaks] Removed a onPartActionUICreate callback owned by a destroyed Assembly-CSharp:ModuleInventoryPart instance
[LOG 19:06:33.635] [KSPCF:MemoryLeaks] Removed a onModuleInventoryChanged callback owned by a destroyed Assembly-CSharp:ModuleInventoryPart instance
[LOG 19:06:33.635] [KSPCF:MemoryLeaks] Removed a OnDestructibleLoaded callback owned by a destroyed Assembly-CSharp:RunwayCollisionHandler instance
[LOG 19:06:33.635] [KSPCF:MemoryLeaks] Removed a OnClick callback owned by a destroyed Assembly-CSharp:EVAConstructionModeEditor instance
[LOG 19:06:33.635] [KSPCF:MemoryLeaks] Removed a TimingManager.Instance.timing5.onLateUpdate callback owned by a destroyed Assembly-CSharp:MapView instance
[LOG 19:06:33.636] [KSPCF:MemoryLeaks] Leaving scene "Flight", cleaned 23 memory leaks in 0.003s. GameEvents callbacks : 809. Allocated memory : 990.359 MiB (managed heap), 2.179 GiB (unmanaged)
[LOG 19:06:33.768] [UIMasterController]: ShowUI
[LOG 19:06:34.110] [ScenarioTypes]: List Created 23 scenario types loaded from 9 loaded assemblies.
[WRN 19:06:34.116] File 'D:/KSP-Dev/KSP_x64_Data/../Missions/MissionScoreInfo.cfg' does not exist
[LOG 19:06:34.116] [ApplicationLauncher] OnSceneLoadedGUIReady: scene MAINMENU ShouldBeVisible() True ShouldBeOnTop() True iIsPositionedAtTop True
[LOG 19:06:34.117] [ApplicationLauncher] SetHidden: 
[LOG 19:06:34.120] [MessageSystem] Reposition 0.02 53161
[LOG 19:06:34.120] [GenericAppFrame] Reposition 0.02 53161
[LOG 19:06:34.120] [GenericAppFrame] Reposition 0.02 53161
[LOG 19:06:39.453] [UIApp] OnDestroy: 
